marker_id,marker_source,microtheme,phrase_family,unit_type,unit_raw,unit_norm,marker_label,precision_level,source_type,enabled,risk_comment,comment
ALEX_006,ALEXANDROVA,процесс размышления,WORD_ALEXANDROVA,WORD,соображать,соображать,соображать [процесс размышления],CORE,dictionary,1,,дополнительная словарная единица
ALEX_007,ALEXANDROVA,память / воспоминание,WORD_ALEXANDROVA,WORD,припоминать,припоминать,припоминать [память / воспоминание],CORE,dictionary,1,,дополнительная словарная единица
ALEX_008,ALEXANDROVA,память / воспоминание,WORD_ALEXANDROVA,WORD,вспоминать,вспоминать,вспоминать [память / воспоминание],CORE,dictionary,1,,дополнительная словарная единица
ALEX_011,ALEXANDROVA,понимание / ясность,WORD_ALEXANDROVA,WORD,осознавать,осознавать,осознавать [понимание / ясность],CORE,dictionary,1,,дополнительная словарная единица
ALEX_012,ALEXANDROVA,понимание / ясность,WORD_ALEXANDROVA,WORD,догадаться,догадаться,догадаться [понимание / ясность],CORE,dictionary,1,,дополнительная словарная единица
PHR_001,PHRASE,инициация мысли,COME_TO_MIND,PHRASE,прийти на ум,прийти на ум,прийти на ум [инициация мысли],CORE,manual_existing,1,,исходный фразовый маркер
PHR_002,PHRASE,инициация мысли,COME_TO_MIND,PHRASE,прийти в голову,прийти в голова,прийти в голову [инициация мысли],CORE,manual_existing,1,,устойчивая когнитивная формула
PHR_003,PHRASE,инициация мысли,ИНИЦИАЦИЯ_МЫСЛИ,PHRASE,пришла мысль,прийти мысль,пришла мысль [инициация мысли],CORE,manual_existing,1,,вариант формулы появления мысли
PHR_004,PHRASE,инициация мысли,FLASH_THOUGHT,PHRASE,мелькнуть в голове,мелькнуть в голова,мелькнуть в голове [инициация мысли],CORE,manual_existing,1,,исходный фразовый маркер
PHR_005,PHRASE,инициация мысли,FLASH_THOUGHT,PHRASE,мелькнула мысль,мелькнуть мысль,мелькнула мысль [инициация мысли],CORE,manual_existing,1,,вариант формулы появления мысли
PHR_006,PHRASE,инициация мысли,ИНИЦИАЦИЯ_МЫСЛИ,PHRASE,возникла мысль,возникнуть мысль,возникла мысль [инициация мысли],CORE,manual_existing,1,,появление мысли
PHR_007,PHRASE,инициация мысли,ИНИЦИАЦИЯ_МЫСЛИ,PHRASE,явилась мысль,явиться мысль,явилась мысль [инициация мысли],CORE,manual_existing,1,,появление мысли
PHR_008,PHRASE,инициация мысли,ИНИЦИАЦИЯ_МЫСЛИ,PHRASE,родилась мысль,родиться мысль,родилась мысль [инициация мысли],CORE,manual_existing,1,,появление мысли
PHR_009,PHRASE,инициация мысли,ИНИЦИАЦИЯ_МЫСЛИ,PHRASE,зародилась мысль,зародиться мысль,зародилась мысль [инициация мысли],CORE,manual_existing,1,,появление мысли
PHR_010,PHRASE,инициация мысли,ИНИЦИАЦИЯ_МЫСЛИ,PHRASE,шевельнулась мысль,шевельнуться мысль,шевельнулась мысль [инициация мысли],CORE,manual_existing,1,,появление мысли
PHR_011,PHRASE,инициация мысли,FLASH_THOUGHT,PHRASE,мысль мелькнула,мысль мелькнуть,мысль мелькнула [инициация мысли],CORE,manual_existing,1,,инверсивный вариант
PHR_012,PHRASE,инициация мысли,ИНИЦИАЦИЯ_МЫСЛИ,PHRASE,мысль пришла,мысль прийти,мысль пришла [инициация мысли],CORE,manual_existing,1,,инверсивный вариант
PHR_013,PHRASE,инициация мысли,ИНИЦИАЦИЯ_МЫСЛИ,PHRASE,мысль возникла,мысль возникнуть,мысль возникла [инициация мысли],CORE,manual_existing,1,,инверсивный вариант
PHR_014,PHRASE,инициация мысли,ИНИЦИАЦИЯ_МЫСЛИ,PHRASE,неожиданная мысль,неожиданный мысль,неожиданная мысль [инициация мысли],CORE,manual_existing,1,,номинативный вариант
PHR_015,PHRASE,инициация мысли,ИНИЦИАЦИЯ_МЫСЛИ,PHRASE,одна мысль,один мысль,одна мысль [инициация мысли],CORE,manual_existing,1,,номинативный вариант
PHR_016,PHRASE,процесс размышления,THINK_INTENSIVE,PHRASE,долго думать,долго думать,долго думать [процесс размышления],CORE,manual_existing,1,,интенсивность/протяженность мышления
PHR_017,PHRASE,процесс размышления,THINK_GENERAL,PHRASE,крепко думать,крепко думать,крепко думать [процесс размышления],CORE,manual_existing,1,,интенсивность размышления
PHR_018,PHRASE,процесс размышления,THINK_INTENSIVE,PHRASE,тяжело думать,тяжело думать,тяжело думать [процесс размышления],CORE,manual_existing,1,,эмоционально окрашенное размышление
PHR_019,PHRASE,процесс размышления,THINK_GENERAL,PHRASE,молча думать,молча думать,молча думать [процесс размышления],CORE,manual_existing,1,,внутренняя концентрация
PHR_020,PHRASE,процесс размышления,THINK_INTENSIVE,PHRASE,думать долго,думать долго,думать долго [процесс размышления],CORE,manual_existing,1,,инверсивный вариант
PHR_021,PHRASE,процесс размышления,THINK_GENERAL,PHRASE,думать крепко,думать крепко,думать крепко [процесс размышления],CORE,manual_existing,1,,инверсивный вариант
PHR_022,PHRASE,процесс размышления,THINK_GENERAL,PHRASE,начать думать,начать думать,начать думать [процесс размышления],CORE,manual_existing,1,,начало мыслительного процесса
PHR_023,PHRASE,процесс размышления,THINK_GENERAL,PHRASE,продолжать думать,продолжать думать,продолжать думать [процесс размышления],CORE,manual_existing,1,,продолжение мыслительного процесса
PHR_024,PHRASE,процесс размышления,THINK_GENERAL,PHRASE,перестать думать,перестать думать,перестать думать [процесс размышления],CORE,manual_existing,1,,прекращение мыслительного процесса
PHR_025,PHRASE,процесс размышления,THINK_GENERAL,PHRASE,заставить думать,заставить думать,заставить думать [процесс размышления],CORE,manual_existing,1,,каузированное размышление
PHR_026,PHRASE,процесс размышления,THINK_GENERAL,PHRASE,думать об этом,думать о это,думать об этом [процесс размышления],CORE,manual_existing,1,,предмет размышления
PHR_027,PHRASE,процесс размышления,THINK_GENERAL,PHRASE,думать о том,думать о то,думать о том [процесс размышления],CORE,manual_existing,1,,предмет размышления
PHR_028,PHRASE,процесс размышления,THINK_GENERAL,PHRASE,думать про себя,думать про себя,думать про себя [процесс размышления],CORE,manual_existing,1,,внутренний мыслительный процесс
PHR_029,PHRASE,процесс размышления,REFLECT_GENERAL,PHRASE,размышлять о,размышлять о,размышлять о [процесс размышления],CORE,manual_existing,1,,аналитическое размышление
PHR_030,PHRASE,процесс размышления,REFLECT_GENERAL,PHRASE,раздумывать о,раздумывать о,раздумывать о [процесс размышления],CORE,manual_existing,1,,аналитическое размышление
PHR_031,PHRASE,процесс размышления,REFLECT_GENERAL,PHRASE,обдумывать дело,обдумывать дело,обдумывать дело [процесс размышления],CORE,manual_existing,1,,обдумывание ситуации
PHR_032,PHRASE,процесс размышления,HEAD_MIND,PHRASE,погрузиться в думы,погрузиться в дума,погрузиться в думы [процесс размышления],CORE,manual_existing,1,,состояние размышления
PHR_033,PHRASE,процесс размышления,HEAD_MIND,PHRASE,уйти в думы,уйти в дума,уйти в думы [процесс размышления],CORE,manual_existing,1,,состояние размышления
PHR_034,PHRASE,процесс размышления,REFLECT_GENERAL,PHRASE,сидеть в раздумье,сидеть в раздумье,сидеть в раздумье [процесс размышления],CORE,manual_existing,1,,состояние размышления
PHR_047,PHRASE,память / воспоминание,MEMORY_SURFACE,PHRASE,восстановил в памяти,восстановить в память,восстановил в памяти [память / воспоминание],CORE,manual_existing,1,,исходный пример руководителя
PHR_048,PHRASE,память / воспоминание,REMEMBER,PHRASE,вспомнить разговор,вспомнить разговор,вспомнить разговор [память / воспоминание],CORE,manual_existing,1,,предмет воспоминания
PHR_049,PHRASE,память / воспоминание,REMEMBER,PHRASE,вспомнить всё,вспомнить всё,вспомнить всё [память / воспоминание],CORE,manual_existing,1,,полное воспоминание
PHR_050,PHRASE,память / воспоминание,REMEMBER,PHRASE,вдруг вспомнить,вдруг вспомнить,вдруг вспомнить [память / воспоминание],CORE,manual_existing,1,,внезапное воспоминание
PHR_051,PHRASE,память / воспоминание,REMEMBER,PHRASE,сразу вспомнить,сразу вспомнить,сразу вспомнить [память / воспоминание],CORE,manual_existing,1,,быстрое воспоминание
PHR_052,PHRASE,память / воспоминание,REMEMBER,PHRASE,припомнить вдруг,припомнить вдруг,припомнить вдруг [память / воспоминание],CORE,manual_existing,1,,внезапное припоминание
PHR_053,PHRASE,память / воспоминание,REMEMBER,PHRASE,припомнить всё,припомнить всё,припомнить всё [память / воспоминание],CORE,manual_existing,1,,полное припоминание
PHR_054,PHRASE,память / воспоминание,MEMORY_SURFACE,PHRASE,всплыть в памяти,всплыть в память,всплыть в памяти [память / воспоминание],CORE,manual_existing,1,,восстановление в памяти
PHR_055,PHRASE,память / воспоминание,MEMORY_SURFACE,PHRASE,воскреснуть в памяти,воскреснуть в память,воскреснуть в памяти [память / воспоминание],CORE,manual_existing,1,,восстановление в памяти
PHR_056,PHRASE,память / воспоминание,MEMORY_SURFACE,PHRASE,остаться в памяти,остаться в память,остаться в памяти [память / воспоминание],CORE,manual_existing,1,,удержание памяти
PHR_057,PHRASE,память / воспоминание,MEMORY_SURFACE,PHRASE,держать в памяти,держать в память,держать в памяти [память / воспоминание],CORE,manual_existing,1,,удержание памяти
PHR_058,PHRASE,память / воспоминание,MEMORY_SURFACE,PHRASE,хранить в памяти,хранить в память,хранить в памяти [память / воспоминание],CORE,manual_existing,1,,удержание памяти
PHR_059,PHRASE,память / воспоминание,MEMORY_SURFACE,PHRASE,пришло на память,прийти на память,пришло на память [память / воспоминание],CORE,manual_existing,1,,формула воспоминания
PHR_060,PHRASE,память / воспоминание,ПАМЯТЬ_ВОСПОМИНАНИЕ,PHRASE,не забывать,не забывать,не забывать [память / воспоминание],CORE,manual_existing,1,,отрицательная память
PHR_061,PHRASE,понимание / ясность,BECOME_CLEAR,PHRASE,стало ясно,стать ясно,стало ясно [понимание / ясность],CORE,manual_existing,1,,исходный пример руководителя
PHR_062,PHRASE,понимание / ясность,ПОНИМАНИЕ_ЯСНОСТЬ,PHRASE,сделалось ясно,сделаться ясно,сделалось ясно [понимание / ясность],CORE,manual_existing,1,,вариант ясности
PHR_063,PHRASE,понимание / ясность,ПОНИМАНИЕ_ЯСНОСТЬ,PHRASE,стало понятно,стать понятно,стало понятно [понимание / ясность],CORE,manual_existing,1,,формула понимания
PHR_064,PHRASE,понимание / ясность,ПОНИМАНИЕ_ЯСНОСТЬ,PHRASE,сделалось понятно,сделаться понятно,сделалось понятно [понимание / ясность],CORE,manual_existing,1,,формула понимания
PHR_065,PHRASE,понимание / ясность,UNDERSTAND,PHRASE,понять наконец,понять наконец,понять наконец [понимание / ясность],CORE,manual_existing,1,,завершение понимания
PHR_066,PHRASE,понимание / ясность,UNDERSTAND,PHRASE,наконец понять,наконец понять,наконец понять [понимание / ясность],CORE,manual_existing,1,,завершение понимания
PHR_067,PHRASE,понимание / ясность,UNDERSTAND,PHRASE,вдруг понять,вдруг понять,вдруг понять [понимание / ясность],CORE,manual_existing,1,,внезапное понимание
PHR_068,PHRASE,понимание / ясность,UNDERSTAND,PHRASE,сразу понять,сразу понять,сразу понять [понимание / ясность],CORE,manual_existing,1,,быстрое понимание
PHR_069,PHRASE,понимание / ясность,UNDERSTAND,PHRASE,ясно понять,ясно понять,ясно понять [понимание / ясность],CORE,manual_existing,1,,осознанное понимание
PHR_070,PHRASE,понимание / ясность,UNDERSTAND,PHRASE,понять одно,понять один,понять одно [понимание / ясность],CORE,manual_existing,1,,формула вывода
PHR_071,PHRASE,понимание / ясность,HEAD_MIND,PHRASE,уразуметь наконец,уразуметь наконец,уразуметь наконец [понимание / ясность],CORE,manual_existing,1,,понимание
PHR_072,PHRASE,понимание / ясность,ПОНИМАНИЕ_ЯСНОСТЬ,PHRASE,дошло до сознания,дойти до сознание,дошло до сознания [понимание / ясность],CORE,manual_existing,1,,осознание
PHR_073,PHRASE,понимание / ясность,ПОНИМАНИЕ_ЯСНОСТЬ,PHRASE,дошло до него,дойти до он,дошло до него [понимание / ясность],CORE,manual_existing,1,,осознание через местоимение
PHR_074,PHRASE,понимание / ясность,PRACTICAL_INTELLECTION,PHRASE,догадаться сразу,догадаться сразу,догадаться сразу [понимание / ясность],CORE,manual_existing,1,,быстрая догадка
PHR_075,PHRASE,понимание / ясность,PRACTICAL_INTELLECTION,PHRASE,догадаться вдруг,догадаться вдруг,догадаться вдруг [понимание / ясность],CORE,manual_existing,1,,внезапная догадка
PHR_076,PHRASE,решение / намерение,DECIDE,PHRASE,принять решение,принять решение,принять решение [решение / намерение],CORE,manual_existing,1,,принятие решения
PHR_077,PHRASE,решение / намерение,DECIDE,PHRASE,решил окончательно,решить окончательно,решил окончательно [решение / намерение],CORE,manual_existing,1,,окончательное решение
PHR_078,PHRASE,решение / намерение,DECIDE,PHRASE,окончательно решил,окончательно решить,окончательно решил [решение / намерение],CORE,manual_existing,1,,окончательное решение
PHR_079,PHRASE,решение / намерение,DECIDE,PHRASE,твердо решил,твердо решить,твердо решил [решение / намерение],CORE,manual_existing,1,,твердое решение
PHR_080,PHRASE,решение / намерение,DECIDE,PHRASE,решил идти,решить идти,решил идти [решение / намерение],CORE,manual_existing,1,,решение действия
PHR_081,PHRASE,решение / намерение,DECIDE,PHRASE,решил сделать,решить сделать,решил сделать [решение / намерение],CORE,manual_existing,1,,решение действия
PHR_082,PHRASE,решение / намерение,DECIDE,PHRASE,решиться на,решиться на,решиться на [решение / намерение],CORE,manual_existing,1,,волевое решение
PHR_083,PHRASE,решение / намерение,THINK_GENERAL,PHRASE,надумал идти,надумать идти,надумал идти [решение / намерение],CORE,manual_existing,1,,намерение
PHR_084,PHRASE,решение / намерение,THINK_GENERAL,PHRASE,надумал сделать,надумать сделать,надумал сделать [решение / намерение],CORE,manual_existing,1,,намерение
PHR_085,PHRASE,решение / намерение,THINK_GENERAL,PHRASE,задумал сделать,задумать сделать,задумал сделать [решение / намерение],CORE,manual_existing,1,,замысел
PHR_086,PHRASE,решение / намерение,РЕШЕНИЕ_НАМЕРЕНИЕ,PHRASE,собрался идти,собраться идти,собрался идти [решение / намерение],CORE,manual_existing,1,,намерение
PHR_087,PHRASE,решение / намерение,THINK_GENERAL,PHRASE,передумал идти,передумать идти,передумал идти [решение / намерение],CORE,manual_existing,1,,смена решения
PHR_088,PHRASE,сомнение / колебание,СОМНЕНИЕ_КОЛЕБАНИЕ,PHRASE,взять сомнение,взять сомнение,взять сомнение [сомнение / колебание],CORE,manual_existing,1,,появление сомнения
PHR_089,PHRASE,сомнение / колебание,СОМНЕНИЕ_КОЛЕБАНИЕ,PHRASE,сомнение взяло,сомнение взять,сомнение взяло [сомнение / колебание],CORE,manual_existing,1,,инверсивный вариант
PHR_090,PHRASE,сомнение / колебание,OBSESSIVE_THOUGHT,PHRASE,мучить сомнение,мучить сомнение,мучить сомнение [сомнение / колебание],CORE,manual_existing,1,,состояние сомнения
PHR_091,PHRASE,сомнение / колебание,СОМНЕНИЕ_КОЛЕБАНИЕ,PHRASE,быть в сомнении,быть в сомнение,быть в сомнении [сомнение / колебание],CORE,manual_existing,1,,состояние сомнения
PHR_092,PHRASE,сомнение / колебание,СОМНЕНИЕ_КОЛЕБАНИЕ,PHRASE,оставаться в сомнении,оставаться в сомнение,оставаться в сомнении [сомнение / колебание],CORE,manual_existing,1,,состояние сомнения
PHR_093,PHRASE,сомнение / колебание,THINK_GENERAL,PHRASE,не знать что думать,не знать что думать,не знать что думать [сомнение / колебание],CORE,manual_existing,1,,метарефлексия
PHR_094,PHRASE,сомнение / колебание,HESITATE,PHRASE,колебаться между,колебаться между,колебаться между [сомнение / колебание],CORE,manual_existing,1,,колебание выбора
PHR_095,PHRASE,сомнение / колебание,DOUBT,PHRASE,засомневаться в,засомневаться в,засомневаться в [сомнение / колебание],CORE,manual_existing,1,,начало сомнения
PHR_125,PHRASE,процесс размышления,THINK_GENERAL,PHRASE,стал думать,стать думать,стал думать [процесс размышления],CORE,manual_expanded,1,,расширенный фразовый маркер для поиска когнитивных контекстов
PHR_126,PHRASE,процесс размышления,THINK_GENERAL,PHRASE,начал думать,начал думать,начал думать [процесс размышления],CORE,manual_expanded,1,,расширенный фразовый маркер для поиска когнитивных контекстов
PHR_127,PHRASE,процесс размышления,THINK_GENERAL,PHRASE,начала думать,начала думать,начала думать [процесс размышления],CORE,manual_expanded,1,,расширенный фразовый маркер для поиска когнитивных контекстов
PHR_128,PHRASE,процесс размышления,THINK_GENERAL,PHRASE,принялся думать,принялся думать,принялся думать [процесс размышления],CORE,manual_expanded,1,,расширенный фразовый маркер для поиска когнитивных контекстов
PHR_129,PHRASE,процесс размышления,THINK_GENERAL,PHRASE,принялась думать,принялась думать,принялась думать [процесс размышления],CORE,manual_expanded,1,,расширенный фразовый маркер для поиска когнитивных контекстов
PHR_130,PHRASE,процесс размышления,THINK_GENERAL,PHRASE,сидел и думал,сидел и думать,сидел и думал [процесс размышления],CORE,manual_expanded,1,,расширенный фразовый маркер для поиска когнитивных контекстов
PHR_131,PHRASE,процесс размышления,THINK_GENERAL,PHRASE,лежал и думал,лежал и думать,лежал и думал [процесс размышления],CORE,manual_expanded,1,,расширенный фразовый маркер для поиска когнитивных контекстов
PHR_132,PHRASE,процесс размышления,THINK_GENERAL,PHRASE,ехал и думал,ехал и думать,ехал и думал [процесс размышления],CORE,manual_expanded,1,,расширенный фразовый маркер для поиска когнитивных контекстов
PHR_133,PHRASE,процесс размышления,THINK_GENERAL,PHRASE,шел и думал,шел и думать,шел и думал [процесс размышления],CORE,manual_expanded,1,,расширенный фразовый маркер для поиска когнитивных контекстов
PHR_134,PHRASE,процесс размышления,THINK_GENERAL,PHRASE,молчал и думал,молчал и думать,молчал и думал [процесс размышления],CORE,manual_expanded,1,,расширенный фразовый маркер для поиска когнитивных контекстов
PHR_135,PHRASE,процесс размышления,THINK_GENERAL,PHRASE,думал о случившемся,думать о случившемся,думал о случившемся [процесс размышления],CORE,manual_expanded,1,,расширенный фразовый маркер для поиска когнитивных контекстов
PHR_136,PHRASE,процесс размышления,THINK_GENERAL,PHRASE,думал об этом,думать об этом,думал об этом [процесс размышления],CORE,manual_expanded,1,,расширенный фразовый маркер для поиска когнитивных контекстов
PHR_137,PHRASE,процесс размышления,THINK_GENERAL,PHRASE,думал о своем,думать о своем,думал о своем [процесс размышления],CORE,manual_expanded,1,,расширенный фразовый маркер для поиска когнитивных контекстов
PHR_138,PHRASE,процесс размышления,THINK_GENERAL,PHRASE,думал о прошлом,думать о прошлом,думал о прошлом [процесс размышления],CORE,manual_expanded,1,,расширенный фразовый маркер для поиска когнитивных контекстов
PHR_139,PHRASE,процесс размышления,THINK_GENERAL,PHRASE,думал о будущем,думать о будущем,думал о будущем [процесс размышления],CORE,manual_expanded,1,,расширенный фразовый маркер для поиска когнитивных контекстов
PHR_140,PHRASE,процесс размышления,THINK_GENERAL,PHRASE,думал о жизни,думать о жизни,думал о жизни [процесс размышления],CORE,manual_expanded,1,,расширенный фразовый маркер для поиска когнитивных контекстов
PHR_141,PHRASE,процесс размышления,THINK_GENERAL,PHRASE,думал о смерти,думать о смерти,думал о смерти [процесс размышления],CORE,manual_expanded,1,,расширенный фразовый маркер для поиска когнитивных контекстов
PHR_142,PHRASE,процесс размышления,THINK_GENERAL,PHRASE,думал о войне,думать о войне,думал о войне [процесс размышления],CORE,manual_expanded,1,,расширенный фразовый маркер для поиска когнитивных контекстов
PHR_143,PHRASE,процесс размышления,THINK_GENERAL,PHRASE,думал о доме,думать о доме,думал о доме [процесс размышления],CORE,manual_expanded,1,,расширенный фразовый маркер для поиска когнитивных контекстов
PHR_144,PHRASE,процесс размышления,THINK_GENERAL,PHRASE,думал о семье,думать о семье,думал о семье [процесс размышления],CORE,manual_expanded,1,,расширенный фразовый маркер для поиска когнитивных контекстов
PHR_145,PHRASE,процесс размышления,THINK_GENERAL,PHRASE,думал о Наталье,думать о наталье,думал о Наталье [процесс размышления],CORE,manual_expanded,1,,расширенный фразовый маркер для поиска когнитивных контекстов
PHR_146,PHRASE,процесс размышления,THINK_GENERAL,PHRASE,думал об Аксинье,думать об аксинье,думал об Аксинье [процесс размышления],CORE,manual_expanded,1,,расширенный фразовый маркер для поиска когнитивных контекстов
PHR_147,PHRASE,процесс размышления,THINK_GENERAL,PHRASE,мрачно думал,мрачно думать,мрачно думал [процесс размышления],CORE,manual_expanded,1,,расширенный фразовый маркер для поиска когнитивных контекстов
PHR_148,PHRASE,процесс размышления,THINK_GENERAL,PHRASE,угрюмо думал,угрюмо думать,угрюмо думал [процесс размышления],CORE,manual_expanded,1,,расширенный фразовый маркер для поиска когнитивных контекстов
PHR_149,PHRASE,процесс размышления,THINK_INTENSIVE,PHRASE,мучительно думал,мучительно думать,мучительно думал [процесс размышления],CORE,manual_expanded,1,,расширенный фразовый маркер для поиска когнитивных контекстов
PHR_150,PHRASE,процесс размышления,THINK_GENERAL,PHRASE,напряженно думал,напряженно думать,напряженно думал [процесс размышления],CORE,manual_expanded,1,,расширенный фразовый маркер для поиска когнитивных контекстов
PHR_151,PHRASE,процесс размышления,THINK_GENERAL,PHRASE,неспокойно думал,неспокойно думать,неспокойно думал [процесс размышления],CORE,manual_expanded,1,,расширенный фразовый маркер для поиска когнитивных контекстов
PHR_152,PHRASE,процесс размышления,THINK_GENERAL,PHRASE,горько думал,горько думать,горько думал [процесс размышления],CORE,manual_expanded,1,,расширенный фразовый маркер для поиска когнитивных контекстов
PHR_153,PHRASE,процесс размышления,THINK_GENERAL,PHRASE,тревожно думал,тревожно думать,тревожно думал [процесс размышления],CORE,manual_expanded,1,,расширенный фразовый маркер для поиска когнитивных контекстов
PHR_154,PHRASE,процесс размышления,THINK_GENERAL,PHRASE,упорно думал,упорно думать,упорно думал [процесс размышления],CORE,manual_expanded,1,,расширенный фразовый маркер для поиска когнитивных контекстов
PHR_155,PHRASE,процесс размышления,THINK_GENERAL,PHRASE,безотвязно думал,безотвязно думать,безотвязно думал [процесс размышления],CORE,manual_expanded,1,,расширенный фразовый маркер для поиска когнитивных контекстов
PHR_156,PHRASE,процесс размышления,THINK_GENERAL,PHRASE,неотступно думал,неотступно думать,неотступно думал [процесс размышления],CORE,manual_expanded,1,,расширенный фразовый маркер для поиска когнитивных контекстов
PHR_157,PHRASE,процесс размышления,THINK_GENERAL,PHRASE,думал всю дорогу,думать всю дорогу,думал всю дорогу [процесс размышления],CORE,manual_expanded,1,,расширенный фразовый маркер для поиска когнитивных контекстов
PHR_158,PHRASE,процесс размышления,THINK_GENERAL,PHRASE,думал всю ночь,думать всю ночь,думал всю ночь [процесс размышления],CORE,manual_expanded,1,,расширенный фразовый маркер для поиска когнитивных контекстов
PHR_159,PHRASE,процесс размышления,THINK_GENERAL,PHRASE,думал до утра,думать до утра,думал до утра [процесс размышления],CORE,manual_expanded,1,,расширенный фразовый маркер для поиска когнитивных контекстов
PHR_160,PHRASE,процесс размышления,THINK_GENERAL,PHRASE,думал молча,думать молча,думал молча [процесс размышления],CORE,manual_expanded,1,,расширенный фразовый маркер для поиска когнитивных контекстов
PHR_161,PHRASE,процесс размышления,THINK_GENERAL,PHRASE,думал тяжко,думать тяжко,думал тяжко [процесс размышления],CORE,manual_expanded,1,,расширенный фразовый маркер для поиска когнитивных контекстов
PHR_162,PHRASE,процесс размышления,THINK_GENERAL,PHRASE,думал хмуро,думать хмуро,думал хмуро [процесс размышления],CORE,manual_expanded,1,,расширенный фразовый маркер для поиска когнитивных контекстов
PHR_163,PHRASE,процесс размышления,THINK_GENERAL,PHRASE,думал сердито,думать сердито,думал сердито [процесс размышления],CORE,manual_expanded,1,,расширенный фразовый маркер для поиска когнитивных контекстов
PHR_164,PHRASE,процесс размышления,THINK_GENERAL,PHRASE,думал с тоской,думать с тоской,думал с тоской [процесс размышления],CORE,manual_expanded,1,,расширенный фразовый маркер для поиска когнитивных контекстов
PHR_165,PHRASE,процесс размышления,THINK_GENERAL,PHRASE,думал с тревогой,думать с тревогой,думал с тревогой [процесс размышления],CORE,manual_expanded,1,,расширенный фразовый маркер для поиска когнитивных контекстов
PHR_166,PHRASE,процесс размышления,THINK_GENERAL,PHRASE,думал с горечью,думать с горечью,думал с горечью [процесс размышления],CORE,manual_expanded,1,,расширенный фразовый маркер для поиска когнитивных контекстов
PHR_167,PHRASE,процесс размышления,THINK_GENERAL,PHRASE,думал о казаках,думать о казаках,думал о казаках [процесс размышления],CORE,manual_expanded,1,,расширенный фразовый маркер для поиска когнитивных контекстов
PHR_168,PHRASE,процесс размышления,THINK_GENERAL,PHRASE,думал о хуторе,думать о хуторе,думал о хуторе [процесс размышления],CORE,manual_expanded,1,,расширенный фразовый маркер для поиска когнитивных контекстов
PHR_169,PHRASE,процесс размышления,THINK_GENERAL,PHRASE,думал о Доне,думать о доне,думал о Доне [процесс размышления],CORE,manual_expanded,1,,расширенный фразовый маркер для поиска когнитивных контекстов
PHR_170,PHRASE,процесс размышления,THINK_GENERAL,PHRASE,думал о фронте,думать о фронте,думал о фронте [процесс размышления],CORE,manual_expanded,1,,расширенный фразовый маркер для поиска когнитивных контекстов
PHR_171,PHRASE,процесс размышления,THINK_GENERAL,PHRASE,думал о судьбе,думать о судьбе,думал о судьбе [процесс размышления],CORE,manual_expanded,1,,расширенный фразовый маркер для поиска когнитивных контекстов
PHR_172,PHRASE,процесс размышления,THINK_GENERAL,PHRASE,думал над этим,думать над этим,думал над этим [процесс размышления],CORE,manual_expanded,1,,расширенный фразовый маркер для поиска когнитивных контекстов
PHR_173,PHRASE,процесс размышления,THINK_GENERAL,PHRASE,думал над словами,думать над словами,думал над словами [процесс размышления],CORE,manual_expanded,1,,расширенный фразовый маркер для поиска когнитивных контекстов
PHR_174,PHRASE,процесс размышления,THINK_GENERAL,PHRASE,думал над ответом,думать над ответом,думал над ответом [процесс размышления],CORE,manual_expanded,1,,расширенный фразовый маркер для поиска когнитивных контекстов
PHR_175,PHRASE,процесс размышления,THINK_GENERAL,PHRASE,думал над поступком,думать над поступком,думал над поступком [процесс размышления],CORE,manual_expanded,1,,расширенный фразовый маркер для поиска когнитивных контекстов
PHR_176,PHRASE,процесс размышления,THINK_GENERAL,PHRASE,думал над решением,думать над решением,думал над решением [процесс размышления],CORE,manual_expanded,1,,расширенный фразовый маркер для поиска когнитивных контекстов
PHR_216,PHRASE,инициация мысли,ИНИЦИАЦИЯ_МЫСЛИ,PHRASE,пришла ему мысль,прийти ему мысль,пришла ему мысль [инициация мысли],CORE,manual_expanded,1,,расширенный фразовый маркер для поиска когнитивных контекстов
PHR_217,PHRASE,инициация мысли,COME_TO_MIND,PHRASE,пришла в голову мысль,прийти в голова мысль,пришла в голову мысль [инициация мысли],CORE,manual_expanded,1,,расширенный фразовый маркер для поиска когнитивных контекстов
PHR_218,PHRASE,инициация мысли,COME_TO_MIND,PHRASE,пришло ему в голову,прийти ему в голова,пришло ему в голову [инициация мысли],CORE,manual_expanded,1,,расширенный фразовый маркер для поиска когнитивных контекстов
PHR_219,PHRASE,инициация мысли,COME_TO_MIND,PHRASE,в голову пришло,в голова прийти,в голову пришло [инициация мысли],CORE,manual_expanded,1,,расширенный фразовый маркер для поиска когнитивных контекстов
PHR_220,PHRASE,инициация мысли,COME_TO_MIND,PHRASE,в голову ему пришло,в голова ему прийти,в голову ему пришло [инициация мысли],CORE,manual_expanded,1,,расширенный фразовый маркер для поиска когнитивных контекстов
PHR_221,PHRASE,инициация мысли,FLASH_THOUGHT,PHRASE,мелькнула у него мысль,мелькнуть у него мысль,мелькнула у него мысль [инициация мысли],CORE,manual_expanded,1,,расширенный фразовый маркер для поиска когнитивных контекстов
PHR_222,PHRASE,инициация мысли,FLASH_THOUGHT,PHRASE,мелькнуло в голове,мелькнуло в голова,мелькнуло в голове [инициация мысли],CORE,manual_expanded,1,,расширенный фразовый маркер для поиска когнитивных контекстов
PHR_223,PHRASE,инициация мысли,FLASH_THOUGHT,PHRASE,промелькнула мысль,промелькнула мысль,промелькнула мысль [инициация мысли],CORE,manual_expanded,1,,расширенный фразовый маркер для поиска когнитивных контекстов
PHR_224,PHRASE,инициация мысли,FLASH_THOUGHT,PHRASE,промелькнуло в голове,промелькнуло в голова,промелькнуло в голове [инициация мысли],CORE,manual_expanded,1,,расширенный фразовый маркер для поиска когнитивных контекстов
PHR_225,PHRASE,инициация мысли,ИНИЦИАЦИЯ_МЫСЛИ,PHRASE,родилась мысль,родилась мысль,родилась мысль [инициация мысли],CORE,manual_expanded,1,,расширенный фразовый маркер для поиска когнитивных контекстов
PHR_226,PHRASE,инициация мысли,ИНИЦИАЦИЯ_МЫСЛИ,PHRASE,возникло предположение,возникло предположение,возникло предположение [инициация мысли],CORE,manual_expanded,1,,расширенный фразовый маркер для поиска когнитивных контекстов
PHR_227,PHRASE,инициация мысли,ИНИЦИАЦИЯ_МЫСЛИ,PHRASE,появилась мысль,появилась мысль,появилась мысль [инициация мысли],CORE,manual_expanded,1,,расширенный фразовый маркер для поиска когнитивных контекстов
PHR_228,PHRASE,инициация мысли,ИНИЦИАЦИЯ_МЫСЛИ,PHRASE,поднялась мысль,поднялась мысль,поднялась мысль [инициация мысли],CORE,manual_expanded,1,,расширенный фразовый маркер для поиска когнитивных контекстов
PHR_229,PHRASE,инициация мысли,ИНИЦИАЦИЯ_МЫСЛИ,PHRASE,вспыхнула мысль,вспыхнула мысль,вспыхнула мысль [инициация мысли],CORE,manual_expanded,1,,расширенный фразовый маркер для поиска когнитивных контекстов
PHR_230,PHRASE,инициация мысли,ИНИЦИАЦИЯ_МЫСЛИ,PHRASE,шевельнулась мысль,шевельнулась мысль,шевельнулась мысль [инициация мысли],CORE,manual_expanded,1,,расширенный фразовый маркер для поиска когнитивных контекстов
PHR_231,PHRASE,инициация мысли,HEAD_MIND,PHRASE,шевельнулось в голове,шевельнулось в голова,шевельнулось в голове [инициация мысли],CORE,manual_expanded,1,,расширенный фразовый маркер для поиска когнитивных контекстов
PHR_232,PHRASE,инициация мысли,ИНИЦИАЦИЯ_МЫСЛИ,PHRASE,забрезжила мысль,забрезжила мысль,забрезжила мысль [инициация мысли],CORE,manual_expanded,1,,расширенный фразовый маркер для поиска когнитивных контекстов
PHR_233,PHRASE,инициация мысли,ИНИЦИАЦИЯ_МЫСЛИ,PHRASE,мысль ударила,мысль ударила,мысль ударила [инициация мысли],CORE,manual_expanded,1,,расширенный фразовый маркер для поиска когнитивных контекстов
PHR_234,PHRASE,инициация мысли,ИНИЦИАЦИЯ_МЫСЛИ,PHRASE,мысль кольнула,мысль кольнула,мысль кольнула [инициация мысли],CORE,manual_expanded,1,,расширенный фразовый маркер для поиска когнитивных контекстов
PHR_235,PHRASE,инициация мысли,ИНИЦИАЦИЯ_МЫСЛИ,PHRASE,мысль остановила,мысль остановила,мысль остановила [инициация мысли],CORE,manual_expanded,1,,расширенный фразовый маркер для поиска когнитивных контекстов
PHR_236,PHRASE,инициация мысли,ИНИЦИАЦИЯ_МЫСЛИ,PHRASE,мысль зацепилась,мысль зацепилась,мысль зацепилась [инициация мысли],CORE,manual_expanded,1,,расширенный фразовый маркер для поиска когнитивных контекстов
PHR_237,PHRASE,инициация мысли,ИНИЦИАЦИЯ_МЫСЛИ,PHRASE,мысль ухватилась,мысль ухватилась,мысль ухватилась [инициация мысли],CORE,manual_expanded,1,,расширенный фразовый маркер для поиска когнитивных контекстов
PHR_238,PHRASE,инициация мысли,ИНИЦИАЦИЯ_МЫСЛИ,PHRASE,мысль явилась,мысль явилась,мысль явилась [инициация мысли],CORE,manual_expanded,1,,расширенный фразовый маркер для поиска когнитивных контекстов
PHR_239,PHRASE,инициация мысли,ИНИЦИАЦИЯ_МЫСЛИ,PHRASE,мысль вспыхнула,мысль вспыхнула,мысль вспыхнула [инициация мысли],CORE,manual_expanded,1,,расширенный фразовый маркер для поиска когнитивных контекстов
PHR_240,PHRASE,инициация мысли,FLASH_THOUGHT,PHRASE,мысль промелькнула,мысль промелькнула,мысль промелькнула [инициация мысли],CORE,manual_expanded,1,,расширенный фразовый маркер для поиска когнитивных контекстов
PHR_241,PHRASE,инициация мысли,ИНИЦИАЦИЯ_МЫСЛИ,PHRASE,мысль шевельнулась,мысль шевельнулась,мысль шевельнулась [инициация мысли],CORE,manual_expanded,1,,расширенный фразовый маркер для поиска когнитивных контекстов
PHR_242,PHRASE,инициация мысли,ИНИЦИАЦИЯ_МЫСЛИ,PHRASE,мысль родилась,мысль родилась,мысль родилась [инициация мысли],CORE,manual_expanded,1,,расширенный фразовый маркер для поиска когнитивных контекстов
PHR_243,PHRASE,инициация мысли,ИНИЦИАЦИЯ_МЫСЛИ,PHRASE,мысль поднялась,мысль поднялась,мысль поднялась [инициация мысли],CORE,manual_expanded,1,,расширенный фразовый маркер для поиска когнитивных контекстов
PHR_244,PHRASE,инициация мысли,ИНИЦИАЦИЯ_МЫСЛИ,PHRASE,мысль зашевелилась,мысль зашевелилась,мысль зашевелилась [инициация мысли],CORE,manual_expanded,1,,расширенный фразовый маркер для поиска когнитивных контекстов
PHR_245,PHRASE,инициация мысли,ИНИЦИАЦИЯ_МЫСЛИ,PHRASE,озарила мысль,озарила мысль,озарила мысль [инициация мысли],CORE,manual_expanded,1,,расширенный фразовый маркер для поиска когнитивных контекстов
PHR_246,PHRASE,инициация мысли,ИНИЦИАЦИЯ_МЫСЛИ,PHRASE,осенила мысль,осенила мысль,осенила мысль [инициация мысли],CORE,manual_expanded,1,,расширенный фразовый маркер для поиска когнитивных контекстов
PHR_247,PHRASE,инициация мысли,ИНИЦИАЦИЯ_МЫСЛИ,PHRASE,его осенила мысль,его осенила мысль,его осенила мысль [инициация мысли],CORE,manual_expanded,1,,расширенный фразовый маркер для поиска когнитивных контекстов
PHR_248,PHRASE,инициация мысли,ИНИЦИАЦИЯ_МЫСЛИ,PHRASE,новая мысль пришла,новая мысль прийти,новая мысль пришла [инициация мысли],CORE,manual_expanded,1,,расширенный фразовый маркер для поиска когнитивных контекстов
PHR_249,PHRASE,инициация мысли,ИНИЦИАЦИЯ_МЫСЛИ,PHRASE,странная мысль пришла,странная мысль прийти,странная мысль пришла [инициация мысли],CORE,manual_expanded,1,,расширенный фразовый маркер для поиска когнитивных контекстов
PHR_250,PHRASE,инициация мысли,ИНИЦИАЦИЯ_МЫСЛИ,PHRASE,тяжелая мысль пришла,тяжелая мысль прийти,тяжелая мысль пришла [инициация мысли],CORE,manual_expanded,1,,расширенный фразовый маркер для поиска когнитивных контекстов
PHR_251,PHRASE,инициация мысли,ИНИЦИАЦИЯ_МЫСЛИ,PHRASE,тревожная мысль пришла,тревожная мысль прийти,тревожная мысль пришла [инициация мысли],CORE,manual_expanded,1,,расширенный фразовый маркер для поиска когнитивных контекстов
PHR_278,PHRASE,память / воспоминание,REMEMBER,PHRASE,вспомнил вдруг,вспомнить вдруг,вспомнил вдруг [память / воспоминание],CORE,manual_expanded,1,,расширенный фразовый маркер для поиска когнитивных контекстов
PHR_279,PHRASE,память / воспоминание,REMEMBER,PHRASE,стал вспоминать,стать вспоминать,стал вспоминать [память / воспоминание],CORE,manual_expanded,1,,расширенный фразовый маркер для поиска когнитивных контекстов
PHR_280,PHRASE,память / воспоминание,REMEMBER,PHRASE,начала вспоминать,начала вспоминать,начала вспоминать [память / воспоминание],CORE,manual_expanded,1,,расширенный фразовый маркер для поиска когнитивных контекстов
PHR_281,PHRASE,память / воспоминание,REMEMBER,PHRASE,начал вспоминать,начал вспоминать,начал вспоминать [память / воспоминание],CORE,manual_expanded,1,,расширенный фразовый маркер для поиска когнитивных контекстов
PHR_282,PHRASE,память / воспоминание,REMEMBER,PHRASE,принялся вспоминать,принялся вспоминать,принялся вспоминать [память / воспоминание],CORE,manual_expanded,1,,расширенный фразовый маркер для поиска когнитивных контекстов
PHR_283,PHRASE,память / воспоминание,REMEMBER,PHRASE,долго вспоминал,долго вспоминал,долго вспоминал [память / воспоминание],CORE,manual_expanded,1,,расширенный фразовый маркер для поиска когнитивных контекстов
PHR_284,PHRASE,память / воспоминание,REMEMBER,PHRASE,вспоминал прошлое,вспоминал прошлое,вспоминал прошлое [память / воспоминание],CORE,manual_expanded,1,,расширенный фразовый маркер для поиска когнитивных контекстов
PHR_285,PHRASE,память / воспоминание,REMEMBER,PHRASE,вспоминал дом,вспоминал дом,вспоминал дом [память / воспоминание],CORE,manual_expanded,1,,расширенный фразовый маркер для поиска когнитивных контекстов
PHR_286,PHRASE,память / воспоминание,REMEMBER,PHRASE,вспоминал мать,вспоминал мать,вспоминал мать [память / воспоминание],CORE,manual_expanded,1,,расширенный фразовый маркер для поиска когнитивных контекстов
PHR_287,PHRASE,память / воспоминание,REMEMBER,PHRASE,вспоминал отца,вспоминал отца,вспоминал отца [память / воспоминание],CORE,manual_expanded,1,,расширенный фразовый маркер для поиска когнитивных контекстов
PHR_288,PHRASE,память / воспоминание,REMEMBER,PHRASE,вспоминал Наталью,вспоминал наталью,вспоминал Наталью [память / воспоминание],CORE,manual_expanded,1,,расширенный фразовый маркер для поиска когнитивных контекстов
PHR_289,PHRASE,память / воспоминание,REMEMBER,PHRASE,вспоминал Аксинью,вспоминал аксинью,вспоминал Аксинью [память / воспоминание],CORE,manual_expanded,1,,расширенный фразовый маркер для поиска когнитивных контекстов
PHR_290,PHRASE,память / воспоминание,REMEMBER,PHRASE,вспоминал войну,вспоминал войну,вспоминал войну [память / воспоминание],CORE,manual_expanded,1,,расширенный фразовый маркер для поиска когнитивных контекстов
PHR_291,PHRASE,память / воспоминание,REMEMBER,PHRASE,вспоминал детство,вспоминал детство,вспоминал детство [память / воспоминание],CORE,manual_expanded,1,,расширенный фразовый маркер для поиска когнитивных контекстов
PHR_292,PHRASE,память / воспоминание,REMEMBER,PHRASE,вспоминал хутор,вспоминал хутор,вспоминал хутор [память / воспоминание],CORE,manual_expanded,1,,расширенный фразовый маркер для поиска когнитивных контекстов
PHR_293,PHRASE,память / воспоминание,REMEMBER,PHRASE,вспоминал Дон,вспоминал дон,вспоминал Дон [память / воспоминание],CORE,manual_expanded,1,,расширенный фразовый маркер для поиска когнитивных контекстов
PHR_294,PHRASE,память / воспоминание,REMEMBER,PHRASE,вспоминал разговор,вспоминал разговор,вспоминал разговор [память / воспоминание],CORE,manual_expanded,1,,расширенный фразовый маркер для поиска когнитивных контекстов
PHR_295,PHRASE,память / воспоминание,REMEMBER,PHRASE,вспоминал слова,вспоминал слова,вспоминал слова [память / воспоминание],CORE,manual_expanded,1,,расширенный фразовый маркер для поиска когнитивных контекстов
PHR_296,PHRASE,память / воспоминание,REMEMBER,PHRASE,вспомнилось ему,вспомнилось ему,вспомнилось ему [память / воспоминание],CORE,manual_expanded,1,,расширенный фразовый маркер для поиска когнитивных контекстов
PHR_297,PHRASE,память / воспоминание,REMEMBER,PHRASE,ему вспомнилось,ему вспомнилось,ему вспомнилось [память / воспоминание],CORE,manual_expanded,1,,расширенный фразовый маркер для поиска когнитивных контекстов
PHR_298,PHRASE,память / воспоминание,REMEMBER,PHRASE,вспомнилось вдруг,вспомнилось вдруг,вспомнилось вдруг [память / воспоминание],CORE,manual_expanded,1,,расширенный фразовый маркер для поиска когнитивных контекстов
PHR_299,PHRASE,память / воспоминание,MEMORY_SURFACE,PHRASE,всплыло в памяти,всплыло в память,всплыло в памяти [память / воспоминание],CORE,manual_expanded,1,,расширенный фразовый маркер для поиска когнитивных контекстов
PHR_300,PHRASE,память / воспоминание,MEMORY_SURFACE,PHRASE,всплыла в памяти,всплыла в память,всплыла в памяти [память / воспоминание],CORE,manual_expanded,1,,расширенный фразовый маркер для поиска когнитивных контекстов
PHR_301,PHRASE,память / воспоминание,MEMORY_SURFACE,PHRASE,возникло в памяти,возникло в память,возникло в памяти [память / воспоминание],CORE,manual_expanded,1,,расширенный фразовый маркер для поиска когнитивных контекстов
PHR_302,PHRASE,память / воспоминание,MEMORY_SURFACE,PHRASE,поднялось в памяти,поднялось в память,поднялось в памяти [память / воспоминание],CORE,manual_expanded,1,,расширенный фразовый маркер для поиска когнитивных контекстов
PHR_303,PHRASE,память / воспоминание,MEMORY_SURFACE,PHRASE,осталось в памяти,осталось в память,осталось в памяти [память / воспоминание],CORE,manual_expanded,1,,расширенный фразовый маркер для поиска когнитивных контекстов
PHR_304,PHRASE,память / воспоминание,MEMORY_SURFACE,PHRASE,сохранилось в памяти,сохранилось в память,сохранилось в памяти [память / воспоминание],CORE,manual_expanded,1,,расширенный фразовый маркер для поиска когнитивных контекстов
PHR_305,PHRASE,память / воспоминание,MEMORY_SURFACE,PHRASE,держал в памяти,держал в память,держал в памяти [память / воспоминание],CORE,manual_expanded,1,,расширенный фразовый маркер для поиска когнитивных контекстов
PHR_306,PHRASE,память / воспоминание,MEMORY_SURFACE,PHRASE,хранил в памяти,хранил в память,хранил в памяти [память / воспоминание],CORE,manual_expanded,1,,расширенный фразовый маркер для поиска когнитивных контекстов
PHR_307,PHRASE,память / воспоминание,MEMORY_SURFACE,PHRASE,не выходило из памяти,не выходило из память,не выходило из памяти [память / воспоминание],CORE,manual_expanded,1,,расширенный фразовый маркер для поиска когнитивных контекстов
PHR_308,PHRASE,память / воспоминание,MEMORY_SURFACE,PHRASE,память подсказала,память подсказала,память подсказала [память / воспоминание],CORE,manual_expanded,1,,расширенный фразовый маркер для поиска когнитивных контекстов
PHR_309,PHRASE,память / воспоминание,MEMORY_SURFACE,PHRASE,память вернула,память вернула,память вернула [память / воспоминание],CORE,manual_expanded,1,,расширенный фразовый маркер для поиска когнитивных контекстов
PHR_310,PHRASE,память / воспоминание,MEMORY_SURFACE,PHRASE,память удержала,память удержала,память удержала [память / воспоминание],CORE,manual_expanded,1,,расширенный фразовый маркер для поиска когнитивных контекстов
PHR_311,PHRASE,память / воспоминание,REMEMBER,PHRASE,стал припоминать,стать припоминать,стал припоминать [память / воспоминание],CORE,manual_expanded,1,,расширенный фразовый маркер для поиска когнитивных контекстов
PHR_312,PHRASE,память / воспоминание,REMEMBER,PHRASE,начал припоминать,начал припоминать,начал припоминать [память / воспоминание],CORE,manual_expanded,1,,расширенный фразовый маркер для поиска когнитивных контекстов
PHR_313,PHRASE,память / воспоминание,REMEMBER,PHRASE,припоминал подробности,припоминал подробности,припоминал подробности [память / воспоминание],CORE,manual_expanded,1,,расширенный фразовый маркер для поиска когнитивных контекстов
PHR_314,PHRASE,память / воспоминание,REMEMBER,PHRASE,припоминал слова,припоминал слова,припоминал слова [память / воспоминание],CORE,manual_expanded,1,,расширенный фразовый маркер для поиска когнитивных контекстов
PHR_315,PHRASE,память / воспоминание,REMEMBER,PHRASE,припоминал лицо,припоминал лицо,припоминал лицо [память / воспоминание],CORE,manual_expanded,1,,расширенный фразовый маркер для поиска когнитивных контекстов
PHR_316,PHRASE,память / воспоминание,REMEMBER,PHRASE,припоминал голос,припоминал голос,припоминал голос [память / воспоминание],CORE,manual_expanded,1,,расширенный фразовый маркер для поиска когнитивных контекстов
PHR_317,PHRASE,память / воспоминание,REMEMBER,PHRASE,припоминал разговор,припоминал разговор,припоминал разговор [память / воспоминание],CORE,manual_expanded,1,,расширенный фразовый маркер для поиска когнитивных контекстов
PHR_318,PHRASE,память / воспоминание,REMEMBER,PHRASE,припоминал дорогу,припоминал дорогу,припоминал дорогу [память / воспоминание],CORE,manual_expanded,1,,расширенный фразовый маркер для поиска когнитивных контекстов
PHR_319,PHRASE,память / воспоминание,MEMORY_SURFACE,PHRASE,восстанавливал в памяти,восстанавливал в память,восстанавливал в памяти [память / воспоминание],CORE,manual_expanded,1,,расширенный фразовый маркер для поиска когнитивных контекстов
PHR_320,PHRASE,память / воспоминание,MEMORY_SURFACE,PHRASE,врезалось в память,врезалось в память,врезалось в память [память / воспоминание],CORE,manual_expanded,1,,расширенный фразовый маркер для поиска когнитивных контекстов
PHR_321,PHRASE,память / воспоминание,MEMORY_SURFACE,PHRASE,засело в памяти,засело в память,засело в памяти [память / воспоминание],CORE,manual_expanded,1,,расширенный фразовый маркер для поиска когнитивных контекстов
PHR_322,PHRASE,память / воспоминание,MEMORY_SURFACE,PHRASE,стерлось из памяти,стерлось из память,стерлось из памяти [память / воспоминание],CORE,manual_expanded,1,,расширенный фразовый маркер для поиска когнитивных контекстов
PHR_323,PHRASE,память / воспоминание,MEMORY_SURFACE,PHRASE,исчезло из памяти,исчезло из память,исчезло из памяти [память / воспоминание],CORE,manual_expanded,1,,расширенный фразовый маркер для поиска когнитивных контекстов
PHR_324,PHRASE,память / воспоминание,MEMORY_SURFACE,PHRASE,память изменила,память изменила,память изменила [память / воспоминание],CORE,manual_expanded,1,,расширенный фразовый маркер для поиска когнитивных контекстов
PHR_325,PHRASE,память / воспоминание,ПАМЯТЬ_ВОСПОМИНАНИЕ,PHRASE,не мог забыть,не мог забыть,не мог забыть [память / воспоминание],CORE,manual_expanded,1,,расширенный фразовый маркер для поиска когнитивных контекстов
PHR_326,PHRASE,память / воспоминание,ПАМЯТЬ_ВОСПОМИНАНИЕ,PHRASE,никак не мог забыть,никак не мог забыть,никак не мог забыть [память / воспоминание],CORE,manual_expanded,1,,расширенный фразовый маркер для поиска когнитивных контекстов
PHR_327,PHRASE,память / воспоминание,ПАМЯТЬ_ВОСПОМИНАНИЕ,PHRASE,не забывал,не забывал,не забывал [память / воспоминание],CORE,manual_expanded,1,,расширенный фразовый маркер для поиска когнитивных контекстов
PHR_328,PHRASE,память / воспоминание,ПАМЯТЬ_ВОСПОМИНАНИЕ,PHRASE,помнил хорошо,помнить хорошо,помнил хорошо [память / воспоминание],CORE,manual_expanded,1,,расширенный фразовый маркер для поиска когнитивных контекстов
PHR_329,PHRASE,память / воспоминание,ПАМЯТЬ_ВОСПОМИНАНИЕ,PHRASE,хорошо помнил,хорошо помнить,хорошо помнил [память / воспоминание],CORE,manual_expanded,1,,расширенный фразовый маркер для поиска когнитивных контекстов
PHR_330,PHRASE,память / воспоминание,ПАМЯТЬ_ВОСПОМИНАНИЕ,PHRASE,помнил ясно,помнить ясно,помнил ясно [память / воспоминание],CORE,manual_expanded,1,,расширенный фразовый маркер для поиска когнитивных контекстов
PHR_331,PHRASE,память / воспоминание,ПАМЯТЬ_ВОСПОМИНАНИЕ,PHRASE,помнил смутно,помнить смутно,помнил смутно [память / воспоминание],CORE,manual_expanded,1,,расширенный фразовый маркер для поиска когнитивных контекстов
PHR_332,PHRASE,память / воспоминание,ПАМЯТЬ_ВОСПОМИНАНИЕ,PHRASE,помнил давно,помнить давно,помнил давно [память / воспоминание],CORE,manual_expanded,1,,расширенный фразовый маркер для поиска когнитивных контекстов
PHR_333,PHRASE,память / воспоминание,ПАМЯТЬ_ВОСПОМИНАНИЕ,PHRASE,запомнил навсегда,запомнил навсегда,запомнил навсегда [память / воспоминание],CORE,manual_expanded,1,,расширенный фразовый маркер для поиска когнитивных контекстов
PHR_334,PHRASE,понимание / ясность,UNDERSTAND,PHRASE,понял вдруг,понять вдруг,понял вдруг [понимание / ясность],CORE,manual_expanded,1,,расширенный фразовый маркер для поиска когнитивных контекстов
PHR_335,PHRASE,понимание / ясность,UNDERSTAND,PHRASE,теперь понял,теперь понять,теперь понял [понимание / ясность],CORE,manual_expanded,1,,расширенный фразовый маркер для поиска когнитивных контекстов
PHR_336,PHRASE,понимание / ясность,UNDERSTAND,PHRASE,не сразу понял,не сразу понять,не сразу понял [понимание / ясность],CORE,manual_expanded,1,,расширенный фразовый маркер для поиска когнитивных контекстов
PHR_337,PHRASE,понимание / ясность,UNDERSTAND,PHRASE,понял ясно,понять ясно,понял ясно [понимание / ясность],CORE,manual_expanded,1,,расширенный фразовый маркер для поиска когнитивных контекстов
PHR_338,PHRASE,понимание / ясность,UNDERSTAND,PHRASE,тяжело понял,тяжело понять,тяжело понял [понимание / ясность],CORE,manual_expanded,1,,расширенный фразовый маркер для поиска когнитивных контекстов
PHR_339,PHRASE,понимание / ясность,UNDERSTAND,PHRASE,горько понял,горько понять,горько понял [понимание / ясность],CORE,manual_expanded,1,,расширенный фразовый маркер для поиска когнитивных контекстов
PHR_340,PHRASE,понимание / ясность,UNDERSTAND,PHRASE,понял сердцем,понять сердцем,понял сердцем [понимание / ясность],CORE,manual_expanded,1,,расширенный фразовый маркер для поиска когнитивных контекстов
PHR_341,PHRASE,понимание / ясность,UNDERSTAND,PHRASE,понял душой,понять душой,понял душой [понимание / ясность],CORE,manual_expanded,1,,расширенный фразовый маркер для поиска когнитивных контекстов
PHR_342,PHRASE,понимание / ясность,UNDERSTAND,PHRASE,понял умом,понять ум,понял умом [понимание / ясность],CORE,manual_expanded,1,,расширенный фразовый маркер для поиска когнитивных контекстов
PHR_343,PHRASE,понимание / ясность,ПОНИМАНИЕ_ЯСНОСТЬ,PHRASE,стал понимать,стать понимать,стал понимать [понимание / ясность],CORE,manual_expanded,1,,расширенный фразовый маркер для поиска когнитивных контекстов
PHR_344,PHRASE,понимание / ясность,ПОНИМАНИЕ_ЯСНОСТЬ,PHRASE,начала понимать,начала понимать,начала понимать [понимание / ясность],CORE,manual_expanded,1,,расширенный фразовый маркер для поиска когнитивных контекстов
PHR_345,PHRASE,понимание / ясность,ПОНИМАНИЕ_ЯСНОСТЬ,PHRASE,начал понимать,начал понимать,начал понимать [понимание / ясность],CORE,manual_expanded,1,,расширенный фразовый маркер для поиска когнитивных контекстов
PHR_346,PHRASE,понимание / ясность,UNDERSTAND,PHRASE,не мог понять,не мог понять,не мог понять [понимание / ясность],CORE,manual_expanded,1,,расширенный фразовый маркер для поиска когнитивных контекстов
PHR_347,PHRASE,понимание / ясность,UNDERSTAND,PHRASE,никак не мог понять,никак не мог понять,никак не мог понять [понимание / ясность],CORE,manual_expanded,1,,расширенный фразовый маркер для поиска когнитивных контекстов
PHR_348,PHRASE,понимание / ясность,UNDERSTAND,PHRASE,не понимал сначала,не понимал сначала,не понимал сначала [понимание / ясность],CORE,manual_expanded,1,,расширенный фразовый маркер для поиска когнитивных контекстов
PHR_349,PHRASE,понимание / ясность,ПОНИМАНИЕ_ЯСНОСТЬ,PHRASE,теперь стало понятно,теперь стать понятно,теперь стало понятно [понимание / ясность],CORE,manual_expanded,1,,расширенный фразовый маркер для поиска когнитивных контекстов
PHR_350,PHRASE,понимание / ясность,BECOME_CLEAR,PHRASE,сразу стало ясно,сразу стать ясно,сразу стало ясно [понимание / ясность],CORE,manual_expanded,1,,расширенный фразовый маркер для поиска когнитивных контекстов
PHR_351,PHRASE,понимание / ясность,BECOME_CLEAR,PHRASE,ему стало ясно,ему стать ясно,ему стало ясно [понимание / ясность],CORE,manual_expanded,1,,расширенный фразовый маркер для поиска когнитивных контекстов
PHR_352,PHRASE,понимание / ясность,BECOME_CLEAR,PHRASE,стало ясно ему,стать ясно ему,стало ясно ему [понимание / ясность],CORE,manual_expanded,1,,расширенный фразовый маркер для поиска когнитивных контекстов
PHR_353,PHRASE,понимание / ясность,BECOME_CLEAR,PHRASE,все стало ясно,все стать ясно,все стало ясно [понимание / ясность],CORE,manual_expanded,1,,расширенный фразовый маркер для поиска когнитивных контекстов
PHR_354,PHRASE,понимание / ясность,BECOME_CLEAR,PHRASE,теперь все стало ясно,теперь все стать ясно,теперь все стало ясно [понимание / ясность],CORE,manual_expanded,1,,расширенный фразовый маркер для поиска когнитивных контекстов
PHR_355,PHRASE,понимание / ясность,HEAD_MIND,PHRASE,прояснилось в голове,прояснилось в голова,прояснилось в голове [понимание / ясность],CORE,manual_expanded,1,,расширенный фразовый маркер для поиска когнитивных контекстов
PHR_356,PHRASE,понимание / ясность,HEAD_MIND,PHRASE,прояснилось в уме,прояснилось в ум,прояснилось в уме [понимание / ясность],CORE,manual_expanded,1,,расширенный фразовый маркер для поиска когнитивных контекстов
PHR_357,PHRASE,понимание / ясность,ПОНИМАНИЕ_ЯСНОСТЬ,PHRASE,дошло до него,дошло до него,дошло до него [понимание / ясность],CORE,manual_expanded,1,,расширенный фразовый маркер для поиска когнитивных контекстов
PHR_358,PHRASE,понимание / ясность,ПОНИМАНИЕ_ЯСНОСТЬ,PHRASE,до него дошло,до него дошло,до него дошло [понимание / ясность],CORE,manual_expanded,1,,расширенный фразовый маркер для поиска когнитивных контекстов
PHR_359,PHRASE,понимание / ясность,ПОНИМАНИЕ_ЯСНОСТЬ,PHRASE,дошло наконец,дошло наконец,дошло наконец [понимание / ясность],CORE,manual_expanded,1,,расширенный фразовый маркер для поиска когнитивных контекстов
PHR_360,PHRASE,понимание / ясность,ПОНИМАНИЕ_ЯСНОСТЬ,PHRASE,наконец дошло,наконец дошло,наконец дошло [понимание / ясность],CORE,manual_expanded,1,,расширенный фразовый маркер для поиска когнитивных контекстов
PHR_361,PHRASE,понимание / ясность,ПОНИМАНИЕ_ЯСНОСТЬ,PHRASE,взял в толк,взял в толк,взял в толк [понимание / ясность],CORE,manual_expanded,1,,расширенный фразовый маркер для поиска когнитивных контекстов
PHR_362,PHRASE,понимание / ясность,ПОНИМАНИЕ_ЯСНОСТЬ,PHRASE,не взял в толк,не взял в толк,не взял в толк [понимание / ясность],CORE,manual_expanded,1,,расширенный фразовый маркер для поиска когнитивных контекстов
PHR_363,PHRASE,понимание / ясность,ПОНИМАНИЕ_ЯСНОСТЬ,PHRASE,не мог взять в толк,не мог взять в толк,не мог взять в толк [понимание / ясность],CORE,manual_expanded,1,,расширенный фразовый маркер для поиска когнитивных контекстов
PHR_364,PHRASE,понимание / ясность,HEAD_MIND,PHRASE,уразумел наконец,уразумел наконец,уразумел наконец [понимание / ясность],CORE,manual_expanded,1,,расширенный фразовый маркер для поиска когнитивных контекстов
PHR_365,PHRASE,понимание / ясность,HEAD_MIND,PHRASE,стал уразумевать,стать уразумевать,стал уразумевать [понимание / ясность],CORE,manual_expanded,1,,расширенный фразовый маркер для поиска когнитивных контекстов
PHR_366,PHRASE,понимание / ясность,ПОНИМАНИЕ_ЯСНОСТЬ,PHRASE,открылось ему,открылось ему,открылось ему [понимание / ясность],CORE,manual_expanded,1,,расширенный фразовый маркер для поиска когнитивных контекстов
PHR_367,PHRASE,понимание / ясность,ПОНИМАНИЕ_ЯСНОСТЬ,PHRASE,открылось вдруг,открылось вдруг,открылось вдруг [понимание / ясность],CORE,manual_expanded,1,,расширенный фразовый маркер для поиска когнитивных контекстов
PHR_368,PHRASE,понимание / ясность,UNDERSTAND,PHRASE,понял смысл,понять смысл,понял смысл [понимание / ясность],CORE,manual_expanded,1,,расширенный фразовый маркер для поиска когнитивных контекстов
PHR_369,PHRASE,понимание / ясность,UNDERSTAND,PHRASE,понял причину,понять причину,понял причину [понимание / ясность],CORE,manual_expanded,1,,расширенный фразовый маркер для поиска когнитивных контекстов
PHR_370,PHRASE,понимание / ясность,UNDERSTAND,PHRASE,понял правду,понять правду,понял правду [понимание / ясность],CORE,manual_expanded,1,,расширенный фразовый маркер для поиска когнитивных контекстов
PHR_371,PHRASE,понимание / ясность,UNDERSTAND,PHRASE,понял беду,понять беду,понял беду [понимание / ясность],CORE,manual_expanded,1,,расширенный фразовый маркер для поиска когнитивных контекстов
PHR_372,PHRASE,понимание / ясность,UNDERSTAND,PHRASE,понял опасность,понять опасность,понял опасность [понимание / ясность],CORE,manual_expanded,1,,расширенный фразовый маркер для поиска когнитивных контекстов
PHR_373,PHRASE,понимание / ясность,UNDERSTAND,PHRASE,понял неправду,понять неправду,понял неправду [понимание / ясность],CORE,manual_expanded,1,,расширенный фразовый маркер для поиска когнитивных контекстов
PHR_374,PHRASE,понимание / ясность,ПОНИМАНИЕ_ЯСНОСТЬ,PHRASE,стало понятным,стать понятным,стало понятным [понимание / ясность],CORE,manual_expanded,1,,расширенный фразовый маркер для поиска когнитивных контекстов
PHR_375,PHRASE,понимание / ясность,ПОНИМАНИЕ_ЯСНОСТЬ,PHRASE,сделалось понятным,сделаться понятным,сделалось понятным [понимание / ясность],CORE,manual_expanded,1,,расширенный фразовый маркер для поиска когнитивных контекстов
PHR_406,PHRASE,решение / намерение,DECIDE,PHRASE,решил вдруг,решить вдруг,решил вдруг [решение / намерение],CORE,manual_expanded,1,,расширенный фразовый маркер для поиска когнитивных контекстов
PHR_407,PHRASE,решение / намерение,DECIDE,PHRASE,вдруг решил,вдруг решить,вдруг решил [решение / намерение],CORE,manual_expanded,1,,расширенный фразовый маркер для поиска когнитивных контекстов
PHR_408,PHRASE,решение / намерение,DECIDE,PHRASE,сразу решил,сразу решить,сразу решил [решение / намерение],CORE,manual_expanded,1,,расширенный фразовый маркер для поиска когнитивных контекстов
PHR_409,PHRASE,решение / намерение,DECIDE,PHRASE,не сразу решил,не сразу решить,не сразу решил [решение / намерение],CORE,manual_expanded,1,,расширенный фразовый маркер для поиска когнитивных контекстов
PHR_410,PHRASE,решение / намерение,DECIDE,PHRASE,решил для себя,решить для себя,решил для себя [решение / намерение],CORE,manual_expanded,1,,расширенный фразовый маркер для поиска когнитивных контекстов
PHR_411,PHRASE,решение / намерение,DECIDE,PHRASE,решил вернуться,решить вернуться,решил вернуться [решение / намерение],CORE,manual_expanded,1,,расширенный фразовый маркер для поиска когнитивных контекстов
PHR_412,PHRASE,решение / намерение,DECIDE,PHRASE,решил сказать,решить сказать,решил сказать [решение / намерение],CORE,manual_expanded,1,,расширенный фразовый маркер для поиска когнитивных контекстов
PHR_413,PHRASE,решение / намерение,DECIDE,PHRASE,решил молчать,решить молчать,решил молчать [решение / намерение],CORE,manual_expanded,1,,расширенный фразовый маркер для поиска когнитивных контекстов
PHR_414,PHRASE,решение / намерение,DECIDE,PHRASE,решил ждать,решить ждать,решил ждать [решение / намерение],CORE,manual_expanded,1,,расширенный фразовый маркер для поиска когнитивных контекстов
PHR_415,PHRASE,решение / намерение,DECIDE,PHRASE,решил уйти,решить уйти,решил уйти [решение / намерение],CORE,manual_expanded,1,,расширенный фразовый маркер для поиска когнитивных контекстов
PHR_416,PHRASE,решение / намерение,DECIDE,PHRASE,решил остаться,решить остаться,решил остаться [решение / намерение],CORE,manual_expanded,1,,расширенный фразовый маркер для поиска когнитивных контекстов
PHR_417,PHRASE,решение / намерение,DECIDE,PHRASE,решил спросить,решить спросить,решил спросить [решение / намерение],CORE,manual_expanded,1,,расширенный фразовый маркер для поиска когнитивных контекстов
PHR_418,PHRASE,решение / намерение,DECIDE,PHRASE,решил ответить,решить ответить,решил ответить [решение / намерение],CORE,manual_expanded,1,,расширенный фразовый маркер для поиска когнитивных контекстов
PHR_419,PHRASE,решение / намерение,DECIDE,PHRASE,принял решение,принял решение,принял решение [решение / намерение],CORE,manual_expanded,1,,расширенный фразовый маркер для поиска когнитивных контекстов
PHR_420,PHRASE,решение / намерение,РЕШЕНИЕ_НАМЕРЕНИЕ,PHRASE,пришел к решению,прийти к решению,пришел к решению [решение / намерение],CORE,manual_expanded,1,,расширенный фразовый маркер для поиска когнитивных контекстов
PHR_421,PHRASE,решение / намерение,РЕШЕНИЕ_НАМЕРЕНИЕ,PHRASE,остановился на решении,остановился на решении,остановился на решении [решение / намерение],CORE,manual_expanded,1,,расширенный фразовый маркер для поиска когнитивных контекстов
PHR_422,PHRASE,решение / намерение,HEAD_MIND,PHRASE,задумал сделать,задумал сделать,задумал сделать [решение / намерение],CORE,manual_expanded,1,,расширенный фразовый маркер для поиска когнитивных контекстов
PHR_423,PHRASE,решение / намерение,HEAD_MIND,PHRASE,задумал уйти,задумал уйти,задумал уйти [решение / намерение],CORE,manual_expanded,1,,расширенный фразовый маркер для поиска когнитивных контекстов
PHR_424,PHRASE,решение / намерение,HEAD_MIND,PHRASE,задумал вернуться,задумал вернуться,задумал вернуться [решение / намерение],CORE,manual_expanded,1,,расширенный фразовый маркер для поиска когнитивных контекстов
PHR_425,PHRASE,решение / намерение,HEAD_MIND,PHRASE,задумал сказать,задумал сказать,задумал сказать [решение / намерение],CORE,manual_expanded,1,,расширенный фразовый маркер для поиска когнитивных контекстов
PHR_426,PHRASE,решение / намерение,CHANGE_DECISION,PHRASE,передумал вдруг,передумал вдруг,передумал вдруг [решение / намерение],CORE,manual_expanded,1,,расширенный фразовый маркер для поиска когнитивных контекстов
PHR_427,PHRASE,решение / намерение,CHANGE_DECISION,PHRASE,вдруг передумал,вдруг передумал,вдруг передумал [решение / намерение],CORE,manual_expanded,1,,расширенный фразовый маркер для поиска когнитивных контекстов
PHR_428,PHRASE,решение / намерение,CHANGE_DECISION,PHRASE,стал передумывать,стать передумывать,стал передумывать [решение / намерение],CORE,manual_expanded,1,,расширенный фразовый маркер для поиска когнитивных контекстов
PHR_429,PHRASE,решение / намерение,REFLECT_GENERAL,PHRASE,раздумал идти,раздумал идти,раздумал идти [решение / намерение],CORE,manual_expanded,1,,расширенный фразовый маркер для поиска когнитивных контекстов
PHR_430,PHRASE,решение / намерение,REFLECT_GENERAL,PHRASE,раздумал говорить,раздумал говорить,раздумал говорить [решение / намерение],CORE,manual_expanded,1,,расширенный фразовый маркер для поиска когнитивных контекстов
PHR_431,PHRASE,решение / намерение,REFLECT_GENERAL,PHRASE,раздумал возвращаться,раздумал возвращаться,раздумал возвращаться [решение / намерение],CORE,manual_expanded,1,,расширенный фразовый маркер для поиска когнитивных контекстов
PHR_432,PHRASE,решение / намерение,DECIDE,PHRASE,не мог решить,не мог решить,не мог решить [решение / намерение],CORE,manual_expanded,1,,расширенный фразовый маркер для поиска когнитивных контекстов
PHR_433,PHRASE,решение / намерение,DECIDE,PHRASE,никак не мог решить,никак не мог решить,никак не мог решить [решение / намерение],CORE,manual_expanded,1,,расширенный фразовый маркер для поиска когнитивных контекстов
PHR_434,PHRASE,решение / намерение,HESITATE,PHRASE,колебался в решении,колебался в решении,колебался в решении [решение / намерение],CORE,manual_expanded,1,,расширенный фразовый маркер для поиска когнитивных контекстов
PHR_435,PHRASE,решение / намерение,РЕШЕНИЕ_НАМЕРЕНИЕ,PHRASE,решался долго,решался долго,решался долго [решение / намерение],CORE,manual_expanded,1,,расширенный фразовый маркер для поиска когнитивных контекстов
PHR_436,PHRASE,решение / намерение,РЕШЕНИЕ_НАМЕРЕНИЕ,PHRASE,долго решался,долго решался,долго решался [решение / намерение],CORE,manual_expanded,1,,расширенный фразовый маркер для поиска когнитивных контекстов
PHR_437,PHRASE,решение / намерение,РЕШЕНИЕ_НАМЕРЕНИЕ,PHRASE,не решался сказать,не решался сказать,не решался сказать [решение / намерение],CORE,manual_expanded,1,,расширенный фразовый маркер для поиска когнитивных контекстов
PHR_438,PHRASE,решение / намерение,РЕШЕНИЕ_НАМЕРЕНИЕ,PHRASE,не решался спросить,не решался спросить,не решался спросить [решение / намерение],CORE,manual_expanded,1,,расширенный фразовый маркер для поиска когнитивных контекстов
PHR_439,PHRASE,решение / намерение,РЕШЕНИЕ_НАМЕРЕНИЕ,PHRASE,не решался ответить,не решался ответить,не решался ответить [решение / намерение],CORE,manual_expanded,1,,расширенный фразовый маркер для поиска когнитивных контекстов
PHR_440,PHRASE,решение / намерение,РЕШЕНИЕ_НАМЕРЕНИЕ,PHRASE,наконец решился,наконец решился,наконец решился [решение / намерение],CORE,manual_expanded,1,,расширенный фразовый маркер для поиска когнитивных контекстов
PHR_441,PHRASE,решение / намерение,РЕШЕНИЕ_НАМЕРЕНИЕ,PHRASE,решился наконец,решился наконец,решился наконец [решение / намерение],CORE,manual_expanded,1,,расширенный фразовый маркер для поиска когнитивных контекстов
PHR_442,PHRASE,решение / намерение,HEAD_MIND,PHRASE,задумал было,задумал было,задумал было [решение / намерение],CORE,manual_expanded,1,,расширенный фразовый маркер для поиска когнитивных контекстов
PHR_443,PHRASE,решение / намерение,CHANGE_DECISION,PHRASE,передумал было,передумал было,передумал было [решение / намерение],CORE,manual_expanded,1,,расширенный фразовый маркер для поиска когнитивных контекстов
PHR_444,PHRASE,сомнение / колебание,DOUBT,PHRASE,стал сомневаться,стать сомневаться,стал сомневаться [сомнение / колебание],CORE,manual_expanded,1,,расширенный фразовый маркер для поиска когнитивных контекстов
PHR_445,PHRASE,сомнение / колебание,DOUBT,PHRASE,начала сомневаться,начала сомневаться,начала сомневаться [сомнение / колебание],CORE,manual_expanded,1,,расширенный фразовый маркер для поиска когнитивных контекстов
PHR_446,PHRASE,сомнение / колебание,DOUBT,PHRASE,начал сомневаться,начал сомневаться,начал сомневаться [сомнение / колебание],CORE,manual_expanded,1,,расширенный фразовый маркер для поиска когнитивных контекстов
PHR_447,PHRASE,сомнение / колебание,DOUBT,PHRASE,сомневался в этом,сомневался в этом,сомневался в этом [сомнение / колебание],CORE,manual_expanded,1,,расширенный фразовый маркер для поиска когнитивных контекстов
PHR_448,PHRASE,сомнение / колебание,DOUBT,PHRASE,сомневался в себе,сомневался в себе,сомневался в себе [сомнение / колебание],CORE,manual_expanded,1,,расширенный фразовый маркер для поиска когнитивных контекстов
PHR_449,PHRASE,сомнение / колебание,DOUBT,PHRASE,сомневался в решении,сомневался в решении,сомневался в решении [сомнение / колебание],CORE,manual_expanded,1,,расширенный фразовый маркер для поиска когнитивных контекстов
PHR_450,PHRASE,сомнение / колебание,СОМНЕНИЕ_КОЛЕБАНИЕ,PHRASE,сомнение взяло,сомнение взяло,сомнение взяло [сомнение / колебание],CORE,manual_expanded,1,,расширенный фразовый маркер для поиска когнитивных контекстов
PHR_451,PHRASE,сомнение / колебание,СОМНЕНИЕ_КОЛЕБАНИЕ,PHRASE,сомнение охватило,сомнение охватило,сомнение охватило [сомнение / колебание],CORE,manual_expanded,1,,расширенный фразовый маркер для поиска когнитивных контекстов
PHR_452,PHRASE,сомнение / колебание,СОМНЕНИЕ_КОЛЕБАНИЕ,PHRASE,сомнение поднялось,сомнение поднялось,сомнение поднялось [сомнение / колебание],CORE,manual_expanded,1,,расширенный фразовый маркер для поиска когнитивных контекстов
PHR_453,PHRASE,сомнение / колебание,СОМНЕНИЕ_КОЛЕБАНИЕ,PHRASE,сомнение шевельнулось,сомнение шевельнулось,сомнение шевельнулось [сомнение / колебание],CORE,manual_expanded,1,,расширенный фразовый маркер для поиска когнитивных контекстов
PHR_454,PHRASE,сомнение / колебание,СОМНЕНИЕ_КОЛЕБАНИЕ,PHRASE,его взяло сомнение,его взяло сомнение,его взяло сомнение [сомнение / колебание],CORE,manual_expanded,1,,расширенный фразовый маркер для поиска когнитивных контекстов
PHR_455,PHRASE,сомнение / колебание,СОМНЕНИЕ_КОЛЕБАНИЕ,PHRASE,закралось сомнение,закралось сомнение,закралось сомнение [сомнение / колебание],CORE,manual_expanded,1,,расширенный фразовый маркер для поиска когнитивных контекстов
PHR_456,PHRASE,сомнение / колебание,СОМНЕНИЕ_КОЛЕБАНИЕ,PHRASE,вкралось сомнение,вкралось сомнение,вкралось сомнение [сомнение / колебание],CORE,manual_expanded,1,,расширенный фразовый маркер для поиска когнитивных контекстов
PHR_457,PHRASE,сомнение / колебание,СОМНЕНИЕ_КОЛЕБАНИЕ,PHRASE,не был уверен,не был уверен,не был уверен [сомнение / колебание],CORE,manual_expanded,1,,расширенный фразовый маркер для поиска когнитивных контекстов
PHR_458,PHRASE,сомнение / колебание,СОМНЕНИЕ_КОЛЕБАНИЕ,PHRASE,не мог быть уверен,не мог быть уверен,не мог быть уверен [сомнение / колебание],CORE,manual_expanded,1,,расширенный фразовый маркер для поиска когнитивных контекстов
PHR_459,PHRASE,сомнение / колебание,СОМНЕНИЕ_КОЛЕБАНИЕ,PHRASE,не знал наверно,не знал наверно,не знал наверно [сомнение / колебание],CORE,manual_expanded,1,,расширенный фразовый маркер для поиска когнитивных контекстов
PHR_460,PHRASE,сомнение / колебание,СОМНЕНИЕ_КОЛЕБАНИЕ,PHRASE,не знал наверное,не знал наверное,не знал наверное [сомнение / колебание],CORE,manual_expanded,1,,расширенный фразовый маркер для поиска когнитивных контекстов
PHR_461,PHRASE,сомнение / колебание,СОМНЕНИЕ_КОЛЕБАНИЕ,PHRASE,не знал точно,не знал точно,не знал точно [сомнение / колебание],CORE,manual_expanded,1,,расширенный фразовый маркер для поиска когнитивных контекстов
PHR_462,PHRASE,сомнение / колебание,HESITATE,PHRASE,колебался долго,колебался долго,колебался долго [сомнение / колебание],CORE,manual_expanded,1,,расширенный фразовый маркер для поиска когнитивных контекстов
PHR_463,PHRASE,сомнение / колебание,HESITATE,PHRASE,долго колебался,долго колебался,долго колебался [сомнение / колебание],CORE,manual_expanded,1,,расширенный фразовый маркер для поиска когнитивных контекстов
PHR_464,PHRASE,сомнение / колебание,HESITATE,PHRASE,колебался между,колебался между,колебался между [сомнение / колебание],CORE,manual_expanded,1,,расширенный фразовый маркер для поиска когнитивных контекстов
PHR_465,PHRASE,сомнение / колебание,HESITATE,PHRASE,колебался в выборе,колебался в выборе,колебался в выборе [сомнение / колебание],CORE,manual_expanded,1,,расширенный фразовый маркер для поиска когнитивных контекстов
PHR_466,PHRASE,сомнение / колебание,СОМНЕНИЕ_КОЛЕБАНИЕ,PHRASE,не мог выбрать,не мог выбрать,не мог выбрать [сомнение / колебание],CORE,manual_expanded,1,,расширенный фразовый маркер для поиска когнитивных контекстов
PHR_467,PHRASE,сомнение / колебание,СОМНЕНИЕ_КОЛЕБАНИЕ,PHRASE,не мог остановиться,не мог остановиться,не мог остановиться [сомнение / колебание],CORE,manual_expanded,1,,расширенный фразовый маркер для поиска когнитивных контекстов
PHR_468,PHRASE,сомнение / колебание,PRACTICAL_INTELLECTION,PHRASE,терялся в догадках,терялся в догадках,терялся в догадках [сомнение / колебание],CORE,manual_expanded,1,,расширенный фразовый маркер для поиска когнитивных контекстов
PHR_469,PHRASE,сомнение / колебание,REFLECT_GENERAL,PHRASE,взяло раздумье,взяло раздумье,взяло раздумье [сомнение / колебание],CORE,manual_expanded,1,,расширенный фразовый маркер для поиска когнитивных контекстов
PHR_470,PHRASE,сомнение / колебание,СОМНЕНИЕ_КОЛЕБАНИЕ,PHRASE,одолевало сомнение,одолевало сомнение,одолевало сомнение [сомнение / колебание],CORE,manual_expanded,1,,расширенный фразовый маркер для поиска когнитивных контекстов
PHR_471,PHRASE,сомнение / колебание,СОМНЕНИЕ_КОЛЕБАНИЕ,PHRASE,сомнение мучило,сомнение мучило,сомнение мучило [сомнение / колебание],CORE,manual_expanded,1,,расширенный фразовый маркер для поиска когнитивных контекстов
PHR_472,PHRASE,сомнение / колебание,СОМНЕНИЕ_КОЛЕБАНИЕ,PHRASE,сомнение точило,сомнение точило,сомнение точило [сомнение / колебание],CORE,manual_expanded,1,,расширенный фразовый маркер для поиска когнитивных контекстов
PHR_473,PHRASE,сомнение / колебание,HESITATE,PHRASE,мысль колебалась,мысль колебалась,мысль колебалась [сомнение / колебание],CORE,manual_expanded,1,,расширенный фразовый маркер для поиска когнитивных контекстов
PHR_474,PHRASE,сомнение / колебание,HESITATE,PHRASE,душа колебалась,душа колебалась,душа колебалась [сомнение / колебание],CORE,manual_expanded,1,,расширенный фразовый маркер для поиска когнитивных контекстов
PHR_475,PHRASE,внутренняя речь,INNER_SPEECH,PHRASE,мысленно повторил,мысленно повторил,мысленно повторил [внутренняя речь],CORE,manual_expanded,1,,расширенный фразовый маркер для поиска когнитивных контекстов
PHR_476,PHRASE,внутренняя речь,INNER_SPEECH,PHRASE,мысленно ответил,мысленно ответил,мысленно ответил [внутренняя речь],CORE,manual_expanded,1,,расширенный фразовый маркер для поиска когнитивных контекстов
PHR_477,PHRASE,внутренняя речь,INNER_SPEECH,PHRASE,мысленно спросил,мысленно спросил,мысленно спросил [внутренняя речь],CORE,manual_expanded,1,,расширенный фразовый маркер для поиска когнитивных контекстов
PHR_478,PHRASE,внутренняя речь,INNER_SPEECH,PHRASE,мысленно усмехнулся,мысленно усмехнулся,мысленно усмехнулся [внутренняя речь],CORE,manual_expanded,1,,расширенный фразовый маркер для поиска когнитивных контекстов
PHR_479,PHRASE,внутренняя речь,INNER_SPEECH,PHRASE,мысленно выругался,мысленно выругался,мысленно выругался [внутренняя речь],CORE,manual_expanded,1,,расширенный фразовый маркер для поиска когнитивных контекстов
PHR_480,PHRASE,внутренняя речь,INNER_SPEECH,PHRASE,мысленно отметил,мысленно отметил,мысленно отметил [внутренняя речь],CORE,manual_expanded,1,,расширенный фразовый маркер для поиска когнитивных контекстов
PHR_481,PHRASE,внутренняя речь,DECIDE,PHRASE,мысленно решил,мысленно решить,мысленно решил [внутренняя речь],CORE,manual_expanded,1,,расширенный фразовый маркер для поиска когнитивных контекстов
PHR_482,PHRASE,внутренняя речь,THINK_GENERAL,PHRASE,мысленно подумал,мысленно подумать,мысленно подумал [внутренняя речь],CORE,manual_expanded,1,,расширенный фразовый маркер для поиска когнитивных контекстов
PHR_483,PHRASE,внутренняя речь,INNER_SPEECH,PHRASE,про себя сказал,про себя сказать,про себя сказал [внутренняя речь],CORE,manual_expanded,1,,расширенный фразовый маркер для поиска когнитивных контекстов
PHR_484,PHRASE,внутренняя речь,INNER_SPEECH,PHRASE,про себя проговорил,про себя проговорить,про себя проговорил [внутренняя речь],CORE,manual_expanded,1,,расширенный фразовый маркер для поиска когнитивных контекстов
PHR_485,PHRASE,внутренняя речь,INNER_SPEECH,PHRASE,про себя повторил,про себя повторил,про себя повторил [внутренняя речь],CORE,manual_expanded,1,,расширенный фразовый маркер для поиска когнитивных контекстов
PHR_486,PHRASE,внутренняя речь,THINK_GENERAL,PHRASE,про себя подумал,про себя подумать,про себя подумал [внутренняя речь],CORE,manual_expanded,1,,расширенный фразовый маркер для поиска когнитивных контекстов
PHR_487,PHRASE,внутренняя речь,INNER_SPEECH,PHRASE,сказал себе,сказать себе,сказал себе [внутренняя речь],CORE,manual_expanded,1,,расширенный фразовый маркер для поиска когнитивных контекстов
PHR_488,PHRASE,внутренняя речь,ВНУТРЕННЯЯ_РЕЧЬ,PHRASE,ответил себе,ответил себе,ответил себе [внутренняя речь],CORE,manual_expanded,1,,расширенный фразовый маркер для поиска когнитивных контекстов
PHR_489,PHRASE,внутренняя речь,ВНУТРЕННЯЯ_РЕЧЬ,PHRASE,спросил себя,спросил себя,спросил себя [внутренняя речь],CORE,manual_expanded,1,,расширенный фразовый маркер для поиска когнитивных контекстов
PHR_490,PHRASE,внутренняя речь,ВНУТРЕННЯЯ_РЕЧЬ,PHRASE,повторил себе,повторил себе,повторил себе [внутренняя речь],CORE,manual_expanded,1,,расширенный фразовый маркер для поиска когнитивных контекстов
PHR_491,PHRASE,внутренняя речь,ВНУТРЕННЯЯ_РЕЧЬ,PHRASE,говорил сам себе,говорил сам себе,говорил сам себе [внутренняя речь],CORE,manual_expanded,1,,расширенный фразовый маркер для поиска когнитивных контекстов
PHR_492,PHRASE,внутренняя речь,INNER_SPEECH,PHRASE,сам себе сказал,сам себе сказать,сам себе сказал [внутренняя речь],CORE,manual_expanded,1,,расширенный фразовый маркер для поиска когнитивных контекстов
PHR_493,PHRASE,внутренняя речь,ВНУТРЕННЯЯ_РЕЧЬ,PHRASE,сам себе ответил,сам себе ответил,сам себе ответил [внутренняя речь],CORE,manual_expanded,1,,расширенный фразовый маркер для поиска когнитивных контекстов
PHR_494,PHRASE,внутренняя речь,ВНУТРЕННЯЯ_РЕЧЬ,PHRASE,сам себя спросил,сам себя спросил,сам себя спросил [внутренняя речь],CORE,manual_expanded,1,,расширенный фразовый маркер для поиска когнитивных контекстов
PHR_495,PHRASE,внутренняя речь,ВНУТРЕННЯЯ_РЕЧЬ,PHRASE,внутри себя сказал,внутри себя сказать,внутри себя сказал [внутренняя речь],CORE,manual_expanded,1,,расширенный фразовый маркер для поиска когнитивных контекстов
PHR_496,PHRASE,внутренняя речь,ВНУТРЕННЯЯ_РЕЧЬ,PHRASE,в душе сказал,в душе сказать,в душе сказал [внутренняя речь],CORE,manual_expanded,1,,расширенный фразовый маркер для поиска когнитивных контекстов
PHR_497,PHRASE,внутренняя речь,ВНУТРЕННЯЯ_РЕЧЬ,PHRASE,в душе повторил,в душе повторил,в душе повторил [внутренняя речь],CORE,manual_expanded,1,,расширенный фразовый маркер для поиска когнитивных контекстов
PHR_498,PHRASE,внутренняя речь,DECIDE,PHRASE,в душе решил,в душе решить,в душе решил [внутренняя речь],CORE,manual_expanded,1,,расширенный фразовый маркер для поиска когнитивных контекстов
PHR_499,PHRASE,внутренняя речь,THINK_GENERAL,PHRASE,в душе подумал,в душе подумать,в душе подумал [внутренняя речь],CORE,manual_expanded,1,,расширенный фразовый маркер для поиска когнитивных контекстов
PHR_500,PHRASE,внутренняя речь,UNDERSTAND,PHRASE,в душе понял,в душе понять,в душе понял [внутренняя речь],CORE,manual_expanded,1,,расширенный фразовый маркер для поиска когнитивных контекстов
PHR_501,PHRASE,внутренняя речь,ВНУТРЕННЯЯ_РЕЧЬ,PHRASE,молча сказал себе,молча сказать себе,молча сказал себе [внутренняя речь],CORE,manual_expanded,1,,расширенный фразовый маркер для поиска когнитивных контекстов
PHR_502,PHRASE,внутренняя речь,ВНУТРЕННЯЯ_РЕЧЬ,PHRASE,тихо сказал себе,тихо сказать себе,тихо сказал себе [внутренняя речь],CORE,manual_expanded,1,,расширенный фразовый маркер для поиска когнитивных контекстов
PHR_503,PHRASE,внутренняя речь,INNER_SPEECH,PHRASE,мысленно произносил,мысленно произносил,мысленно произносил [внутренняя речь],CORE,manual_expanded,1,,расширенный фразовый маркер для поиска когнитивных контекстов
PHR_504,PHRASE,внутренняя речь,INNER_SPEECH,PHRASE,мысленно перебирал,мысленно перебирал,мысленно перебирал [внутренняя речь],CORE,manual_expanded,1,,расширенный фразовый маркер для поиска когнитивных контекстов
PHR_505,PHRASE,внутренняя речь,INNER_SPEECH,PHRASE,про себя усмехнулся,про себя усмехнулся,про себя усмехнулся [внутренняя речь],CORE,manual_expanded,1,,расширенный фразовый маркер для поиска когнитивных контекстов
PHR_585,PHRASE,понимание / ясность,UNDERSTAND,PHRASE,не понимал,не понимал,не понимал [понимание / ясность],CORE,manual_expanded,1,,расширенный фразовый маркер для поиска когнитивных контекстов
PHR_586,PHRASE,понимание / ясность,UNDERSTAND,PHRASE,ничего не понимал,ничего не понимал,ничего не понимал [понимание / ясность],CORE,manual_expanded,1,,расширенный фразовый маркер для поиска когнитивных контекстов
PHR_587,PHRASE,понимание / ясность,UNDERSTAND,PHRASE,не понимал причины,не понимал причины,не понимал причины [понимание / ясность],CORE,manual_expanded,1,,расширенный фразовый маркер для поиска когнитивных контекстов
PHR_588,PHRASE,понимание / ясность,UNDERSTAND,PHRASE,не понимал смысла,не понимал смысла,не понимал смысла [понимание / ясность],CORE,manual_expanded,1,,расширенный фразовый маркер для поиска когнитивных контекстов
PHR_589,PHRASE,понимание / ясность,UNDERSTAND,PHRASE,не понимал зачем,не понимал зачем,не понимал зачем [понимание / ясность],CORE,manual_expanded,1,,расширенный фразовый маркер для поиска когнитивных контекстов
PHR_590,PHRASE,понимание / ясность,UNDERSTAND,PHRASE,не понимал почему,не понимал почему,не понимал почему [понимание / ясность],CORE,manual_expanded,1,,расширенный фразовый маркер для поиска когнитивных контекстов
PHR_591,PHRASE,понимание / ясность,ПОНИМАНИЕ_ЯСНОСТЬ,PHRASE,не брал в толк,не брал в толк,не брал в толк [понимание / ясность],CORE,manual_expanded,1,,расширенный фразовый маркер для поиска когнитивных контекстов
PHR_592,PHRASE,понимание / ясность,HEAD_MIND,PHRASE,не укладывалось в голове,не укладывалось в голова,не укладывалось в голове [понимание / ясность],CORE,manual_expanded,1,,расширенный фразовый маркер для поиска когнитивных контекстов
PHR_593,PHRASE,понимание / ясность,HEAD_MIND,PHRASE,не укладывалось в уме,не укладывалось в ум,не укладывалось в уме [понимание / ясность],CORE,manual_expanded,1,,расширенный фразовый маркер для поиска когнитивных контекстов
PHR_594,PHRASE,понимание / ясность,PROMPT_TO_THINK,PHRASE,не мог сообразить,не мог сообразить,не мог сообразить [понимание / ясность],CORE,manual_expanded,1,,расширенный фразовый маркер для поиска когнитивных контекстов
PHR_595,PHRASE,понимание / ясность,PRACTICAL_INTELLECTION,PHRASE,никак не соображал,никак не соображал,никак не соображал [понимание / ясность],CORE,manual_expanded,1,,расширенный фразовый маркер для поиска когнитивных контекстов
PHR_596,PHRASE,понимание / ясность,PRACTICAL_INTELLECTION,PHRASE,не мог догадаться,не мог догадаться,не мог догадаться [понимание / ясность],CORE,manual_expanded,1,,расширенный фразовый маркер для поиска когнитивных контекстов
PHR_597,PHRASE,понимание / ясность,PRACTICAL_INTELLECTION,PHRASE,не догадывался,не догадывался,не догадывался [понимание / ясность],CORE,manual_expanded,1,,расширенный фразовый маркер для поиска когнитивных контекстов
PHR_598,PHRASE,понимание / ясность,ПОНИМАНИЕ_ЯСНОСТЬ,PHRASE,не дошло до него,не дошло до него,не дошло до него [понимание / ясность],CORE,manual_expanded,1,,расширенный фразовый маркер для поиска когнитивных контекстов
PHR_599,PHRASE,понимание / ясность,ПОНИМАНИЕ_ЯСНОСТЬ,PHRASE,до него не доходило,до него не доходило,до него не доходило [понимание / ясность],CORE,manual_expanded,1,,расширенный фразовый маркер для поиска когнитивных контекстов
PHR_600,PHRASE,понимание / ясность,ПОНИМАНИЕ_ЯСНОСТЬ,PHRASE,не было понятно,не было понятно,не было понятно [понимание / ясность],CORE,manual_expanded,1,,расширенный фразовый маркер для поиска когнитивных контекстов
PHR_601,PHRASE,понимание / ясность,BECOME_CLEAR,PHRASE,не стало ясно,не стать ясно,не стало ясно [понимание / ясность],CORE,manual_expanded,1,,расширенный фразовый маркер для поиска когнитивных контекстов
PHR_602,PHRASE,понимание / ясность,HEAD_MIND,PHRASE,не мог уразуметь,не мог уразуметь,не мог уразуметь [понимание / ясность],CORE,manual_expanded,1,,расширенный фразовый маркер для поиска когнитивных контекстов
PHR_625,PHRASE,побуждение к мышлению,HEAD_MIND,PHRASE,подумай сам,подумай сам,подумай сам [побуждение к мышлению],CORE,manual_expanded,1,,расширенный фразовый маркер для поиска когнитивных контекстов
PHR_626,PHRASE,побуждение к мышлению,HEAD_MIND,PHRASE,сам подумай,сам подумай,сам подумай [побуждение к мышлению],CORE,manual_expanded,1,,расширенный фразовый маркер для поиска когнитивных контекстов
PHR_627,PHRASE,побуждение к мышлению,HEAD_MIND,PHRASE,подумай хорошенько,подумай хорошенько,подумай хорошенько [побуждение к мышлению],CORE,manual_expanded,1,,расширенный фразовый маркер для поиска когнитивных контекстов
PHR_628,PHRASE,побуждение к мышлению,HEAD_MIND,PHRASE,подумай сперва,подумай сперва,подумай сперва [побуждение к мышлению],CORE,manual_expanded,1,,расширенный фразовый маркер для поиска когнитивных контекстов
PHR_629,PHRASE,побуждение к мышлению,HEAD_MIND,PHRASE,подумай головой,подумай головой,подумай головой [побуждение к мышлению],CORE,manual_expanded,1,,расширенный фразовый маркер для поиска когнитивных контекстов
PHR_630,PHRASE,побуждение к мышлению,HEAD_MIND,PHRASE,думай головой,думай головой,думай головой [побуждение к мышлению],CORE,manual_expanded,1,,расширенный фразовый маркер для поиска когнитивных контекстов
PHR_631,PHRASE,побуждение к мышлению,HEAD_MIND,PHRASE,раскинь умом,раскинь ум,раскинь умом [побуждение к мышлению],CORE,manual_expanded,1,,расширенный фразовый маркер для поиска когнитивных контекстов
PHR_632,PHRASE,побуждение к мышлению,PROMPT_TO_THINK,PHRASE,сообрази сам,сообрази сам,сообрази сам [побуждение к мышлению],CORE,manual_expanded,1,,расширенный фразовый маркер для поиска когнитивных контекстов
PHR_633,PHRASE,побуждение к мышлению,PROMPT_TO_THINK,PHRASE,сам сообрази,сам сообрази,сам сообрази [побуждение к мышлению],CORE,manual_expanded,1,,расширенный фразовый маркер для поиска когнитивных контекстов
PHR_634,PHRASE,побуждение к мышлению,UNDERSTAND,PHRASE,пойми ты,понять ты,пойми ты [побуждение к мышлению],CORE,manual_expanded,1,,расширенный фразовый маркер для поиска когнитивных контекстов
PHR_635,PHRASE,побуждение к мышлению,UNDERSTAND,PHRASE,ты пойми,ты понять,ты пойми [побуждение к мышлению],CORE,manual_expanded,1,,расширенный фразовый маркер для поиска когнитивных контекстов
PHR_636,PHRASE,побуждение к мышлению,UNDERSTAND,PHRASE,послушай и пойми,послушай и понять,послушай и пойми [побуждение к мышлению],CORE,manual_expanded,1,,расширенный фразовый маркер для поиска когнитивных контекстов
PHR_637,PHRASE,побуждение к мышлению,REMEMBER,PHRASE,вспомни сам,вспомни сам,вспомни сам [побуждение к мышлению],CORE,manual_expanded,1,,расширенный фразовый маркер для поиска когнитивных контекстов
PHR_638,PHRASE,побуждение к мышлению,REMEMBER,PHRASE,сам вспомни,сам вспомни,сам вспомни [побуждение к мышлению],CORE,manual_expanded,1,,расширенный фразовый маркер для поиска когнитивных контекстов
PHR_639,PHRASE,побуждение к мышлению,REMEMBER,PHRASE,припомни,припомни,припомни [побуждение к мышлению],CORE,manual_expanded,1,,расширенный фразовый маркер для поиска когнитивных контекстов
PHR_640,PHRASE,побуждение к мышлению,PROMPT_TO_THINK,PHRASE,решай сам,решай сам,решай сам [побуждение к мышлению],CORE,manual_expanded,1,,расширенный фразовый маркер для поиска когнитивных контекстов
PHR_641,PHRASE,побуждение к мышлению,PROMPT_TO_THINK,PHRASE,сам решай,сам решай,сам решай [побуждение к мышлению],CORE,manual_expanded,1,,расширенный фразовый маркер для поиска когнитивных контекстов
PHR_642,PHRASE,побуждение к мышлению,ПОБУЖДЕНИЕ_К_МЫШЛЕНИЮ,PHRASE,не дури головой,не дури головой,не дури головой [побуждение к мышлению],CORE,manual_expanded,1,,расширенный фразовый маркер для поиска когнитивных контекстов
PHR_643,PHRASE,побуждение к мышлению,UNDERSTAND,PHRASE,пойми меня,понять меня,пойми меня [побуждение к мышлению],CORE,manual_expanded,1,,расширенный фразовый маркер для поиска когнитивных контекстов
PHR_644,PHRASE,побуждение к мышлению,HEAD_MIND,PHRASE,подумай обо мне,подумай обо мне,подумай обо мне [побуждение к мышлению],CORE,manual_expanded,1,,расширенный фразовый маркер для поиска когнитивных контекстов
PHR_645,PHRASE,побуждение к мышлению,HEAD_MIND,PHRASE,подумай над этим,подумай над этим,подумай над этим [побуждение к мышлению],CORE,manual_expanded,1,,расширенный фразовый маркер для поиска когнитивных контекстов
PHR_646,PHRASE,побуждение к мышлению,REMEMBER,PHRASE,припомни хорошенько,припомни хорошенько,припомни хорошенько [побуждение к мышлению],CORE,manual_expanded,1,,расширенный фразовый маркер для поиска когнитивных контекстов
PHR_647,PHRASE,побуждение к мышлению,PROMPT_TO_THINK,PHRASE,сообрази головой,сообрази головой,сообрази головой [побуждение к мышлению],CORE,manual_expanded,1,,расширенный фразовый маркер для поиска когнитивных контекстов
PHR_648,PHRASE,побуждение к мышлению,HEAD_MIND,PHRASE,думай сам,думай сам,думай сам [побуждение к мышлению],CORE,manual_expanded,1,,расширенный фразовый маркер для поиска когнитивных контекстов
PHR_649,PHRASE,побуждение к мышлению,ПОБУЖДЕНИЕ_К_МЫШЛЕНИЮ,PHRASE,реши сам,реши сам,реши сам [побуждение к мышлению],CORE,manual_expanded,1,,расширенный фразовый маркер для поиска когнитивных контекстов
PHR_035,PHRASE,внутренняя речь,INNER_SPEECH,PHRASE,мысленно проговорил,мысленно проговорить,мысленно проговорил [внутренняя речь],EXTENDED,manual_existing,1,,исходный пример руководителя
PHR_036,PHRASE,внутренняя речь,INNER_SPEECH,PHRASE,мысленно сказал,мысленно сказать,мысленно сказал [внутренняя речь],EXTENDED,manual_existing,1,,внутренняя реплика
PHR_037,PHRASE,внутренняя речь,INNER_SPEECH,PHRASE,мысленно произнес,мысленно произнести,мысленно произнес [внутренняя речь],EXTENDED,manual_existing,1,,внутренняя реплика
PHR_038,PHRASE,внутренняя речь,INNER_SPEECH,PHRASE,мысленно повторил,мысленно повторить,мысленно повторил [внутренняя речь],EXTENDED,manual_existing,1,,внутреннее повторение
PHR_039,PHRASE,внутренняя речь,INNER_SPEECH,PHRASE,сказал про себя,сказать про себя,сказал про себя [внутренняя речь],EXTENDED,manual_existing,1,,внутренняя речь
PHR_040,PHRASE,внутренняя речь,INNER_SPEECH,PHRASE,проговорил про себя,проговорить про себя,проговорил про себя [внутренняя речь],EXTENDED,manual_existing,1,,внутренняя речь
PHR_041,PHRASE,внутренняя речь,INNER_SPEECH,PHRASE,повторил про себя,повторить про себя,повторил про себя [внутренняя речь],EXTENDED,manual_existing,1,,внутренняя речь
PHR_042,PHRASE,внутренняя речь,THINK_GENERAL,PHRASE,подумал про себя,подумать про себя,подумал про себя [внутренняя речь],EXTENDED,manual_existing,1,,внутренняя мысль
PHR_043,PHRASE,внутренняя речь,ВНУТРЕННЯЯ_РЕЧЬ,PHRASE,спросил себя,спросить себя,спросил себя [внутренняя речь],EXTENDED,manual_existing,1,,внутренний вопрос
PHR_044,PHRASE,внутренняя речь,ВНУТРЕННЯЯ_РЕЧЬ,PHRASE,спрашивал себя,спрашивать себя,спрашивал себя [внутренняя речь],EXTENDED,manual_existing,1,,внутренний вопрос
PHR_045,PHRASE,внутренняя речь,ВНУТРЕННЯЯ_РЕЧЬ,PHRASE,твердил себе,твердить себя,твердил себе [внутренняя речь],EXTENDED,manual_existing,1,,внутреннее повторение
PHR_046,PHRASE,внутренняя речь,DECIDE,PHRASE,решил про себя,решить про себя,решил про себя [внутренняя речь],EXTENDED,manual_existing,1,,внутреннее решение
PHR_096,PHRASE,рассуждение / вывод,РАССУЖДЕНИЕ_ВЫВОД,PHRASE,рассудить так,рассудить так,рассудить так [рассуждение / вывод],EXTENDED,manual_existing,1,,логическое заключение
PHR_097,PHRASE,рассуждение / вывод,РАССУЖДЕНИЕ_ВЫВОД,PHRASE,рассуждать о,рассуждать о,рассуждать о [рассуждение / вывод],EXTENDED,manual_existing,1,,рассуждение
PHR_098,PHRASE,рассуждение / вывод,PROMPT_TO_THINK,PHRASE,сообразить сразу,сообразить сразу,сообразить сразу [рассуждение / вывод],EXTENDED,manual_existing,1,,быстрое соображение
PHR_099,PHRASE,рассуждение / вывод,PROMPT_TO_THINK,PHRASE,сообразить что,сообразить что,сообразить что [рассуждение / вывод],EXTENDED,manual_existing,1,,соображение
PHR_100,PHRASE,рассуждение / вывод,HEAD_MIND,PHRASE,прикинуть в уме,прикинуть в ум,прикинуть в уме [рассуждение / вывод],EXTENDED,manual_existing,1,,ментальная оценка
PHR_101,PHRASE,рассуждение / вывод,PRACTICAL_INTELLECTION,PHRASE,смекнуть дело,смекнуть дело,смекнуть дело [рассуждение / вывод],EXTENDED,manual_existing,1,,догадка/соображение
PHR_102,PHRASE,рассуждение / вывод,РАССУЖДЕНИЕ_ВЫВОД,PHRASE,сделать вывод,сделать вывод,сделать вывод [рассуждение / вывод],EXTENDED,manual_existing,1,,логический вывод
PHR_103,PHRASE,рассуждение / вывод,РАССУЖДЕНИЕ_ВЫВОД,PHRASE,прийти к выводу,прийти к вывод,прийти к выводу [рассуждение / вывод],EXTENDED,manual_existing,1,,логический вывод
PHR_104,PHRASE,рассуждение / вывод,РАССУЖДЕНИЕ_ВЫВОД,PHRASE,счесть нужным,счесть нужный,счесть нужным [рассуждение / вывод],EXTENDED,manual_existing,1,,оценочное решение
PHR_105,PHRASE,рассуждение / вывод,РАССУЖДЕНИЕ_ВЫВОД,PHRASE,счесть возможным,счесть возможный,счесть возможным [рассуждение / вывод],EXTENDED,manual_existing,1,,оценочное решение
PHR_106,PHRASE,фразеология мышления,HEAD_MIND,PHRASE,пораскинуть мозгами,пораскинуть мозг,пораскинуть мозгами [фразеология мышления],EXTENDED,manual_existing,1,,исходный пример руководителя
PHR_107,PHRASE,фразеология мышления,HEAD_MIND,PHRASE,выкинуть из головы,выкинуть из голова,выкинуть из головы [фразеология мышления],EXTENDED,manual_existing,1,,устойчивый оборот
PHR_108,PHRASE,фразеология мышления,HEAD_MIND,PHRASE,не выходит из головы,не выходить из голова,не выходит из головы [фразеология мышления],EXTENDED,manual_existing,1,,устойчивый оборот
PHR_109,PHRASE,фразеология мышления,HEAD_MIND,PHRASE,держать в голове,держать в голова,держать в голове [фразеология мышления],EXTENDED,manual_existing,1,,устойчивый оборот
PHR_110,PHRASE,фразеология мышления,HEAD_MIND,PHRASE,ломать голову,ломать голова,ломать голову [фразеология мышления],EXTENDED,manual_existing,1,,устойчивый оборот
PHR_111,PHRASE,фразеология мышления,OBSESSIVE_THOUGHT,PHRASE,не давать покоя,не давать покой,не давать покоя [фразеология мышления],EXTENDED,manual_existing,1,,устойчивый оборот
PHR_112,PHRASE,фразеология мышления,HEAD_MIND,PHRASE,раскинуть умом,раскинуть ум,раскинуть умом [фразеология мышления],EXTENDED,manual_existing,1,,устойчивый оборот
PHR_113,PHRASE,фразеология мышления,HEAD_MIND,PHRASE,прикинуть умом,прикинуть ум,прикинуть умом [фразеология мышления],EXTENDED,manual_existing,1,,устойчивый оборот
PHR_114,PHRASE,фразеология мышления,HEAD_MIND,PHRASE,дойти своим умом,дойти свой ум,дойти своим умом [фразеология мышления],EXTENDED,manual_existing,1,,устойчивый оборот
PHR_115,PHRASE,фразеология мышления,HEAD_MIND,PHRASE,держать в уме,держать в ум,держать в уме [фразеология мышления],EXTENDED,manual_existing,1,,устойчивый оборот
PHR_116,PHRASE,фразеология мышления,HEAD_MIND,PHRASE,взять в ум,взять в ум,взять в ум [фразеология мышления],EXTENDED,manual_existing,1,,устойчивый оборот
PHR_117,PHRASE,фразеология мышления,HEAD_MIND,PHRASE,на ум нейдет,на ум идти,на ум нейдет [фразеология мышления],EXTENDED,manual_existing,1,,вариант с отрицанием
PHR_118,PHRASE,фразеология мышления,HEAD_MIND,PHRASE,из головы не шло,из голова не идти,из головы не шло [фразеология мышления],EXTENDED,manual_existing,1,,вариант с отрицанием
PHR_120,PHRASE,эмоционально окрашенная мысль,ЭМОЦИОНАЛЬНО_ОКРАШЕННАЯ_МЫСЛЬ,PHRASE,тревожная мысль,тревожный мысль,тревожная мысль [эмоционально окрашенная мысль],EXTENDED,manual_existing,1,,мысль с эмоциональной окраской
PHR_121,PHRASE,эмоционально окрашенная мысль,ЭМОЦИОНАЛЬНО_ОКРАШЕННАЯ_МЫСЛЬ,PHRASE,страшная мысль,страшный мысль,страшная мысль [эмоционально окрашенная мысль],EXTENDED,manual_existing,1,,мысль с эмоциональной окраской
PHR_122,PHRASE,эмоционально окрашенная мысль,ЭМОЦИОНАЛЬНО_ОКРАШЕННАЯ_МЫСЛЬ,PHRASE,горькая мысль,горький мысль,горькая мысль [эмоционально окрашенная мысль],EXTENDED,manual_existing,1,,мысль с эмоциональной окраской
PHR_123,PHRASE,эмоционально окрашенная мысль,ЭМОЦИОНАЛЬНО_ОКРАШЕННАЯ_МЫСЛЬ,PHRASE,тяжелая мысль,тяжелый мысль,тяжелая мысль [эмоционально окрашенная мысль],EXTENDED,manual_existing,1,,мысль с эмоциональной окраской
PHR_124,PHRASE,эмоционально окрашенная мысль,ЭМОЦИОНАЛЬНО_ОКРАШЕННАЯ_МЫСЛЬ,PHRASE,одна только мысль,один только мысль,одна только мысль [эмоционально окрашенная мысль],EXTENDED,manual_existing,1,,концентрированное переживание
PHR_177,PHRASE,голова / ум как орган мышления,REFLECT_GENERAL,PHRASE,долго раздумывал,долго раздумывал,долго раздумывал [голова / ум как орган мышления],EXTENDED,manual_expanded,1,пограничная формула: проверять вручную,расширенный фразовый маркер для поиска когнитивных контекстов
PHR_178,PHRASE,голова / ум как орган мышления,REFLECT_GENERAL,PHRASE,стал раздумывать,стать раздумывать,стал раздумывать [голова / ум как орган мышления],EXTENDED,manual_expanded,1,пограничная формула: проверять вручную,расширенный фразовый маркер для поиска когнитивных контекстов
PHR_179,PHRASE,голова / ум как орган мышления,REFLECT_GENERAL,PHRASE,начал раздумывать,начал раздумывать,начал раздумывать [голова / ум как орган мышления],EXTENDED,manual_expanded,1,пограничная формула: проверять вручную,расширенный фразовый маркер для поиска когнитивных контекстов
PHR_180,PHRASE,голова / ум как орган мышления,REFLECT_GENERAL,PHRASE,принялся раздумывать,принялся раздумывать,принялся раздумывать [голова / ум как орган мышления],EXTENDED,manual_expanded,1,пограничная формула: проверять вручную,расширенный фразовый маркер для поиска когнитивных контекстов
PHR_181,PHRASE,голова / ум как орган мышления,REFLECT_GENERAL,PHRASE,раздумывал над этим,раздумывал над этим,раздумывал над этим [голова / ум как орган мышления],EXTENDED,manual_expanded,1,пограничная формула: проверять вручную,расширенный фразовый маркер для поиска когнитивных контекстов
PHR_182,PHRASE,голова / ум как орган мышления,REFLECT_GENERAL,PHRASE,раздумывал о случившемся,раздумывал о случившемся,раздумывал о случившемся [голова / ум как орган мышления],EXTENDED,manual_expanded,1,пограничная формула: проверять вручную,расширенный фразовый маркер для поиска когнитивных контекстов
PHR_183,PHRASE,голова / ум как орган мышления,REFLECT_GENERAL,PHRASE,раздумывал о жизни,раздумывал о жизни,раздумывал о жизни [голова / ум как орган мышления],EXTENDED,manual_expanded,1,пограничная формула: проверять вручную,расширенный фразовый маркер для поиска когнитивных контекстов
PHR_184,PHRASE,голова / ум как орган мышления,REFLECT_GENERAL,PHRASE,раздумывал о войне,раздумывал о войне,раздумывал о войне [голова / ум как орган мышления],EXTENDED,manual_expanded,1,пограничная формула: проверять вручную,расширенный фразовый маркер для поиска когнитивных контекстов
PHR_185,PHRASE,голова / ум как орган мышления,REFLECT_GENERAL,PHRASE,раздумывал о доме,раздумывал о доме,раздумывал о доме [голова / ум как орган мышления],EXTENDED,manual_expanded,1,пограничная формула: проверять вручную,расширенный фразовый маркер для поиска когнитивных контекстов
PHR_186,PHRASE,голова / ум как орган мышления,REFLECT_GENERAL,PHRASE,раздумывал о своем,раздумывал о своем,раздумывал о своем [голова / ум как орган мышления],EXTENDED,manual_expanded,1,пограничная формула: проверять вручную,расширенный фразовый маркер для поиска когнитивных контекстов
PHR_187,PHRASE,голова / ум как орган мышления,REFLECT_GENERAL,PHRASE,молча раздумывал,молча раздумывал,молча раздумывал [голова / ум как орган мышления],EXTENDED,manual_expanded,1,пограничная формула: проверять вручную,расширенный фразовый маркер для поиска когнитивных контекстов
PHR_188,PHRASE,голова / ум как орган мышления,REFLECT_GENERAL,PHRASE,тяжело раздумывал,тяжело раздумывал,тяжело раздумывал [голова / ум как орган мышления],EXTENDED,manual_expanded,1,пограничная формула: проверять вручную,расширенный фразовый маркер для поиска когнитивных контекстов
PHR_189,PHRASE,голова / ум как орган мышления,REFLECT_GENERAL,PHRASE,мучительно раздумывал,мучительно раздумывал,мучительно раздумывал [голова / ум как орган мышления],EXTENDED,manual_expanded,1,пограничная формула: проверять вручную,расширенный фразовый маркер для поиска когнитивных контекстов
PHR_190,PHRASE,голова / ум как орган мышления,REFLECT_GENERAL,PHRASE,невесело раздумывал,невесело раздумывал,невесело раздумывал [голова / ум как орган мышления],EXTENDED,manual_expanded,1,пограничная формула: проверять вручную,расширенный фразовый маркер для поиска когнитивных контекстов
PHR_191,PHRASE,голова / ум как орган мышления,REFLECT_GENERAL,PHRASE,размышлял над этим,размышлял над этим,размышлял над этим [голова / ум как орган мышления],EXTENDED,manual_expanded,1,пограничная формула: проверять вручную,расширенный фразовый маркер для поиска когнитивных контекстов
PHR_192,PHRASE,голова / ум как орган мышления,REFLECT_GENERAL,PHRASE,размышлял о прошлом,размышлял о прошлом,размышлял о прошлом [голова / ум как орган мышления],EXTENDED,manual_expanded,1,пограничная формула: проверять вручную,расширенный фразовый маркер для поиска когнитивных контекстов
PHR_193,PHRASE,голова / ум как орган мышления,REFLECT_GENERAL,PHRASE,размышлял о будущем,размышлял о будущем,размышлял о будущем [голова / ум как орган мышления],EXTENDED,manual_expanded,1,пограничная формула: проверять вручную,расширенный фразовый маркер для поиска когнитивных контекстов
PHR_194,PHRASE,голова / ум как орган мышления,REFLECT_GENERAL,PHRASE,размышлял о судьбе,размышлял о судьбе,размышлял о судьбе [голова / ум как орган мышления],EXTENDED,manual_expanded,1,пограничная формула: проверять вручную,расширенный фразовый маркер для поиска когнитивных контекстов
PHR_195,PHRASE,голова / ум как орган мышления,REFLECT_GENERAL,PHRASE,размышлял о жизни,размышлял о жизни,размышлял о жизни [голова / ум как орган мышления],EXTENDED,manual_expanded,1,пограничная формула: проверять вручную,расширенный фразовый маркер для поиска когнитивных контекстов
PHR_196,PHRASE,голова / ум как орган мышления,REFLECT_GENERAL,PHRASE,принялся размышлять,принялся размышлять,принялся размышлять [голова / ум как орган мышления],EXTENDED,manual_expanded,1,пограничная формула: проверять вручную,расширенный фразовый маркер для поиска когнитивных контекстов
PHR_197,PHRASE,голова / ум как орган мышления,REFLECT_GENERAL,PHRASE,начал размышлять,начал размышлять,начал размышлять [голова / ум как орган мышления],EXTENDED,manual_expanded,1,пограничная формула: проверять вручную,расширенный фразовый маркер для поиска когнитивных контекстов
PHR_198,PHRASE,голова / ум как орган мышления,REFLECT_GENERAL,PHRASE,долго размышлял,долго размышлял,долго размышлял [голова / ум как орган мышления],EXTENDED,manual_expanded,1,пограничная формула: проверять вручную,расширенный фразовый маркер для поиска когнитивных контекстов
PHR_199,PHRASE,голова / ум как орган мышления,REFLECT_GENERAL,PHRASE,обдумывал случившееся,обдумывал случившееся,обдумывал случившееся [голова / ум как орган мышления],EXTENDED,manual_expanded,1,пограничная формула: проверять вручную,расширенный фразовый маркер для поиска когнитивных контекстов
PHR_200,PHRASE,голова / ум как орган мышления,REFLECT_GENERAL,PHRASE,обдумывал решение,обдумывал решение,обдумывал решение [голова / ум как орган мышления],EXTENDED,manual_expanded,1,пограничная формула: проверять вручную,расширенный фразовый маркер для поиска когнитивных контекстов
PHR_201,PHRASE,голова / ум как орган мышления,REFLECT_GENERAL,PHRASE,обдумывал ответ,обдумывал ответ,обдумывал ответ [голова / ум как орган мышления],EXTENDED,manual_expanded,1,пограничная формула: проверять вручную,расширенный фразовый маркер для поиска когнитивных контекстов
PHR_202,PHRASE,голова / ум как орган мышления,REFLECT_GENERAL,PHRASE,обдумывал слова,обдумывал слова,обдумывал слова [голова / ум как орган мышления],EXTENDED,manual_expanded,1,пограничная формула: проверять вручную,расширенный фразовый маркер для поиска когнитивных контекстов
PHR_203,PHRASE,голова / ум как орган мышления,REFLECT_GENERAL,PHRASE,обдумывал поступок,обдумывал поступок,обдумывал поступок [голова / ум как орган мышления],EXTENDED,manual_expanded,1,пограничная формула: проверять вручную,расширенный фразовый маркер для поиска когнитивных контекстов
PHR_204,PHRASE,голова / ум как орган мышления,REFLECT_GENERAL,PHRASE,обдумывал дорогу,обдумывал дорогу,обдумывал дорогу [голова / ум как орган мышления],EXTENDED,manual_expanded,1,пограничная формула: проверять вручную,расширенный фразовый маркер для поиска когнитивных контекстов
PHR_205,PHRASE,голова / ум как орган мышления,REFLECT_GENERAL,PHRASE,обдумывал план,обдумывал план,обдумывал план [голова / ум как орган мышления],EXTENDED,manual_expanded,1,пограничная формула: проверять вручную,расширенный фразовый маркер для поиска когнитивных контекстов
PHR_206,PHRASE,голова / ум как орган мышления,REFLECT_GENERAL,PHRASE,обдумывал положение,обдумывал положение,обдумывал положение [голова / ум как орган мышления],EXTENDED,manual_expanded,1,пограничная формула: проверять вручную,расширенный фразовый маркер для поиска когнитивных контекстов
PHR_207,PHRASE,голова / ум как орган мышления,REFLECT_GENERAL,PHRASE,обдумывал разговор,обдумывал разговор,обдумывал разговор [голова / ум как орган мышления],EXTENDED,manual_expanded,1,пограничная формула: проверять вручную,расширенный фразовый маркер для поиска когнитивных контекстов
PHR_208,PHRASE,голова / ум как орган мышления,REFLECT_GENERAL,PHRASE,обдумывал каждое слово,обдумывал каждое слово,обдумывал каждое слово [голова / ум как орган мышления],EXTENDED,manual_expanded,1,пограничная формула: проверять вручную,расширенный фразовый маркер для поиска когнитивных контекстов
PHR_209,PHRASE,голова / ум как орган мышления,REFLECT_GENERAL,PHRASE,обдумал все,обдумал все,обдумал все [голова / ум как орган мышления],EXTENDED,manual_expanded,1,пограничная формула: проверять вручную,расширенный фразовый маркер для поиска когнитивных контекстов
PHR_210,PHRASE,голова / ум как орган мышления,REFLECT_GENERAL,PHRASE,обдумал хорошенько,обдумал хорошенько,обдумал хорошенько [голова / ум как орган мышления],EXTENDED,manual_expanded,1,пограничная формула: проверять вручную,расширенный фразовый маркер для поиска когнитивных контекстов
PHR_211,PHRASE,голова / ум как орган мышления,ГОЛОВА_УМ_КАК_ОРГАН_МЫШЛЕНИЯ,PHRASE,перебирал мысли,перебирал мысль,перебирал мысли [голова / ум как орган мышления],EXTENDED,manual_expanded,1,пограничная формула: проверять вручную,расширенный фразовый маркер для поиска когнитивных контекстов
PHR_212,PHRASE,голова / ум как орган мышления,HEAD_MIND,PHRASE,перебирал в уме,перебирал в ум,перебирал в уме [голова / ум как орган мышления],EXTENDED,manual_expanded,1,пограничная формула: проверять вручную,расширенный фразовый маркер для поиска когнитивных контекстов
PHR_213,PHRASE,голова / ум как орган мышления,ГОЛОВА_УМ_КАК_ОРГАН_МЫШЛЕНИЯ,PHRASE,ворочал мысли,ворочал мысль,ворочал мысли [голова / ум как орган мышления],EXTENDED,manual_expanded,1,пограничная формула: проверять вручную,расширенный фразовый маркер для поиска когнитивных контекстов
PHR_214,PHRASE,голова / ум как орган мышления,HEAD_MIND,PHRASE,ворочал в голове,ворочал в голова,ворочал в голове [голова / ум как орган мышления],EXTENDED,manual_expanded,1,пограничная формула: проверять вручную,расширенный фразовый маркер для поиска когнитивных контекстов
PHR_215,PHRASE,голова / ум как орган мышления,ГОЛОВА_УМ_КАК_ОРГАН_МЫШЛЕНИЯ,PHRASE,прикидывал одно к другому,прикидывал одно к другому,прикидывал одно к другому [голова / ум как орган мышления],EXTENDED,manual_expanded,1,пограничная формула: проверять вручную,расширенный фразовый маркер для поиска когнитивных контекстов
PHR_252,PHRASE,голова / ум как орган мышления,HEAD_MIND,PHRASE,ему подумалось,ему подумалось,ему подумалось [голова / ум как орган мышления],EXTENDED,manual_expanded,1,пограничная формула: проверять вручную,расширенный фразовый маркер для поиска когнитивных контекстов
PHR_253,PHRASE,голова / ум как орган мышления,HEAD_MIND,PHRASE,ей подумалось,ей подумалось,ей подумалось [голова / ум как орган мышления],EXTENDED,manual_expanded,1,пограничная формула: проверять вручную,расширенный фразовый маркер для поиска когнитивных контекстов
PHR_254,PHRASE,голова / ум как орган мышления,HEAD_MIND,PHRASE,вдруг подумалось,вдруг подумалось,вдруг подумалось [голова / ум как орган мышления],EXTENDED,manual_expanded,1,пограничная формула: проверять вручную,расширенный фразовый маркер для поиска когнитивных контекстов
PHR_255,PHRASE,голова / ум как орган мышления,HEAD_MIND,PHRASE,тут подумалось,тут подумалось,тут подумалось [голова / ум как орган мышления],EXTENDED,manual_expanded,1,пограничная формула: проверять вручную,расширенный фразовый маркер для поиска когнитивных контекстов
PHR_256,PHRASE,голова / ум как орган мышления,HEAD_MIND,PHRASE,подумалось ему,подумалось ему,подумалось ему [голова / ум как орган мышления],EXTENDED,manual_expanded,1,пограничная формула: проверять вручную,расширенный фразовый маркер для поиска когнитивных контекстов
PHR_257,PHRASE,голова / ум как орган мышления,HEAD_MIND,PHRASE,подумалось вдруг,подумалось вдруг,подумалось вдруг [голова / ум как орган мышления],EXTENDED,manual_expanded,1,пограничная формула: проверять вручную,расширенный фразовый маркер для поиска когнитивных контекстов
PHR_258,PHRASE,голова / ум как орган мышления,HEAD_MIND,PHRASE,странно подумалось,странно подумалось,странно подумалось [голова / ум как орган мышления],EXTENDED,manual_expanded,1,пограничная формула: проверять вручную,расширенный фразовый маркер для поиска когнитивных контекстов
PHR_259,PHRASE,голова / ум как орган мышления,HEAD_MIND,PHRASE,горько подумалось,горько подумалось,горько подумалось [голова / ум как орган мышления],EXTENDED,manual_expanded,1,пограничная формула: проверять вручную,расширенный фразовый маркер для поиска когнитивных контекстов
PHR_260,PHRASE,голова / ум как орган мышления,HEAD_MIND,PHRASE,невесело подумалось,невесело подумалось,невесело подумалось [голова / ум как орган мышления],EXTENDED,manual_expanded,1,пограничная формула: проверять вручную,расширенный фразовый маркер для поиска когнитивных контекстов
PHR_261,PHRASE,голова / ум как орган мышления,HEAD_MIND,PHRASE,тяжело подумалось,тяжело подумалось,тяжело подумалось [голова / ум как орган мышления],EXTENDED,manual_expanded,1,пограничная формула: проверять вручную,расширенный фразовый маркер для поиска когнитивных контекстов
PHR_262,PHRASE,голова / ум как орган мышления,HEAD_MIND,PHRASE,вздумалось ему,вздумалось ему,вздумалось ему [голова / ум как орган мышления],EXTENDED,manual_expanded,1,пограничная формула: проверять вручную,расширенный фразовый маркер для поиска когнитивных контекстов
PHR_263,PHRASE,голова / ум как орган мышления,HEAD_MIND,PHRASE,вздумалось вдруг,вздумалось вдруг,вздумалось вдруг [голова / ум как орган мышления],EXTENDED,manual_expanded,1,пограничная формула: проверять вручную,расширенный фразовый маркер для поиска когнитивных контекстов
PHR_264,PHRASE,голова / ум как орган мышления,COME_TO_MIND,PHRASE,пришло ему на ум,прийти ему на ум,пришло ему на ум [голова / ум как орган мышления],EXTENDED,manual_expanded,1,пограничная формула: проверять вручную,расширенный фразовый маркер для поиска когнитивных контекстов
PHR_265,PHRASE,голова / ум как орган мышления,HEAD_MIND,PHRASE,взбрело в голову,взбрело в голова,взбрело в голову [голова / ум как орган мышления],EXTENDED,manual_expanded,1,пограничная формула: проверять вручную,расширенный фразовый маркер для поиска когнитивных контекстов
PHR_266,PHRASE,голова / ум как орган мышления,HEAD_MIND,PHRASE,взбрело ему в голову,взбрело ему в голова,взбрело ему в голову [голова / ум как орган мышления],EXTENDED,manual_expanded,1,пограничная формула: проверять вручную,расширенный фразовый маркер для поиска когнитивных контекстов
PHR_267,PHRASE,голова / ум как орган мышления,ГОЛОВА_УМ_КАК_ОРГАН_МЫШЛЕНИЯ,PHRASE,показалось ему,показалось ему,показалось ему [голова / ум как орган мышления],EXTENDED,manual_expanded,1,пограничная формула: проверять вручную,расширенный фразовый маркер для поиска когнитивных контекстов
PHR_268,PHRASE,голова / ум как орган мышления,ГОЛОВА_УМ_КАК_ОРГАН_МЫШЛЕНИЯ,PHRASE,стало казаться,стать казаться,стало казаться [голова / ум как орган мышления],EXTENDED,manual_expanded,1,пограничная формула: проверять вручную,расширенный фразовый маркер для поиска когнитивных контекстов
PHR_269,PHRASE,голова / ум как орган мышления,ГОЛОВА_УМ_КАК_ОРГАН_МЫШЛЕНИЯ,PHRASE,начало казаться,начало казаться,начало казаться [голова / ум как орган мышления],EXTENDED,manual_expanded,1,пограничная формула: проверять вручную,расширенный фразовый маркер для поиска когнитивных контекстов
PHR_274,PHRASE,голова / ум как орган мышления,ГОЛОВА_УМ_КАК_ОРГАН_МЫШЛЕНИЯ,PHRASE,показалось вдруг,показалось вдруг,показалось вдруг [голова / ум как орган мышления],EXTENDED,manual_expanded,1,пограничная формула: проверять вручную,расширенный фразовый маркер для поиска когнитивных контекстов
PHR_275,PHRASE,голова / ум как орган мышления,ГОЛОВА_УМ_КАК_ОРГАН_МЫШЛЕНИЯ,PHRASE,показалось странным,показалось странным,показалось странным [голова / ум как орган мышления],EXTENDED,manual_expanded,1,пограничная формула: проверять вручную,расширенный фразовый маркер для поиска когнитивных контекстов
PHR_276,PHRASE,голова / ум как орган мышления,ГОЛОВА_УМ_КАК_ОРГАН_МЫШЛЕНИЯ,PHRASE,казалось теперь,казалось теперь,казалось теперь [голова / ум как орган мышления],EXTENDED,manual_expanded,1,пограничная формула: проверять вручную,расширенный фразовый маркер для поиска когнитивных контекстов
PHR_277,PHRASE,голова / ум как орган мышления,ГОЛОВА_УМ_КАК_ОРГАН_МЫШЛЕНИЯ,PHRASE,казалось ясно,казалось ясно,казалось ясно [голова / ум как орган мышления],EXTENDED,manual_expanded,1,пограничная формула: проверять вручную,расширенный фразовый маркер для поиска когнитивных контекстов
PHR_376,PHRASE,догадка / соображение,PROMPT_TO_THINK,PHRASE,сообразил вдруг,сообразил вдруг,сообразил вдруг [догадка / соображение],EXTENDED,manual_expanded,1,пограничная формула: проверять вручную,расширенный фразовый маркер для поиска когнитивных контекстов
PHR_377,PHRASE,догадка / соображение,PROMPT_TO_THINK,PHRASE,вдруг сообразил,вдруг сообразил,вдруг сообразил [догадка / соображение],EXTENDED,manual_expanded,1,пограничная формула: проверять вручную,расширенный фразовый маркер для поиска когнитивных контекстов
PHR_378,PHRASE,догадка / соображение,PROMPT_TO_THINK,PHRASE,сразу сообразил,сразу сообразил,сразу сообразил [догадка / соображение],EXTENDED,manual_expanded,1,пограничная формула: проверять вручную,расширенный фразовый маркер для поиска когнитивных контекстов
PHR_379,PHRASE,догадка / соображение,PROMPT_TO_THINK,PHRASE,не сразу сообразил,не сразу сообразил,не сразу сообразил [догадка / соображение],EXTENDED,manual_expanded,1,пограничная формула: проверять вручную,расширенный фразовый маркер для поиска когнитивных контекстов
PHR_380,PHRASE,догадка / соображение,PROMPT_TO_THINK,PHRASE,наконец сообразил,наконец сообразил,наконец сообразил [догадка / соображение],EXTENDED,manual_expanded,1,пограничная формула: проверять вручную,расширенный фразовый маркер для поиска когнитивных контекстов
PHR_381,PHRASE,догадка / соображение,PRACTICAL_INTELLECTION,PHRASE,стал соображать,стать соображать,стал соображать [догадка / соображение],EXTENDED,manual_expanded,1,пограничная формула: проверять вручную,расширенный фразовый маркер для поиска когнитивных контекстов
PHR_382,PHRASE,догадка / соображение,PRACTICAL_INTELLECTION,PHRASE,начал соображать,начал соображать,начал соображать [догадка / соображение],EXTENDED,manual_expanded,1,пограничная формула: проверять вручную,расширенный фразовый маркер для поиска когнитивных контекстов
PHR_383,PHRASE,догадка / соображение,PROMPT_TO_THINK,PHRASE,пытался сообразить,пытался сообразить,пытался сообразить [догадка / соображение],EXTENDED,manual_expanded,1,пограничная формула: проверять вручную,расширенный фразовый маркер для поиска когнитивных контекстов
PHR_384,PHRASE,догадка / соображение,PROMPT_TO_THINK,PHRASE,никак не мог сообразить,никак не мог сообразить,никак не мог сообразить [догадка / соображение],EXTENDED,manual_expanded,1,пограничная формула: проверять вручную,расширенный фразовый маркер для поиска когнитивных контекстов
PHR_385,PHRASE,догадка / соображение,PRACTICAL_INTELLECTION,PHRASE,вдруг догадался,вдруг догадаться,вдруг догадался [догадка / соображение],EXTENDED,manual_expanded,1,пограничная формула: проверять вручную,расширенный фразовый маркер для поиска когнитивных контекстов
PHR_386,PHRASE,догадка / соображение,PRACTICAL_INTELLECTION,PHRASE,догадался наконец,догадаться наконец,догадался наконец [догадка / соображение],EXTENDED,manual_expanded,1,пограничная формула: проверять вручную,расширенный фразовый маркер для поиска когнитивных контекстов
PHR_387,PHRASE,догадка / соображение,PRACTICAL_INTELLECTION,PHRASE,стал догадываться,стать догадываться,стал догадываться [догадка / соображение],EXTENDED,manual_expanded,1,пограничная формула: проверять вручную,расширенный фразовый маркер для поиска когнитивных контекстов
PHR_388,PHRASE,догадка / соображение,PRACTICAL_INTELLECTION,PHRASE,начал догадываться,начал догадываться,начал догадываться [догадка / соображение],EXTENDED,manual_expanded,1,пограничная формула: проверять вручную,расширенный фразовый маркер для поиска когнитивных контекстов
PHR_389,PHRASE,догадка / соображение,PRACTICAL_INTELLECTION,PHRASE,смутно догадался,смутно догадаться,смутно догадался [догадка / соображение],EXTENDED,manual_expanded,1,пограничная формула: проверять вручную,расширенный фразовый маркер для поиска когнитивных контекстов
PHR_390,PHRASE,догадка / соображение,PRACTICAL_INTELLECTION,PHRASE,смекнул сразу,смекнул сразу,смекнул сразу [догадка / соображение],EXTENDED,manual_expanded,1,пограничная формула: проверять вручную,расширенный фразовый маркер для поиска когнитивных контекстов
PHR_391,PHRASE,догадка / соображение,PRACTICAL_INTELLECTION,PHRASE,смекнул наконец,смекнул наконец,смекнул наконец [догадка / соображение],EXTENDED,manual_expanded,1,пограничная формула: проверять вручную,расширенный фразовый маркер для поиска когнитивных контекстов
PHR_392,PHRASE,догадка / соображение,PRACTICAL_INTELLECTION,PHRASE,стал смекать,стать смекать,стал смекать [догадка / соображение],EXTENDED,manual_expanded,1,пограничная формула: проверять вручную,расширенный фразовый маркер для поиска когнитивных контекстов
PHR_393,PHRASE,догадка / соображение,PRACTICAL_INTELLECTION,PHRASE,начал смекать,начал смекать,начал смекать [догадка / соображение],EXTENDED,manual_expanded,1,пограничная формула: проверять вручную,расширенный фразовый маркер для поиска когнитивных контекстов
PHR_394,PHRASE,догадка / соображение,HEAD_MIND,PHRASE,кумекал долго,кумекал долго,кумекал долго [догадка / соображение],EXTENDED,manual_expanded,1,пограничная формула: проверять вручную,расширенный фразовый маркер для поиска когнитивных контекстов
PHR_395,PHRASE,догадка / соображение,HEAD_MIND,PHRASE,стал кумекать,стать кумекать,стал кумекать [догадка / соображение],EXTENDED,manual_expanded,1,пограничная формула: проверять вручную,расширенный фразовый маркер для поиска когнитивных контекстов
PHR_396,PHRASE,догадка / соображение,HEAD_MIND,PHRASE,раскинул умом,раскинул ум,раскинул умом [догадка / соображение],EXTENDED,manual_expanded,1,пограничная формула: проверять вручную,расширенный фразовый маркер для поиска когнитивных контекстов
PHR_397,PHRASE,догадка / соображение,HEAD_MIND,PHRASE,прикинул умом,прикинул ум,прикинул умом [догадка / соображение],EXTENDED,manual_expanded,1,пограничная формула: проверять вручную,расширенный фразовый маркер для поиска когнитивных контекстов
PHR_398,PHRASE,догадка / соображение,HEAD_MIND,PHRASE,прикинул в уме,прикинул в ум,прикинул в уме [догадка / соображение],EXTENDED,manual_expanded,1,пограничная формула: проверять вручную,расширенный фразовый маркер для поиска когнитивных контекстов
PHR_399,PHRASE,догадка / соображение,INNER_SPEECH,PHRASE,прикинул про себя,прикинул про себя,прикинул про себя [догадка / соображение],EXTENDED,manual_expanded,1,пограничная формула: проверять вручную,расширенный фразовый маркер для поиска когнитивных контекстов
PHR_400,PHRASE,догадка / соображение,INNER_SPEECH,PHRASE,смекнул про себя,смекнул про себя,смекнул про себя [догадка / соображение],EXTENDED,manual_expanded,1,пограничная формула: проверять вручную,расширенный фразовый маркер для поиска когнитивных контекстов
PHR_401,PHRASE,догадка / соображение,INNER_SPEECH,PHRASE,сообразил про себя,сообразил про себя,сообразил про себя [догадка / соображение],EXTENDED,manual_expanded,1,пограничная формула: проверять вручную,расширенный фразовый маркер для поиска когнитивных контекстов
PHR_402,PHRASE,догадка / соображение,PRACTICAL_INTELLECTION,PHRASE,догадался по взгляду,догадаться по взгляду,догадался по взгляду [догадка / соображение],EXTENDED,manual_expanded,1,пограничная формула: проверять вручную,расширенный фразовый маркер для поиска когнитивных контекстов
PHR_403,PHRASE,догадка / соображение,PRACTICAL_INTELLECTION,PHRASE,догадался по голосу,догадаться по голосу,догадался по голосу [догадка / соображение],EXTENDED,manual_expanded,1,пограничная формула: проверять вручную,расширенный фразовый маркер для поиска когнитивных контекстов
PHR_404,PHRASE,догадка / соображение,PRACTICAL_INTELLECTION,PHRASE,догадался по лицу,догадаться по лицу,догадался по лицу [догадка / соображение],EXTENDED,manual_expanded,1,пограничная формула: проверять вручную,расширенный фразовый маркер для поиска когнитивных контекстов
PHR_405,PHRASE,догадка / соображение,PRACTICAL_INTELLECTION,PHRASE,догадался по словам,догадаться по словам,догадался по словам [догадка / соображение],EXTENDED,manual_expanded,1,пограничная формула: проверять вручную,расширенный фразовый маркер для поиска когнитивных контекстов
PHR_506,PHRASE,навязчивая мысль,НАВЯЗЧИВАЯ_МЫСЛЬ,PHRASE,мысль не давала покоя,мысль не давала покоя,мысль не давала покоя [навязчивая мысль],EXTENDED,manual_expanded,1,пограничная формула: проверять вручную,расширенный фразовый маркер для поиска когнитивных контекстов
PHR_507,PHRASE,навязчивая мысль,НАВЯЗЧИВАЯ_МЫСЛЬ,PHRASE,не давала покоя мысль,не давала покоя мысль,не давала покоя мысль [навязчивая мысль],EXTENDED,manual_expanded,1,пограничная формула: проверять вручную,расширенный фразовый маркер для поиска когнитивных контекстов
PHR_508,PHRASE,навязчивая мысль,НАВЯЗЧИВАЯ_МЫСЛЬ,PHRASE,мысль мучила,мысль мучила,мысль мучила [навязчивая мысль],EXTENDED,manual_expanded,1,пограничная формула: проверять вручную,расширенный фразовый маркер для поиска когнитивных контекстов
PHR_509,PHRASE,навязчивая мысль,НАВЯЗЧИВАЯ_МЫСЛЬ,PHRASE,мучила мысль,мучила мысль,мучила мысль [навязчивая мысль],EXTENDED,manual_expanded,1,пограничная формула: проверять вручную,расширенный фразовый маркер для поиска когнитивных контекстов
PHR_510,PHRASE,навязчивая мысль,НАВЯЗЧИВАЯ_МЫСЛЬ,PHRASE,мысль тревожила,мысль тревожила,мысль тревожила [навязчивая мысль],EXTENDED,manual_expanded,1,пограничная формула: проверять вручную,расширенный фразовый маркер для поиска когнитивных контекстов
PHR_511,PHRASE,навязчивая мысль,НАВЯЗЧИВАЯ_МЫСЛЬ,PHRASE,тревожила мысль,тревожила мысль,тревожила мысль [навязчивая мысль],EXTENDED,manual_expanded,1,пограничная формула: проверять вручную,расширенный фразовый маркер для поиска когнитивных контекстов
PHR_512,PHRASE,навязчивая мысль,НАВЯЗЧИВАЯ_МЫСЛЬ,PHRASE,мысль давила,мысль давила,мысль давила [навязчивая мысль],EXTENDED,manual_expanded,1,пограничная формула: проверять вручную,расширенный фразовый маркер для поиска когнитивных контекстов
PHR_513,PHRASE,навязчивая мысль,НАВЯЗЧИВАЯ_МЫСЛЬ,PHRASE,давила мысль,давила мысль,давила мысль [навязчивая мысль],EXTENDED,manual_expanded,1,пограничная формула: проверять вручную,расширенный фразовый маркер для поиска когнитивных контекстов
PHR_514,PHRASE,навязчивая мысль,НАВЯЗЧИВАЯ_МЫСЛЬ,PHRASE,мысль жгла,мысль жгла,мысль жгла [навязчивая мысль],EXTENDED,manual_expanded,1,пограничная формула: проверять вручную,расширенный фразовый маркер для поиска когнитивных контекстов
PHR_515,PHRASE,навязчивая мысль,НАВЯЗЧИВАЯ_МЫСЛЬ,PHRASE,жгла мысль,жгла мысль,жгла мысль [навязчивая мысль],EXTENDED,manual_expanded,1,пограничная формула: проверять вручную,расширенный фразовый маркер для поиска когнитивных контекстов
PHR_516,PHRASE,навязчивая мысль,НАВЯЗЧИВАЯ_МЫСЛЬ,PHRASE,мысль сверлила,мысль сверлила,мысль сверлила [навязчивая мысль],EXTENDED,manual_expanded,1,пограничная формула: проверять вручную,расширенный фразовый маркер для поиска когнитивных контекстов
PHR_517,PHRASE,навязчивая мысль,НАВЯЗЧИВАЯ_МЫСЛЬ,PHRASE,сверлила мысль,сверлила мысль,сверлила мысль [навязчивая мысль],EXTENDED,manual_expanded,1,пограничная формула: проверять вручную,расширенный фразовый маркер для поиска когнитивных контекстов
PHR_518,PHRASE,навязчивая мысль,НАВЯЗЧИВАЯ_МЫСЛЬ,PHRASE,мысль точила,мысль точила,мысль точила [навязчивая мысль],EXTENDED,manual_expanded,1,пограничная формула: проверять вручную,расширенный фразовый маркер для поиска когнитивных контекстов
PHR_519,PHRASE,навязчивая мысль,НАВЯЗЧИВАЯ_МЫСЛЬ,PHRASE,точила мысль,точила мысль,точила мысль [навязчивая мысль],EXTENDED,manual_expanded,1,пограничная формула: проверять вручную,расширенный фразовый маркер для поиска когнитивных контекстов
PHR_520,PHRASE,навязчивая мысль,НАВЯЗЧИВАЯ_МЫСЛЬ,PHRASE,мысль засела,мысль засела,мысль засела [навязчивая мысль],EXTENDED,manual_expanded,1,пограничная формула: проверять вручную,расширенный фразовый маркер для поиска когнитивных контекстов
PHR_521,PHRASE,навязчивая мысль,НАВЯЗЧИВАЯ_МЫСЛЬ,PHRASE,засела мысль,засела мысль,засела мысль [навязчивая мысль],EXTENDED,manual_expanded,1,пограничная формула: проверять вручную,расширенный фразовый маркер для поиска когнитивных контекстов
PHR_522,PHRASE,навязчивая мысль,HEAD_MIND,PHRASE,засела в голове,засела в голова,засела в голове [навязчивая мысль],EXTENDED,manual_expanded,1,пограничная формула: проверять вручную,расширенный фразовый маркер для поиска когнитивных контекстов
PHR_523,PHRASE,навязчивая мысль,HEAD_MIND,PHRASE,не выходила из головы,не выходила из голова,не выходила из головы [навязчивая мысль],EXTENDED,manual_expanded,1,пограничная формула: проверять вручную,расширенный фразовый маркер для поиска когнитивных контекстов
PHR_524,PHRASE,навязчивая мысль,HEAD_MIND,PHRASE,не выходило из головы,не выходило из голова,не выходило из головы [навязчивая мысль],EXTENDED,manual_expanded,1,пограничная формула: проверять вручную,расширенный фразовый маркер для поиска когнитивных контекстов
PHR_525,PHRASE,навязчивая мысль,HEAD_MIND,PHRASE,крутилась в голове,крутилась в голова,крутилась в голове [навязчивая мысль],EXTENDED,manual_expanded,1,пограничная формула: проверять вручную,расширенный фразовый маркер для поиска когнитивных контекстов
PHR_526,PHRASE,навязчивая мысль,HEAD_MIND,PHRASE,вертелась в голове,вертелась в голова,вертелась в голове [навязчивая мысль],EXTENDED,manual_expanded,1,пограничная формула: проверять вручную,расширенный фразовый маркер для поиска когнитивных контекстов
PHR_527,PHRASE,навязчивая мысль,HEAD_MIND,PHRASE,стояла в голове,стояла в голова,стояла в голове [навязчивая мысль],EXTENDED,manual_expanded,1,пограничная формула: проверять вручную,расширенный фразовый маркер для поиска когнитивных контекстов
PHR_528,PHRASE,навязчивая мысль,HEAD_MIND,PHRASE,звенела в голове,звенела в голова,звенела в голове [навязчивая мысль],EXTENDED,manual_expanded,1,пограничная формула: проверять вручную,расширенный фразовый маркер для поиска когнитивных контекстов
PHR_529,PHRASE,навязчивая мысль,HEAD_MIND,PHRASE,бродила в голове,бродила в голова,бродила в голове [навязчивая мысль],EXTENDED,manual_expanded,1,пограничная формула: проверять вручную,расширенный фразовый маркер для поиска когнитивных контекстов
PHR_530,PHRASE,навязчивая мысль,НАВЯЗЧИВАЯ_МЫСЛЬ,PHRASE,мысль преследовала,мысль преследовала,мысль преследовала [навязчивая мысль],EXTENDED,manual_expanded,1,пограничная формула: проверять вручную,расширенный фразовый маркер для поиска когнитивных контекстов
PHR_531,PHRASE,навязчивая мысль,НАВЯЗЧИВАЯ_МЫСЛЬ,PHRASE,преследовала мысль,преследовала мысль,преследовала мысль [навязчивая мысль],EXTENDED,manual_expanded,1,пограничная формула: проверять вручную,расширенный фразовый маркер для поиска когнитивных контекстов
PHR_532,PHRASE,навязчивая мысль,НАВЯЗЧИВАЯ_МЫСЛЬ,PHRASE,мысль гнала,мысль гнала,мысль гнала [навязчивая мысль],EXTENDED,manual_expanded,1,пограничная формула: проверять вручную,расширенный фразовый маркер для поиска когнитивных контекстов
PHR_533,PHRASE,навязчивая мысль,НАВЯЗЧИВАЯ_МЫСЛЬ,PHRASE,гнала мысль,гнала мысль,гнала мысль [навязчивая мысль],EXTENDED,manual_expanded,1,пограничная формула: проверять вручную,расширенный фразовый маркер для поиска когнитивных контекстов
PHR_534,PHRASE,навязчивая мысль,НАВЯЗЧИВАЯ_МЫСЛЬ,PHRASE,мысль возвращалась,мысль возвращалась,мысль возвращалась [навязчивая мысль],EXTENDED,manual_expanded,1,пограничная формула: проверять вручную,расширенный фразовый маркер для поиска когнитивных контекстов
PHR_535,PHRASE,навязчивая мысль,НАВЯЗЧИВАЯ_МЫСЛЬ,PHRASE,возвращалась мысль,возвращалась мысль,возвращалась мысль [навязчивая мысль],EXTENDED,manual_expanded,1,пограничная формула: проверять вручную,расширенный фразовый маркер для поиска когнитивных контекстов
PHR_536,PHRASE,голова / ум как орган мышления,FLASH_THOUGHT,PHRASE,в голове мелькнуло,в голова мелькнуло,в голове мелькнуло [голова / ум как орган мышления],EXTENDED,manual_expanded,1,пограничная формула: проверять вручную,расширенный фразовый маркер для поиска когнитивных контекстов
PHR_537,PHRASE,голова / ум как орган мышления,FLASH_THOUGHT,PHRASE,в голове промелькнуло,в голова промелькнуло,в голове промелькнуло [голова / ум как орган мышления],EXTENDED,manual_expanded,1,пограничная формула: проверять вручную,расширенный фразовый маркер для поиска когнитивных контекстов
PHR_538,PHRASE,голова / ум как орган мышления,HEAD_MIND,PHRASE,в голове возникло,в голова возникло,в голове возникло [голова / ум как орган мышления],EXTENDED,manual_expanded,1,пограничная формула: проверять вручную,расширенный фразовый маркер для поиска когнитивных контекстов
PHR_539,PHRASE,голова / ум как орган мышления,HEAD_MIND,PHRASE,в голове вертелось,в голова вертелось,в голове вертелось [голова / ум как орган мышления],EXTENDED,manual_expanded,1,пограничная формула: проверять вручную,расширенный фразовый маркер для поиска когнитивных контекстов
PHR_540,PHRASE,голова / ум как орган мышления,HEAD_MIND,PHRASE,в голове стояло,в голова стояло,в голове стояло [голова / ум как орган мышления],EXTENDED,manual_expanded,1,пограничная формула: проверять вручную,расширенный фразовый маркер для поиска когнитивных контекстов
PHR_541,PHRASE,голова / ум как орган мышления,HEAD_MIND,PHRASE,в голове прояснилось,в голова прояснилось,в голове прояснилось [голова / ум как орган мышления],EXTENDED,manual_expanded,1,пограничная формула: проверять вручную,расширенный фразовый маркер для поиска когнитивных контекстов
PHR_542,PHRASE,голова / ум как орган мышления,HEAD_MIND,PHRASE,в голове помутилось,в голова помутилось,в голове помутилось [голова / ум как орган мышления],EXTENDED,manual_expanded,1,пограничная формула: проверять вручную,расширенный фразовый маркер для поиска когнитивных контекстов
PHR_543,PHRASE,голова / ум как орган мышления,HEAD_MIND,PHRASE,голова работала,голова работала,голова работала [голова / ум как орган мышления],EXTENDED,manual_expanded,1,пограничная формула: проверять вручную,расширенный фразовый маркер для поиска когнитивных контекстов
PHR_544,PHRASE,голова / ум как орган мышления,HEAD_MIND,PHRASE,голова не работала,голова не работала,голова не работала [голова / ум как орган мышления],EXTENDED,manual_expanded,1,пограничная формула: проверять вручную,расширенный фразовый маркер для поиска когнитивных контекстов
PHR_545,PHRASE,голова / ум как орган мышления,HEAD_MIND,PHRASE,голова отказывалась понимать,голова отказывалась понимать,голова отказывалась понимать [голова / ум как орган мышления],EXTENDED,manual_expanded,1,пограничная формула: проверять вручную,расширенный фразовый маркер для поиска когнитивных контекстов
PHR_546,PHRASE,голова / ум как орган мышления,HEAD_MIND,PHRASE,голова шла кругом,голова шла кругом,голова шла кругом [голова / ум как орган мышления],EXTENDED,manual_expanded,1,пограничная формула: проверять вручную,расширенный фразовый маркер для поиска когнитивных контекстов
PHR_547,PHRASE,голова / ум как орган мышления,HEAD_MIND,PHRASE,голова кругом шла,голова кругом шла,голова кругом шла [голова / ум как орган мышления],EXTENDED,manual_expanded,1,пограничная формула: проверять вручную,расширенный фразовый маркер для поиска когнитивных контекстов
PHR_548,PHRASE,голова / ум как орган мышления,HEAD_MIND,PHRASE,ломал голову,ломал голова,ломал голову [голова / ум как орган мышления],EXTENDED,manual_expanded,1,пограничная формула: проверять вручную,расширенный фразовый маркер для поиска когнитивных контекстов
PHR_549,PHRASE,голова / ум как орган мышления,HEAD_MIND,PHRASE,сломал голову,сломал голова,сломал голову [голова / ум как орган мышления],EXTENDED,manual_expanded,1,пограничная формула: проверять вручную,расширенный фразовый маркер для поиска когнитивных контекстов
PHR_550,PHRASE,голова / ум как орган мышления,HEAD_MIND,PHRASE,морщил голову,морщил голова,морщил голову [голова / ум как орган мышления],EXTENDED,manual_expanded,1,пограничная формула: проверять вручную,расширенный фразовый маркер для поиска когнитивных контекстов
PHR_551,PHRASE,голова / ум как орган мышления,HEAD_MIND,PHRASE,раскинул мозгами,раскинул мозг,раскинул мозгами [голова / ум как орган мышления],EXTENDED,manual_expanded,1,пограничная формула: проверять вручную,расширенный фразовый маркер для поиска когнитивных контекстов
PHR_552,PHRASE,голова / ум как орган мышления,HEAD_MIND,PHRASE,шевелил мозгами,шевелил мозг,шевелил мозгами [голова / ум как орган мышления],EXTENDED,manual_expanded,1,пограничная формула: проверять вручную,расширенный фразовый маркер для поиска когнитивных контекстов
PHR_553,PHRASE,голова / ум как орган мышления,HEAD_MIND,PHRASE,пошевелил мозгами,пошевелил мозг,пошевелил мозгами [голова / ум как орган мышления],EXTENDED,manual_expanded,1,пограничная формула: проверять вручную,расширенный фразовый маркер для поиска когнитивных контекстов
PHR_554,PHRASE,голова / ум как орган мышления,HEAD_MIND,PHRASE,ум за разум заходил,ум за разум заходил,ум за разум заходил [голова / ум как орган мышления],EXTENDED,manual_expanded,1,пограничная формула: проверять вручную,расширенный фразовый маркер для поиска когнитивных контекстов
PHR_555,PHRASE,голова / ум как орган мышления,UNDERSTAND,PHRASE,умом понимал,ум понимал,умом понимал [голова / ум как орган мышления],EXTENDED,manual_expanded,1,пограничная формула: проверять вручную,расширенный фразовый маркер для поиска когнитивных контекстов
PHR_556,PHRASE,голова / ум как орган мышления,UNDERSTAND,PHRASE,сердцем понимал,сердцем понимал,сердцем понимал [голова / ум как орган мышления],EXTENDED,manual_expanded,1,пограничная формула: проверять вручную,расширенный фразовый маркер для поиска когнитивных контекстов
PHR_557,PHRASE,голова / ум как орган мышления,HEAD_MIND,PHRASE,умом прикинул,ум прикинул,умом прикинул [голова / ум как орган мышления],EXTENDED,manual_expanded,1,пограничная формула: проверять вручную,расширенный фразовый маркер для поиска когнитивных контекстов
PHR_558,PHRASE,голова / ум как орган мышления,HEAD_MIND,PHRASE,держал в голове,держал в голова,держал в голове [голова / ум как орган мышления],EXTENDED,manual_expanded,1,пограничная формула: проверять вручную,расширенный фразовый маркер для поиска когнитивных контекстов
PHR_559,PHRASE,голова / ум как орган мышления,HEAD_MIND,PHRASE,держал в уме,держал в ум,держал в уме [голова / ум как орган мышления],EXTENDED,manual_expanded,1,пограничная формула: проверять вручную,расширенный фразовый маркер для поиска когнитивных контекстов
PHR_560,PHRASE,голова / ум как орган мышления,HEAD_MIND,PHRASE,держал на уме,держал на ум,держал на уме [голова / ум как орган мышления],EXTENDED,manual_expanded,1,пограничная формула: проверять вручную,расширенный фразовый маркер для поиска когнитивных контекстов
PHR_561,PHRASE,голова / ум как орган мышления,INNER_SPEECH,PHRASE,держал про себя,держал про себя,держал про себя [голова / ум как орган мышления],EXTENDED,manual_expanded,1,пограничная формула: проверять вручную,расширенный фразовый маркер для поиска когнитивных контекстов
PHR_562,PHRASE,голова / ум как орган мышления,HEAD_MIND,PHRASE,в уме держал,в ум держал,в уме держал [голова / ум как орган мышления],EXTENDED,manual_expanded,1,пограничная формула: проверять вручную,расширенный фразовый маркер для поиска когнитивных контекстов
PHR_563,PHRASE,голова / ум как орган мышления,HEAD_MIND,PHRASE,в голове держал,в голова держал,в голове держал [голова / ум как орган мышления],EXTENDED,manual_expanded,1,пограничная формула: проверять вручную,расширенный фразовый маркер для поиска когнитивных контекстов
PHR_564,PHRASE,рассуждение / вывод,РАССУЖДЕНИЕ_ВЫВОД,PHRASE,рассудил так,рассудил так,рассудил так [рассуждение / вывод],EXTENDED,manual_expanded,1,пограничная формула: проверять вручную,расширенный фразовый маркер для поиска когнитивных контекстов
PHR_565,PHRASE,рассуждение / вывод,РАССУЖДЕНИЕ_ВЫВОД,PHRASE,рассудил иначе,рассудил иначе,рассудил иначе [рассуждение / вывод],EXTENDED,manual_expanded,1,пограничная формула: проверять вручную,расширенный фразовый маркер для поиска когнитивных контекстов
PHR_566,PHRASE,рассуждение / вывод,INNER_SPEECH,PHRASE,рассуждал про себя,рассуждал про себя,рассуждал про себя [рассуждение / вывод],EXTENDED,manual_expanded,1,пограничная формула: проверять вручную,расширенный фразовый маркер для поиска когнитивных контекстов
PHR_567,PHRASE,рассуждение / вывод,РАССУЖДЕНИЕ_ВЫВОД,PHRASE,стал рассуждать,стать рассуждать,стал рассуждать [рассуждение / вывод],EXTENDED,manual_expanded,1,пограничная формула: проверять вручную,расширенный фразовый маркер для поиска когнитивных контекстов
PHR_568,PHRASE,рассуждение / вывод,РАССУЖДЕНИЕ_ВЫВОД,PHRASE,начал рассуждать,начал рассуждать,начал рассуждать [рассуждение / вывод],EXTENDED,manual_expanded,1,пограничная формула: проверять вручную,расширенный фразовый маркер для поиска когнитивных контекстов
PHR_569,PHRASE,рассуждение / вывод,РАССУЖДЕНИЕ_ВЫВОД,PHRASE,рассуждал здраво,рассуждал здраво,рассуждал здраво [рассуждение / вывод],EXTENDED,manual_expanded,1,пограничная формула: проверять вручную,расширенный фразовый маркер для поиска когнитивных контекстов
PHR_570,PHRASE,рассуждение / вывод,РАССУЖДЕНИЕ_ВЫВОД,PHRASE,рассуждал просто,рассуждал просто,рассуждал просто [рассуждение / вывод],EXTENDED,manual_expanded,1,пограничная формула: проверять вручную,расширенный фразовый маркер для поиска когнитивных контекстов
PHR_571,PHRASE,рассуждение / вывод,РАССУЖДЕНИЕ_ВЫВОД,PHRASE,пришел к выводу,прийти к выводу,пришел к выводу [рассуждение / вывод],EXTENDED,manual_expanded,1,пограничная формула: проверять вручную,расширенный фразовый маркер для поиска когнитивных контекстов
PHR_572,PHRASE,рассуждение / вывод,РАССУЖДЕНИЕ_ВЫВОД,PHRASE,сделал вывод,сделал вывод,сделал вывод [рассуждение / вывод],EXTENDED,manual_expanded,1,пограничная формула: проверять вручную,расширенный фразовый маркер для поиска когнитивных контекстов
PHR_573,PHRASE,рассуждение / вывод,РАССУЖДЕНИЕ_ВЫВОД,PHRASE,вывел из этого,вывел из этого,вывел из этого [рассуждение / вывод],EXTENDED,manual_expanded,1,пограничная формула: проверять вручную,расширенный фразовый маркер для поиска когнитивных контекстов
PHR_574,PHRASE,рассуждение / вывод,UNDERSTAND,PHRASE,понял из этого,понять из этого,понял из этого [рассуждение / вывод],EXTENDED,manual_expanded,1,пограничная формула: проверять вручную,расширенный фразовый маркер для поиска когнитивных контекстов
PHR_575,PHRASE,рассуждение / вывод,INNER_SPEECH,PHRASE,заключил про себя,заключил про себя,заключил про себя [рассуждение / вывод],EXTENDED,manual_expanded,1,пограничная формула: проверять вручную,расширенный фразовый маркер для поиска когнитивных контекстов
PHR_576,PHRASE,рассуждение / вывод,РАССУЖДЕНИЕ_ВЫВОД,PHRASE,заключил наконец,заключил наконец,заключил наконец [рассуждение / вывод],EXTENDED,manual_expanded,1,пограничная формула: проверять вручную,расширенный фразовый маркер для поиска когнитивных контекстов
PHR_577,PHRASE,рассуждение / вывод,PROMPT_TO_THINK,PHRASE,сообразил по своему,сообразил по своему,сообразил по своему [рассуждение / вывод],EXTENDED,manual_expanded,1,пограничная формула: проверять вручную,расширенный фразовый маркер для поиска когнитивных контекстов
PHR_578,PHRASE,рассуждение / вывод,PROMPT_TO_THINK,PHRASE,сообразил по-своему,сообразил по-своему,сообразил по-своему [рассуждение / вывод],EXTENDED,manual_expanded,1,пограничная формула: проверять вручную,расширенный фразовый маркер для поиска когнитивных контекстов
PHR_579,PHRASE,рассуждение / вывод,HEAD_MIND,PHRASE,рассчитал в уме,рассчитал в ум,рассчитал в уме [рассуждение / вывод],EXTENDED,manual_expanded,1,пограничная формула: проверять вручную,расширенный фразовый маркер для поиска когнитивных контекстов
PHR_580,PHRASE,рассуждение / вывод,РАССУЖДЕНИЕ_ВЫВОД,PHRASE,сопоставил одно с другим,сопоставил одно с другим,сопоставил одно с другим [рассуждение / вывод],EXTENDED,manual_expanded,1,пограничная формула: проверять вручную,расширенный фразовый маркер для поиска когнитивных контекстов
PHR_581,PHRASE,рассуждение / вывод,РАССУЖДЕНИЕ_ВЫВОД,PHRASE,связал одно с другим,связал одно с другим,связал одно с другим [рассуждение / вывод],EXTENDED,manual_expanded,1,пограничная формула: проверять вручную,расширенный фразовый маркер для поиска когнитивных контекстов
PHR_582,PHRASE,рассуждение / вывод,HEAD_MIND,PHRASE,выстроил в уме,выстроил в ум,выстроил в уме [рассуждение / вывод],EXTENDED,manual_expanded,1,пограничная формула: проверять вручную,расширенный фразовый маркер для поиска когнитивных контекстов
PHR_583,PHRASE,рассуждение / вывод,РАССУЖДЕНИЕ_ВЫВОД,PHRASE,пришел к мысли,прийти к мысль,пришел к мысли [рассуждение / вывод],EXTENDED,manual_expanded,1,пограничная формула: проверять вручную,расширенный фразовый маркер для поиска когнитивных контекстов
PHR_584,PHRASE,рассуждение / вывод,РАССУЖДЕНИЕ_ВЫВОД,PHRASE,склонился к мысли,склонился к мысль,склонился к мысли [рассуждение / вывод],EXTENDED,manual_expanded,1,пограничная формула: проверять вручную,расширенный фразовый маркер для поиска когнитивных контекстов
PHR_603,PHRASE,модальная формула мышления,THINK_GENERAL,PHRASE,надо подумать,надо подумать,надо подумать [модальная формула мышления],EXTENDED,manual_expanded,1,пограничная формула: проверять вручную,расширенный фразовый маркер для поиска когнитивных контекстов
PHR_604,PHRASE,модальная формула мышления,THINK_GENERAL,PHRASE,нужно подумать,нужно подумать,нужно подумать [модальная формула мышления],EXTENDED,manual_expanded,1,пограничная формула: проверять вручную,расширенный фразовый маркер для поиска когнитивных контекстов
PHR_605,PHRASE,модальная формула мышления,THINK_GENERAL,PHRASE,следовало подумать,следовало подумать,следовало подумать [модальная формула мышления],EXTENDED,manual_expanded,1,пограничная формула: проверять вручную,расширенный фразовый маркер для поиска когнитивных контекстов
PHR_606,PHRASE,модальная формула мышления,THINK_GENERAL,PHRASE,стоило подумать,стоило подумать,стоило подумать [модальная формула мышления],EXTENDED,manual_expanded,1,пограничная формула: проверять вручную,расширенный фразовый маркер для поиска когнитивных контекстов
PHR_607,PHRASE,модальная формула мышления,THINK_GENERAL,PHRASE,надо было подумать,надо было подумать,надо было подумать [модальная формула мышления],EXTENDED,manual_expanded,1,пограничная формула: проверять вручную,расширенный фразовый маркер для поиска когнитивных контекстов
PHR_608,PHRASE,модальная формула мышления,THINK_GENERAL,PHRASE,нужно было подумать,нужно было подумать,нужно было подумать [модальная формула мышления],EXTENDED,manual_expanded,1,пограничная формула: проверять вручную,расширенный фразовый маркер для поиска когнитивных контекстов
PHR_609,PHRASE,модальная формула мышления,DECIDE,PHRASE,следовало решить,следовало решить,следовало решить [модальная формула мышления],EXTENDED,manual_expanded,1,пограничная формула: проверять вручную,расширенный фразовый маркер для поиска когнитивных контекстов
PHR_610,PHRASE,модальная формула мышления,DECIDE,PHRASE,надо было решить,надо было решить,надо было решить [модальная формула мышления],EXTENDED,manual_expanded,1,пограничная формула: проверять вручную,расширенный фразовый маркер для поиска когнитивных контекстов
PHR_611,PHRASE,модальная формула мышления,DECIDE,PHRASE,нужно было решить,нужно было решить,нужно было решить [модальная формула мышления],EXTENDED,manual_expanded,1,пограничная формула: проверять вручную,расширенный фразовый маркер для поиска когнитивных контекстов
PHR_612,PHRASE,модальная формула мышления,UNDERSTAND,PHRASE,надо понять,надо понять,надо понять [модальная формула мышления],EXTENDED,manual_expanded,1,пограничная формула: проверять вручную,расширенный фразовый маркер для поиска когнитивных контекстов
PHR_613,PHRASE,модальная формула мышления,UNDERSTAND,PHRASE,нужно понять,нужно понять,нужно понять [модальная формула мышления],EXTENDED,manual_expanded,1,пограничная формула: проверять вручную,расширенный фразовый маркер для поиска когнитивных контекстов
PHR_614,PHRASE,модальная формула мышления,UNDERSTAND,PHRASE,следовало понять,следовало понять,следовало понять [модальная формула мышления],EXTENDED,manual_expanded,1,пограничная формула: проверять вручную,расширенный фразовый маркер для поиска когнитивных контекстов
PHR_615,PHRASE,модальная формула мышления,REMEMBER,PHRASE,надо вспомнить,надо вспомнить,надо вспомнить [модальная формула мышления],EXTENDED,manual_expanded,1,пограничная формула: проверять вручную,расширенный фразовый маркер для поиска когнитивных контекстов
PHR_616,PHRASE,модальная формула мышления,REMEMBER,PHRASE,нужно вспомнить,нужно вспомнить,нужно вспомнить [модальная формула мышления],EXTENDED,manual_expanded,1,пограничная формула: проверять вручную,расширенный фразовый маркер для поиска когнитивных контекстов
PHR_617,PHRASE,модальная формула мышления,REMEMBER,PHRASE,следовало вспомнить,следовало вспомнить,следовало вспомнить [модальная формула мышления],EXTENDED,manual_expanded,1,пограничная формула: проверять вручную,расширенный фразовый маркер для поиска когнитивных контекстов
PHR_618,PHRASE,модальная формула мышления,MODAL_NEED_TO_THINK,PHRASE,надо сообразить,надо сообразить,надо сообразить [модальная формула мышления],EXTENDED,manual_expanded,1,пограничная формула: проверять вручную,расширенный фразовый маркер для поиска когнитивных контекстов
PHR_619,PHRASE,модальная формула мышления,MODAL_NEED_TO_THINK,PHRASE,нужно сообразить,нужно сообразить,нужно сообразить [модальная формула мышления],EXTENDED,manual_expanded,1,пограничная формула: проверять вручную,расширенный фразовый маркер для поиска когнитивных контекстов
PHR_620,PHRASE,модальная формула мышления,MODAL_NEED_TO_THINK,PHRASE,следовало сообразить,следовало сообразить,следовало сообразить [модальная формула мышления],EXTENDED,manual_expanded,1,пограничная формула: проверять вручную,расширенный фразовый маркер для поиска когнитивных контекстов
PHR_621,PHRASE,модальная формула мышления,PRACTICAL_INTELLECTION,PHRASE,надо догадаться,надо догадаться,надо догадаться [модальная формула мышления],EXTENDED,manual_expanded,1,пограничная формула: проверять вручную,расширенный фразовый маркер для поиска когнитивных контекстов
PHR_622,PHRASE,модальная формула мышления,PRACTICAL_INTELLECTION,PHRASE,нужно догадаться,нужно догадаться,нужно догадаться [модальная формула мышления],EXTENDED,manual_expanded,1,пограничная формула: проверять вручную,расширенный фразовый маркер для поиска когнитивных контекстов
PHR_623,PHRASE,модальная формула мышления,MODAL_NEED_TO_THINK,PHRASE,надо рассудить,надо рассудить,надо рассудить [модальная формула мышления],EXTENDED,manual_expanded,1,пограничная формула: проверять вручную,расширенный фразовый маркер для поиска когнитивных контекстов
PHR_624,PHRASE,модальная формула мышления,MODAL_NEED_TO_THINK,PHRASE,нужно рассудить,нужно рассудить,нужно рассудить [модальная формула мышления],EXTENDED,manual_expanded,1,пограничная формула: проверять вручную,расширенный фразовый маркер для поиска когнитивных контекстов
PHR_650,PHRASE,интуитивное понимание,INTUITIVE_KNOWING,PHRASE,сердце подсказало,сердце подсказало,сердце подсказало [интуитивное понимание],EXTENDED,manual_expanded,1,пограничная формула: проверять вручную,расширенный фразовый маркер для поиска когнитивных контекстов
PHR_651,PHRASE,интуитивное понимание,INTUITIVE_KNOWING,PHRASE,сердце говорило,сердце говорило,сердце говорило [интуитивное понимание],EXTENDED,manual_expanded,1,пограничная формула: проверять вручную,расширенный фразовый маркер для поиска когнитивных контекстов
PHR_652,PHRASE,интуитивное понимание,INTUITIVE_KNOWING,PHRASE,душа подсказывала,душа подсказывала,душа подсказывала [интуитивное понимание],EXTENDED,manual_expanded,1,пограничная формула: проверять вручную,расширенный фразовый маркер для поиска когнитивных контекстов
PHR_653,PHRASE,интуитивное понимание,UNDERSTAND,PHRASE,душой понимал,душой понимал,душой понимал [интуитивное понимание],EXTENDED,manual_expanded,1,пограничная формула: проверять вручную,расширенный фразовый маркер для поиска когнитивных контекстов
PHR_654,PHRASE,интуитивное понимание,ИНТУИТИВНОЕ_ПОНИМАНИЕ,PHRASE,душой чувствовал,душой чувствовал,душой чувствовал [интуитивное понимание],EXTENDED,manual_expanded,1,пограничная формула: проверять вручную,расширенный фразовый маркер для поиска когнитивных контекстов
PHR_655,PHRASE,интуитивное понимание,INTUITIVE_KNOWING,PHRASE,сердцем чуял,сердцем чуял,сердцем чуял [интуитивное понимание],EXTENDED,manual_expanded,1,пограничная формула: проверять вручную,расширенный фразовый маркер для поиска когнитивных контекстов
PHR_656,PHRASE,интуитивное понимание,INTUITIVE_KNOWING,PHRASE,нутром чуял,нутром чуял,нутром чуял [интуитивное понимание],EXTENDED,manual_expanded,1,пограничная формула: проверять вручную,расширенный фразовый маркер для поиска когнитивных контекстов
PHR_657,PHRASE,интуитивное понимание,ИНТУИТИВНОЕ_ПОНИМАНИЕ,PHRASE,чуял беду,чуял беду,чуял беду [интуитивное понимание],EXTENDED,manual_expanded,1,пограничная формула: проверять вручную,расширенный фразовый маркер для поиска когнитивных контекстов
PHR_658,PHRASE,интуитивное понимание,ИНТУИТИВНОЕ_ПОНИМАНИЕ,PHRASE,чуял неправду,чуял неправду,чуял неправду [интуитивное понимание],EXTENDED,manual_expanded,1,пограничная формула: проверять вручную,расширенный фразовый маркер для поиска когнитивных контекстов
PHR_659,PHRASE,интуитивное понимание,UNDERSTAND,PHRASE,чувствовал что понял,чувствовал что понять,чувствовал что понял [интуитивное понимание],EXTENDED,manual_expanded,1,пограничная формула: проверять вручную,расширенный фразовый маркер для поиска когнитивных контекстов
PHR_660,PHRASE,интуитивное понимание,UNDERSTAND,PHRASE,понял по глазам,понять по глазам,понял по глазам [интуитивное понимание],EXTENDED,manual_expanded,1,пограничная формула: проверять вручную,расширенный фразовый маркер для поиска когнитивных контекстов
PHR_661,PHRASE,интуитивное понимание,UNDERSTAND,PHRASE,понял по голосу,понять по голосу,понял по голосу [интуитивное понимание],EXTENDED,manual_expanded,1,пограничная формула: проверять вручную,расширенный фразовый маркер для поиска когнитивных контекстов
PHR_662,PHRASE,интуитивное понимание,UNDERSTAND,PHRASE,понял по лицу,понять по лицу,понял по лицу [интуитивное понимание],EXTENDED,manual_expanded,1,пограничная формула: проверять вручную,расширенный фразовый маркер для поиска когнитивных контекстов
PHR_663,PHRASE,интуитивное понимание,UNDERSTAND,PHRASE,сердцем понял,сердцем понять,сердцем понял [интуитивное понимание],EXTENDED,manual_expanded,1,пограничная формула: проверять вручную,расширенный фразовый маркер для поиска когнитивных контекстов
PHR_664,PHRASE,интуитивное понимание,INTUITIVE_KNOWING,PHRASE,сердцем угадал,сердцем угадал,сердцем угадал [интуитивное понимание],EXTENDED,manual_expanded,1,пограничная формула: проверять вручную,расширенный фразовый маркер для поиска когнитивных контекстов
PHR_665,PHRASE,интуитивное понимание,UNDERSTAND,PHRASE,нутром понял,нутром понять,нутром понял [интуитивное понимание],EXTENDED,manual_expanded,1,пограничная формула: проверять вручную,расширенный фразовый маркер для поиска когнитивных контекстов
PHR_666,PHRASE,эмоционально окрашенная мысль,ЭМОЦИОНАЛЬНО_ОКРАШЕННАЯ_МЫСЛЬ,PHRASE,тревожная мысль,тревожная мысль,тревожная мысль [эмоционально окрашенная мысль],EXTENDED,manual_expanded,1,пограничная формула: проверять вручную,расширенный фразовый маркер для поиска когнитивных контекстов
PHR_667,PHRASE,эмоционально окрашенная мысль,ЭМОЦИОНАЛЬНО_ОКРАШЕННАЯ_МЫСЛЬ,PHRASE,страшная мысль,страшная мысль,страшная мысль [эмоционально окрашенная мысль],EXTENDED,manual_expanded,1,пограничная формула: проверять вручную,расширенный фразовый маркер для поиска когнитивных контекстов
PHR_668,PHRASE,эмоционально окрашенная мысль,ЭМОЦИОНАЛЬНО_ОКРАШЕННАЯ_МЫСЛЬ,PHRASE,горькая мысль,горькая мысль,горькая мысль [эмоционально окрашенная мысль],EXTENDED,manual_expanded,1,пограничная формула: проверять вручную,расширенный фразовый маркер для поиска когнитивных контекстов
PHR_669,PHRASE,эмоционально окрашенная мысль,ЭМОЦИОНАЛЬНО_ОКРАШЕННАЯ_МЫСЛЬ,PHRASE,тяжелая мысль,тяжелая мысль,тяжелая мысль [эмоционально окрашенная мысль],EXTENDED,manual_expanded,1,пограничная формула: проверять вручную,расширенный фразовый маркер для поиска когнитивных контекстов
PHR_670,PHRASE,эмоционально окрашенная мысль,ЭМОЦИОНАЛЬНО_ОКРАШЕННАЯ_МЫСЛЬ,PHRASE,мучительная мысль,мучительная мысль,мучительная мысль [эмоционально окрашенная мысль],EXTENDED,manual_expanded,1,пограничная формула: проверять вручную,расширенный фразовый маркер для поиска когнитивных контекстов
PHR_671,PHRASE,эмоционально окрашенная мысль,ЭМОЦИОНАЛЬНО_ОКРАШЕННАЯ_МЫСЛЬ,PHRASE,неприятная мысль,неприятная мысль,неприятная мысль [эмоционально окрашенная мысль],EXTENDED,manual_expanded,1,пограничная формула: проверять вручную,расширенный фразовый маркер для поиска когнитивных контекстов
PHR_672,PHRASE,эмоционально окрашенная мысль,ЭМОЦИОНАЛЬНО_ОКРАШЕННАЯ_МЫСЛЬ,PHRASE,радостная мысль,радостная мысль,радостная мысль [эмоционально окрашенная мысль],EXTENDED,manual_expanded,1,пограничная формула: проверять вручную,расширенный фразовый маркер для поиска когнитивных контекстов
PHR_673,PHRASE,эмоционально окрашенная мысль,ЭМОЦИОНАЛЬНО_ОКРАШЕННАЯ_МЫСЛЬ,PHRASE,светлая мысль,светлая мысль,светлая мысль [эмоционально окрашенная мысль],EXTENDED,manual_expanded,1,пограничная формула: проверять вручную,расширенный фразовый маркер для поиска когнитивных контекстов
PHR_674,PHRASE,эмоционально окрашенная мысль,ЭМОЦИОНАЛЬНО_ОКРАШЕННАЯ_МЫСЛЬ,PHRASE,темная мысль,темная мысль,темная мысль [эмоционально окрашенная мысль],EXTENDED,manual_expanded,1,пограничная формула: проверять вручную,расширенный фразовый маркер для поиска когнитивных контекстов
PHR_675,PHRASE,эмоционально окрашенная мысль,ЭМОЦИОНАЛЬНО_ОКРАШЕННАЯ_МЫСЛЬ,PHRASE,дурная мысль,дурная мысль,дурная мысль [эмоционально окрашенная мысль],EXTENDED,manual_expanded,1,пограничная формула: проверять вручную,расширенный фразовый маркер для поиска когнитивных контекстов
PHR_676,PHRASE,эмоционально окрашенная мысль,ЭМОЦИОНАЛЬНО_ОКРАШЕННАЯ_МЫСЛЬ,PHRASE,беспокойная мысль,беспокойная мысль,беспокойная мысль [эмоционально окрашенная мысль],EXTENDED,manual_expanded,1,пограничная формула: проверять вручную,расширенный фразовый маркер для поиска когнитивных контекстов
PHR_677,PHRASE,эмоционально окрашенная мысль,ЭМОЦИОНАЛЬНО_ОКРАШЕННАЯ_МЫСЛЬ,PHRASE,дикая мысль,дикая мысль,дикая мысль [эмоционально окрашенная мысль],EXTENDED,manual_expanded,1,пограничная формула: проверять вручную,расширенный фразовый маркер для поиска когнитивных контекстов
PHR_678,PHRASE,эмоционально окрашенная мысль,ЭМОЦИОНАЛЬНО_ОКРАШЕННАЯ_МЫСЛЬ,PHRASE,острая мысль,острая мысль,острая мысль [эмоционально окрашенная мысль],EXTENDED,manual_expanded,1,пограничная формула: проверять вручную,расширенный фразовый маркер для поиска когнитивных контекстов
PHR_679,PHRASE,эмоционально окрашенная мысль,ЭМОЦИОНАЛЬНО_ОКРАШЕННАЯ_МЫСЛЬ,PHRASE,смутная мысль,смутная мысль,смутная мысль [эмоционально окрашенная мысль],EXTENDED,manual_expanded,1,пограничная формула: проверять вручную,расширенный фразовый маркер для поиска когнитивных контекстов
PHR_680,PHRASE,эмоционально окрашенная мысль,ЭМОЦИОНАЛЬНО_ОКРАШЕННАЯ_МЫСЛЬ,PHRASE,ясная мысль,ясная мысль,ясная мысль [эмоционально окрашенная мысль],EXTENDED,manual_expanded,1,пограничная формула: проверять вручную,расширенный фразовый маркер для поиска когнитивных контекстов
PHR_681,PHRASE,эмоционально окрашенная мысль,ЭМОЦИОНАЛЬНО_ОКРАШЕННАЯ_МЫСЛЬ,PHRASE,одна мысль,одна мысль,одна мысль [эмоционально окрашенная мысль],EXTENDED,manual_expanded,1,пограничная формула: проверять вручную,расширенный фразовый маркер для поиска когнитивных контекстов
PHR_682,PHRASE,эмоционально окрашенная мысль,ЭМОЦИОНАЛЬНО_ОКРАШЕННАЯ_МЫСЛЬ,PHRASE,последняя мысль,последняя мысль,последняя мысль [эмоционально окрашенная мысль],EXTENDED,manual_expanded,1,пограничная формула: проверять вручную,расширенный фразовый маркер для поиска когнитивных контекстов
PHR_683,PHRASE,эмоционально окрашенная мысль,ЭМОЦИОНАЛЬНО_ОКРАШЕННАЯ_МЫСЛЬ,PHRASE,первая мысль,первая мысль,первая мысль [эмоционально окрашенная мысль],EXTENDED,manual_expanded,1,пограничная формула: проверять вручную,расширенный фразовый маркер для поиска когнитивных контекстов
PHR_684,PHRASE,эмоционально окрашенная мысль,ЭМОЦИОНАЛЬНО_ОКРАШЕННАЯ_МЫСЛЬ,PHRASE,главная мысль,главная мысль,главная мысль [эмоционально окрашенная мысль],EXTENDED,manual_expanded,1,пограничная формула: проверять вручную,расширенный фразовый маркер для поиска когнитивных контекстов
PHR_685,PHRASE,эмоционально окрашенная мысль,ЭМОЦИОНАЛЬНО_ОКРАШЕННАЯ_МЫСЛЬ,PHRASE,тайная мысль,тайная мысль,тайная мысль [эмоционально окрашенная мысль],EXTENDED,manual_expanded,1,пограничная формула: проверять вручную,расширенный фразовый маркер для поиска когнитивных контекстов
PHR_686,PHRASE,эмоционально окрашенная мысль,ЭМОЦИОНАЛЬНО_ОКРАШЕННАЯ_МЫСЛЬ,PHRASE,затаенная мысль,затаенная мысль,затаенная мысль [эмоционально окрашенная мысль],EXTENDED,manual_expanded,1,пограничная формула: проверять вручную,расширенный фразовый маркер для поиска когнитивных контекстов
S1_001,S1,процесс размышления,WORD_CORE,WORD,думать,думать,думать [процесс размышления],CORE,curated,1,,core
S1_002,S1,инициация мысли,WORD_CORE,WORD,подумать,подумать,подумать [инициация мысли],CORE,curated,1,,"core (requires noise filter for particle ""подумаешь"")"
S1_003,S1,инициация мысли,WORD_CORE,WORD,задуматься,задуматься,задуматься [инициация мысли],CORE,curated,1,,core
S1_004,S1,решение,WORD_CORE,WORD,решить,решить,решить [решение],CORE,curated,1,,core
S1_005,S1,решение,WORD_CORE,WORD,решать,решать,решать [решение],CORE,curated,1,,imperfective (process of deciding)
S1_006,S1,процесс размышления,WORD_CORE,WORD,размышлять,размышлять,размышлять [процесс размышления],CORE,curated,1,,
S1_007,S1,процесс размышления,WORD_CORE,WORD,раздумывать,раздумывать,раздумывать [процесс размышления],CORE,curated,1,,
S1_008,S1,процесс размышления,WORD_CORE,WORD,обдумывать,обдумывать,обдумывать [процесс размышления],CORE,curated,1,,
S1_009,S1,сомнение / колебание,WORD_CORE,WORD,сомнение,сомнение,сомнение [сомнение / колебание],CORE,curated,1,,
S1_010,S1,сомнение / колебание,WORD_CORE,WORD,колебаться,колебаться,колебаться [сомнение / колебание],CORE,curated,1,,
S1_011,S1,мысленный акт/реплика,WORD_CORE,WORD,мысль,мысль,мысль [мысленный акт/реплика],CORE,curated,1,,required by supervisor
S1_012,S1,мысленный акт/реплика,WORD_CORE,WORD,мысленно,мысленно,мысленно [мысленный акт/реплика],CORE,curated,1,,
S1_013,S1,мысленный акт/реплика,WORD_CORE,WORD,мыслить,мыслить,мыслить [мысленный акт/реплика],CORE,curated,1,,
S1_014,S1,память / воспоминание,WORD_CORE,WORD,вспомнить,вспомнить,вспомнить [память / воспоминание],CORE,curated,1,,required by supervisor example
S1_015,S1,память / воспоминание,WORD_CORE,WORD,припомнить,припомнить,припомнить [память / воспоминание],CORE,curated,1,,
S1_016,S1,память / воспоминание,WORD_CORE,WORD,помнить,помнить,помнить [память / воспоминание],CORE,curated,1,,
S1_017,S1,понимание / ясность,WORD_CORE,WORD,понять,понять,понять [понимание / ясность],CORE,curated,1,,
S1_018,S1,понимание / ясность,WORD_CORE,WORD,осознать,осознать,осознать [понимание / ясность],CORE,curated,1,,
S1_019,S1,понимание / ясность,WORD_CORE,WORD,уразуметь,уразуметь,уразуметь [понимание / ясность],CORE,curated,1,,
S1_020,S1,понимание / ясность,WORD_CORE,WORD,ясно,ясно,ясно [понимание / ясность],CORE,curated,1,,"predicative marker (""стало ясно"")"
S1_021,S1,рассуждение / вывод,WORD_CORE,WORD,рассуждать,рассуждать,рассуждать [рассуждение / вывод],CORE,curated,1,,
S1_022,S1,рассуждение / вывод,WORD_CORE,WORD,сообразить,сообразить,сообразить [рассуждение / вывод],CORE,curated,1,,
S1_023,S1,рассуждение / вывод,WORD_CORE,WORD,пораскинуть,пораскинуть,пораскинуть [рассуждение / вывод],CORE,curated,1,,"used in phrase with ""мозгами"""
S1_024,S1,намерение/мысль о действии,WORD_CORE,WORD,намереваться,намереваться,намереваться [намерение/мысль о действии],CORE,curated,1,,
S1_025,S1,мнение/суждение,WORD_CORE,WORD,полагать,полагать,полагать [мнение/суждение],CORE,curated,1,,optional (can be noisy)
