id,microtheme,phrase_family,phrase_text,pattern_lemmas,precision_level,source_type,enabled,risk_comment,comment
PHR_001,инициация мысли,COME_TO_MIND,прийти на ум,прийти на ум,CORE,manual_existing,1,,исходный фразовый маркер
PHR_002,инициация мысли,COME_TO_MIND,прийти в голову,прийти в голова,CORE,manual_existing,1,,устойчивая когнитивная формула
PHR_003,инициация мысли,ИНИЦИАЦИЯ_МЫСЛИ,пришла мысль,прийти мысль,CORE,manual_existing,1,,вариант формулы появления мысли
PHR_004,инициация мысли,FLASH_THOUGHT,мелькнуть в голове,мелькнуть в голова,CORE,manual_existing,1,,исходный фразовый маркер
PHR_005,инициация мысли,FLASH_THOUGHT,мелькнула мысль,мелькнуть мысль,CORE,manual_existing,1,,вариант формулы появления мысли
PHR_006,инициация мысли,ИНИЦИАЦИЯ_МЫСЛИ,возникла мысль,возникнуть мысль,CORE,manual_existing,1,,появление мысли
PHR_007,инициация мысли,ИНИЦИАЦИЯ_МЫСЛИ,явилась мысль,явиться мысль,CORE,manual_existing,1,,появление мысли
PHR_008,инициация мысли,ИНИЦИАЦИЯ_МЫСЛИ,родилась мысль,родиться мысль,CORE,manual_existing,1,,появление мысли
PHR_009,инициация мысли,ИНИЦИАЦИЯ_МЫСЛИ,зародилась мысль,зародиться мысль,CORE,manual_existing,1,,появление мысли
PHR_010,инициация мысли,ИНИЦИАЦИЯ_МЫСЛИ,шевельнулась мысль,шевельнуться мысль,CORE,manual_existing,1,,появление мысли
PHR_011,инициация мысли,FLASH_THOUGHT,мысль мелькнула,мысль мелькнуть,CORE,manual_existing,1,,инверсивный вариант
PHR_012,инициация мысли,ИНИЦИАЦИЯ_МЫСЛИ,мысль пришла,мысль прийти,CORE,manual_existing,1,,инверсивный вариант
PHR_013,инициация мысли,ИНИЦИАЦИЯ_МЫСЛИ,мысль возникла,мысль возникнуть,CORE,manual_existing,1,,инверсивный вариант
PHR_014,инициация мысли,ИНИЦИАЦИЯ_МЫСЛИ,неожиданная мысль,неожиданный мысль,CORE,manual_existing,1,,номинативный вариант
PHR_015,инициация мысли,ИНИЦИАЦИЯ_МЫСЛИ,одна мысль,один мысль,CORE,manual_existing,1,,номинативный вариант
PHR_016,процесс размышления,THINK_INTENSIVE,долго думать,долго думать,CORE,manual_existing,1,,интенсивность/протяженность мышления
PHR_017,процесс размышления,THINK_GENERAL,крепко думать,крепко думать,CORE,manual_existing,1,,интенсивность размышления
PHR_018,процесс размышления,THINK_INTENSIVE,тяжело думать,тяжело думать,CORE,manual_existing,1,,эмоционально окрашенное размышление
PHR_019,процесс размышления,THINK_GENERAL,молча думать,молча думать,CORE,manual_existing,1,,внутренняя концентрация
PHR_020,процесс размышления,THINK_INTENSIVE,думать долго,думать долго,CORE,manual_existing,1,,инверсивный вариант
PHR_021,процесс размышления,THINK_GENERAL,думать крепко,думать крепко,CORE,manual_existing,1,,инверсивный вариант
PHR_022,процесс размышления,THINK_GENERAL,начать думать,начать думать,CORE,manual_existing,1,,начало мыслительного процесса
PHR_023,процесс размышления,THINK_GENERAL,продолжать думать,продолжать думать,CORE,manual_existing,1,,продолжение мыслительного процесса
PHR_024,процесс размышления,THINK_GENERAL,перестать думать,перестать думать,CORE,manual_existing,1,,прекращение мыслительного процесса
PHR_025,процесс размышления,THINK_GENERAL,заставить думать,заставить думать,CORE,manual_existing,1,,каузированное размышление
PHR_026,процесс размышления,THINK_GENERAL,думать об этом,думать о это,CORE,manual_existing,1,,предмет размышления
PHR_027,процесс размышления,THINK_GENERAL,думать о том,думать о то,CORE,manual_existing,1,,предмет размышления
PHR_028,процесс размышления,THINK_GENERAL,думать про себя,думать про себя,CORE,manual_existing,1,,внутренний мыслительный процесс
PHR_029,процесс размышления,REFLECT_GENERAL,размышлять о,размышлять о,CORE,manual_existing,1,,аналитическое размышление
PHR_030,процесс размышления,REFLECT_GENERAL,раздумывать о,раздумывать о,CORE,manual_existing,1,,аналитическое размышление
PHR_031,процесс размышления,REFLECT_GENERAL,обдумывать дело,обдумывать дело,CORE,manual_existing,1,,обдумывание ситуации
PHR_032,процесс размышления,HEAD_MIND,погрузиться в думы,погрузиться в дума,CORE,manual_existing,1,,состояние размышления
PHR_033,процесс размышления,HEAD_MIND,уйти в думы,уйти в дума,CORE,manual_existing,1,,состояние размышления
PHR_034,процесс размышления,REFLECT_GENERAL,сидеть в раздумье,сидеть в раздумье,CORE,manual_existing,1,,состояние размышления
PHR_035,внутренняя речь,INNER_SPEECH,мысленно проговорил,мысленно проговорить,EXTENDED,manual_existing,1,,исходный пример руководителя
PHR_036,внутренняя речь,INNER_SPEECH,мысленно сказал,мысленно сказать,EXTENDED,manual_existing,1,,внутренняя реплика
PHR_037,внутренняя речь,INNER_SPEECH,мысленно произнес,мысленно произнести,EXTENDED,manual_existing,1,,внутренняя реплика
PHR_038,внутренняя речь,INNER_SPEECH,мысленно повторил,мысленно повторить,EXTENDED,manual_existing,1,,внутреннее повторение
PHR_039,внутренняя речь,INNER_SPEECH,сказал про себя,сказать про себя,EXTENDED,manual_existing,1,,внутренняя речь
PHR_040,внутренняя речь,INNER_SPEECH,проговорил про себя,проговорить про себя,EXTENDED,manual_existing,1,,внутренняя речь
PHR_041,внутренняя речь,INNER_SPEECH,повторил про себя,повторить про себя,EXTENDED,manual_existing,1,,внутренняя речь
PHR_042,внутренняя речь,THINK_GENERAL,подумал про себя,подумать про себя,EXTENDED,manual_existing,1,,внутренняя мысль
PHR_043,внутренняя речь,ВНУТРЕННЯЯ_РЕЧЬ,спросил себя,спросить себя,EXTENDED,manual_existing,1,,внутренний вопрос
PHR_044,внутренняя речь,ВНУТРЕННЯЯ_РЕЧЬ,спрашивал себя,спрашивать себя,EXTENDED,manual_existing,1,,внутренний вопрос
PHR_045,внутренняя речь,ВНУТРЕННЯЯ_РЕЧЬ,твердил себе,твердить себя,EXTENDED,manual_existing,1,,внутреннее повторение
PHR_046,внутренняя речь,DECIDE,решил про себя,решить про себя,EXTENDED,manual_existing,1,,внутреннее решение
PHR_047,память / воспоминание,MEMORY_SURFACE,восстановил в памяти,восстановить в память,CORE,manual_existing,1,,исходный пример руководителя
PHR_048,память / воспоминание,REMEMBER,вспомнить разговор,вспомнить разговор,CORE,manual_existing,1,,предмет воспоминания
PHR_049,память / воспоминание,REMEMBER,вспомнить всё,вспомнить всё,CORE,manual_existing,1,,полное воспоминание
PHR_050,память / воспоминание,REMEMBER,вдруг вспомнить,вдруг вспомнить,CORE,manual_existing,1,,внезапное воспоминание
PHR_051,память / воспоминание,REMEMBER,сразу вспомнить,сразу вспомнить,CORE,manual_existing,1,,быстрое воспоминание
PHR_052,память / воспоминание,REMEMBER,припомнить вдруг,припомнить вдруг,CORE,manual_existing,1,,внезапное припоминание
PHR_053,память / воспоминание,REMEMBER,припомнить всё,припомнить всё,CORE,manual_existing,1,,полное припоминание
PHR_054,память / воспоминание,MEMORY_SURFACE,всплыть в памяти,всплыть в память,CORE,manual_existing,1,,восстановление в памяти
PHR_055,память / воспоминание,MEMORY_SURFACE,воскреснуть в памяти,воскреснуть в память,CORE,manual_existing,1,,восстановление в памяти
PHR_056,память / воспоминание,MEMORY_SURFACE,остаться в памяти,остаться в память,CORE,manual_existing,1,,удержание памяти
PHR_057,память / воспоминание,MEMORY_SURFACE,держать в памяти,держать в память,CORE,manual_existing,1,,удержание памяти
PHR_058,память / воспоминание,MEMORY_SURFACE,хранить в памяти,хранить в память,CORE,manual_existing,1,,удержание памяти
PHR_059,память / воспоминание,MEMORY_SURFACE,пришло на память,прийти на память,CORE,manual_existing,1,,формула воспоминания
PHR_060,память / воспоминание,ПАМЯТЬ_ВОСПОМИНАНИЕ,не забывать,не забывать,CORE,manual_existing,1,,отрицательная память
PHR_061,понимание / ясность,BECOME_CLEAR,стало ясно,стать ясно,CORE,manual_existing,1,,исходный пример руководителя
PHR_062,понимание / ясность,ПОНИМАНИЕ_ЯСНОСТЬ,сделалось ясно,сделаться ясно,CORE,manual_existing,1,,вариант ясности
PHR_063,понимание / ясность,ПОНИМАНИЕ_ЯСНОСТЬ,стало понятно,стать понятно,CORE,manual_existing,1,,формула понимания
PHR_064,понимание / ясность,ПОНИМАНИЕ_ЯСНОСТЬ,сделалось понятно,сделаться понятно,CORE,manual_existing,1,,формула понимания
PHR_065,понимание / ясность,UNDERSTAND,понять наконец,понять наконец,CORE,manual_existing,1,,завершение понимания
PHR_066,понимание / ясность,UNDERSTAND,наконец понять,наконец понять,CORE,manual_existing,1,,завершение понимания
PHR_067,понимание / ясность,UNDERSTAND,вдруг понять,вдруг понять,CORE,manual_existing,1,,внезапное понимание
PHR_068,понимание / ясность,UNDERSTAND,сразу понять,сразу понять,CORE,manual_existing,1,,быстрое понимание
PHR_069,понимание / ясность,UNDERSTAND,ясно понять,ясно понять,CORE,manual_existing,1,,осознанное понимание
PHR_070,понимание / ясность,UNDERSTAND,понять одно,понять один,CORE,manual_existing,1,,формула вывода
PHR_071,понимание / ясность,HEAD_MIND,уразуметь наконец,уразуметь наконец,CORE,manual_existing,1,,понимание
PHR_072,понимание / ясность,ПОНИМАНИЕ_ЯСНОСТЬ,дошло до сознания,дойти до сознание,CORE,manual_existing,1,,осознание
PHR_073,понимание / ясность,ПОНИМАНИЕ_ЯСНОСТЬ,дошло до него,дойти до он,CORE,manual_existing,1,,осознание через местоимение
PHR_074,понимание / ясность,PRACTICAL_INTELLECTION,догадаться сразу,догадаться сразу,CORE,manual_existing,1,,быстрая догадка
PHR_075,понимание / ясность,PRACTICAL_INTELLECTION,догадаться вдруг,догадаться вдруг,CORE,manual_existing,1,,внезапная догадка
PHR_076,решение / намерение,DECIDE,принять решение,принять решение,CORE,manual_existing,1,,принятие решения
PHR_077,решение / намерение,DECIDE,решил окончательно,решить окончательно,CORE,manual_existing,1,,окончательное решение
PHR_078,решение / намерение,DECIDE,окончательно решил,окончательно решить,CORE,manual_existing,1,,окончательное решение
PHR_079,решение / намерение,DECIDE,твердо решил,твердо решить,CORE,manual_existing,1,,твердое решение
PHR_080,решение / намерение,DECIDE,решил идти,решить идти,CORE,manual_existing,1,,решение действия
PHR_081,решение / намерение,DECIDE,решил сделать,решить сделать,CORE,manual_existing,1,,решение действия
PHR_082,решение / намерение,DECIDE,решиться на,решиться на,CORE,manual_existing,1,,волевое решение
PHR_083,решение / намерение,THINK_GENERAL,надумал идти,надумать идти,CORE,manual_existing,1,,намерение
PHR_084,решение / намерение,THINK_GENERAL,надумал сделать,надумать сделать,CORE,manual_existing,1,,намерение
PHR_085,решение / намерение,THINK_GENERAL,задумал сделать,задумать сделать,CORE,manual_existing,1,,замысел
PHR_086,решение / намерение,РЕШЕНИЕ_НАМЕРЕНИЕ,собрался идти,собраться идти,CORE,manual_existing,1,,намерение
PHR_087,решение / намерение,THINK_GENERAL,передумал идти,передумать идти,CORE,manual_existing,1,,смена решения
PHR_088,сомнение / колебание,СОМНЕНИЕ_КОЛЕБАНИЕ,взять сомнение,взять сомнение,CORE,manual_existing,1,,появление сомнения
PHR_089,сомнение / колебание,СОМНЕНИЕ_КОЛЕБАНИЕ,сомнение взяло,сомнение взять,CORE,manual_existing,1,,инверсивный вариант
PHR_090,сомнение / колебание,OBSESSIVE_THOUGHT,мучить сомнение,мучить сомнение,CORE,manual_existing,1,,состояние сомнения
PHR_091,сомнение / колебание,СОМНЕНИЕ_КОЛЕБАНИЕ,быть в сомнении,быть в сомнение,CORE,manual_existing,1,,состояние сомнения
PHR_092,сомнение / колебание,СОМНЕНИЕ_КОЛЕБАНИЕ,оставаться в сомнении,оставаться в сомнение,CORE,manual_existing,1,,состояние сомнения
PHR_093,сомнение / колебание,THINK_GENERAL,не знать что думать,не знать что думать,CORE,manual_existing,1,,метарефлексия
PHR_094,сомнение / колебание,HESITATE,колебаться между,колебаться между,CORE,manual_existing,1,,колебание выбора
PHR_095,сомнение / колебание,DOUBT,засомневаться в,засомневаться в,CORE,manual_existing,1,,начало сомнения
PHR_096,рассуждение / вывод,РАССУЖДЕНИЕ_ВЫВОД,рассудить так,рассудить так,EXTENDED,manual_existing,1,,логическое заключение
PHR_097,рассуждение / вывод,РАССУЖДЕНИЕ_ВЫВОД,рассуждать о,рассуждать о,EXTENDED,manual_existing,1,,рассуждение
PHR_098,рассуждение / вывод,PROMPT_TO_THINK,сообразить сразу,сообразить сразу,EXTENDED,manual_existing,1,,быстрое соображение
PHR_099,рассуждение / вывод,PROMPT_TO_THINK,сообразить что,сообразить что,EXTENDED,manual_existing,1,,соображение
PHR_100,рассуждение / вывод,HEAD_MIND,прикинуть в уме,прикинуть в ум,EXTENDED,manual_existing,1,,ментальная оценка
PHR_101,рассуждение / вывод,PRACTICAL_INTELLECTION,смекнуть дело,смекнуть дело,EXTENDED,manual_existing,1,,догадка/соображение
PHR_102,рассуждение / вывод,РАССУЖДЕНИЕ_ВЫВОД,сделать вывод,сделать вывод,EXTENDED,manual_existing,1,,логический вывод
PHR_103,рассуждение / вывод,РАССУЖДЕНИЕ_ВЫВОД,прийти к выводу,прийти к вывод,EXTENDED,manual_existing,1,,логический вывод
PHR_104,рассуждение / вывод,РАССУЖДЕНИЕ_ВЫВОД,счесть нужным,счесть нужный,EXTENDED,manual_existing,1,,оценочное решение
PHR_105,рассуждение / вывод,РАССУЖДЕНИЕ_ВЫВОД,счесть возможным,счесть возможный,EXTENDED,manual_existing,1,,оценочное решение
PHR_106,фразеология мышления,HEAD_MIND,пораскинуть мозгами,пораскинуть мозг,EXTENDED,manual_existing,1,,исходный пример руководителя
PHR_107,фразеология мышления,HEAD_MIND,выкинуть из головы,выкинуть из голова,EXTENDED,manual_existing,1,,устойчивый оборот
PHR_108,фразеология мышления,HEAD_MIND,не выходит из головы,не выходить из голова,EXTENDED,manual_existing,1,,устойчивый оборот
PHR_109,фразеология мышления,HEAD_MIND,держать в голове,держать в голова,EXTENDED,manual_existing,1,,устойчивый оборот
PHR_110,фразеология мышления,HEAD_MIND,ломать голову,ломать голова,EXTENDED,manual_existing,1,,устойчивый оборот
PHR_111,фразеология мышления,OBSESSIVE_THOUGHT,не давать покоя,не давать покой,EXTENDED,manual_existing,1,,устойчивый оборот
PHR_112,фразеология мышления,HEAD_MIND,раскинуть умом,раскинуть ум,EXTENDED,manual_existing,1,,устойчивый оборот
PHR_113,фразеология мышления,HEAD_MIND,прикинуть умом,прикинуть ум,EXTENDED,manual_existing,1,,устойчивый оборот
PHR_114,фразеология мышления,HEAD_MIND,дойти своим умом,дойти свой ум,EXTENDED,manual_existing,1,,устойчивый оборот
PHR_115,фразеология мышления,HEAD_MIND,держать в уме,держать в ум,EXTENDED,manual_existing,1,,устойчивый оборот
PHR_116,фразеология мышления,HEAD_MIND,взять в ум,взять в ум,EXTENDED,manual_existing,1,,устойчивый оборот
PHR_117,фразеология мышления,HEAD_MIND,на ум нейдет,на ум идти,EXTENDED,manual_existing,1,,вариант с отрицанием
PHR_118,фразеология мышления,HEAD_MIND,из головы не шло,из голова не идти,EXTENDED,manual_existing,1,,вариант с отрицанием
PHR_119,фразеология мышления,HEAD_MIND,голова кругом идет,голова кругом идти,EXPERIMENTAL,manual_existing,1,,пограничный когнитивный оборот
PHR_120,эмоционально окрашенная мысль,ЭМОЦИОНАЛЬНО_ОКРАШЕННАЯ_МЫСЛЬ,тревожная мысль,тревожный мысль,EXTENDED,manual_existing,1,,мысль с эмоциональной окраской
PHR_121,эмоционально окрашенная мысль,ЭМОЦИОНАЛЬНО_ОКРАШЕННАЯ_МЫСЛЬ,страшная мысль,страшный мысль,EXTENDED,manual_existing,1,,мысль с эмоциональной окраской
PHR_122,эмоционально окрашенная мысль,ЭМОЦИОНАЛЬНО_ОКРАШЕННАЯ_МЫСЛЬ,горькая мысль,горький мысль,EXTENDED,manual_existing,1,,мысль с эмоциональной окраской
PHR_123,эмоционально окрашенная мысль,ЭМОЦИОНАЛЬНО_ОКРАШЕННАЯ_МЫСЛЬ,тяжелая мысль,тяжелый мысль,EXTENDED,manual_existing,1,,мысль с эмоциональной окраской
PHR_124,эмоционально окрашенная мысль,ЭМОЦИОНАЛЬНО_ОКРАШЕННАЯ_МЫСЛЬ,одна только мысль,один только мысль,EXTENDED,manual_existing,1,,концентрированное переживание
PHR_125,процесс размышления,THINK_GENERAL,стал думать,стать думать,CORE,manual_expanded,1,,расширенный фразовый маркер для поиска когнитивных контекстов
PHR_126,процесс размышления,THINK_GENERAL,начал думать,начал думать,CORE,manual_expanded,1,,расширенный фразовый маркер для поиска когнитивных контекстов
PHR_127,процесс размышления,THINK_GENERAL,начала думать,начала думать,CORE,manual_expanded,1,,расширенный фразовый маркер для поиска когнитивных контекстов
PHR_128,процесс размышления,THINK_GENERAL,принялся думать,принялся думать,CORE,manual_expanded,1,,расширенный фразовый маркер для поиска когнитивных контекстов
PHR_129,процесс размышления,THINK_GENERAL,принялась думать,принялась думать,CORE,manual_expanded,1,,расширенный фразовый маркер для поиска когнитивных контекстов
PHR_130,процесс размышления,THINK_GENERAL,сидел и думал,сидел и думать,CORE,manual_expanded,1,,расширенный фразовый маркер для поиска когнитивных контекстов
PHR_131,процесс размышления,THINK_GENERAL,лежал и думал,лежал и думать,CORE,manual_expanded,1,,расширенный фразовый маркер для поиска когнитивных контекстов
PHR_132,процесс размышления,THINK_GENERAL,ехал и думал,ехал и думать,CORE,manual_expanded,1,,расширенный фразовый маркер для поиска когнитивных контекстов
PHR_133,процесс размышления,THINK_GENERAL,шел и думал,шел и думать,CORE,manual_expanded,1,,расширенный фразовый маркер для поиска когнитивных контекстов
PHR_134,процесс размышления,THINK_GENERAL,молчал и думал,молчал и думать,CORE,manual_expanded,1,,расширенный фразовый маркер для поиска когнитивных контекстов
PHR_135,процесс размышления,THINK_GENERAL,думал о случившемся,думать о случившемся,CORE,manual_expanded,1,,расширенный фразовый маркер для поиска когнитивных контекстов
PHR_136,процесс размышления,THINK_GENERAL,думал об этом,думать об этом,CORE,manual_expanded,1,,расширенный фразовый маркер для поиска когнитивных контекстов
PHR_137,процесс размышления,THINK_GENERAL,думал о своем,думать о своем,CORE,manual_expanded,1,,расширенный фразовый маркер для поиска когнитивных контекстов
PHR_138,процесс размышления,THINK_GENERAL,думал о прошлом,думать о прошлом,CORE,manual_expanded,1,,расширенный фразовый маркер для поиска когнитивных контекстов
PHR_139,процесс размышления,THINK_GENERAL,думал о будущем,думать о будущем,CORE,manual_expanded,1,,расширенный фразовый маркер для поиска когнитивных контекстов
PHR_140,процесс размышления,THINK_GENERAL,думал о жизни,думать о жизни,CORE,manual_expanded,1,,расширенный фразовый маркер для поиска когнитивных контекстов
PHR_141,процесс размышления,THINK_GENERAL,думал о смерти,думать о смерти,CORE,manual_expanded,1,,расширенный фразовый маркер для поиска когнитивных контекстов
PHR_142,процесс размышления,THINK_GENERAL,думал о войне,думать о войне,CORE,manual_expanded,1,,расширенный фразовый маркер для поиска когнитивных контекстов
PHR_143,процесс размышления,THINK_GENERAL,думал о доме,думать о доме,CORE,manual_expanded,1,,расширенный фразовый маркер для поиска когнитивных контекстов
PHR_144,процесс размышления,THINK_GENERAL,думал о семье,думать о семье,CORE,manual_expanded,1,,расширенный фразовый маркер для поиска когнитивных контекстов
PHR_145,процесс размышления,THINK_GENERAL,думал о Наталье,думать о наталье,CORE,manual_expanded,1,,расширенный фразовый маркер для поиска когнитивных контекстов
PHR_146,процесс размышления,THINK_GENERAL,думал об Аксинье,думать об аксинье,CORE,manual_expanded,1,,расширенный фразовый маркер для поиска когнитивных контекстов
PHR_147,процесс размышления,THINK_GENERAL,мрачно думал,мрачно думать,CORE,manual_expanded,1,,расширенный фразовый маркер для поиска когнитивных контекстов
PHR_148,процесс размышления,THINK_GENERAL,угрюмо думал,угрюмо думать,CORE,manual_expanded,1,,расширенный фразовый маркер для поиска когнитивных контекстов
PHR_149,процесс размышления,THINK_INTENSIVE,мучительно думал,мучительно думать,CORE,manual_expanded,1,,расширенный фразовый маркер для поиска когнитивных контекстов
PHR_150,процесс размышления,THINK_GENERAL,напряженно думал,напряженно думать,CORE,manual_expanded,1,,расширенный фразовый маркер для поиска когнитивных контекстов
PHR_151,процесс размышления,THINK_GENERAL,неспокойно думал,неспокойно думать,CORE,manual_expanded,1,,расширенный фразовый маркер для поиска когнитивных контекстов
PHR_152,процесс размышления,THINK_GENERAL,горько думал,горько думать,CORE,manual_expanded,1,,расширенный фразовый маркер для поиска когнитивных контекстов
PHR_153,процесс размышления,THINK_GENERAL,тревожно думал,тревожно думать,CORE,manual_expanded,1,,расширенный фразовый маркер для поиска когнитивных контекстов
PHR_154,процесс размышления,THINK_GENERAL,упорно думал,упорно думать,CORE,manual_expanded,1,,расширенный фразовый маркер для поиска когнитивных контекстов
PHR_155,процесс размышления,THINK_GENERAL,безотвязно думал,безотвязно думать,CORE,manual_expanded,1,,расширенный фразовый маркер для поиска когнитивных контекстов
PHR_156,процесс размышления,THINK_GENERAL,неотступно думал,неотступно думать,CORE,manual_expanded,1,,расширенный фразовый маркер для поиска когнитивных контекстов
PHR_157,процесс размышления,THINK_GENERAL,думал всю дорогу,думать всю дорогу,CORE,manual_expanded,1,,расширенный фразовый маркер для поиска когнитивных контекстов
PHR_158,процесс размышления,THINK_GENERAL,думал всю ночь,думать всю ночь,CORE,manual_expanded,1,,расширенный фразовый маркер для поиска когнитивных контекстов
PHR_159,процесс размышления,THINK_GENERAL,думал до утра,думать до утра,CORE,manual_expanded,1,,расширенный фразовый маркер для поиска когнитивных контекстов
PHR_160,процесс размышления,THINK_GENERAL,думал молча,думать молча,CORE,manual_expanded,1,,расширенный фразовый маркер для поиска когнитивных контекстов
PHR_161,процесс размышления,THINK_GENERAL,думал тяжко,думать тяжко,CORE,manual_expanded,1,,расширенный фразовый маркер для поиска когнитивных контекстов
PHR_162,процесс размышления,THINK_GENERAL,думал хмуро,думать хмуро,CORE,manual_expanded,1,,расширенный фразовый маркер для поиска когнитивных контекстов
PHR_163,процесс размышления,THINK_GENERAL,думал сердито,думать сердито,CORE,manual_expanded,1,,расширенный фразовый маркер для поиска когнитивных контекстов
PHR_164,процесс размышления,THINK_GENERAL,думал с тоской,думать с тоской,CORE,manual_expanded,1,,расширенный фразовый маркер для поиска когнитивных контекстов
PHR_165,процесс размышления,THINK_GENERAL,думал с тревогой,думать с тревогой,CORE,manual_expanded,1,,расширенный фразовый маркер для поиска когнитивных контекстов
PHR_166,процесс размышления,THINK_GENERAL,думал с горечью,думать с горечью,CORE,manual_expanded,1,,расширенный фразовый маркер для поиска когнитивных контекстов
PHR_167,процесс размышления,THINK_GENERAL,думал о казаках,думать о казаках,CORE,manual_expanded,1,,расширенный фразовый маркер для поиска когнитивных контекстов
PHR_168,процесс размышления,THINK_GENERAL,думал о хуторе,думать о хуторе,CORE,manual_expanded,1,,расширенный фразовый маркер для поиска когнитивных контекстов
PHR_169,процесс размышления,THINK_GENERAL,думал о Доне,думать о доне,CORE,manual_expanded,1,,расширенный фразовый маркер для поиска когнитивных контекстов
PHR_170,процесс размышления,THINK_GENERAL,думал о фронте,думать о фронте,CORE,manual_expanded,1,,расширенный фразовый маркер для поиска когнитивных контекстов
PHR_171,процесс размышления,THINK_GENERAL,думал о судьбе,думать о судьбе,CORE,manual_expanded,1,,расширенный фразовый маркер для поиска когнитивных контекстов
PHR_172,процесс размышления,THINK_GENERAL,думал над этим,думать над этим,CORE,manual_expanded,1,,расширенный фразовый маркер для поиска когнитивных контекстов
PHR_173,процесс размышления,THINK_GENERAL,думал над словами,думать над словами,CORE,manual_expanded,1,,расширенный фразовый маркер для поиска когнитивных контекстов
PHR_174,процесс размышления,THINK_GENERAL,думал над ответом,думать над ответом,CORE,manual_expanded,1,,расширенный фразовый маркер для поиска когнитивных контекстов
PHR_175,процесс размышления,THINK_GENERAL,думал над поступком,думать над поступком,CORE,manual_expanded,1,,расширенный фразовый маркер для поиска когнитивных контекстов
PHR_176,процесс размышления,THINK_GENERAL,думал над решением,думать над решением,CORE,manual_expanded,1,,расширенный фразовый маркер для поиска когнитивных контекстов
PHR_177,голова / ум как орган мышления,REFLECT_GENERAL,долго раздумывал,долго раздумывал,EXTENDED,manual_expanded,1,пограничная формула: проверять вручную,расширенный фразовый маркер для поиска когнитивных контекстов
PHR_178,голова / ум как орган мышления,REFLECT_GENERAL,стал раздумывать,стать раздумывать,EXTENDED,manual_expanded,1,пограничная формула: проверять вручную,расширенный фразовый маркер для поиска когнитивных контекстов
PHR_179,голова / ум как орган мышления,REFLECT_GENERAL,начал раздумывать,начал раздумывать,EXTENDED,manual_expanded,1,пограничная формула: проверять вручную,расширенный фразовый маркер для поиска когнитивных контекстов
PHR_180,голова / ум как орган мышления,REFLECT_GENERAL,принялся раздумывать,принялся раздумывать,EXTENDED,manual_expanded,1,пограничная формула: проверять вручную,расширенный фразовый маркер для поиска когнитивных контекстов
PHR_181,голова / ум как орган мышления,REFLECT_GENERAL,раздумывал над этим,раздумывал над этим,EXTENDED,manual_expanded,1,пограничная формула: проверять вручную,расширенный фразовый маркер для поиска когнитивных контекстов
PHR_182,голова / ум как орган мышления,REFLECT_GENERAL,раздумывал о случившемся,раздумывал о случившемся,EXTENDED,manual_expanded,1,пограничная формула: проверять вручную,расширенный фразовый маркер для поиска когнитивных контекстов
PHR_183,голова / ум как орган мышления,REFLECT_GENERAL,раздумывал о жизни,раздумывал о жизни,EXTENDED,manual_expanded,1,пограничная формула: проверять вручную,расширенный фразовый маркер для поиска когнитивных контекстов
PHR_184,голова / ум как орган мышления,REFLECT_GENERAL,раздумывал о войне,раздумывал о войне,EXTENDED,manual_expanded,1,пограничная формула: проверять вручную,расширенный фразовый маркер для поиска когнитивных контекстов
PHR_185,голова / ум как орган мышления,REFLECT_GENERAL,раздумывал о доме,раздумывал о доме,EXTENDED,manual_expanded,1,пограничная формула: проверять вручную,расширенный фразовый маркер для поиска когнитивных контекстов
PHR_186,голова / ум как орган мышления,REFLECT_GENERAL,раздумывал о своем,раздумывал о своем,EXTENDED,manual_expanded,1,пограничная формула: проверять вручную,расширенный фразовый маркер для поиска когнитивных контекстов
PHR_187,голова / ум как орган мышления,REFLECT_GENERAL,молча раздумывал,молча раздумывал,EXTENDED,manual_expanded,1,пограничная формула: проверять вручную,расширенный фразовый маркер для поиска когнитивных контекстов
PHR_188,голова / ум как орган мышления,REFLECT_GENERAL,тяжело раздумывал,тяжело раздумывал,EXTENDED,manual_expanded,1,пограничная формула: проверять вручную,расширенный фразовый маркер для поиска когнитивных контекстов
PHR_189,голова / ум как орган мышления,REFLECT_GENERAL,мучительно раздумывал,мучительно раздумывал,EXTENDED,manual_expanded,1,пограничная формула: проверять вручную,расширенный фразовый маркер для поиска когнитивных контекстов
PHR_190,голова / ум как орган мышления,REFLECT_GENERAL,невесело раздумывал,невесело раздумывал,EXTENDED,manual_expanded,1,пограничная формула: проверять вручную,расширенный фразовый маркер для поиска когнитивных контекстов
PHR_191,голова / ум как орган мышления,REFLECT_GENERAL,размышлял над этим,размышлял над этим,EXTENDED,manual_expanded,1,пограничная формула: проверять вручную,расширенный фразовый маркер для поиска когнитивных контекстов
PHR_192,голова / ум как орган мышления,REFLECT_GENERAL,размышлял о прошлом,размышлял о прошлом,EXTENDED,manual_expanded,1,пограничная формула: проверять вручную,расширенный фразовый маркер для поиска когнитивных контекстов
PHR_193,голова / ум как орган мышления,REFLECT_GENERAL,размышлял о будущем,размышлял о будущем,EXTENDED,manual_expanded,1,пограничная формула: проверять вручную,расширенный фразовый маркер для поиска когнитивных контекстов
PHR_194,голова / ум как орган мышления,REFLECT_GENERAL,размышлял о судьбе,размышлял о судьбе,EXTENDED,manual_expanded,1,пограничная формула: проверять вручную,расширенный фразовый маркер для поиска когнитивных контекстов
PHR_195,голова / ум как орган мышления,REFLECT_GENERAL,размышлял о жизни,размышлял о жизни,EXTENDED,manual_expanded,1,пограничная формула: проверять вручную,расширенный фразовый маркер для поиска когнитивных контекстов
PHR_196,голова / ум как орган мышления,REFLECT_GENERAL,принялся размышлять,принялся размышлять,EXTENDED,manual_expanded,1,пограничная формула: проверять вручную,расширенный фразовый маркер для поиска когнитивных контекстов
PHR_197,голова / ум как орган мышления,REFLECT_GENERAL,начал размышлять,начал размышлять,EXTENDED,manual_expanded,1,пограничная формула: проверять вручную,расширенный фразовый маркер для поиска когнитивных контекстов
PHR_198,голова / ум как орган мышления,REFLECT_GENERAL,долго размышлял,долго размышлял,EXTENDED,manual_expanded,1,пограничная формула: проверять вручную,расширенный фразовый маркер для поиска когнитивных контекстов
PHR_199,голова / ум как орган мышления,REFLECT_GENERAL,обдумывал случившееся,обдумывал случившееся,EXTENDED,manual_expanded,1,пограничная формула: проверять вручную,расширенный фразовый маркер для поиска когнитивных контекстов
PHR_200,голова / ум как орган мышления,REFLECT_GENERAL,обдумывал решение,обдумывал решение,EXTENDED,manual_expanded,1,пограничная формула: проверять вручную,расширенный фразовый маркер для поиска когнитивных контекстов
PHR_201,голова / ум как орган мышления,REFLECT_GENERAL,обдумывал ответ,обдумывал ответ,EXTENDED,manual_expanded,1,пограничная формула: проверять вручную,расширенный фразовый маркер для поиска когнитивных контекстов
PHR_202,голова / ум как орган мышления,REFLECT_GENERAL,обдумывал слова,обдумывал слова,EXTENDED,manual_expanded,1,пограничная формула: проверять вручную,расширенный фразовый маркер для поиска когнитивных контекстов
PHR_203,голова / ум как орган мышления,REFLECT_GENERAL,обдумывал поступок,обдумывал поступок,EXTENDED,manual_expanded,1,пограничная формула: проверять вручную,расширенный фразовый маркер для поиска когнитивных контекстов
PHR_204,голова / ум как орган мышления,REFLECT_GENERAL,обдумывал дорогу,обдумывал дорогу,EXTENDED,manual_expanded,1,пограничная формула: проверять вручную,расширенный фразовый маркер для поиска когнитивных контекстов
PHR_205,голова / ум как орган мышления,REFLECT_GENERAL,обдумывал план,обдумывал план,EXTENDED,manual_expanded,1,пограничная формула: проверять вручную,расширенный фразовый маркер для поиска когнитивных контекстов
PHR_206,голова / ум как орган мышления,REFLECT_GENERAL,обдумывал положение,обдумывал положение,EXTENDED,manual_expanded,1,пограничная формула: проверять вручную,расширенный фразовый маркер для поиска когнитивных контекстов
PHR_207,голова / ум как орган мышления,REFLECT_GENERAL,обдумывал разговор,обдумывал разговор,EXTENDED,manual_expanded,1,пограничная формула: проверять вручную,расширенный фразовый маркер для поиска когнитивных контекстов
PHR_208,голова / ум как орган мышления,REFLECT_GENERAL,обдумывал каждое слово,обдумывал каждое слово,EXTENDED,manual_expanded,1,пограничная формула: проверять вручную,расширенный фразовый маркер для поиска когнитивных контекстов
PHR_209,голова / ум как орган мышления,REFLECT_GENERAL,обдумал все,обдумал все,EXTENDED,manual_expanded,1,пограничная формула: проверять вручную,расширенный фразовый маркер для поиска когнитивных контекстов
PHR_210,голова / ум как орган мышления,REFLECT_GENERAL,обдумал хорошенько,обдумал хорошенько,EXTENDED,manual_expanded,1,пограничная формула: проверять вручную,расширенный фразовый маркер для поиска когнитивных контекстов
PHR_211,голова / ум как орган мышления,ГОЛОВА_УМ_КАК_ОРГАН_МЫШЛЕНИЯ,перебирал мысли,перебирал мысль,EXTENDED,manual_expanded,1,пограничная формула: проверять вручную,расширенный фразовый маркер для поиска когнитивных контекстов
PHR_212,голова / ум как орган мышления,HEAD_MIND,перебирал в уме,перебирал в ум,EXTENDED,manual_expanded,1,пограничная формула: проверять вручную,расширенный фразовый маркер для поиска когнитивных контекстов
PHR_213,голова / ум как орган мышления,ГОЛОВА_УМ_КАК_ОРГАН_МЫШЛЕНИЯ,ворочал мысли,ворочал мысль,EXTENDED,manual_expanded,1,пограничная формула: проверять вручную,расширенный фразовый маркер для поиска когнитивных контекстов
PHR_214,голова / ум как орган мышления,HEAD_MIND,ворочал в голове,ворочал в голова,EXTENDED,manual_expanded,1,пограничная формула: проверять вручную,расширенный фразовый маркер для поиска когнитивных контекстов
PHR_215,голова / ум как орган мышления,ГОЛОВА_УМ_КАК_ОРГАН_МЫШЛЕНИЯ,прикидывал одно к другому,прикидывал одно к другому,EXTENDED,manual_expanded,1,пограничная формула: проверять вручную,расширенный фразовый маркер для поиска когнитивных контекстов
PHR_216,инициация мысли,ИНИЦИАЦИЯ_МЫСЛИ,пришла ему мысль,прийти ему мысль,CORE,manual_expanded,1,,расширенный фразовый маркер для поиска когнитивных контекстов
PHR_217,инициация мысли,COME_TO_MIND,пришла в голову мысль,прийти в голова мысль,CORE,manual_expanded,1,,расширенный фразовый маркер для поиска когнитивных контекстов
PHR_218,инициация мысли,COME_TO_MIND,пришло ему в голову,прийти ему в голова,CORE,manual_expanded,1,,расширенный фразовый маркер для поиска когнитивных контекстов
PHR_219,инициация мысли,COME_TO_MIND,в голову пришло,в голова прийти,CORE,manual_expanded,1,,расширенный фразовый маркер для поиска когнитивных контекстов
PHR_220,инициация мысли,COME_TO_MIND,в голову ему пришло,в голова ему прийти,CORE,manual_expanded,1,,расширенный фразовый маркер для поиска когнитивных контекстов
PHR_221,инициация мысли,FLASH_THOUGHT,мелькнула у него мысль,мелькнуть у него мысль,CORE,manual_expanded,1,,расширенный фразовый маркер для поиска когнитивных контекстов
PHR_222,инициация мысли,FLASH_THOUGHT,мелькнуло в голове,мелькнуло в голова,CORE,manual_expanded,1,,расширенный фразовый маркер для поиска когнитивных контекстов
PHR_223,инициация мысли,FLASH_THOUGHT,промелькнула мысль,промелькнула мысль,CORE,manual_expanded,1,,расширенный фразовый маркер для поиска когнитивных контекстов
PHR_224,инициация мысли,FLASH_THOUGHT,промелькнуло в голове,промелькнуло в голова,CORE,manual_expanded,1,,расширенный фразовый маркер для поиска когнитивных контекстов
PHR_225,инициация мысли,ИНИЦИАЦИЯ_МЫСЛИ,родилась мысль,родилась мысль,CORE,manual_expanded,1,,расширенный фразовый маркер для поиска когнитивных контекстов
PHR_226,инициация мысли,ИНИЦИАЦИЯ_МЫСЛИ,возникло предположение,возникло предположение,CORE,manual_expanded,1,,расширенный фразовый маркер для поиска когнитивных контекстов
PHR_227,инициация мысли,ИНИЦИАЦИЯ_МЫСЛИ,появилась мысль,появилась мысль,CORE,manual_expanded,1,,расширенный фразовый маркер для поиска когнитивных контекстов
PHR_228,инициация мысли,ИНИЦИАЦИЯ_МЫСЛИ,поднялась мысль,поднялась мысль,CORE,manual_expanded,1,,расширенный фразовый маркер для поиска когнитивных контекстов
PHR_229,инициация мысли,ИНИЦИАЦИЯ_МЫСЛИ,вспыхнула мысль,вспыхнула мысль,CORE,manual_expanded,1,,расширенный фразовый маркер для поиска когнитивных контекстов
PHR_230,инициация мысли,ИНИЦИАЦИЯ_МЫСЛИ,шевельнулась мысль,шевельнулась мысль,CORE,manual_expanded,1,,расширенный фразовый маркер для поиска когнитивных контекстов
PHR_231,инициация мысли,HEAD_MIND,шевельнулось в голове,шевельнулось в голова,CORE,manual_expanded,1,,расширенный фразовый маркер для поиска когнитивных контекстов
PHR_232,инициация мысли,ИНИЦИАЦИЯ_МЫСЛИ,забрезжила мысль,забрезжила мысль,CORE,manual_expanded,1,,расширенный фразовый маркер для поиска когнитивных контекстов
PHR_233,инициация мысли,ИНИЦИАЦИЯ_МЫСЛИ,мысль ударила,мысль ударила,CORE,manual_expanded,1,,расширенный фразовый маркер для поиска когнитивных контекстов
PHR_234,инициация мысли,ИНИЦИАЦИЯ_МЫСЛИ,мысль кольнула,мысль кольнула,CORE,manual_expanded,1,,расширенный фразовый маркер для поиска когнитивных контекстов
PHR_235,инициация мысли,ИНИЦИАЦИЯ_МЫСЛИ,мысль остановила,мысль остановила,CORE,manual_expanded,1,,расширенный фразовый маркер для поиска когнитивных контекстов
PHR_236,инициация мысли,ИНИЦИАЦИЯ_МЫСЛИ,мысль зацепилась,мысль зацепилась,CORE,manual_expanded,1,,расширенный фразовый маркер для поиска когнитивных контекстов
PHR_237,инициация мысли,ИНИЦИАЦИЯ_МЫСЛИ,мысль ухватилась,мысль ухватилась,CORE,manual_expanded,1,,расширенный фразовый маркер для поиска когнитивных контекстов
PHR_238,инициация мысли,ИНИЦИАЦИЯ_МЫСЛИ,мысль явилась,мысль явилась,CORE,manual_expanded,1,,расширенный фразовый маркер для поиска когнитивных контекстов
PHR_239,инициация мысли,ИНИЦИАЦИЯ_МЫСЛИ,мысль вспыхнула,мысль вспыхнула,CORE,manual_expanded,1,,расширенный фразовый маркер для поиска когнитивных контекстов
PHR_240,инициация мысли,FLASH_THOUGHT,мысль промелькнула,мысль промелькнула,CORE,manual_expanded,1,,расширенный фразовый маркер для поиска когнитивных контекстов
PHR_241,инициация мысли,ИНИЦИАЦИЯ_МЫСЛИ,мысль шевельнулась,мысль шевельнулась,CORE,manual_expanded,1,,расширенный фразовый маркер для поиска когнитивных контекстов
PHR_242,инициация мысли,ИНИЦИАЦИЯ_МЫСЛИ,мысль родилась,мысль родилась,CORE,manual_expanded,1,,расширенный фразовый маркер для поиска когнитивных контекстов
PHR_243,инициация мысли,ИНИЦИАЦИЯ_МЫСЛИ,мысль поднялась,мысль поднялась,CORE,manual_expanded,1,,расширенный фразовый маркер для поиска когнитивных контекстов
PHR_244,инициация мысли,ИНИЦИАЦИЯ_МЫСЛИ,мысль зашевелилась,мысль зашевелилась,CORE,manual_expanded,1,,расширенный фразовый маркер для поиска когнитивных контекстов
PHR_245,инициация мысли,ИНИЦИАЦИЯ_МЫСЛИ,озарила мысль,озарила мысль,CORE,manual_expanded,1,,расширенный фразовый маркер для поиска когнитивных контекстов
PHR_246,инициация мысли,ИНИЦИАЦИЯ_МЫСЛИ,осенила мысль,осенила мысль,CORE,manual_expanded,1,,расширенный фразовый маркер для поиска когнитивных контекстов
PHR_247,инициация мысли,ИНИЦИАЦИЯ_МЫСЛИ,его осенила мысль,его осенила мысль,CORE,manual_expanded,1,,расширенный фразовый маркер для поиска когнитивных контекстов
PHR_248,инициация мысли,ИНИЦИАЦИЯ_МЫСЛИ,новая мысль пришла,новая мысль прийти,CORE,manual_expanded,1,,расширенный фразовый маркер для поиска когнитивных контекстов
PHR_249,инициация мысли,ИНИЦИАЦИЯ_МЫСЛИ,странная мысль пришла,странная мысль прийти,CORE,manual_expanded,1,,расширенный фразовый маркер для поиска когнитивных контекстов
PHR_250,инициация мысли,ИНИЦИАЦИЯ_МЫСЛИ,тяжелая мысль пришла,тяжелая мысль прийти,CORE,manual_expanded,1,,расширенный фразовый маркер для поиска когнитивных контекстов
PHR_251,инициация мысли,ИНИЦИАЦИЯ_МЫСЛИ,тревожная мысль пришла,тревожная мысль прийти,CORE,manual_expanded,1,,расширенный фразовый маркер для поиска когнитивных контекстов
PHR_252,голова / ум как орган мышления,HEAD_MIND,ему подумалось,ему подумалось,EXTENDED,manual_expanded,1,пограничная формула: проверять вручную,расширенный фразовый маркер для поиска когнитивных контекстов
PHR_253,голова / ум как орган мышления,HEAD_MIND,ей подумалось,ей подумалось,EXTENDED,manual_expanded,1,пограничная формула: проверять вручную,расширенный фразовый маркер для поиска когнитивных контекстов
PHR_254,голова / ум как орган мышления,HEAD_MIND,вдруг подумалось,вдруг подумалось,EXTENDED,manual_expanded,1,пограничная формула: проверять вручную,расширенный фразовый маркер для поиска когнитивных контекстов
PHR_255,голова / ум как орган мышления,HEAD_MIND,тут подумалось,тут подумалось,EXTENDED,manual_expanded,1,пограничная формула: проверять вручную,расширенный фразовый маркер для поиска когнитивных контекстов
PHR_256,голова / ум как орган мышления,HEAD_MIND,подумалось ему,подумалось ему,EXTENDED,manual_expanded,1,пограничная формула: проверять вручную,расширенный фразовый маркер для поиска когнитивных контекстов
PHR_257,голова / ум как орган мышления,HEAD_MIND,подумалось вдруг,подумалось вдруг,EXTENDED,manual_expanded,1,пограничная формула: проверять вручную,расширенный фразовый маркер для поиска когнитивных контекстов
PHR_258,голова / ум как орган мышления,HEAD_MIND,странно подумалось,странно подумалось,EXTENDED,manual_expanded,1,пограничная формула: проверять вручную,расширенный фразовый маркер для поиска когнитивных контекстов
PHR_259,голова / ум как орган мышления,HEAD_MIND,горько подумалось,горько подумалось,EXTENDED,manual_expanded,1,пограничная формула: проверять вручную,расширенный фразовый маркер для поиска когнитивных контекстов
PHR_260,голова / ум как орган мышления,HEAD_MIND,невесело подумалось,невесело подумалось,EXTENDED,manual_expanded,1,пограничная формула: проверять вручную,расширенный фразовый маркер для поиска когнитивных контекстов
PHR_261,голова / ум как орган мышления,HEAD_MIND,тяжело подумалось,тяжело подумалось,EXTENDED,manual_expanded,1,пограничная формула: проверять вручную,расширенный фразовый маркер для поиска когнитивных контекстов
PHR_262,голова / ум как орган мышления,HEAD_MIND,вздумалось ему,вздумалось ему,EXTENDED,manual_expanded,1,пограничная формула: проверять вручную,расширенный фразовый маркер для поиска когнитивных контекстов
PHR_263,голова / ум как орган мышления,HEAD_MIND,вздумалось вдруг,вздумалось вдруг,EXTENDED,manual_expanded,1,пограничная формула: проверять вручную,расширенный фразовый маркер для поиска когнитивных контекстов
PHR_264,голова / ум как орган мышления,COME_TO_MIND,пришло ему на ум,прийти ему на ум,EXTENDED,manual_expanded,1,пограничная формула: проверять вручную,расширенный фразовый маркер для поиска когнитивных контекстов
PHR_265,голова / ум как орган мышления,HEAD_MIND,взбрело в голову,взбрело в голова,EXTENDED,manual_expanded,1,пограничная формула: проверять вручную,расширенный фразовый маркер для поиска когнитивных контекстов
PHR_266,голова / ум как орган мышления,HEAD_MIND,взбрело ему в голову,взбрело ему в голова,EXTENDED,manual_expanded,1,пограничная формула: проверять вручную,расширенный фразовый маркер для поиска когнитивных контекстов
PHR_267,голова / ум как орган мышления,ГОЛОВА_УМ_КАК_ОРГАН_МЫШЛЕНИЯ,показалось ему,показалось ему,EXTENDED,manual_expanded,1,пограничная формула: проверять вручную,расширенный фразовый маркер для поиска когнитивных контекстов
PHR_268,голова / ум как орган мышления,ГОЛОВА_УМ_КАК_ОРГАН_МЫШЛЕНИЯ,стало казаться,стать казаться,EXTENDED,manual_expanded,1,пограничная формула: проверять вручную,расширенный фразовый маркер для поиска когнитивных контекстов
PHR_269,голова / ум как орган мышления,ГОЛОВА_УМ_КАК_ОРГАН_МЫШЛЕНИЯ,начало казаться,начало казаться,EXTENDED,manual_expanded,1,пограничная формула: проверять вручную,расширенный фразовый маркер для поиска когнитивных контекстов
PHR_270,голова / ум как орган мышления,ГОЛОВА_УМ_КАК_ОРГАН_МЫШЛЕНИЯ,чудилось ему,чудилось ему,EXPERIMENTAL,manual_expanded,1,пограничная формула: проверять вручную,расширенный фразовый маркер для поиска когнитивных контекстов
PHR_271,голова / ум как орган мышления,ГОЛОВА_УМ_КАК_ОРГАН_МЫШЛЕНИЯ,мерещилось ему,мерещилось ему,EXPERIMENTAL,manual_expanded,1,пограничная формула: проверять вручную,расширенный фразовый маркер для поиска когнитивных контекстов
PHR_272,голова / ум как орган мышления,ГОЛОВА_УМ_КАК_ОРГАН_МЫШЛЕНИЯ,почудилось ему,почудилось ему,EXPERIMENTAL,manual_expanded,1,пограничная формула: проверять вручную,расширенный фразовый маркер для поиска когнитивных контекстов
PHR_273,голова / ум как орган мышления,ГОЛОВА_УМ_КАК_ОРГАН_МЫШЛЕНИЯ,померещилось ему,померещилось ему,EXPERIMENTAL,manual_expanded,1,пограничная формула: проверять вручную,расширенный фразовый маркер для поиска когнитивных контекстов
PHR_274,голова / ум как орган мышления,ГОЛОВА_УМ_КАК_ОРГАН_МЫШЛЕНИЯ,показалось вдруг,показалось вдруг,EXTENDED,manual_expanded,1,пограничная формула: проверять вручную,расширенный фразовый маркер для поиска когнитивных контекстов
PHR_275,голова / ум как орган мышления,ГОЛОВА_УМ_КАК_ОРГАН_МЫШЛЕНИЯ,показалось странным,показалось странным,EXTENDED,manual_expanded,1,пограничная формула: проверять вручную,расширенный фразовый маркер для поиска когнитивных контекстов
PHR_276,голова / ум как орган мышления,ГОЛОВА_УМ_КАК_ОРГАН_МЫШЛЕНИЯ,казалось теперь,казалось теперь,EXTENDED,manual_expanded,1,пограничная формула: проверять вручную,расширенный фразовый маркер для поиска когнитивных контекстов
PHR_277,голова / ум как орган мышления,ГОЛОВА_УМ_КАК_ОРГАН_МЫШЛЕНИЯ,казалось ясно,казалось ясно,EXTENDED,manual_expanded,1,пограничная формула: проверять вручную,расширенный фразовый маркер для поиска когнитивных контекстов
PHR_278,память / воспоминание,REMEMBER,вспомнил вдруг,вспомнить вдруг,CORE,manual_expanded,1,,расширенный фразовый маркер для поиска когнитивных контекстов
PHR_279,память / воспоминание,REMEMBER,стал вспоминать,стать вспоминать,CORE,manual_expanded,1,,расширенный фразовый маркер для поиска когнитивных контекстов
PHR_280,память / воспоминание,REMEMBER,начала вспоминать,начала вспоминать,CORE,manual_expanded,1,,расширенный фразовый маркер для поиска когнитивных контекстов
PHR_281,память / воспоминание,REMEMBER,начал вспоминать,начал вспоминать,CORE,manual_expanded,1,,расширенный фразовый маркер для поиска когнитивных контекстов
PHR_282,память / воспоминание,REMEMBER,принялся вспоминать,принялся вспоминать,CORE,manual_expanded,1,,расширенный фразовый маркер для поиска когнитивных контекстов
PHR_283,память / воспоминание,REMEMBER,долго вспоминал,долго вспоминал,CORE,manual_expanded,1,,расширенный фразовый маркер для поиска когнитивных контекстов
PHR_284,память / воспоминание,REMEMBER,вспоминал прошлое,вспоминал прошлое,CORE,manual_expanded,1,,расширенный фразовый маркер для поиска когнитивных контекстов
PHR_285,память / воспоминание,REMEMBER,вспоминал дом,вспоминал дом,CORE,manual_expanded,1,,расширенный фразовый маркер для поиска когнитивных контекстов
PHR_286,память / воспоминание,REMEMBER,вспоминал мать,вспоминал мать,CORE,manual_expanded,1,,расширенный фразовый маркер для поиска когнитивных контекстов
PHR_287,память / воспоминание,REMEMBER,вспоминал отца,вспоминал отца,CORE,manual_expanded,1,,расширенный фразовый маркер для поиска когнитивных контекстов
PHR_288,память / воспоминание,REMEMBER,вспоминал Наталью,вспоминал наталью,CORE,manual_expanded,1,,расширенный фразовый маркер для поиска когнитивных контекстов
PHR_289,память / воспоминание,REMEMBER,вспоминал Аксинью,вспоминал аксинью,CORE,manual_expanded,1,,расширенный фразовый маркер для поиска когнитивных контекстов
PHR_290,память / воспоминание,REMEMBER,вспоминал войну,вспоминал войну,CORE,manual_expanded,1,,расширенный фразовый маркер для поиска когнитивных контекстов
PHR_291,память / воспоминание,REMEMBER,вспоминал детство,вспоминал детство,CORE,manual_expanded,1,,расширенный фразовый маркер для поиска когнитивных контекстов
PHR_292,память / воспоминание,REMEMBER,вспоминал хутор,вспоминал хутор,CORE,manual_expanded,1,,расширенный фразовый маркер для поиска когнитивных контекстов
PHR_293,память / воспоминание,REMEMBER,вспоминал Дон,вспоминал дон,CORE,manual_expanded,1,,расширенный фразовый маркер для поиска когнитивных контекстов
PHR_294,память / воспоминание,REMEMBER,вспоминал разговор,вспоминал разговор,CORE,manual_expanded,1,,расширенный фразовый маркер для поиска когнитивных контекстов
PHR_295,память / воспоминание,REMEMBER,вспоминал слова,вспоминал слова,CORE,manual_expanded,1,,расширенный фразовый маркер для поиска когнитивных контекстов
PHR_296,память / воспоминание,REMEMBER,вспомнилось ему,вспомнилось ему,CORE,manual_expanded,1,,расширенный фразовый маркер для поиска когнитивных контекстов
PHR_297,память / воспоминание,REMEMBER,ему вспомнилось,ему вспомнилось,CORE,manual_expanded,1,,расширенный фразовый маркер для поиска когнитивных контекстов
PHR_298,память / воспоминание,REMEMBER,вспомнилось вдруг,вспомнилось вдруг,CORE,manual_expanded,1,,расширенный фразовый маркер для поиска когнитивных контекстов
PHR_299,память / воспоминание,MEMORY_SURFACE,всплыло в памяти,всплыло в память,CORE,manual_expanded,1,,расширенный фразовый маркер для поиска когнитивных контекстов
PHR_300,память / воспоминание,MEMORY_SURFACE,всплыла в памяти,всплыла в память,CORE,manual_expanded,1,,расширенный фразовый маркер для поиска когнитивных контекстов
PHR_301,память / воспоминание,MEMORY_SURFACE,возникло в памяти,возникло в память,CORE,manual_expanded,1,,расширенный фразовый маркер для поиска когнитивных контекстов
PHR_302,память / воспоминание,MEMORY_SURFACE,поднялось в памяти,поднялось в память,CORE,manual_expanded,1,,расширенный фразовый маркер для поиска когнитивных контекстов
PHR_303,память / воспоминание,MEMORY_SURFACE,осталось в памяти,осталось в память,CORE,manual_expanded,1,,расширенный фразовый маркер для поиска когнитивных контекстов
PHR_304,память / воспоминание,MEMORY_SURFACE,сохранилось в памяти,сохранилось в память,CORE,manual_expanded,1,,расширенный фразовый маркер для поиска когнитивных контекстов
PHR_305,память / воспоминание,MEMORY_SURFACE,держал в памяти,держал в память,CORE,manual_expanded,1,,расширенный фразовый маркер для поиска когнитивных контекстов
PHR_306,память / воспоминание,MEMORY_SURFACE,хранил в памяти,хранил в память,CORE,manual_expanded,1,,расширенный фразовый маркер для поиска когнитивных контекстов
PHR_307,память / воспоминание,MEMORY_SURFACE,не выходило из памяти,не выходило из память,CORE,manual_expanded,1,,расширенный фразовый маркер для поиска когнитивных контекстов
PHR_308,память / воспоминание,MEMORY_SURFACE,память подсказала,память подсказала,CORE,manual_expanded,1,,расширенный фразовый маркер для поиска когнитивных контекстов
PHR_309,память / воспоминание,MEMORY_SURFACE,память вернула,память вернула,CORE,manual_expanded,1,,расширенный фразовый маркер для поиска когнитивных контекстов
PHR_310,память / воспоминание,MEMORY_SURFACE,память удержала,память удержала,CORE,manual_expanded,1,,расширенный фразовый маркер для поиска когнитивных контекстов
PHR_311,память / воспоминание,REMEMBER,стал припоминать,стать припоминать,CORE,manual_expanded,1,,расширенный фразовый маркер для поиска когнитивных контекстов
PHR_312,память / воспоминание,REMEMBER,начал припоминать,начал припоминать,CORE,manual_expanded,1,,расширенный фразовый маркер для поиска когнитивных контекстов
PHR_313,память / воспоминание,REMEMBER,припоминал подробности,припоминал подробности,CORE,manual_expanded,1,,расширенный фразовый маркер для поиска когнитивных контекстов
PHR_314,память / воспоминание,REMEMBER,припоминал слова,припоминал слова,CORE,manual_expanded,1,,расширенный фразовый маркер для поиска когнитивных контекстов
PHR_315,память / воспоминание,REMEMBER,припоминал лицо,припоминал лицо,CORE,manual_expanded,1,,расширенный фразовый маркер для поиска когнитивных контекстов
PHR_316,память / воспоминание,REMEMBER,припоминал голос,припоминал голос,CORE,manual_expanded,1,,расширенный фразовый маркер для поиска когнитивных контекстов
PHR_317,память / воспоминание,REMEMBER,припоминал разговор,припоминал разговор,CORE,manual_expanded,1,,расширенный фразовый маркер для поиска когнитивных контекстов
PHR_318,память / воспоминание,REMEMBER,припоминал дорогу,припоминал дорогу,CORE,manual_expanded,1,,расширенный фразовый маркер для поиска когнитивных контекстов
PHR_319,память / воспоминание,MEMORY_SURFACE,восстанавливал в памяти,восстанавливал в память,CORE,manual_expanded,1,,расширенный фразовый маркер для поиска когнитивных контекстов
PHR_320,память / воспоминание,MEMORY_SURFACE,врезалось в память,врезалось в память,CORE,manual_expanded,1,,расширенный фразовый маркер для поиска когнитивных контекстов
PHR_321,память / воспоминание,MEMORY_SURFACE,засело в памяти,засело в память,CORE,manual_expanded,1,,расширенный фразовый маркер для поиска когнитивных контекстов
PHR_322,память / воспоминание,MEMORY_SURFACE,стерлось из памяти,стерлось из память,CORE,manual_expanded,1,,расширенный фразовый маркер для поиска когнитивных контекстов
PHR_323,память / воспоминание,MEMORY_SURFACE,исчезло из памяти,исчезло из память,CORE,manual_expanded,1,,расширенный фразовый маркер для поиска когнитивных контекстов
PHR_324,память / воспоминание,MEMORY_SURFACE,память изменила,память изменила,CORE,manual_expanded,1,,расширенный фразовый маркер для поиска когнитивных контекстов
PHR_325,память / воспоминание,ПАМЯТЬ_ВОСПОМИНАНИЕ,не мог забыть,не мог забыть,CORE,manual_expanded,1,,расширенный фразовый маркер для поиска когнитивных контекстов
PHR_326,память / воспоминание,ПАМЯТЬ_ВОСПОМИНАНИЕ,никак не мог забыть,никак не мог забыть,CORE,manual_expanded,1,,расширенный фразовый маркер для поиска когнитивных контекстов
PHR_327,память / воспоминание,ПАМЯТЬ_ВОСПОМИНАНИЕ,не забывал,не забывал,CORE,manual_expanded,1,,расширенный фразовый маркер для поиска когнитивных контекстов
PHR_328,память / воспоминание,ПАМЯТЬ_ВОСПОМИНАНИЕ,помнил хорошо,помнить хорошо,CORE,manual_expanded,1,,расширенный фразовый маркер для поиска когнитивных контекстов
PHR_329,память / воспоминание,ПАМЯТЬ_ВОСПОМИНАНИЕ,хорошо помнил,хорошо помнить,CORE,manual_expanded,1,,расширенный фразовый маркер для поиска когнитивных контекстов
PHR_330,память / воспоминание,ПАМЯТЬ_ВОСПОМИНАНИЕ,помнил ясно,помнить ясно,CORE,manual_expanded,1,,расширенный фразовый маркер для поиска когнитивных контекстов
PHR_331,память / воспоминание,ПАМЯТЬ_ВОСПОМИНАНИЕ,помнил смутно,помнить смутно,CORE,manual_expanded,1,,расширенный фразовый маркер для поиска когнитивных контекстов
PHR_332,память / воспоминание,ПАМЯТЬ_ВОСПОМИНАНИЕ,помнил давно,помнить давно,CORE,manual_expanded,1,,расширенный фразовый маркер для поиска когнитивных контекстов
PHR_333,память / воспоминание,ПАМЯТЬ_ВОСПОМИНАНИЕ,запомнил навсегда,запомнил навсегда,CORE,manual_expanded,1,,расширенный фразовый маркер для поиска когнитивных контекстов
PHR_334,понимание / ясность,UNDERSTAND,понял вдруг,понять вдруг,CORE,manual_expanded,1,,расширенный фразовый маркер для поиска когнитивных контекстов
PHR_335,понимание / ясность,UNDERSTAND,теперь понял,теперь понять,CORE,manual_expanded,1,,расширенный фразовый маркер для поиска когнитивных контекстов
PHR_336,понимание / ясность,UNDERSTAND,не сразу понял,не сразу понять,CORE,manual_expanded,1,,расширенный фразовый маркер для поиска когнитивных контекстов
PHR_337,понимание / ясность,UNDERSTAND,понял ясно,понять ясно,CORE,manual_expanded,1,,расширенный фразовый маркер для поиска когнитивных контекстов
PHR_338,понимание / ясность,UNDERSTAND,тяжело понял,тяжело понять,CORE,manual_expanded,1,,расширенный фразовый маркер для поиска когнитивных контекстов
PHR_339,понимание / ясность,UNDERSTAND,горько понял,горько понять,CORE,manual_expanded,1,,расширенный фразовый маркер для поиска когнитивных контекстов
PHR_340,понимание / ясность,UNDERSTAND,понял сердцем,понять сердцем,CORE,manual_expanded,1,,расширенный фразовый маркер для поиска когнитивных контекстов
PHR_341,понимание / ясность,UNDERSTAND,понял душой,понять душой,CORE,manual_expanded,1,,расширенный фразовый маркер для поиска когнитивных контекстов
PHR_342,понимание / ясность,UNDERSTAND,понял умом,понять ум,CORE,manual_expanded,1,,расширенный фразовый маркер для поиска когнитивных контекстов
PHR_343,понимание / ясность,ПОНИМАНИЕ_ЯСНОСТЬ,стал понимать,стать понимать,CORE,manual_expanded,1,,расширенный фразовый маркер для поиска когнитивных контекстов
PHR_344,понимание / ясность,ПОНИМАНИЕ_ЯСНОСТЬ,начала понимать,начала понимать,CORE,manual_expanded,1,,расширенный фразовый маркер для поиска когнитивных контекстов
PHR_345,понимание / ясность,ПОНИМАНИЕ_ЯСНОСТЬ,начал понимать,начал понимать,CORE,manual_expanded,1,,расширенный фразовый маркер для поиска когнитивных контекстов
PHR_346,понимание / ясность,UNDERSTAND,не мог понять,не мог понять,CORE,manual_expanded,1,,расширенный фразовый маркер для поиска когнитивных контекстов
PHR_347,понимание / ясность,UNDERSTAND,никак не мог понять,никак не мог понять,CORE,manual_expanded,1,,расширенный фразовый маркер для поиска когнитивных контекстов
PHR_348,понимание / ясность,UNDERSTAND,не понимал сначала,не понимал сначала,CORE,manual_expanded,1,,расширенный фразовый маркер для поиска когнитивных контекстов
PHR_349,понимание / ясность,ПОНИМАНИЕ_ЯСНОСТЬ,теперь стало понятно,теперь стать понятно,CORE,manual_expanded,1,,расширенный фразовый маркер для поиска когнитивных контекстов
PHR_350,понимание / ясность,BECOME_CLEAR,сразу стало ясно,сразу стать ясно,CORE,manual_expanded,1,,расширенный фразовый маркер для поиска когнитивных контекстов
PHR_351,понимание / ясность,BECOME_CLEAR,ему стало ясно,ему стать ясно,CORE,manual_expanded,1,,расширенный фразовый маркер для поиска когнитивных контекстов
PHR_352,понимание / ясность,BECOME_CLEAR,стало ясно ему,стать ясно ему,CORE,manual_expanded,1,,расширенный фразовый маркер для поиска когнитивных контекстов
PHR_353,понимание / ясность,BECOME_CLEAR,все стало ясно,все стать ясно,CORE,manual_expanded,1,,расширенный фразовый маркер для поиска когнитивных контекстов
PHR_354,понимание / ясность,BECOME_CLEAR,теперь все стало ясно,теперь все стать ясно,CORE,manual_expanded,1,,расширенный фразовый маркер для поиска когнитивных контекстов
PHR_355,понимание / ясность,HEAD_MIND,прояснилось в голове,прояснилось в голова,CORE,manual_expanded,1,,расширенный фразовый маркер для поиска когнитивных контекстов
PHR_356,понимание / ясность,HEAD_MIND,прояснилось в уме,прояснилось в ум,CORE,manual_expanded,1,,расширенный фразовый маркер для поиска когнитивных контекстов
PHR_357,понимание / ясность,ПОНИМАНИЕ_ЯСНОСТЬ,дошло до него,дошло до него,CORE,manual_expanded,1,,расширенный фразовый маркер для поиска когнитивных контекстов
PHR_358,понимание / ясность,ПОНИМАНИЕ_ЯСНОСТЬ,до него дошло,до него дошло,CORE,manual_expanded,1,,расширенный фразовый маркер для поиска когнитивных контекстов
PHR_359,понимание / ясность,ПОНИМАНИЕ_ЯСНОСТЬ,дошло наконец,дошло наконец,CORE,manual_expanded,1,,расширенный фразовый маркер для поиска когнитивных контекстов
PHR_360,понимание / ясность,ПОНИМАНИЕ_ЯСНОСТЬ,наконец дошло,наконец дошло,CORE,manual_expanded,1,,расширенный фразовый маркер для поиска когнитивных контекстов
PHR_361,понимание / ясность,ПОНИМАНИЕ_ЯСНОСТЬ,взял в толк,взял в толк,CORE,manual_expanded,1,,расширенный фразовый маркер для поиска когнитивных контекстов
PHR_362,понимание / ясность,ПОНИМАНИЕ_ЯСНОСТЬ,не взял в толк,не взял в толк,CORE,manual_expanded,1,,расширенный фразовый маркер для поиска когнитивных контекстов
PHR_363,понимание / ясность,ПОНИМАНИЕ_ЯСНОСТЬ,не мог взять в толк,не мог взять в толк,CORE,manual_expanded,1,,расширенный фразовый маркер для поиска когнитивных контекстов
PHR_364,понимание / ясность,HEAD_MIND,уразумел наконец,уразумел наконец,CORE,manual_expanded,1,,расширенный фразовый маркер для поиска когнитивных контекстов
PHR_365,понимание / ясность,HEAD_MIND,стал уразумевать,стать уразумевать,CORE,manual_expanded,1,,расширенный фразовый маркер для поиска когнитивных контекстов
PHR_366,понимание / ясность,ПОНИМАНИЕ_ЯСНОСТЬ,открылось ему,открылось ему,CORE,manual_expanded,1,,расширенный фразовый маркер для поиска когнитивных контекстов
PHR_367,понимание / ясность,ПОНИМАНИЕ_ЯСНОСТЬ,открылось вдруг,открылось вдруг,CORE,manual_expanded,1,,расширенный фразовый маркер для поиска когнитивных контекстов
PHR_368,понимание / ясность,UNDERSTAND,понял смысл,понять смысл,CORE,manual_expanded,1,,расширенный фразовый маркер для поиска когнитивных контекстов
PHR_369,понимание / ясность,UNDERSTAND,понял причину,понять причину,CORE,manual_expanded,1,,расширенный фразовый маркер для поиска когнитивных контекстов
PHR_370,понимание / ясность,UNDERSTAND,понял правду,понять правду,CORE,manual_expanded,1,,расширенный фразовый маркер для поиска когнитивных контекстов
PHR_371,понимание / ясность,UNDERSTAND,понял беду,понять беду,CORE,manual_expanded,1,,расширенный фразовый маркер для поиска когнитивных контекстов
PHR_372,понимание / ясность,UNDERSTAND,понял опасность,понять опасность,CORE,manual_expanded,1,,расширенный фразовый маркер для поиска когнитивных контекстов
PHR_373,понимание / ясность,UNDERSTAND,понял неправду,понять неправду,CORE,manual_expanded,1,,расширенный фразовый маркер для поиска когнитивных контекстов
PHR_374,понимание / ясность,ПОНИМАНИЕ_ЯСНОСТЬ,стало понятным,стать понятным,CORE,manual_expanded,1,,расширенный фразовый маркер для поиска когнитивных контекстов
PHR_375,понимание / ясность,ПОНИМАНИЕ_ЯСНОСТЬ,сделалось понятным,сделаться понятным,CORE,manual_expanded,1,,расширенный фразовый маркер для поиска когнитивных контекстов
PHR_376,догадка / соображение,PROMPT_TO_THINK,сообразил вдруг,сообразил вдруг,EXTENDED,manual_expanded,1,пограничная формула: проверять вручную,расширенный фразовый маркер для поиска когнитивных контекстов
PHR_377,догадка / соображение,PROMPT_TO_THINK,вдруг сообразил,вдруг сообразил,EXTENDED,manual_expanded,1,пограничная формула: проверять вручную,расширенный фразовый маркер для поиска когнитивных контекстов
PHR_378,догадка / соображение,PROMPT_TO_THINK,сразу сообразил,сразу сообразил,EXTENDED,manual_expanded,1,пограничная формула: проверять вручную,расширенный фразовый маркер для поиска когнитивных контекстов
PHR_379,догадка / соображение,PROMPT_TO_THINK,не сразу сообразил,не сразу сообразил,EXTENDED,manual_expanded,1,пограничная формула: проверять вручную,расширенный фразовый маркер для поиска когнитивных контекстов
PHR_380,догадка / соображение,PROMPT_TO_THINK,наконец сообразил,наконец сообразил,EXTENDED,manual_expanded,1,пограничная формула: проверять вручную,расширенный фразовый маркер для поиска когнитивных контекстов
PHR_381,догадка / соображение,PRACTICAL_INTELLECTION,стал соображать,стать соображать,EXTENDED,manual_expanded,1,пограничная формула: проверять вручную,расширенный фразовый маркер для поиска когнитивных контекстов
PHR_382,догадка / соображение,PRACTICAL_INTELLECTION,начал соображать,начал соображать,EXTENDED,manual_expanded,1,пограничная формула: проверять вручную,расширенный фразовый маркер для поиска когнитивных контекстов
PHR_383,догадка / соображение,PROMPT_TO_THINK,пытался сообразить,пытался сообразить,EXTENDED,manual_expanded,1,пограничная формула: проверять вручную,расширенный фразовый маркер для поиска когнитивных контекстов
PHR_384,догадка / соображение,PROMPT_TO_THINK,никак не мог сообразить,никак не мог сообразить,EXTENDED,manual_expanded,1,пограничная формула: проверять вручную,расширенный фразовый маркер для поиска когнитивных контекстов
PHR_385,догадка / соображение,PRACTICAL_INTELLECTION,вдруг догадался,вдруг догадаться,EXTENDED,manual_expanded,1,пограничная формула: проверять вручную,расширенный фразовый маркер для поиска когнитивных контекстов
PHR_386,догадка / соображение,PRACTICAL_INTELLECTION,догадался наконец,догадаться наконец,EXTENDED,manual_expanded,1,пограничная формула: проверять вручную,расширенный фразовый маркер для поиска когнитивных контекстов
PHR_387,догадка / соображение,PRACTICAL_INTELLECTION,стал догадываться,стать догадываться,EXTENDED,manual_expanded,1,пограничная формула: проверять вручную,расширенный фразовый маркер для поиска когнитивных контекстов
PHR_388,догадка / соображение,PRACTICAL_INTELLECTION,начал догадываться,начал догадываться,EXTENDED,manual_expanded,1,пограничная формула: проверять вручную,расширенный фразовый маркер для поиска когнитивных контекстов
PHR_389,догадка / соображение,PRACTICAL_INTELLECTION,смутно догадался,смутно догадаться,EXTENDED,manual_expanded,1,пограничная формула: проверять вручную,расширенный фразовый маркер для поиска когнитивных контекстов
PHR_390,догадка / соображение,PRACTICAL_INTELLECTION,смекнул сразу,смекнул сразу,EXTENDED,manual_expanded,1,пограничная формула: проверять вручную,расширенный фразовый маркер для поиска когнитивных контекстов
PHR_391,догадка / соображение,PRACTICAL_INTELLECTION,смекнул наконец,смекнул наконец,EXTENDED,manual_expanded,1,пограничная формула: проверять вручную,расширенный фразовый маркер для поиска когнитивных контекстов
PHR_392,догадка / соображение,PRACTICAL_INTELLECTION,стал смекать,стать смекать,EXTENDED,manual_expanded,1,пограничная формула: проверять вручную,расширенный фразовый маркер для поиска когнитивных контекстов
PHR_393,догадка / соображение,PRACTICAL_INTELLECTION,начал смекать,начал смекать,EXTENDED,manual_expanded,1,пограничная формула: проверять вручную,расширенный фразовый маркер для поиска когнитивных контекстов
PHR_394,догадка / соображение,HEAD_MIND,кумекал долго,кумекал долго,EXTENDED,manual_expanded,1,пограничная формула: проверять вручную,расширенный фразовый маркер для поиска когнитивных контекстов
PHR_395,догадка / соображение,HEAD_MIND,стал кумекать,стать кумекать,EXTENDED,manual_expanded,1,пограничная формула: проверять вручную,расширенный фразовый маркер для поиска когнитивных контекстов
PHR_396,догадка / соображение,HEAD_MIND,раскинул умом,раскинул ум,EXTENDED,manual_expanded,1,пограничная формула: проверять вручную,расширенный фразовый маркер для поиска когнитивных контекстов
PHR_397,догадка / соображение,HEAD_MIND,прикинул умом,прикинул ум,EXTENDED,manual_expanded,1,пограничная формула: проверять вручную,расширенный фразовый маркер для поиска когнитивных контекстов
PHR_398,догадка / соображение,HEAD_MIND,прикинул в уме,прикинул в ум,EXTENDED,manual_expanded,1,пограничная формула: проверять вручную,расширенный фразовый маркер для поиска когнитивных контекстов
PHR_399,догадка / соображение,INNER_SPEECH,прикинул про себя,прикинул про себя,EXTENDED,manual_expanded,1,пограничная формула: проверять вручную,расширенный фразовый маркер для поиска когнитивных контекстов
PHR_400,догадка / соображение,INNER_SPEECH,смекнул про себя,смекнул про себя,EXTENDED,manual_expanded,1,пограничная формула: проверять вручную,расширенный фразовый маркер для поиска когнитивных контекстов
PHR_401,догадка / соображение,INNER_SPEECH,сообразил про себя,сообразил про себя,EXTENDED,manual_expanded,1,пограничная формула: проверять вручную,расширенный фразовый маркер для поиска когнитивных контекстов
PHR_402,догадка / соображение,PRACTICAL_INTELLECTION,догадался по взгляду,догадаться по взгляду,EXTENDED,manual_expanded,1,пограничная формула: проверять вручную,расширенный фразовый маркер для поиска когнитивных контекстов
PHR_403,догадка / соображение,PRACTICAL_INTELLECTION,догадался по голосу,догадаться по голосу,EXTENDED,manual_expanded,1,пограничная формула: проверять вручную,расширенный фразовый маркер для поиска когнитивных контекстов
PHR_404,догадка / соображение,PRACTICAL_INTELLECTION,догадался по лицу,догадаться по лицу,EXTENDED,manual_expanded,1,пограничная формула: проверять вручную,расширенный фразовый маркер для поиска когнитивных контекстов
PHR_405,догадка / соображение,PRACTICAL_INTELLECTION,догадался по словам,догадаться по словам,EXTENDED,manual_expanded,1,пограничная формула: проверять вручную,расширенный фразовый маркер для поиска когнитивных контекстов
PHR_406,решение / намерение,DECIDE,решил вдруг,решить вдруг,CORE,manual_expanded,1,,расширенный фразовый маркер для поиска когнитивных контекстов
PHR_407,решение / намерение,DECIDE,вдруг решил,вдруг решить,CORE,manual_expanded,1,,расширенный фразовый маркер для поиска когнитивных контекстов
PHR_408,решение / намерение,DECIDE,сразу решил,сразу решить,CORE,manual_expanded,1,,расширенный фразовый маркер для поиска когнитивных контекстов
PHR_409,решение / намерение,DECIDE,не сразу решил,не сразу решить,CORE,manual_expanded,1,,расширенный фразовый маркер для поиска когнитивных контекстов
PHR_410,решение / намерение,DECIDE,решил для себя,решить для себя,CORE,manual_expanded,1,,расширенный фразовый маркер для поиска когнитивных контекстов
PHR_411,решение / намерение,DECIDE,решил вернуться,решить вернуться,CORE,manual_expanded,1,,расширенный фразовый маркер для поиска когнитивных контекстов
PHR_412,решение / намерение,DECIDE,решил сказать,решить сказать,CORE,manual_expanded,1,,расширенный фразовый маркер для поиска когнитивных контекстов
PHR_413,решение / намерение,DECIDE,решил молчать,решить молчать,CORE,manual_expanded,1,,расширенный фразовый маркер для поиска когнитивных контекстов
PHR_414,решение / намерение,DECIDE,решил ждать,решить ждать,CORE,manual_expanded,1,,расширенный фразовый маркер для поиска когнитивных контекстов
PHR_415,решение / намерение,DECIDE,решил уйти,решить уйти,CORE,manual_expanded,1,,расширенный фразовый маркер для поиска когнитивных контекстов
PHR_416,решение / намерение,DECIDE,решил остаться,решить остаться,CORE,manual_expanded,1,,расширенный фразовый маркер для поиска когнитивных контекстов
PHR_417,решение / намерение,DECIDE,решил спросить,решить спросить,CORE,manual_expanded,1,,расширенный фразовый маркер для поиска когнитивных контекстов
PHR_418,решение / намерение,DECIDE,решил ответить,решить ответить,CORE,manual_expanded,1,,расширенный фразовый маркер для поиска когнитивных контекстов
PHR_419,решение / намерение,DECIDE,принял решение,принял решение,CORE,manual_expanded,1,,расширенный фразовый маркер для поиска когнитивных контекстов
PHR_420,решение / намерение,РЕШЕНИЕ_НАМЕРЕНИЕ,пришел к решению,прийти к решению,CORE,manual_expanded,1,,расширенный фразовый маркер для поиска когнитивных контекстов
PHR_421,решение / намерение,РЕШЕНИЕ_НАМЕРЕНИЕ,остановился на решении,остановился на решении,CORE,manual_expanded,1,,расширенный фразовый маркер для поиска когнитивных контекстов
PHR_422,решение / намерение,HEAD_MIND,задумал сделать,задумал сделать,CORE,manual_expanded,1,,расширенный фразовый маркер для поиска когнитивных контекстов
PHR_423,решение / намерение,HEAD_MIND,задумал уйти,задумал уйти,CORE,manual_expanded,1,,расширенный фразовый маркер для поиска когнитивных контекстов
PHR_424,решение / намерение,HEAD_MIND,задумал вернуться,задумал вернуться,CORE,manual_expanded,1,,расширенный фразовый маркер для поиска когнитивных контекстов
PHR_425,решение / намерение,HEAD_MIND,задумал сказать,задумал сказать,CORE,manual_expanded,1,,расширенный фразовый маркер для поиска когнитивных контекстов
PHR_426,решение / намерение,CHANGE_DECISION,передумал вдруг,передумал вдруг,CORE,manual_expanded,1,,расширенный фразовый маркер для поиска когнитивных контекстов
PHR_427,решение / намерение,CHANGE_DECISION,вдруг передумал,вдруг передумал,CORE,manual_expanded,1,,расширенный фразовый маркер для поиска когнитивных контекстов
PHR_428,решение / намерение,CHANGE_DECISION,стал передумывать,стать передумывать,CORE,manual_expanded,1,,расширенный фразовый маркер для поиска когнитивных контекстов
PHR_429,решение / намерение,REFLECT_GENERAL,раздумал идти,раздумал идти,CORE,manual_expanded,1,,расширенный фразовый маркер для поиска когнитивных контекстов
PHR_430,решение / намерение,REFLECT_GENERAL,раздумал говорить,раздумал говорить,CORE,manual_expanded,1,,расширенный фразовый маркер для поиска когнитивных контекстов
PHR_431,решение / намерение,REFLECT_GENERAL,раздумал возвращаться,раздумал возвращаться,CORE,manual_expanded,1,,расширенный фразовый маркер для поиска когнитивных контекстов
PHR_432,решение / намерение,DECIDE,не мог решить,не мог решить,CORE,manual_expanded,1,,расширенный фразовый маркер для поиска когнитивных контекстов
PHR_433,решение / намерение,DECIDE,никак не мог решить,никак не мог решить,CORE,manual_expanded,1,,расширенный фразовый маркер для поиска когнитивных контекстов
PHR_434,решение / намерение,HESITATE,колебался в решении,колебался в решении,CORE,manual_expanded,1,,расширенный фразовый маркер для поиска когнитивных контекстов
PHR_435,решение / намерение,РЕШЕНИЕ_НАМЕРЕНИЕ,решался долго,решался долго,CORE,manual_expanded,1,,расширенный фразовый маркер для поиска когнитивных контекстов
PHR_436,решение / намерение,РЕШЕНИЕ_НАМЕРЕНИЕ,долго решался,долго решался,CORE,manual_expanded,1,,расширенный фразовый маркер для поиска когнитивных контекстов
PHR_437,решение / намерение,РЕШЕНИЕ_НАМЕРЕНИЕ,не решался сказать,не решался сказать,CORE,manual_expanded,1,,расширенный фразовый маркер для поиска когнитивных контекстов
PHR_438,решение / намерение,РЕШЕНИЕ_НАМЕРЕНИЕ,не решался спросить,не решался спросить,CORE,manual_expanded,1,,расширенный фразовый маркер для поиска когнитивных контекстов
PHR_439,решение / намерение,РЕШЕНИЕ_НАМЕРЕНИЕ,не решался ответить,не решался ответить,CORE,manual_expanded,1,,расширенный фразовый маркер для поиска когнитивных контекстов
PHR_440,решение / намерение,РЕШЕНИЕ_НАМЕРЕНИЕ,наконец решился,наконец решился,CORE,manual_expanded,1,,расширенный фразовый маркер для поиска когнитивных контекстов
PHR_441,решение / намерение,РЕШЕНИЕ_НАМЕРЕНИЕ,решился наконец,решился наконец,CORE,manual_expanded,1,,расширенный фразовый маркер для поиска когнитивных контекстов
PHR_442,решение / намерение,HEAD_MIND,задумал было,задумал было,CORE,manual_expanded,1,,расширенный фразовый маркер для поиска когнитивных контекстов
PHR_443,решение / намерение,CHANGE_DECISION,передумал было,передумал было,CORE,manual_expanded,1,,расширенный фразовый маркер для поиска когнитивных контекстов
PHR_444,сомнение / колебание,DOUBT,стал сомневаться,стать сомневаться,CORE,manual_expanded,1,,расширенный фразовый маркер для поиска когнитивных контекстов
PHR_445,сомнение / колебание,DOUBT,начала сомневаться,начала сомневаться,CORE,manual_expanded,1,,расширенный фразовый маркер для поиска когнитивных контекстов
PHR_446,сомнение / колебание,DOUBT,начал сомневаться,начал сомневаться,CORE,manual_expanded,1,,расширенный фразовый маркер для поиска когнитивных контекстов
PHR_447,сомнение / колебание,DOUBT,сомневался в этом,сомневался в этом,CORE,manual_expanded,1,,расширенный фразовый маркер для поиска когнитивных контекстов
PHR_448,сомнение / колебание,DOUBT,сомневался в себе,сомневался в себе,CORE,manual_expanded,1,,расширенный фразовый маркер для поиска когнитивных контекстов
PHR_449,сомнение / колебание,DOUBT,сомневался в решении,сомневался в решении,CORE,manual_expanded,1,,расширенный фразовый маркер для поиска когнитивных контекстов
PHR_450,сомнение / колебание,СОМНЕНИЕ_КОЛЕБАНИЕ,сомнение взяло,сомнение взяло,CORE,manual_expanded,1,,расширенный фразовый маркер для поиска когнитивных контекстов
PHR_451,сомнение / колебание,СОМНЕНИЕ_КОЛЕБАНИЕ,сомнение охватило,сомнение охватило,CORE,manual_expanded,1,,расширенный фразовый маркер для поиска когнитивных контекстов
PHR_452,сомнение / колебание,СОМНЕНИЕ_КОЛЕБАНИЕ,сомнение поднялось,сомнение поднялось,CORE,manual_expanded,1,,расширенный фразовый маркер для поиска когнитивных контекстов
PHR_453,сомнение / колебание,СОМНЕНИЕ_КОЛЕБАНИЕ,сомнение шевельнулось,сомнение шевельнулось,CORE,manual_expanded,1,,расширенный фразовый маркер для поиска когнитивных контекстов
PHR_454,сомнение / колебание,СОМНЕНИЕ_КОЛЕБАНИЕ,его взяло сомнение,его взяло сомнение,CORE,manual_expanded,1,,расширенный фразовый маркер для поиска когнитивных контекстов
PHR_455,сомнение / колебание,СОМНЕНИЕ_КОЛЕБАНИЕ,закралось сомнение,закралось сомнение,CORE,manual_expanded,1,,расширенный фразовый маркер для поиска когнитивных контекстов
PHR_456,сомнение / колебание,СОМНЕНИЕ_КОЛЕБАНИЕ,вкралось сомнение,вкралось сомнение,CORE,manual_expanded,1,,расширенный фразовый маркер для поиска когнитивных контекстов
PHR_457,сомнение / колебание,СОМНЕНИЕ_КОЛЕБАНИЕ,не был уверен,не был уверен,CORE,manual_expanded,1,,расширенный фразовый маркер для поиска когнитивных контекстов
PHR_458,сомнение / колебание,СОМНЕНИЕ_КОЛЕБАНИЕ,не мог быть уверен,не мог быть уверен,CORE,manual_expanded,1,,расширенный фразовый маркер для поиска когнитивных контекстов
PHR_459,сомнение / колебание,СОМНЕНИЕ_КОЛЕБАНИЕ,не знал наверно,не знал наверно,CORE,manual_expanded,1,,расширенный фразовый маркер для поиска когнитивных контекстов
PHR_460,сомнение / колебание,СОМНЕНИЕ_КОЛЕБАНИЕ,не знал наверное,не знал наверное,CORE,manual_expanded,1,,расширенный фразовый маркер для поиска когнитивных контекстов
PHR_461,сомнение / колебание,СОМНЕНИЕ_КОЛЕБАНИЕ,не знал точно,не знал точно,CORE,manual_expanded,1,,расширенный фразовый маркер для поиска когнитивных контекстов
PHR_462,сомнение / колебание,HESITATE,колебался долго,колебался долго,CORE,manual_expanded,1,,расширенный фразовый маркер для поиска когнитивных контекстов
PHR_463,сомнение / колебание,HESITATE,долго колебался,долго колебался,CORE,manual_expanded,1,,расширенный фразовый маркер для поиска когнитивных контекстов
PHR_464,сомнение / колебание,HESITATE,колебался между,колебался между,CORE,manual_expanded,1,,расширенный фразовый маркер для поиска когнитивных контекстов
PHR_465,сомнение / колебание,HESITATE,колебался в выборе,колебался в выборе,CORE,manual_expanded,1,,расширенный фразовый маркер для поиска когнитивных контекстов
PHR_466,сомнение / колебание,СОМНЕНИЕ_КОЛЕБАНИЕ,не мог выбрать,не мог выбрать,CORE,manual_expanded,1,,расширенный фразовый маркер для поиска когнитивных контекстов
PHR_467,сомнение / колебание,СОМНЕНИЕ_КОЛЕБАНИЕ,не мог остановиться,не мог остановиться,CORE,manual_expanded,1,,расширенный фразовый маркер для поиска когнитивных контекстов
PHR_468,сомнение / колебание,PRACTICAL_INTELLECTION,терялся в догадках,терялся в догадках,CORE,manual_expanded,1,,расширенный фразовый маркер для поиска когнитивных контекстов
PHR_469,сомнение / колебание,REFLECT_GENERAL,взяло раздумье,взяло раздумье,CORE,manual_expanded,1,,расширенный фразовый маркер для поиска когнитивных контекстов
PHR_470,сомнение / колебание,СОМНЕНИЕ_КОЛЕБАНИЕ,одолевало сомнение,одолевало сомнение,CORE,manual_expanded,1,,расширенный фразовый маркер для поиска когнитивных контекстов
PHR_471,сомнение / колебание,СОМНЕНИЕ_КОЛЕБАНИЕ,сомнение мучило,сомнение мучило,CORE,manual_expanded,1,,расширенный фразовый маркер для поиска когнитивных контекстов
PHR_472,сомнение / колебание,СОМНЕНИЕ_КОЛЕБАНИЕ,сомнение точило,сомнение точило,CORE,manual_expanded,1,,расширенный фразовый маркер для поиска когнитивных контекстов
PHR_473,сомнение / колебание,HESITATE,мысль колебалась,мысль колебалась,CORE,manual_expanded,1,,расширенный фразовый маркер для поиска когнитивных контекстов
PHR_474,сомнение / колебание,HESITATE,душа колебалась,душа колебалась,CORE,manual_expanded,1,,расширенный фразовый маркер для поиска когнитивных контекстов
PHR_475,внутренняя речь,INNER_SPEECH,мысленно повторил,мысленно повторил,CORE,manual_expanded,1,,расширенный фразовый маркер для поиска когнитивных контекстов
PHR_476,внутренняя речь,INNER_SPEECH,мысленно ответил,мысленно ответил,CORE,manual_expanded,1,,расширенный фразовый маркер для поиска когнитивных контекстов
PHR_477,внутренняя речь,INNER_SPEECH,мысленно спросил,мысленно спросил,CORE,manual_expanded,1,,расширенный фразовый маркер для поиска когнитивных контекстов
PHR_478,внутренняя речь,INNER_SPEECH,мысленно усмехнулся,мысленно усмехнулся,CORE,manual_expanded,1,,расширенный фразовый маркер для поиска когнитивных контекстов
PHR_479,внутренняя речь,INNER_SPEECH,мысленно выругался,мысленно выругался,CORE,manual_expanded,1,,расширенный фразовый маркер для поиска когнитивных контекстов
PHR_480,внутренняя речь,INNER_SPEECH,мысленно отметил,мысленно отметил,CORE,manual_expanded,1,,расширенный фразовый маркер для поиска когнитивных контекстов
PHR_481,внутренняя речь,DECIDE,мысленно решил,мысленно решить,CORE,manual_expanded,1,,расширенный фразовый маркер для поиска когнитивных контекстов
PHR_482,внутренняя речь,THINK_GENERAL,мысленно подумал,мысленно подумать,CORE,manual_expanded,1,,расширенный фразовый маркер для поиска когнитивных контекстов
PHR_483,внутренняя речь,INNER_SPEECH,про себя сказал,про себя сказать,CORE,manual_expanded,1,,расширенный фразовый маркер для поиска когнитивных контекстов
PHR_484,внутренняя речь,INNER_SPEECH,про себя проговорил,про себя проговорить,CORE,manual_expanded,1,,расширенный фразовый маркер для поиска когнитивных контекстов
PHR_485,внутренняя речь,INNER_SPEECH,про себя повторил,про себя повторил,CORE,manual_expanded,1,,расширенный фразовый маркер для поиска когнитивных контекстов
PHR_486,внутренняя речь,THINK_GENERAL,про себя подумал,про себя подумать,CORE,manual_expanded,1,,расширенный фразовый маркер для поиска когнитивных контекстов
PHR_487,внутренняя речь,INNER_SPEECH,сказал себе,сказать себе,CORE,manual_expanded,1,,расширенный фразовый маркер для поиска когнитивных контекстов
PHR_488,внутренняя речь,ВНУТРЕННЯЯ_РЕЧЬ,ответил себе,ответил себе,CORE,manual_expanded,1,,расширенный фразовый маркер для поиска когнитивных контекстов
PHR_489,внутренняя речь,ВНУТРЕННЯЯ_РЕЧЬ,спросил себя,спросил себя,CORE,manual_expanded,1,,расширенный фразовый маркер для поиска когнитивных контекстов
PHR_490,внутренняя речь,ВНУТРЕННЯЯ_РЕЧЬ,повторил себе,повторил себе,CORE,manual_expanded,1,,расширенный фразовый маркер для поиска когнитивных контекстов
PHR_491,внутренняя речь,ВНУТРЕННЯЯ_РЕЧЬ,говорил сам себе,говорил сам себе,CORE,manual_expanded,1,,расширенный фразовый маркер для поиска когнитивных контекстов
PHR_492,внутренняя речь,INNER_SPEECH,сам себе сказал,сам себе сказать,CORE,manual_expanded,1,,расширенный фразовый маркер для поиска когнитивных контекстов
PHR_493,внутренняя речь,ВНУТРЕННЯЯ_РЕЧЬ,сам себе ответил,сам себе ответил,CORE,manual_expanded,1,,расширенный фразовый маркер для поиска когнитивных контекстов
PHR_494,внутренняя речь,ВНУТРЕННЯЯ_РЕЧЬ,сам себя спросил,сам себя спросил,CORE,manual_expanded,1,,расширенный фразовый маркер для поиска когнитивных контекстов
PHR_495,внутренняя речь,ВНУТРЕННЯЯ_РЕЧЬ,внутри себя сказал,внутри себя сказать,CORE,manual_expanded,1,,расширенный фразовый маркер для поиска когнитивных контекстов
PHR_496,внутренняя речь,ВНУТРЕННЯЯ_РЕЧЬ,в душе сказал,в душе сказать,CORE,manual_expanded,1,,расширенный фразовый маркер для поиска когнитивных контекстов
PHR_497,внутренняя речь,ВНУТРЕННЯЯ_РЕЧЬ,в душе повторил,в душе повторил,CORE,manual_expanded,1,,расширенный фразовый маркер для поиска когнитивных контекстов
PHR_498,внутренняя речь,DECIDE,в душе решил,в душе решить,CORE,manual_expanded,1,,расширенный фразовый маркер для поиска когнитивных контекстов
PHR_499,внутренняя речь,THINK_GENERAL,в душе подумал,в душе подумать,CORE,manual_expanded,1,,расширенный фразовый маркер для поиска когнитивных контекстов
PHR_500,внутренняя речь,UNDERSTAND,в душе понял,в душе понять,CORE,manual_expanded,1,,расширенный фразовый маркер для поиска когнитивных контекстов
PHR_501,внутренняя речь,ВНУТРЕННЯЯ_РЕЧЬ,молча сказал себе,молча сказать себе,CORE,manual_expanded,1,,расширенный фразовый маркер для поиска когнитивных контекстов
PHR_502,внутренняя речь,ВНУТРЕННЯЯ_РЕЧЬ,тихо сказал себе,тихо сказать себе,CORE,manual_expanded,1,,расширенный фразовый маркер для поиска когнитивных контекстов
PHR_503,внутренняя речь,INNER_SPEECH,мысленно произносил,мысленно произносил,CORE,manual_expanded,1,,расширенный фразовый маркер для поиска когнитивных контекстов
PHR_504,внутренняя речь,INNER_SPEECH,мысленно перебирал,мысленно перебирал,CORE,manual_expanded,1,,расширенный фразовый маркер для поиска когнитивных контекстов
PHR_505,внутренняя речь,INNER_SPEECH,про себя усмехнулся,про себя усмехнулся,CORE,manual_expanded,1,,расширенный фразовый маркер для поиска когнитивных контекстов
PHR_506,навязчивая мысль,НАВЯЗЧИВАЯ_МЫСЛЬ,мысль не давала покоя,мысль не давала покоя,EXTENDED,manual_expanded,1,пограничная формула: проверять вручную,расширенный фразовый маркер для поиска когнитивных контекстов
PHR_507,навязчивая мысль,НАВЯЗЧИВАЯ_МЫСЛЬ,не давала покоя мысль,не давала покоя мысль,EXTENDED,manual_expanded,1,пограничная формула: проверять вручную,расширенный фразовый маркер для поиска когнитивных контекстов
PHR_508,навязчивая мысль,НАВЯЗЧИВАЯ_МЫСЛЬ,мысль мучила,мысль мучила,EXTENDED,manual_expanded,1,пограничная формула: проверять вручную,расширенный фразовый маркер для поиска когнитивных контекстов
PHR_509,навязчивая мысль,НАВЯЗЧИВАЯ_МЫСЛЬ,мучила мысль,мучила мысль,EXTENDED,manual_expanded,1,пограничная формула: проверять вручную,расширенный фразовый маркер для поиска когнитивных контекстов
PHR_510,навязчивая мысль,НАВЯЗЧИВАЯ_МЫСЛЬ,мысль тревожила,мысль тревожила,EXTENDED,manual_expanded,1,пограничная формула: проверять вручную,расширенный фразовый маркер для поиска когнитивных контекстов
PHR_511,навязчивая мысль,НАВЯЗЧИВАЯ_МЫСЛЬ,тревожила мысль,тревожила мысль,EXTENDED,manual_expanded,1,пограничная формула: проверять вручную,расширенный фразовый маркер для поиска когнитивных контекстов
PHR_512,навязчивая мысль,НАВЯЗЧИВАЯ_МЫСЛЬ,мысль давила,мысль давила,EXTENDED,manual_expanded,1,пограничная формула: проверять вручную,расширенный фразовый маркер для поиска когнитивных контекстов
PHR_513,навязчивая мысль,НАВЯЗЧИВАЯ_МЫСЛЬ,давила мысль,давила мысль,EXTENDED,manual_expanded,1,пограничная формула: проверять вручную,расширенный фразовый маркер для поиска когнитивных контекстов
PHR_514,навязчивая мысль,НАВЯЗЧИВАЯ_МЫСЛЬ,мысль жгла,мысль жгла,EXTENDED,manual_expanded,1,пограничная формула: проверять вручную,расширенный фразовый маркер для поиска когнитивных контекстов
PHR_515,навязчивая мысль,НАВЯЗЧИВАЯ_МЫСЛЬ,жгла мысль,жгла мысль,EXTENDED,manual_expanded,1,пограничная формула: проверять вручную,расширенный фразовый маркер для поиска когнитивных контекстов
PHR_516,навязчивая мысль,НАВЯЗЧИВАЯ_МЫСЛЬ,мысль сверлила,мысль сверлила,EXTENDED,manual_expanded,1,пограничная формула: проверять вручную,расширенный фразовый маркер для поиска когнитивных контекстов
PHR_517,навязчивая мысль,НАВЯЗЧИВАЯ_МЫСЛЬ,сверлила мысль,сверлила мысль,EXTENDED,manual_expanded,1,пограничная формула: проверять вручную,расширенный фразовый маркер для поиска когнитивных контекстов
PHR_518,навязчивая мысль,НАВЯЗЧИВАЯ_МЫСЛЬ,мысль точила,мысль точила,EXTENDED,manual_expanded,1,пограничная формула: проверять вручную,расширенный фразовый маркер для поиска когнитивных контекстов
PHR_519,навязчивая мысль,НАВЯЗЧИВАЯ_МЫСЛЬ,точила мысль,точила мысль,EXTENDED,manual_expanded,1,пограничная формула: проверять вручную,расширенный фразовый маркер для поиска когнитивных контекстов
PHR_520,навязчивая мысль,НАВЯЗЧИВАЯ_МЫСЛЬ,мысль засела,мысль засела,EXTENDED,manual_expanded,1,пограничная формула: проверять вручную,расширенный фразовый маркер для поиска когнитивных контекстов
PHR_521,навязчивая мысль,НАВЯЗЧИВАЯ_МЫСЛЬ,засела мысль,засела мысль,EXTENDED,manual_expanded,1,пограничная формула: проверять вручную,расширенный фразовый маркер для поиска когнитивных контекстов
PHR_522,навязчивая мысль,HEAD_MIND,засела в голове,засела в голова,EXTENDED,manual_expanded,1,пограничная формула: проверять вручную,расширенный фразовый маркер для поиска когнитивных контекстов
PHR_523,навязчивая мысль,HEAD_MIND,не выходила из головы,не выходила из голова,EXTENDED,manual_expanded,1,пограничная формула: проверять вручную,расширенный фразовый маркер для поиска когнитивных контекстов
PHR_524,навязчивая мысль,HEAD_MIND,не выходило из головы,не выходило из голова,EXTENDED,manual_expanded,1,пограничная формула: проверять вручную,расширенный фразовый маркер для поиска когнитивных контекстов
PHR_525,навязчивая мысль,HEAD_MIND,крутилась в голове,крутилась в голова,EXTENDED,manual_expanded,1,пограничная формула: проверять вручную,расширенный фразовый маркер для поиска когнитивных контекстов
PHR_526,навязчивая мысль,HEAD_MIND,вертелась в голове,вертелась в голова,EXTENDED,manual_expanded,1,пограничная формула: проверять вручную,расширенный фразовый маркер для поиска когнитивных контекстов
PHR_527,навязчивая мысль,HEAD_MIND,стояла в голове,стояла в голова,EXTENDED,manual_expanded,1,пограничная формула: проверять вручную,расширенный фразовый маркер для поиска когнитивных контекстов
PHR_528,навязчивая мысль,HEAD_MIND,звенела в голове,звенела в голова,EXTENDED,manual_expanded,1,пограничная формула: проверять вручную,расширенный фразовый маркер для поиска когнитивных контекстов
PHR_529,навязчивая мысль,HEAD_MIND,бродила в голове,бродила в голова,EXTENDED,manual_expanded,1,пограничная формула: проверять вручную,расширенный фразовый маркер для поиска когнитивных контекстов
PHR_530,навязчивая мысль,НАВЯЗЧИВАЯ_МЫСЛЬ,мысль преследовала,мысль преследовала,EXTENDED,manual_expanded,1,пограничная формула: проверять вручную,расширенный фразовый маркер для поиска когнитивных контекстов
PHR_531,навязчивая мысль,НАВЯЗЧИВАЯ_МЫСЛЬ,преследовала мысль,преследовала мысль,EXTENDED,manual_expanded,1,пограничная формула: проверять вручную,расширенный фразовый маркер для поиска когнитивных контекстов
PHR_532,навязчивая мысль,НАВЯЗЧИВАЯ_МЫСЛЬ,мысль гнала,мысль гнала,EXTENDED,manual_expanded,1,пограничная формула: проверять вручную,расширенный фразовый маркер для поиска когнитивных контекстов
PHR_533,навязчивая мысль,НАВЯЗЧИВАЯ_МЫСЛЬ,гнала мысль,гнала мысль,EXTENDED,manual_expanded,1,пограничная формула: проверять вручную,расширенный фразовый маркер для поиска когнитивных контекстов
PHR_534,навязчивая мысль,НАВЯЗЧИВАЯ_МЫСЛЬ,мысль возвращалась,мысль возвращалась,EXTENDED,manual_expanded,1,пограничная формула: проверять вручную,расширенный фразовый маркер для поиска когнитивных контекстов
PHR_535,навязчивая мысль,НАВЯЗЧИВАЯ_МЫСЛЬ,возвращалась мысль,возвращалась мысль,EXTENDED,manual_expanded,1,пограничная формула: проверять вручную,расширенный фразовый маркер для поиска когнитивных контекстов
PHR_536,голова / ум как орган мышления,FLASH_THOUGHT,в голове мелькнуло,в голова мелькнуло,EXTENDED,manual_expanded,1,пограничная формула: проверять вручную,расширенный фразовый маркер для поиска когнитивных контекстов
PHR_537,голова / ум как орган мышления,FLASH_THOUGHT,в голове промелькнуло,в голова промелькнуло,EXTENDED,manual_expanded,1,пограничная формула: проверять вручную,расширенный фразовый маркер для поиска когнитивных контекстов
PHR_538,голова / ум как орган мышления,HEAD_MIND,в голове возникло,в голова возникло,EXTENDED,manual_expanded,1,пограничная формула: проверять вручную,расширенный фразовый маркер для поиска когнитивных контекстов
PHR_539,голова / ум как орган мышления,HEAD_MIND,в голове вертелось,в голова вертелось,EXTENDED,manual_expanded,1,пограничная формула: проверять вручную,расширенный фразовый маркер для поиска когнитивных контекстов
PHR_540,голова / ум как орган мышления,HEAD_MIND,в голове стояло,в голова стояло,EXTENDED,manual_expanded,1,пограничная формула: проверять вручную,расширенный фразовый маркер для поиска когнитивных контекстов
PHR_541,голова / ум как орган мышления,HEAD_MIND,в голове прояснилось,в голова прояснилось,EXTENDED,manual_expanded,1,пограничная формула: проверять вручную,расширенный фразовый маркер для поиска когнитивных контекстов
PHR_542,голова / ум как орган мышления,HEAD_MIND,в голове помутилось,в голова помутилось,EXTENDED,manual_expanded,1,пограничная формула: проверять вручную,расширенный фразовый маркер для поиска когнитивных контекстов
PHR_543,голова / ум как орган мышления,HEAD_MIND,голова работала,голова работала,EXTENDED,manual_expanded,1,пограничная формула: проверять вручную,расширенный фразовый маркер для поиска когнитивных контекстов
PHR_544,голова / ум как орган мышления,HEAD_MIND,голова не работала,голова не работала,EXTENDED,manual_expanded,1,пограничная формула: проверять вручную,расширенный фразовый маркер для поиска когнитивных контекстов
PHR_545,голова / ум как орган мышления,HEAD_MIND,голова отказывалась понимать,голова отказывалась понимать,EXTENDED,manual_expanded,1,пограничная формула: проверять вручную,расширенный фразовый маркер для поиска когнитивных контекстов
PHR_546,голова / ум как орган мышления,HEAD_MIND,голова шла кругом,голова шла кругом,EXTENDED,manual_expanded,1,пограничная формула: проверять вручную,расширенный фразовый маркер для поиска когнитивных контекстов
PHR_547,голова / ум как орган мышления,HEAD_MIND,голова кругом шла,голова кругом шла,EXTENDED,manual_expanded,1,пограничная формула: проверять вручную,расширенный фразовый маркер для поиска когнитивных контекстов
PHR_548,голова / ум как орган мышления,HEAD_MIND,ломал голову,ломал голова,EXTENDED,manual_expanded,1,пограничная формула: проверять вручную,расширенный фразовый маркер для поиска когнитивных контекстов
PHR_549,голова / ум как орган мышления,HEAD_MIND,сломал голову,сломал голова,EXTENDED,manual_expanded,1,пограничная формула: проверять вручную,расширенный фразовый маркер для поиска когнитивных контекстов
PHR_550,голова / ум как орган мышления,HEAD_MIND,морщил голову,морщил голова,EXTENDED,manual_expanded,1,пограничная формула: проверять вручную,расширенный фразовый маркер для поиска когнитивных контекстов
PHR_551,голова / ум как орган мышления,HEAD_MIND,раскинул мозгами,раскинул мозг,EXTENDED,manual_expanded,1,пограничная формула: проверять вручную,расширенный фразовый маркер для поиска когнитивных контекстов
PHR_552,голова / ум как орган мышления,HEAD_MIND,шевелил мозгами,шевелил мозг,EXTENDED,manual_expanded,1,пограничная формула: проверять вручную,расширенный фразовый маркер для поиска когнитивных контекстов
PHR_553,голова / ум как орган мышления,HEAD_MIND,пошевелил мозгами,пошевелил мозг,EXTENDED,manual_expanded,1,пограничная формула: проверять вручную,расширенный фразовый маркер для поиска когнитивных контекстов
PHR_554,голова / ум как орган мышления,HEAD_MIND,ум за разум заходил,ум за разум заходил,EXTENDED,manual_expanded,1,пограничная формула: проверять вручную,расширенный фразовый маркер для поиска когнитивных контекстов
PHR_555,голова / ум как орган мышления,UNDERSTAND,умом понимал,ум понимал,EXTENDED,manual_expanded,1,пограничная формула: проверять вручную,расширенный фразовый маркер для поиска когнитивных контекстов
PHR_556,голова / ум как орган мышления,UNDERSTAND,сердцем понимал,сердцем понимал,EXTENDED,manual_expanded,1,пограничная формула: проверять вручную,расширенный фразовый маркер для поиска когнитивных контекстов
PHR_557,голова / ум как орган мышления,HEAD_MIND,умом прикинул,ум прикинул,EXTENDED,manual_expanded,1,пограничная формула: проверять вручную,расширенный фразовый маркер для поиска когнитивных контекстов
PHR_558,голова / ум как орган мышления,HEAD_MIND,держал в голове,держал в голова,EXTENDED,manual_expanded,1,пограничная формула: проверять вручную,расширенный фразовый маркер для поиска когнитивных контекстов
PHR_559,голова / ум как орган мышления,HEAD_MIND,держал в уме,держал в ум,EXTENDED,manual_expanded,1,пограничная формула: проверять вручную,расширенный фразовый маркер для поиска когнитивных контекстов
PHR_560,голова / ум как орган мышления,HEAD_MIND,держал на уме,держал на ум,EXTENDED,manual_expanded,1,пограничная формула: проверять вручную,расширенный фразовый маркер для поиска когнитивных контекстов
PHR_561,голова / ум как орган мышления,INNER_SPEECH,держал про себя,держал про себя,EXTENDED,manual_expanded,1,пограничная формула: проверять вручную,расширенный фразовый маркер для поиска когнитивных контекстов
PHR_562,голова / ум как орган мышления,HEAD_MIND,в уме держал,в ум держал,EXTENDED,manual_expanded,1,пограничная формула: проверять вручную,расширенный фразовый маркер для поиска когнитивных контекстов
PHR_563,голова / ум как орган мышления,HEAD_MIND,в голове держал,в голова держал,EXTENDED,manual_expanded,1,пограничная формула: проверять вручную,расширенный фразовый маркер для поиска когнитивных контекстов
PHR_564,рассуждение / вывод,РАССУЖДЕНИЕ_ВЫВОД,рассудил так,рассудил так,EXTENDED,manual_expanded,1,пограничная формула: проверять вручную,расширенный фразовый маркер для поиска когнитивных контекстов
PHR_565,рассуждение / вывод,РАССУЖДЕНИЕ_ВЫВОД,рассудил иначе,рассудил иначе,EXTENDED,manual_expanded,1,пограничная формула: проверять вручную,расширенный фразовый маркер для поиска когнитивных контекстов
PHR_566,рассуждение / вывод,INNER_SPEECH,рассуждал про себя,рассуждал про себя,EXTENDED,manual_expanded,1,пограничная формула: проверять вручную,расширенный фразовый маркер для поиска когнитивных контекстов
PHR_567,рассуждение / вывод,РАССУЖДЕНИЕ_ВЫВОД,стал рассуждать,стать рассуждать,EXTENDED,manual_expanded,1,пограничная формула: проверять вручную,расширенный фразовый маркер для поиска когнитивных контекстов
PHR_568,рассуждение / вывод,РАССУЖДЕНИЕ_ВЫВОД,начал рассуждать,начал рассуждать,EXTENDED,manual_expanded,1,пограничная формула: проверять вручную,расширенный фразовый маркер для поиска когнитивных контекстов
PHR_569,рассуждение / вывод,РАССУЖДЕНИЕ_ВЫВОД,рассуждал здраво,рассуждал здраво,EXTENDED,manual_expanded,1,пограничная формула: проверять вручную,расширенный фразовый маркер для поиска когнитивных контекстов
PHR_570,рассуждение / вывод,РАССУЖДЕНИЕ_ВЫВОД,рассуждал просто,рассуждал просто,EXTENDED,manual_expanded,1,пограничная формула: проверять вручную,расширенный фразовый маркер для поиска когнитивных контекстов
PHR_571,рассуждение / вывод,РАССУЖДЕНИЕ_ВЫВОД,пришел к выводу,прийти к выводу,EXTENDED,manual_expanded,1,пограничная формула: проверять вручную,расширенный фразовый маркер для поиска когнитивных контекстов
PHR_572,рассуждение / вывод,РАССУЖДЕНИЕ_ВЫВОД,сделал вывод,сделал вывод,EXTENDED,manual_expanded,1,пограничная формула: проверять вручную,расширенный фразовый маркер для поиска когнитивных контекстов
PHR_573,рассуждение / вывод,РАССУЖДЕНИЕ_ВЫВОД,вывел из этого,вывел из этого,EXTENDED,manual_expanded,1,пограничная формула: проверять вручную,расширенный фразовый маркер для поиска когнитивных контекстов
PHR_574,рассуждение / вывод,UNDERSTAND,понял из этого,понять из этого,EXTENDED,manual_expanded,1,пограничная формула: проверять вручную,расширенный фразовый маркер для поиска когнитивных контекстов
PHR_575,рассуждение / вывод,INNER_SPEECH,заключил про себя,заключил про себя,EXTENDED,manual_expanded,1,пограничная формула: проверять вручную,расширенный фразовый маркер для поиска когнитивных контекстов
PHR_576,рассуждение / вывод,РАССУЖДЕНИЕ_ВЫВОД,заключил наконец,заключил наконец,EXTENDED,manual_expanded,1,пограничная формула: проверять вручную,расширенный фразовый маркер для поиска когнитивных контекстов
PHR_577,рассуждение / вывод,PROMPT_TO_THINK,сообразил по своему,сообразил по своему,EXTENDED,manual_expanded,1,пограничная формула: проверять вручную,расширенный фразовый маркер для поиска когнитивных контекстов
PHR_578,рассуждение / вывод,PROMPT_TO_THINK,сообразил по-своему,сообразил по-своему,EXTENDED,manual_expanded,1,пограничная формула: проверять вручную,расширенный фразовый маркер для поиска когнитивных контекстов
PHR_579,рассуждение / вывод,HEAD_MIND,рассчитал в уме,рассчитал в ум,EXTENDED,manual_expanded,1,пограничная формула: проверять вручную,расширенный фразовый маркер для поиска когнитивных контекстов
PHR_580,рассуждение / вывод,РАССУЖДЕНИЕ_ВЫВОД,сопоставил одно с другим,сопоставил одно с другим,EXTENDED,manual_expanded,1,пограничная формула: проверять вручную,расширенный фразовый маркер для поиска когнитивных контекстов
PHR_581,рассуждение / вывод,РАССУЖДЕНИЕ_ВЫВОД,связал одно с другим,связал одно с другим,EXTENDED,manual_expanded,1,пограничная формула: проверять вручную,расширенный фразовый маркер для поиска когнитивных контекстов
PHR_582,рассуждение / вывод,HEAD_MIND,выстроил в уме,выстроил в ум,EXTENDED,manual_expanded,1,пограничная формула: проверять вручную,расширенный фразовый маркер для поиска когнитивных контекстов
PHR_583,рассуждение / вывод,РАССУЖДЕНИЕ_ВЫВОД,пришел к мысли,прийти к мысль,EXTENDED,manual_expanded,1,пограничная формула: проверять вручную,расширенный фразовый маркер для поиска когнитивных контекстов
PHR_584,рассуждение / вывод,РАССУЖДЕНИЕ_ВЫВОД,склонился к мысли,склонился к мысль,EXTENDED,manual_expanded,1,пограничная формула: проверять вручную,расширенный фразовый маркер для поиска когнитивных контекстов
PHR_585,понимание / ясность,UNDERSTAND,не понимал,не понимал,CORE,manual_expanded,1,,расширенный фразовый маркер для поиска когнитивных контекстов
PHR_586,понимание / ясность,UNDERSTAND,ничего не понимал,ничего не понимал,CORE,manual_expanded,1,,расширенный фразовый маркер для поиска когнитивных контекстов
PHR_587,понимание / ясность,UNDERSTAND,не понимал причины,не понимал причины,CORE,manual_expanded,1,,расширенный фразовый маркер для поиска когнитивных контекстов
PHR_588,понимание / ясность,UNDERSTAND,не понимал смысла,не понимал смысла,CORE,manual_expanded,1,,расширенный фразовый маркер для поиска когнитивных контекстов
PHR_589,понимание / ясность,UNDERSTAND,не понимал зачем,не понимал зачем,CORE,manual_expanded,1,,расширенный фразовый маркер для поиска когнитивных контекстов
PHR_590,понимание / ясность,UNDERSTAND,не понимал почему,не понимал почему,CORE,manual_expanded,1,,расширенный фразовый маркер для поиска когнитивных контекстов
PHR_591,понимание / ясность,ПОНИМАНИЕ_ЯСНОСТЬ,не брал в толк,не брал в толк,CORE,manual_expanded,1,,расширенный фразовый маркер для поиска когнитивных контекстов
PHR_592,понимание / ясность,HEAD_MIND,не укладывалось в голове,не укладывалось в голова,CORE,manual_expanded,1,,расширенный фразовый маркер для поиска когнитивных контекстов
PHR_593,понимание / ясность,HEAD_MIND,не укладывалось в уме,не укладывалось в ум,CORE,manual_expanded,1,,расширенный фразовый маркер для поиска когнитивных контекстов
PHR_594,понимание / ясность,PROMPT_TO_THINK,не мог сообразить,не мог сообразить,CORE,manual_expanded,1,,расширенный фразовый маркер для поиска когнитивных контекстов
PHR_595,понимание / ясность,PRACTICAL_INTELLECTION,никак не соображал,никак не соображал,CORE,manual_expanded,1,,расширенный фразовый маркер для поиска когнитивных контекстов
PHR_596,понимание / ясность,PRACTICAL_INTELLECTION,не мог догадаться,не мог догадаться,CORE,manual_expanded,1,,расширенный фразовый маркер для поиска когнитивных контекстов
PHR_597,понимание / ясность,PRACTICAL_INTELLECTION,не догадывался,не догадывался,CORE,manual_expanded,1,,расширенный фразовый маркер для поиска когнитивных контекстов
PHR_598,понимание / ясность,ПОНИМАНИЕ_ЯСНОСТЬ,не дошло до него,не дошло до него,CORE,manual_expanded,1,,расширенный фразовый маркер для поиска когнитивных контекстов
PHR_599,понимание / ясность,ПОНИМАНИЕ_ЯСНОСТЬ,до него не доходило,до него не доходило,CORE,manual_expanded,1,,расширенный фразовый маркер для поиска когнитивных контекстов
PHR_600,понимание / ясность,ПОНИМАНИЕ_ЯСНОСТЬ,не было понятно,не было понятно,CORE,manual_expanded,1,,расширенный фразовый маркер для поиска когнитивных контекстов
PHR_601,понимание / ясность,BECOME_CLEAR,не стало ясно,не стать ясно,CORE,manual_expanded,1,,расширенный фразовый маркер для поиска когнитивных контекстов
PHR_602,понимание / ясность,HEAD_MIND,не мог уразуметь,не мог уразуметь,CORE,manual_expanded,1,,расширенный фразовый маркер для поиска когнитивных контекстов
PHR_603,модальная формула мышления,THINK_GENERAL,надо подумать,надо подумать,EXTENDED,manual_expanded,1,пограничная формула: проверять вручную,расширенный фразовый маркер для поиска когнитивных контекстов
PHR_604,модальная формула мышления,THINK_GENERAL,нужно подумать,нужно подумать,EXTENDED,manual_expanded,1,пограничная формула: проверять вручную,расширенный фразовый маркер для поиска когнитивных контекстов
PHR_605,модальная формула мышления,THINK_GENERAL,следовало подумать,следовало подумать,EXTENDED,manual_expanded,1,пограничная формула: проверять вручную,расширенный фразовый маркер для поиска когнитивных контекстов
PHR_606,модальная формула мышления,THINK_GENERAL,стоило подумать,стоило подумать,EXTENDED,manual_expanded,1,пограничная формула: проверять вручную,расширенный фразовый маркер для поиска когнитивных контекстов
PHR_607,модальная формула мышления,THINK_GENERAL,надо было подумать,надо было подумать,EXTENDED,manual_expanded,1,пограничная формула: проверять вручную,расширенный фразовый маркер для поиска когнитивных контекстов
PHR_608,модальная формула мышления,THINK_GENERAL,нужно было подумать,нужно было подумать,EXTENDED,manual_expanded,1,пограничная формула: проверять вручную,расширенный фразовый маркер для поиска когнитивных контекстов
PHR_609,модальная формула мышления,DECIDE,следовало решить,следовало решить,EXTENDED,manual_expanded,1,пограничная формула: проверять вручную,расширенный фразовый маркер для поиска когнитивных контекстов
PHR_610,модальная формула мышления,DECIDE,надо было решить,надо было решить,EXTENDED,manual_expanded,1,пограничная формула: проверять вручную,расширенный фразовый маркер для поиска когнитивных контекстов
PHR_611,модальная формула мышления,DECIDE,нужно было решить,нужно было решить,EXTENDED,manual_expanded,1,пограничная формула: проверять вручную,расширенный фразовый маркер для поиска когнитивных контекстов
PHR_612,модальная формула мышления,UNDERSTAND,надо понять,надо понять,EXTENDED,manual_expanded,1,пограничная формула: проверять вручную,расширенный фразовый маркер для поиска когнитивных контекстов
PHR_613,модальная формула мышления,UNDERSTAND,нужно понять,нужно понять,EXTENDED,manual_expanded,1,пограничная формула: проверять вручную,расширенный фразовый маркер для поиска когнитивных контекстов
PHR_614,модальная формула мышления,UNDERSTAND,следовало понять,следовало понять,EXTENDED,manual_expanded,1,пограничная формула: проверять вручную,расширенный фразовый маркер для поиска когнитивных контекстов
PHR_615,модальная формула мышления,REMEMBER,надо вспомнить,надо вспомнить,EXTENDED,manual_expanded,1,пограничная формула: проверять вручную,расширенный фразовый маркер для поиска когнитивных контекстов
PHR_616,модальная формула мышления,REMEMBER,нужно вспомнить,нужно вспомнить,EXTENDED,manual_expanded,1,пограничная формула: проверять вручную,расширенный фразовый маркер для поиска когнитивных контекстов
PHR_617,модальная формула мышления,REMEMBER,следовало вспомнить,следовало вспомнить,EXTENDED,manual_expanded,1,пограничная формула: проверять вручную,расширенный фразовый маркер для поиска когнитивных контекстов
PHR_618,модальная формула мышления,MODAL_NEED_TO_THINK,надо сообразить,надо сообразить,EXTENDED,manual_expanded,1,пограничная формула: проверять вручную,расширенный фразовый маркер для поиска когнитивных контекстов
PHR_619,модальная формула мышления,MODAL_NEED_TO_THINK,нужно сообразить,нужно сообразить,EXTENDED,manual_expanded,1,пограничная формула: проверять вручную,расширенный фразовый маркер для поиска когнитивных контекстов
PHR_620,модальная формула мышления,MODAL_NEED_TO_THINK,следовало сообразить,следовало сообразить,EXTENDED,manual_expanded,1,пограничная формула: проверять вручную,расширенный фразовый маркер для поиска когнитивных контекстов
PHR_621,модальная формула мышления,PRACTICAL_INTELLECTION,надо догадаться,надо догадаться,EXTENDED,manual_expanded,1,пограничная формула: проверять вручную,расширенный фразовый маркер для поиска когнитивных контекстов
PHR_622,модальная формула мышления,PRACTICAL_INTELLECTION,нужно догадаться,нужно догадаться,EXTENDED,manual_expanded,1,пограничная формула: проверять вручную,расширенный фразовый маркер для поиска когнитивных контекстов
PHR_623,модальная формула мышления,MODAL_NEED_TO_THINK,надо рассудить,надо рассудить,EXTENDED,manual_expanded,1,пограничная формула: проверять вручную,расширенный фразовый маркер для поиска когнитивных контекстов
PHR_624,модальная формула мышления,MODAL_NEED_TO_THINK,нужно рассудить,нужно рассудить,EXTENDED,manual_expanded,1,пограничная формула: проверять вручную,расширенный фразовый маркер для поиска когнитивных контекстов
PHR_625,побуждение к мышлению,HEAD_MIND,подумай сам,подумай сам,CORE,manual_expanded,1,,расширенный фразовый маркер для поиска когнитивных контекстов
PHR_626,побуждение к мышлению,HEAD_MIND,сам подумай,сам подумай,CORE,manual_expanded,1,,расширенный фразовый маркер для поиска когнитивных контекстов
PHR_627,побуждение к мышлению,HEAD_MIND,подумай хорошенько,подумай хорошенько,CORE,manual_expanded,1,,расширенный фразовый маркер для поиска когнитивных контекстов
PHR_628,побуждение к мышлению,HEAD_MIND,подумай сперва,подумай сперва,CORE,manual_expanded,1,,расширенный фразовый маркер для поиска когнитивных контекстов
PHR_629,побуждение к мышлению,HEAD_MIND,подумай головой,подумай головой,CORE,manual_expanded,1,,расширенный фразовый маркер для поиска когнитивных контекстов
PHR_630,побуждение к мышлению,HEAD_MIND,думай головой,думай головой,CORE,manual_expanded,1,,расширенный фразовый маркер для поиска когнитивных контекстов
PHR_631,побуждение к мышлению,HEAD_MIND,раскинь умом,раскинь ум,CORE,manual_expanded,1,,расширенный фразовый маркер для поиска когнитивных контекстов
PHR_632,побуждение к мышлению,PROMPT_TO_THINK,сообрази сам,сообрази сам,CORE,manual_expanded,1,,расширенный фразовый маркер для поиска когнитивных контекстов
PHR_633,побуждение к мышлению,PROMPT_TO_THINK,сам сообрази,сам сообрази,CORE,manual_expanded,1,,расширенный фразовый маркер для поиска когнитивных контекстов
PHR_634,побуждение к мышлению,UNDERSTAND,пойми ты,понять ты,CORE,manual_expanded,1,,расширенный фразовый маркер для поиска когнитивных контекстов
PHR_635,побуждение к мышлению,UNDERSTAND,ты пойми,ты понять,CORE,manual_expanded,1,,расширенный фразовый маркер для поиска когнитивных контекстов
PHR_636,побуждение к мышлению,UNDERSTAND,послушай и пойми,послушай и понять,CORE,manual_expanded,1,,расширенный фразовый маркер для поиска когнитивных контекстов
PHR_637,побуждение к мышлению,REMEMBER,вспомни сам,вспомни сам,CORE,manual_expanded,1,,расширенный фразовый маркер для поиска когнитивных контекстов
PHR_638,побуждение к мышлению,REMEMBER,сам вспомни,сам вспомни,CORE,manual_expanded,1,,расширенный фразовый маркер для поиска когнитивных контекстов
PHR_639,побуждение к мышлению,REMEMBER,припомни,припомни,CORE,manual_expanded,1,,расширенный фразовый маркер для поиска когнитивных контекстов
PHR_640,побуждение к мышлению,PROMPT_TO_THINK,решай сам,решай сам,CORE,manual_expanded,1,,расширенный фразовый маркер для поиска когнитивных контекстов
PHR_641,побуждение к мышлению,PROMPT_TO_THINK,сам решай,сам решай,CORE,manual_expanded,1,,расширенный фразовый маркер для поиска когнитивных контекстов
PHR_642,побуждение к мышлению,ПОБУЖДЕНИЕ_К_МЫШЛЕНИЮ,не дури головой,не дури головой,CORE,manual_expanded,1,,расширенный фразовый маркер для поиска когнитивных контекстов
PHR_643,побуждение к мышлению,UNDERSTAND,пойми меня,понять меня,CORE,manual_expanded,1,,расширенный фразовый маркер для поиска когнитивных контекстов
PHR_644,побуждение к мышлению,HEAD_MIND,подумай обо мне,подумай обо мне,CORE,manual_expanded,1,,расширенный фразовый маркер для поиска когнитивных контекстов
PHR_645,побуждение к мышлению,HEAD_MIND,подумай над этим,подумай над этим,CORE,manual_expanded,1,,расширенный фразовый маркер для поиска когнитивных контекстов
PHR_646,побуждение к мышлению,REMEMBER,припомни хорошенько,припомни хорошенько,CORE,manual_expanded,1,,расширенный фразовый маркер для поиска когнитивных контекстов
PHR_647,побуждение к мышлению,PROMPT_TO_THINK,сообрази головой,сообрази головой,CORE,manual_expanded,1,,расширенный фразовый маркер для поиска когнитивных контекстов
PHR_648,побуждение к мышлению,HEAD_MIND,думай сам,думай сам,CORE,manual_expanded,1,,расширенный фразовый маркер для поиска когнитивных контекстов
PHR_649,побуждение к мышлению,ПОБУЖДЕНИЕ_К_МЫШЛЕНИЮ,реши сам,реши сам,CORE,manual_expanded,1,,расширенный фразовый маркер для поиска когнитивных контекстов
PHR_650,интуитивное понимание,INTUITIVE_KNOWING,сердце подсказало,сердце подсказало,EXTENDED,manual_expanded,1,пограничная формула: проверять вручную,расширенный фразовый маркер для поиска когнитивных контекстов
PHR_651,интуитивное понимание,INTUITIVE_KNOWING,сердце говорило,сердце говорило,EXTENDED,manual_expanded,1,пограничная формула: проверять вручную,расширенный фразовый маркер для поиска когнитивных контекстов
PHR_652,интуитивное понимание,INTUITIVE_KNOWING,душа подсказывала,душа подсказывала,EXTENDED,manual_expanded,1,пограничная формула: проверять вручную,расширенный фразовый маркер для поиска когнитивных контекстов
PHR_653,интуитивное понимание,UNDERSTAND,душой понимал,душой понимал,EXTENDED,manual_expanded,1,пограничная формула: проверять вручную,расширенный фразовый маркер для поиска когнитивных контекстов
PHR_654,интуитивное понимание,ИНТУИТИВНОЕ_ПОНИМАНИЕ,душой чувствовал,душой чувствовал,EXTENDED,manual_expanded,1,пограничная формула: проверять вручную,расширенный фразовый маркер для поиска когнитивных контекстов
PHR_655,интуитивное понимание,INTUITIVE_KNOWING,сердцем чуял,сердцем чуял,EXTENDED,manual_expanded,1,пограничная формула: проверять вручную,расширенный фразовый маркер для поиска когнитивных контекстов
PHR_656,интуитивное понимание,INTUITIVE_KNOWING,нутром чуял,нутром чуял,EXTENDED,manual_expanded,1,пограничная формула: проверять вручную,расширенный фразовый маркер для поиска когнитивных контекстов
PHR_657,интуитивное понимание,ИНТУИТИВНОЕ_ПОНИМАНИЕ,чуял беду,чуял беду,EXTENDED,manual_expanded,1,пограничная формула: проверять вручную,расширенный фразовый маркер для поиска когнитивных контекстов
PHR_658,интуитивное понимание,ИНТУИТИВНОЕ_ПОНИМАНИЕ,чуял неправду,чуял неправду,EXTENDED,manual_expanded,1,пограничная формула: проверять вручную,расширенный фразовый маркер для поиска когнитивных контекстов
PHR_659,интуитивное понимание,UNDERSTAND,чувствовал что понял,чувствовал что понять,EXTENDED,manual_expanded,1,пограничная формула: проверять вручную,расширенный фразовый маркер для поиска когнитивных контекстов
PHR_660,интуитивное понимание,UNDERSTAND,понял по глазам,понять по глазам,EXTENDED,manual_expanded,1,пограничная формула: проверять вручную,расширенный фразовый маркер для поиска когнитивных контекстов
PHR_661,интуитивное понимание,UNDERSTAND,понял по голосу,понять по голосу,EXTENDED,manual_expanded,1,пограничная формула: проверять вручную,расширенный фразовый маркер для поиска когнитивных контекстов
PHR_662,интуитивное понимание,UNDERSTAND,понял по лицу,понять по лицу,EXTENDED,manual_expanded,1,пограничная формула: проверять вручную,расширенный фразовый маркер для поиска когнитивных контекстов
PHR_663,интуитивное понимание,UNDERSTAND,сердцем понял,сердцем понять,EXTENDED,manual_expanded,1,пограничная формула: проверять вручную,расширенный фразовый маркер для поиска когнитивных контекстов
PHR_664,интуитивное понимание,INTUITIVE_KNOWING,сердцем угадал,сердцем угадал,EXTENDED,manual_expanded,1,пограничная формула: проверять вручную,расширенный фразовый маркер для поиска когнитивных контекстов
PHR_665,интуитивное понимание,UNDERSTAND,нутром понял,нутром понять,EXTENDED,manual_expanded,1,пограничная формула: проверять вручную,расширенный фразовый маркер для поиска когнитивных контекстов
PHR_666,эмоционально окрашенная мысль,ЭМОЦИОНАЛЬНО_ОКРАШЕННАЯ_МЫСЛЬ,тревожная мысль,тревожная мысль,EXTENDED,manual_expanded,1,пограничная формула: проверять вручную,расширенный фразовый маркер для поиска когнитивных контекстов
PHR_667,эмоционально окрашенная мысль,ЭМОЦИОНАЛЬНО_ОКРАШЕННАЯ_МЫСЛЬ,страшная мысль,страшная мысль,EXTENDED,manual_expanded,1,пограничная формула: проверять вручную,расширенный фразовый маркер для поиска когнитивных контекстов
PHR_668,эмоционально окрашенная мысль,ЭМОЦИОНАЛЬНО_ОКРАШЕННАЯ_МЫСЛЬ,горькая мысль,горькая мысль,EXTENDED,manual_expanded,1,пограничная формула: проверять вручную,расширенный фразовый маркер для поиска когнитивных контекстов
PHR_669,эмоционально окрашенная мысль,ЭМОЦИОНАЛЬНО_ОКРАШЕННАЯ_МЫСЛЬ,тяжелая мысль,тяжелая мысль,EXTENDED,manual_expanded,1,пограничная формула: проверять вручную,расширенный фразовый маркер для поиска когнитивных контекстов
PHR_670,эмоционально окрашенная мысль,ЭМОЦИОНАЛЬНО_ОКРАШЕННАЯ_МЫСЛЬ,мучительная мысль,мучительная мысль,EXTENDED,manual_expanded,1,пограничная формула: проверять вручную,расширенный фразовый маркер для поиска когнитивных контекстов
PHR_671,эмоционально окрашенная мысль,ЭМОЦИОНАЛЬНО_ОКРАШЕННАЯ_МЫСЛЬ,неприятная мысль,неприятная мысль,EXTENDED,manual_expanded,1,пограничная формула: проверять вручную,расширенный фразовый маркер для поиска когнитивных контекстов
PHR_672,эмоционально окрашенная мысль,ЭМОЦИОНАЛЬНО_ОКРАШЕННАЯ_МЫСЛЬ,радостная мысль,радостная мысль,EXTENDED,manual_expanded,1,пограничная формула: проверять вручную,расширенный фразовый маркер для поиска когнитивных контекстов
PHR_673,эмоционально окрашенная мысль,ЭМОЦИОНАЛЬНО_ОКРАШЕННАЯ_МЫСЛЬ,светлая мысль,светлая мысль,EXTENDED,manual_expanded,1,пограничная формула: проверять вручную,расширенный фразовый маркер для поиска когнитивных контекстов
PHR_674,эмоционально окрашенная мысль,ЭМОЦИОНАЛЬНО_ОКРАШЕННАЯ_МЫСЛЬ,темная мысль,темная мысль,EXTENDED,manual_expanded,1,пограничная формула: проверять вручную,расширенный фразовый маркер для поиска когнитивных контекстов
PHR_675,эмоционально окрашенная мысль,ЭМОЦИОНАЛЬНО_ОКРАШЕННАЯ_МЫСЛЬ,дурная мысль,дурная мысль,EXTENDED,manual_expanded,1,пограничная формула: проверять вручную,расширенный фразовый маркер для поиска когнитивных контекстов
PHR_676,эмоционально окрашенная мысль,ЭМОЦИОНАЛЬНО_ОКРАШЕННАЯ_МЫСЛЬ,беспокойная мысль,беспокойная мысль,EXTENDED,manual_expanded,1,пограничная формула: проверять вручную,расширенный фразовый маркер для поиска когнитивных контекстов
PHR_677,эмоционально окрашенная мысль,ЭМОЦИОНАЛЬНО_ОКРАШЕННАЯ_МЫСЛЬ,дикая мысль,дикая мысль,EXTENDED,manual_expanded,1,пограничная формула: проверять вручную,расширенный фразовый маркер для поиска когнитивных контекстов
PHR_678,эмоционально окрашенная мысль,ЭМОЦИОНАЛЬНО_ОКРАШЕННАЯ_МЫСЛЬ,острая мысль,острая мысль,EXTENDED,manual_expanded,1,пограничная формула: проверять вручную,расширенный фразовый маркер для поиска когнитивных контекстов
PHR_679,эмоционально окрашенная мысль,ЭМОЦИОНАЛЬНО_ОКРАШЕННАЯ_МЫСЛЬ,смутная мысль,смутная мысль,EXTENDED,manual_expanded,1,пограничная формула: проверять вручную,расширенный фразовый маркер для поиска когнитивных контекстов
PHR_680,эмоционально окрашенная мысль,ЭМОЦИОНАЛЬНО_ОКРАШЕННАЯ_МЫСЛЬ,ясная мысль,ясная мысль,EXTENDED,manual_expanded,1,пограничная формула: проверять вручную,расширенный фразовый маркер для поиска когнитивных контекстов
PHR_681,эмоционально окрашенная мысль,ЭМОЦИОНАЛЬНО_ОКРАШЕННАЯ_МЫСЛЬ,одна мысль,одна мысль,EXTENDED,manual_expanded,1,пограничная формула: проверять вручную,расширенный фразовый маркер для поиска когнитивных контекстов
PHR_682,эмоционально окрашенная мысль,ЭМОЦИОНАЛЬНО_ОКРАШЕННАЯ_МЫСЛЬ,последняя мысль,последняя мысль,EXTENDED,manual_expanded,1,пограничная формула: проверять вручную,расширенный фразовый маркер для поиска когнитивных контекстов
PHR_683,эмоционально окрашенная мысль,ЭМОЦИОНАЛЬНО_ОКРАШЕННАЯ_МЫСЛЬ,первая мысль,первая мысль,EXTENDED,manual_expanded,1,пограничная формула: проверять вручную,расширенный фразовый маркер для поиска когнитивных контекстов
PHR_684,эмоционально окрашенная мысль,ЭМОЦИОНАЛЬНО_ОКРАШЕННАЯ_МЫСЛЬ,главная мысль,главная мысль,EXTENDED,manual_expanded,1,пограничная формула: проверять вручную,расширенный фразовый маркер для поиска когнитивных контекстов
PHR_685,эмоционально окрашенная мысль,ЭМОЦИОНАЛЬНО_ОКРАШЕННАЯ_МЫСЛЬ,тайная мысль,тайная мысль,EXTENDED,manual_expanded,1,пограничная формула: проверять вручную,расширенный фразовый маркер для поиска когнитивных контекстов
PHR_686,эмоционально окрашенная мысль,ЭМОЦИОНАЛЬНО_ОКРАШЕННАЯ_МЫСЛЬ,затаенная мысль,затаенная мысль,EXTENDED,manual_expanded,1,пограничная формула: проверять вручную,расширенный фразовый маркер для поиска когнитивных контекстов
