hit_type,marker_id,sent_id,token_idx,token_end_idx,target_lemma,target_surface,sent_text,prev_sent_text,next_sent_text,context_window,overlaps_phrase,phrase_overlap_ids,is_noise,noise_reason,count_in_main_stats,hit_id
PHRASE,PHR_060,18,7,8,не забывать,не забывая,"В курень его не ходил до смерти, не забывая обиды.","Пленная турчанка сторонилась родных Прокофия, и старик Мелехов вскоре отделил сына.","Прокофий обстроился скоро: плотники срубили курень, сам пригородил базы для скотины и к осени увел на новое хозяйство сгорбленную иноземку-жену.","Пленная турчанка сторонилась родных Прокофия, и старик Мелехов вскоре отделил сына. В курень его не ходил до смерти, не забывая обиды. Прокофий обстроился скоро: плотники срубили курень, сам пригородил базы для скотины и к осени увел на новое хозяйство сгорбленную иноземку-жену.",False,,False,,True,1
WORD,S1_001,225,8,8,думать,думал,"«Выкуси, батя, хоть стреноженный уйду ноне на игрище», — думал, злобно обгрызая глазами крутой отцовский затылок.","Покусывая губы, шел Григорий позади отца.","Дома Григорий заботливо смыл с сазаньей чешуи присохший песок, продел сквозь жабры хворостинку.","Покусывая губы, шел Григорий позади отца. «Выкуси, батя, хоть стреноженный уйду ноне на игрище», — думал, злобно обгрызая глазами крутой отцовский затылок. Дома Григорий заботливо смыл с сазаньей чешуи присохший песок, продел сквозь жабры хворостинку.",False,,False,,True,2
WORD,S1_014,390,6,6,вспомнить,вспомнил,"Григорий, засыпая под мерный баюкающий скрип, вспомнил: «А ить завтра Петру в лагеря выходить.","— Коня с седлом,
С золотым махром…",Останется Дашка с дитем…,"— Коня с седлом,
С золотым махром… Григорий, засыпая под мерный баюкающий скрип, вспомнил: «А ить завтра Петру в лагеря выходить. Останется Дашка с дитем…",False,,False,,True,3
WORD,S1_020,489,6,6,ясно,ясно,"Поднимаясь в гору, Аксинья клонилась вперед, ясно вылегала под рубахой продольная ложбинка на спине.","На тяжелом узле волос пламенела расшитая цветным шелком шлычка, розовая рубаха, заправленная в юбку, не морщинясь, охватывала крутую спину и налитые плечи.","Григорий видел бурые круги слинявшей под мышками от пота рубахи, провожал глазами каждое движение.","На тяжелом узле волос пламенела расшитая цветным шелком шлычка, розовая рубаха, заправленная в юбку, не морщинясь, охватывала крутую спину и налитые плечи. Поднимаясь в гору, Аксинья клонилась вперед, ясно вылегала под рубахой продольная ложбинка на спине. Григорий видел бурые круги слинявшей под мышками от пота рубахи, провожал глазами каждое движение.",False,,False,,True,4
WORD,S1_002,532,2,2,подумать,подумают,"Увидют, что́ подумают?","— Пусти, дьявол, вон люди!","Она метнула по сторонам испуганным взглядом и прошла, хмурясь и не оглядываясь.","— Пусти, дьявол, вон люди! Увидют, что́ подумают? Она метнула по сторонам испуганным взглядом и прошла, хмурясь и не оглядываясь.",False,,False,,True,5
WORD,S1_002,558,0,0,подумать,Подумав,"— Подумав, добавил, как новость сообщил: — Уехал Петро.",— Ворота возьмись поправь да стояно́к на углу врой.,"Через плетень Григорий видел, как собирался Степан.","— Ворота возьмись поправь да стояно́к на углу врой. — Подумав, добавил, как новость сообщил: — Уехал Петро. Через плетень Григорий видел, как собирался Степан.",False,,False,,True,6
WORD,S1_020,706,5,5,ясно,ясно,"Небо, выстиранное дождем, строго и ясно.",Лоснится земля невпитанной влагой.,"Распутывая бредень, Григорий всматривается в Аксинью.","Лоснится земля невпитанной влагой. Небо, выстиранное дождем, строго и ясно. Распутывая бредень, Григорий всматривается в Аксинью.",False,,False,,True,7
WORD,S1_001,711,1,1,думать,думала,Я думала — ты утоп.,Спужалась до смерти!,Руки их сталкиваются.,Спужалась до смерти! Я думала — ты утоп. Руки их сталкиваются.,False,,False,,True,8
WORD,ALEX_012,820,3,3,догадаться,догадался,"А мальчишка, он догадался,
Стал коня свово седлать…","— Христоня, подмоги!","Степан переводит на Петра улыбающийся взгляд выпученных глаз, и Петро, вытянув изо рта усину, присоединяет голос.","— Христоня, подмоги! А мальчишка, он догадался,
Стал коня свово седлать… Степан переводит на Петра улыбающийся взгляд выпученных глаз, и Петро, вытянув изо рта усину, присоединяет голос.",False,,False,,True,9
WORD,ALEX_012,904,9,9,догадаться,догадался,"Позапрошлый год в Каменскую на суд вызывали, а батя догадался — успел помереть.","Он нас, стал быть, сгреб — и в станицу.","Отписали бумагой, что в живых его нету.","Он нас, стал быть, сгреб — и в станицу. Позапрошлый год в Каменскую на суд вызывали, а батя догадался — успел помереть. Отписали бумагой, что в живых его нету.",False,,False,,True,10
WORD,S1_016,919,2,2,помнить,помни,"Так и помни: убью, ежели что… — пообещал он ей.","— Убью, ежели пикнешь слово, а будешь помалкивать — справлю плюшевую кофту и гетры с калошами.","Ночью, в одной изорванной исподнице, прибежала Аксинья в хутор.","— Убью, ежели пикнешь слово, а будешь помалкивать — справлю плюшевую кофту и гетры с калошами. Так и помни: убью, ежели что… — пообещал он ей. Ночью, в одной изорванной исподнице, прибежала Аксинья в хутор.",False,,False,,True,11
WORD,ALEX_008,963,12,12,вспоминать,вспоминала,"На заре, просыпаясь доить коров, она улыбалась и, еще не сознавая отчего, вспоминала: «Нынче что-то есть радостное.","Тепло и приятно ей было, когда черные Гришкины глаза ласкали ее тяжко и исступленно.",Что же?,"Тепло и приятно ей было, когда черные Гришкины глаза ласкали ее тяжко и исступленно. На заре, просыпаясь доить коров, она улыбалась и, еще не сознавая отчего, вспоминала: «Нынче что-то есть радостное. Что же?",False,,False,,True,12
WORD,S1_011,967,9,9,мысль,мыслях,"Пугало это новое, заполнявшее всю ее чувство, и в мыслях шла ощупью, осторожно, как через Дон по мартовскому ноздреватому льду.",Гриша…»,"Проводив Степана в лагеря, решила с Гришкой видеться как можно реже.","Гриша…» Пугало это новое, заполнявшее всю ее чувство, и в мыслях шла ощупью, осторожно, как через Дон по мартовскому ноздреватому льду. Проводив Степана в лагеря, решила с Гришкой видеться как можно реже.",False,,False,,True,13
WORD,S1_004,968,4,4,решить,решила,"Проводив Степана в лагеря, решила с Гришкой видеться как можно реже.","Пугало это новое, заполнявшее всю ее чувство, и в мыслях шла ощупью, осторожно, как через Дон по мартовскому ноздреватому льду.",После ловли бреднем решение это укрепилось в ней еще прочнее.,"Пугало это новое, заполнявшее всю ее чувство, и в мыслях шла ощупью, осторожно, как через Дон по мартовскому ноздреватому льду. Проводив Степана в лагеря, решила с Гришкой видеться как можно реже. После ловли бреднем решение это укрепилось в ней еще прочнее.",False,,False,,True,14
WORD,S1_011,1152,5,5,мысль,мыслях,"Аксинья неотступно была в его мыслях; полузакрыв глаза, мысленно целовал ее, говорил ей откуда-то набредавшие на язык горячие и ласковые слова, потом отбрасывал это, шагал под счет — раз, два, три; память подсовывала отрезки воспоминаний: «Сидели под мокрой копной… в ендове свиристела турчелка… месяц над займищем… и с куста в лужину редкие капли вот так же — раз, два, три…","Впереди рассыпанной радугой цвели бабьи завески, но он искал глазами одну, белую с прошитой каймой; оглядывался на Аксинью и, снова приноравливаясь к отцову шагу, махал косой.","Хорошо, ах, хорошо-то!..»","Впереди рассыпанной радугой цвели бабьи завески, но он искал глазами одну, белую с прошитой каймой; оглядывался на Аксинью и, снова приноравливаясь к отцову шагу, махал косой. Аксинья неотступно была в его мыслях; полузакрыв глаза, мысленно целовал ее, говорил ей откуда-то набредавшие на язык горячие и ласковые слова, потом отбрасывал это, шагал под счет — раз, два, три; память подсовывала отрезки воспоминаний: «Сидели под мокрой копной… в ендове свиристела турчелка… месяц над займищем… и с куста в лужину редкие капли вот так же — раз, два, три… Хорошо, ах, хорошо-то!..»",False,,False,,True,15
WORD,S1_012,1152,8,8,мысленно,мысленно,"Аксинья неотступно была в его мыслях; полузакрыв глаза, мысленно целовал ее, говорил ей откуда-то набредавшие на язык горячие и ласковые слова, потом отбрасывал это, шагал под счет — раз, два, три; память подсовывала отрезки воспоминаний: «Сидели под мокрой копной… в ендове свиристела турчелка… месяц над займищем… и с куста в лужину редкие капли вот так же — раз, два, три…","Впереди рассыпанной радугой цвели бабьи завески, но он искал глазами одну, белую с прошитой каймой; оглядывался на Аксинью и, снова приноравливаясь к отцову шагу, махал косой.","Хорошо, ах, хорошо-то!..»","Впереди рассыпанной радугой цвели бабьи завески, но он искал глазами одну, белую с прошитой каймой; оглядывался на Аксинью и, снова приноравливаясь к отцову шагу, махал косой. Аксинья неотступно была в его мыслях; полузакрыв глаза, мысленно целовал ее, говорил ей откуда-то набредавшие на язык горячие и ласковые слова, потом отбрасывал это, шагал под счет — раз, два, три; память подсовывала отрезки воспоминаний: «Сидели под мокрой копной… в ендове свиристела турчелка… месяц над займищем… и с куста в лужину редкие капли вот так же — раз, два, три… Хорошо, ах, хорошо-то!..»",False,,False,,True,16
WORD,S1_002,1157,7,7,подумать,подумал,"«Дойду вон до энтого кустика, косу отобью», — подумал Григорий и почувствовал, как коса прошла по чему-то вязкому.","Дуняшка сидела на вие, тонюсеньким голоском пела.",Нагнулся посмотреть: из-под ног с писком заковылял в траву маленький дикий утенок.,"Дуняшка сидела на вие, тонюсеньким голоском пела. «Дойду вон до энтого кустика, косу отобью», — подумал Григорий и почувствовал, как коса прошла по чему-то вязкому. Нагнулся посмотреть: из-под ног с писком заковылял в траву маленький дикий утенок.",False,,False,,True,17
WORD,S1_024,1317,3,3,намереваться,намереваясь,"— Он сучил ногами, намереваясь еще раз ударить.","Ах ты чертово семя, прокляя-я-а-а-тый сын!",— На Марфушке-дурочке женю!..,"Ах ты чертово семя, прокляя-я-а-а-тый сын! — Он сучил ногами, намереваясь еще раз ударить. — На Марфушке-дурочке женю!..",False,,False,,True,18
WORD,S1_004,1401,19,19,решить,решили,"Но они жили почти не таясь, вязало их что-то большое, не похожее на короткую связь, и поэтому в хуторе решили, что это преступно, безнравственно, и хутор прижух в поганеньком выжиданьице: придет Степан — узелок развяжет.",Хутор поговорил бы и перестал.,В горнице над кроватью протянута веревочка.,"Хутор поговорил бы и перестал. Но они жили почти не таясь, вязало их что-то большое, не похожее на короткую связь, и поэтому в хуторе решили, что это преступно, безнравственно, и хутор прижух в поганеньком выжиданьице: придет Степан — узелок развяжет. В горнице над кроватью протянута веревочка.",False,,False,,True,19
WORD,S1_001,1472,5,5,думать,думает,"Григорий углом переламывает левую бровь, думает и неожиданно открывает горячие свои, нерусские глаза.",Хучь словцо урони.,Они смеются.,"Хучь словцо урони. Григорий углом переламывает левую бровь, думает и неожиданно открывает горячие свои, нерусские глаза. Они смеются.",False,,False,,True,20
WORD,S1_001,1708,9,9,думать,думая,"Вытерла о завеску руки с засученными по локоть рукавами; думая о чем-то своем, плескала в запенившуюся цедилку молоко.","Аксинья, спеша, выгнала коров, понесла в сенцы цедить молоко.",По улице резко зацокали колеса.,"Аксинья, спеша, выгнала коров, понесла в сенцы цедить молоко. Вытерла о завеску руки с засученными по локоть рукавами; думая о чем-то своем, плескала в запенившуюся цедилку молоко. По улице резко зацокали колеса.",False,,False,,True,21
WORD,S1_002,1767,2,2,подумать,подумал,"Так и подумал Гришка, увидев из окна горницы, как подпрыгивает Степан.",Издали на Степана глядеть — казачка человек вытанцовывает.,А доглядел — и выскочил из куреня.,"Издали на Степана глядеть — казачка человек вытанцовывает. Так и подумал Гришка, увидев из окна горницы, как подпрыгивает Степан. А доглядел — и выскочил из куреня.",False,,False,,True,22
WORD,ALEX_012,1857,10,10,догадаться,догадался,"Сквозь веснушки, устрекавшие его лицо, проступила коричневая краска: тут только догадался он, зачем приехали гости.","— Слава богу, — подтвердил и хозяин.","— Скажи, чтоб коней ихних ввели на баз.","— Слава богу, — подтвердил и хозяин. Сквозь веснушки, устрекавшие его лицо, проступила коричневая краска: тут только догадался он, зачем приехали гости. — Скажи, чтоб коней ихних ввели на баз.",False,,False,,True,23
WORD,S1_001,1869,1,1,думать,думали,"— Не думали, признаться, в нонешний мясоед выдавать.",— Хозяин почесал лысеющую голову.,"Тут делов пропастишша, а тут-таки и годков ей не дюже чтоб много.","— Хозяин почесал лысеющую голову. — Не думали, признаться, в нонешний мясоед выдавать. Тут делов пропастишша, а тут-таки и годков ей не дюже чтоб много.",False,,False,,True,24
WORD,S1_002,1880,2,2,подумать,подумал,"Пантелей Прокофьевич подумал, что им отказывают, — загорячился.","— Выдать не вопрос, — чесался хозяин, — выдать в любое время можно.",— Оно само собой — дело хозяйское…,"— Выдать не вопрос, — чесался хозяин, — выдать в любое время можно. Пантелей Прокофьевич подумал, что им отказывают, — загорячился. — Оно само собой — дело хозяйское…",False,,False,,True,25
WORD,S1_001,1897,4,4,думать,думал,"Слушал старик Мелехов и думал, восхищаясь: «Эк чешет, дьявол, языкастая!",Тек Пантелею Прокофьевичу в уши патокой свашенькин журчливый голосок.,"Скажи, как чулок вяжет.","Тек Пантелею Прокофьевичу в уши патокой свашенькин журчливый голосок. Слушал старик Мелехов и думал, восхищаясь: «Эк чешет, дьявол, языкастая! Скажи, как чулок вяжет.",False,,False,,True,26
WORD,S1_002,1918,7,7,подумать,подумал,"Осмотрел, как барышник оглядывает матку-кобылицу перед покупкой, подумал: «Хороша» — и встретился с ее глазами, направленными на него в упор.",Григорьевы глаза в минуту обежали всю ее — с головы до высоких красивых ног.,"Бесхитростный, чуть смущенный, правдивый взгляд словно говорил: «Вот я вся, какая есть.","Григорьевы глаза в минуту обежали всю ее — с головы до высоких красивых ног. Осмотрел, как барышник оглядывает матку-кобылицу перед покупкой, подумал: «Хороша» — и встретился с ее глазами, направленными на него в упор. Бесхитростный, чуть смущенный, правдивый взгляд словно говорил: «Вот я вся, какая есть.",False,,False,,True,27
WORD,S1_017,1929,10,10,понять,понял,"XVI
Только после того, как узнал от Томилина про Аксинью, понял Степан, вынашивая в душе тоску и ненависть, что, несмотря на плохую жизнь с ней, на ту давнишнюю обиду, любил он ее тяжкой, ненавидящей любовью.","Хозяин, провожавший их до ворот, умышленно промолчал, как будто ничего и не слышал.","По ночам лежал в повозке, укрывшись шинелью, заломив над головою руки, думал о том, как вернется домой, как встретит его жена, и чувствовал, словно вместо сердца копошится в груди ядовитый тарантул…","Хозяин, провожавший их до ворот, умышленно промолчал, как будто ничего и не слышал. XVI
Только после того, как узнал от Томилина про Аксинью, понял Степан, вынашивая в душе тоску и ненависть, что, несмотря на плохую жизнь с ней, на ту давнишнюю обиду, любил он ее тяжкой, ненавидящей любовью. По ночам лежал в повозке, укрывшись шинелью, заломив над головою руки, думал о том, как вернется домой, как встретит его жена, и чувствовал, словно вместо сердца копошится в груди ядовитый тарантул…",False,,False,,True,28
WORD,S1_001,1930,11,11,думать,думал,"По ночам лежал в повозке, укрывшись шинелью, заломив над головою руки, думал о том, как вернется домой, как встретит его жена, и чувствовал, словно вместо сердца копошится в груди ядовитый тарантул…","XVI
Только после того, как узнал от Томилина про Аксинью, понял Степан, вынашивая в душе тоску и ненависть, что, несмотря на плохую жизнь с ней, на ту давнишнюю обиду, любил он ее тяжкой, ненавидящей любовью.","Лежал, готовя в уме тысячи подробностей расправы, и было такое ощущенье, будто на зубах зернистый и крупный песок.","XVI
Только после того, как узнал от Томилина про Аксинью, понял Степан, вынашивая в душе тоску и ненависть, что, несмотря на плохую жизнь с ней, на ту давнишнюю обиду, любил он ее тяжкой, ненавидящей любовью. По ночам лежал в повозке, укрывшись шинелью, заломив над головою руки, думал о том, как вернется домой, как встретит его жена, и чувствовал, словно вместо сердца копошится в груди ядовитый тарантул… Лежал, готовя в уме тысячи подробностей расправы, и было такое ощущенье, будто на зубах зернистый и крупный песок.",False,,False,,True,29
WORD,S1_001,1954,2,2,думать,думаешь,"— А мне, думаешь, не больно было?",— Больно.,Засыпал он поздно.,"— Больно. — А мне, думаешь, не больно было? Засыпал он поздно.",False,,False,,True,30
WORD,ALEX_008,1964,1,1,вспоминать,вспоминая,"После, вспоминая эту встречу, ей стоило немалых усилий, чтобы уверить себя, что это было наяву.","Увидела и почувствовала, как похолодело под руками коромысло и жаром осыпала кровь виски.","Григорий увидел ее, когда она почти поравнялась с ним.","Увидела и почувствовала, как похолодело под руками коромысло и жаром осыпала кровь виски. После, вспоминая эту встречу, ей стоило немалых усилий, чтобы уверить себя, что это было наяву. Григорий увидел ее, когда она почти поравнялась с ним.",False,,False,,True,31
WORD,S1_014,2000,4,4,вспомнить,вспомнив,"Не ходи!.. — крикнул Степан, вспомнив.",— Поди возьми у Мелеховых…,Аксинья пошла затворять брошенную настежь калитку.,"— Поди возьми у Мелеховых… Не ходи!.. — крикнул Степан, вспомнив. Аксинья пошла затворять брошенную настежь калитку.",False,,False,,True,32
WORD,S1_011,2017,3,3,мысль,мысль,Что тогда?» — опалила мысль.,«А ну как вернется?,"Стала, словно под ногами увидела глубокий яр, поглядела назад и — чуть не рысью по-над Доном к займищу.","«А ну как вернется? Что тогда?» — опалила мысль. Стала, словно под ногами увидела глубокий яр, поглядела назад и — чуть не рысью по-над Доном к займищу.",False,,False,,True,33
WORD,S1_009,2031,4,4,сомнение,сомненьем,"С полчаса сидела, мучаясь сомненьем — придет или нет, хотела уж идти, привстала, поправляя под платком волосы, — в это время тягуче заскрипели дверцы.","Полые, в щетинистом пушке будылья подсолнечников молча сосут землю.",Шаги.,"Полые, в щетинистом пушке будылья подсолнечников молча сосут землю. С полчаса сидела, мучаясь сомненьем — придет или нет, хотела уж идти, привстала, поправляя под платком волосы, — в это время тягуче заскрипели дверцы. Шаги.",False,,False,,True,34
WORD,S1_001,2083,20,20,думать,думала,"В эту минуту она сама верила, что не затем пришла, чтобы навязываться Григорию; но когда бежала над Доном в займище, думала, не отдавая себе ясного отчета: «Отговорю!",Не боись!,Нехай не женится.,"Не боись! В эту минуту она сама верила, что не затем пришла, чтобы навязываться Григорию; но когда бежала над Доном в займище, думала, не отдавая себе ясного отчета: «Отговорю! Нехай не женится.",False,,False,,True,35
WORD,S1_014,2086,0,0,вспомнить,Вспомнила,"Вспомнила тогда о Степане и норовисто мотнула головой, отгоняя некстати подвернувшуюся мысль.",С кем же жизнь свяжу?!»,"— Значится, кончилась наша любовь? — спросил Григорий и лег на живот, облокотившись и выплевывая розовые, изжеванные под разговор лепестки повительного цветка.","С кем же жизнь свяжу?!» Вспомнила тогда о Степане и норовисто мотнула головой, отгоняя некстати подвернувшуюся мысль. — Значится, кончилась наша любовь? — спросил Григорий и лег на живот, облокотившись и выплевывая розовые, изжеванные под разговор лепестки повительного цветка.",False,,False,,True,36
WORD,S1_011,2086,11,11,мысль,мысль,"Вспомнила тогда о Степане и норовисто мотнула головой, отгоняя некстати подвернувшуюся мысль.",С кем же жизнь свяжу?!»,"— Значится, кончилась наша любовь? — спросил Григорий и лег на живот, облокотившись и выплевывая розовые, изжеванные под разговор лепестки повительного цветка.","С кем же жизнь свяжу?!» Вспомнила тогда о Степане и норовисто мотнула головой, отгоняя некстати подвернувшуюся мысль. — Значится, кончилась наша любовь? — спросил Григорий и лег на живот, облокотившись и выплевывая розовые, изжеванные под разговор лепестки повительного цветка.",False,,False,,True,37
WORD,S1_001,2117,0,0,думать,Думала,"Думала, скажет Григорий: «…прикончим Степана», но он досадливо облизал пересохшие губы (тяжело ворочались они), сказал:
— …прикончим эту историю.","Огонь страха и нетерпения жадно лизал ей лицо, сушил во рту слюну.",А?,"Огонь страха и нетерпения жадно лизал ей лицо, сушил во рту слюну. Думала, скажет Григорий: «…прикончим Степана», но он досадливо облизал пересохшие губы (тяжело ворочались они), сказал:
— …прикончим эту историю. А?",False,,False,,True,38
WORD,S1_020,2198,2,2,ясно,ясно,"Через минуту ясно стало видно лошадь, стлавшуюся в броском намёте, и седока.","— Ей-богу, он!",— Батя…,"— Ей-богу, он! Через минуту ясно стало видно лошадь, стлавшуюся в броском намёте, и седока. — Батя…",False,,False,,True,39
WORD,S1_011,2201,6,6,мысль,мысль,"— Должно, дома что-нибудь… — высказал Григорий общую мысль.",— Петро в испуганном недоумении затоптался на месте.,"Пантелей Прокофьевич, не доезжая саженей сто, придержал лошадь, затрусил рысью.","— Петро в испуганном недоумении затоптался на месте. — Должно, дома что-нибудь… — высказал Григорий общую мысль. Пантелей Прокофьевич, не доезжая саженей сто, придержал лошадь, затрусил рысью.",False,,False,,True,40
WORD,S1_002,2342,0,0,подумать,Подумал,"Подумал: «Глядишь зараз дюже гордо, как гусыня из кошелки, а вот придется дочек выдавать замуж — тогда я по-гля-жу-у… небось тогда запрядаешь!»",Стало Мирону Григорьевичу обидно до слез.,Под ухом его большим черным шмелем гудел Пантелей Прокофьевич.,"Стало Мирону Григорьевичу обидно до слез. Подумал: «Глядишь зараз дюже гордо, как гусыня из кошелки, а вот придется дочек выдавать замуж — тогда я по-гля-жу-у… небось тогда запрядаешь!» Под ухом его большим черным шмелем гудел Пантелей Прокофьевич.",False,,False,,True,41
WORD,S1_001,2422,14,14,думать,думал,"Летом с восхода до заката солнца сиживал на завалинке, чертил костылем землю, угнув голову, думал неясными образами, обрывками мыслей, плывущими сквозь мглу забвения тусклыми отсветами воспоминаний…","За боевые отличия под Плевной и Рошичем имел два Георгия и георгиевскую медаль и, доживая у сына, пользуясь в хуторе всеобщим уважением за ясный до старости ум, неподкупную честность и хлебосольство, короткие остатки жизни тратил на воспоминания.","От потрескавшегося козырька казачьей слинявшей фуражки падала на черные веки закрытых глаз черная тень; от тени морщины щек казались глубже, седая борода отливала сизью.","За боевые отличия под Плевной и Рошичем имел два Георгия и георгиевскую медаль и, доживая у сына, пользуясь в хуторе всеобщим уважением за ясный до старости ум, неподкупную честность и хлебосольство, короткие остатки жизни тратил на воспоминания. Летом с восхода до заката солнца сиживал на завалинке, чертил костылем землю, угнув голову, думал неясными образами, обрывками мыслей, плывущими сквозь мглу забвения тусклыми отсветами воспоминаний… От потрескавшегося козырька казачьей слинявшей фуражки падала на черные веки закрытых глаз черная тень; от тени морщины щек казались глубже, седая борода отливала сизью.",False,,False,,True,42
WORD,S1_011,2422,18,18,мысль,мыслей,"Летом с восхода до заката солнца сиживал на завалинке, чертил костылем землю, угнув голову, думал неясными образами, обрывками мыслей, плывущими сквозь мглу забвения тусклыми отсветами воспоминаний…","За боевые отличия под Плевной и Рошичем имел два Георгия и георгиевскую медаль и, доживая у сына, пользуясь в хуторе всеобщим уважением за ясный до старости ум, неподкупную честность и хлебосольство, короткие остатки жизни тратил на воспоминания.","От потрескавшегося козырька казачьей слинявшей фуражки падала на черные веки закрытых глаз черная тень; от тени морщины щек казались глубже, седая борода отливала сизью.","За боевые отличия под Плевной и Рошичем имел два Георгия и георгиевскую медаль и, доживая у сына, пользуясь в хуторе всеобщим уважением за ясный до старости ум, неподкупную честность и хлебосольство, короткие остатки жизни тратил на воспоминания. Летом с восхода до заката солнца сиживал на завалинке, чертил костылем землю, угнув голову, думал неясными образами, обрывками мыслей, плывущими сквозь мглу забвения тусклыми отсветами воспоминаний… От потрескавшегося козырька казачьей слинявшей фуражки падала на черные веки закрытых глаз черная тень; от тени морщины щек казались глубже, седая борода отливала сизью.",False,,False,,True,43
WORD,ALEX_008,2430,8,8,вспоминать,вспоминала,"Наталья смотрела на сетчатку жил на дедовой руке, вспоминала: во дворе рыли колодец, и она — тогда еще девчонка, — вычерпывая из бадьи влажную глину, делала тяжелых кукол и коров с рассыпчатыми рогами.","— Дык что ж, моя чадунюшка, хучь оно и лето, а кровь, как земля в глубе, холодная.","Она живо восстанавливала в памяти ощущение, испытываемое руками от прикосновения к мертвой, леденистой земле, добытой с пятисаженной глубины, и уже со страхом смотрела на дедовы руки в коричневых, глиняного цвета, старческих веснушках.","— Дык что ж, моя чадунюшка, хучь оно и лето, а кровь, как земля в глубе, холодная. Наталья смотрела на сетчатку жил на дедовой руке, вспоминала: во дворе рыли колодец, и она — тогда еще девчонка, — вычерпывая из бадьи влажную глину, делала тяжелых кукол и коров с рассыпчатыми рогами. Она живо восстанавливала в памяти ощущение, испытываемое руками от прикосновения к мертвой, леденистой земле, добытой с пятисаженной глубины, и уже со страхом смотрела на дедовы руки в коричневых, глиняного цвета, старческих веснушках.",False,,False,,True,44
WORD,S1_001,2524,5,5,думать,думала,"По ночам, исступленно лаская мужа, думала Аксинья о другом, и плелась в душе ненависть с великой любовью.","От росы, от солнца поднимается втолоченный в землю стебель; сначала гнется, как человек, надорвавшийся непосильной тяжестью, потом прямится, поднимает голову, и так же светит ему день, и тот же качает ветер…","В мыслях шла баба на новое бесчестье, на прежний позор: решила отнять Гришку у счастливой, ни горя, ни радости любовной не ведавшей Натальи Коршуновой.","От росы, от солнца поднимается втолоченный в землю стебель; сначала гнется, как человек, надорвавшийся непосильной тяжестью, потом прямится, поднимает голову, и так же светит ему день, и тот же качает ветер… По ночам, исступленно лаская мужа, думала Аксинья о другом, и плелась в душе ненависть с великой любовью. В мыслях шла баба на новое бесчестье, на прежний позор: решила отнять Гришку у счастливой, ни горя, ни радости любовной не ведавшей Натальи Коршуновой.",False,,False,,True,45
WORD,S1_011,2525,1,1,мысль,мыслях,"В мыслях шла баба на новое бесчестье, на прежний позор: решила отнять Гришку у счастливой, ни горя, ни радости любовной не ведавшей Натальи Коршуновой.","По ночам, исступленно лаская мужа, думала Аксинья о другом, и плелась в душе ненависть с великой любовью.","По ночам передумывала вороха мыслей, моргала сухими глазами в темь.","По ночам, исступленно лаская мужа, думала Аксинья о другом, и плелась в душе ненависть с великой любовью. В мыслях шла баба на новое бесчестье, на прежний позор: решила отнять Гришку у счастливой, ни горя, ни радости любовной не ведавшей Натальи Коршуновой. По ночам передумывала вороха мыслей, моргала сухими глазами в темь.",False,,False,,True,46
WORD,S1_004,2525,10,10,решить,решила,"В мыслях шла баба на новое бесчестье, на прежний позор: решила отнять Гришку у счастливой, ни горя, ни радости любовной не ведавшей Натальи Коршуновой.","По ночам, исступленно лаская мужа, думала Аксинья о другом, и плелась в душе ненависть с великой любовью.","По ночам передумывала вороха мыслей, моргала сухими глазами в темь.","По ночам, исступленно лаская мужа, думала Аксинья о другом, и плелась в душе ненависть с великой любовью. В мыслях шла баба на новое бесчестье, на прежний позор: решила отнять Гришку у счастливой, ни горя, ни радости любовной не ведавшей Натальи Коршуновой. По ночам передумывала вороха мыслей, моргала сухими глазами в темь.",False,,False,,True,47
WORD,S1_011,2526,4,4,мысль,мыслей,"По ночам передумывала вороха мыслей, моргала сухими глазами в темь.","В мыслях шла баба на новое бесчестье, на прежний позор: решила отнять Гришку у счастливой, ни горя, ни радости любовной не ведавшей Натальи Коршуновой.","На правой руке тяжелела во сне голова Степана, красивая, с курчавым длинным чубом на сторону.","В мыслях шла баба на новое бесчестье, на прежний позор: решила отнять Гришку у счастливой, ни горя, ни радости любовной не ведавшей Натальи Коршуновой. По ночам передумывала вороха мыслей, моргала сухими глазами в темь. На правой руке тяжелела во сне голова Степана, красивая, с курчавым длинным чубом на сторону.",False,,False,,True,48
WORD,S1_001,2529,0,0,думать,Думала,Думала Аксинья.,"Он дышал полуоткрытым ртом, черная рука его, позабытая на жениной груди, шевелила растрескавшимися от работы железными пальцами.",Примеряла.,"Он дышал полуоткрытым ртом, черная рука его, позабытая на жениной груди, шевелила растрескавшимися от работы железными пальцами. Думала Аксинья. Примеряла.",False,,False,,True,49
WORD,S1_004,2532,2,2,решить,решила,"Одно лишь решила накрепко: Гришку отнять у всех, залить любовью, владеть им, как раньше.",Передумывала.,"И на донышке сердца остренькое, похожее на оставленное жало пчелы, точило сукровичную боль.","Передумывала. Одно лишь решила накрепко: Гришку отнять у всех, залить любовью, владеть им, как раньше. И на донышке сердца остренькое, похожее на оставленное жало пчелы, точило сукровичную боль.",False,,False,,True,50
WORD,S1_014,2647,0,0,вспомнить,Вспомнил,"Вспомнил Аксиньину точеную шею с курчавыми пушистыми завитками волос, и явилось такое ощущение, будто насыпали ему за ворот рубахи на потную спину колючей сенной трухи.","Заметил еще, что на правой щеке, пониже скулы, лепится коричневая родинка, а на родинке два золотистых волоска, и от этого почему-то стало муторно.","Поежился, с задавленной тоской оглядел чавкающих, хлюпающих, жрущих людей.","Заметил еще, что на правой щеке, пониже скулы, лепится коричневая родинка, а на родинке два золотистых волоска, и от этого почему-то стало муторно. Вспомнил Аксиньину точеную шею с курчавыми пушистыми завитками волос, и явилось такое ощущение, будто насыпали ему за ворот рубахи на потную спину колючей сенной трухи. Поежился, с задавленной тоской оглядел чавкающих, хлюпающих, жрущих людей.",False,,False,,True,51
WORD,S1_001,2850,1,1,думать,думаю,"Вот, думаю, попона коню будет…",Влез в глаза ковер… с махрами…,— Мы этих разных разностев повидали.,"Влез в глаза ковер… с махрами… Вот, думаю, попона коню будет… — Мы этих разных разностев повидали.",False,,False,,True,52
WORD,S1_014,2928,15,15,вспомнить,вспомнил,"Осторожно обходя кучи бычачьего помета и подводы, рассыпанные по двору, Владимир дошел до калитки и вспомнил, что не был в машинном отделении.","Ему льстил почтительный шепот завозчиков-казаков:
— Хозяйский наследник…",Вернулся.,"Ему льстил почтительный шепот завозчиков-казаков:
— Хозяйский наследник… Осторожно обходя кучи бычачьего помета и подводы, рассыпанные по двору, Владимир дошел до калитки и вспомнил, что не был в машинном отделении. Вернулся.",False,,False,,True,53
WORD,S1_011,2952,5,5,мысль,мысли,"Предвкушая приятное удовлетворение, Владимир тасовал мысли.","Раскачиваясь, Давыдка тяжело ходил по кругу, высоко задирал ноги и теперь уже беззлобно и весело улыбался.",Нужный ответ нашелся.,"Раскачиваясь, Давыдка тяжело ходил по кругу, высоко задирал ноги и теперь уже беззлобно и весело улыбался. Предвкушая приятное удовлетворение, Владимир тасовал мысли. Нужный ответ нашелся.",False,,False,,True,54
WORD,S1_002,2977,3,3,подумать,подумал,"«Ишь сволочь, — озлобясь, подумал Владимир, — выражается…","— Не тронь, оно вонять не будет.",Сказать или не сказать?»,"— Не тронь, оно вонять не будет. «Ишь сволочь, — озлобясь, подумал Владимир, — выражается… Сказать или не сказать?»",False,,False,,True,55
PHRASE,PHR_412,2979,8,9,решить сказать,решил Скажу,"Оглянувшись, увидел прежнюю белозубую Давыдкину улыбку и твердо решил: «Скажу!»",Сказать или не сказать?»,"На площади возле магазина стояла привязанная к столбу, запряженная в арбу лошадь.","Сказать или не сказать?» Оглянувшись, увидел прежнюю белозубую Давыдкину улыбку и твердо решил: «Скажу!» На площади возле магазина стояла привязанная к столбу, запряженная в арбу лошадь.",False,,False,,True,56
WORD,S1_004,2979,8,8,решить,решил,"Оглянувшись, увидел прежнюю белозубую Давыдкину улыбку и твердо решил: «Скажу!»",Сказать или не сказать?»,"На площади возле магазина стояла привязанная к столбу, запряженная в арбу лошадь.","Сказать или не сказать?» Оглянувшись, увидел прежнюю белозубую Давыдкину улыбку и твердо решил: «Скажу!» На площади возле магазина стояла привязанная к столбу, запряженная в арбу лошадь.",True,PHR_412,False,,False,57
WORD,S1_014,2997,8,8,вспомнить,вспомнил,"— Я шел с мельницы… — начал он нерешительно, но вспомнил слепящую Давыдкину усмешку и, глядя на круглый отцовский живот, обтянутый чесучовой жилеткой, уже решительно продолжал: —…и слышал, как Давыдка говорил…","Владимир вобрал голову в плечи, нервно оправил на себе рубашку.","Сергей Платонович выслушал внимательно, сказал:
— Уволим.","Владимир вобрал голову в плечи, нервно оправил на себе рубашку. — Я шел с мельницы… — начал он нерешительно, но вспомнил слепящую Давыдкину усмешку и, глядя на круглый отцовский живот, обтянутый чесучовой жилеткой, уже решительно продолжал: —…и слышал, как Давыдка говорил… Сергей Платонович выслушал внимательно, сказал:
— Уволим.",False,,False,,True,58
WORD,S1_016,3045,1,1,помнить,помнишь,"— А помнишь, обещался ехать со мной рыбалить?",— Как так обманул?,Боярышкин бросил весла и разогнул спину.,"— Как так обманул? — А помнишь, обещался ехать со мной рыбалить? Боярышкин бросил весла и разогнул спину.",False,,False,,True,59
WORD,S1_016,3048,0,0,помнить,Помнишь,"— Помнишь? — смеялась Лиза, выскакивая из лодки.","Лодка с разлета вылезла носом на землю, с хрустом дробя прибрежный мел.",— Некогда было.,"Лодка с разлета вылезла носом на землю, с хрустом дробя прибрежный мел. — Помнишь? — смеялась Лиза, выскакивая из лодки. — Некогда было.",False,,False,,True,60
WORD,S1_002,3055,0,0,подумать,Подумайте,"Подумайте, сколько исколесили по этой проклятой воде.","Вот вам хомут и дуга, а я вам больше не слуга!",У меня кровавые мозоли от весел.,"Вот вам хомут и дуга, а я вам больше не слуга! Подумайте, сколько исколесили по этой проклятой воде. У меня кровавые мозоли от весел.",False,,False,,True,61
WORD,S1_001,3149,3,3,думать,думал,"Положит из ружья», — думал Митька, сжимая оконную ручку.",Вот врепаюсь!..,"— Лизавета Сергеевна, вставай рыбалить.","Вот врепаюсь!.. Положит из ружья», — думал Митька, сжимая оконную ручку. — Лизавета Сергеевна, вставай рыбалить.",False,,False,,True,62
WORD,S1_001,3163,4,4,думать,думал,"Сиди там, коченей…» — неясно думал он, вдыхая запах спальни.",А то рыбалить…,"В окне показалось смеющееся лицо, повязанное белой косынкой.","А то рыбалить… Сиди там, коченей…» — неясно думал он, вдыхая запах спальни. В окне показалось смеющееся лицо, повязанное белой косынкой.",False,,False,,True,63
WORD,S1_001,3235,1,1,думать,думаю,"Ну, думаю, вор к Платоновичу.","— Надысь сторож Давыдка Беспалый рассказывал: «Гляжу в полночь, а в крайнюю окно гребется человек.","Подбегаю, стал быть.","— Надысь сторож Давыдка Беспалый рассказывал: «Гляжу в полночь, а в крайнюю окно гребется человек. Ну, думаю, вор к Платоновичу. Подбегаю, стал быть.",False,,False,,True,64
WORD,S1_001,3325,0,0,думать,Думал,Думал вину свою покрыть.,— Не примите в обиду…,Сергей Платонович закатил набухшие от крови и слез глаза и жмякнул под ноги Митьке чугунную массивную пепельницу.,— Не примите в обиду… Думал вину свою покрыть. Сергей Платонович закатил набухшие от крови и слез глаза и жмякнул под ноги Митьке чугунную массивную пепельницу.,False,,False,,True,65
WORD,ALEX_008,3361,7,7,вспоминать,вспоминая,"— Нехай хучь первый годок покохается, — вздыхала Ильинична, вспоминая свою горбатую в работе жизнь.","Румянится да брови чернит, мать ее суку.","Григорий малость пообвык в новом своем, женатом положении, пообтерхался и недели через три со страхом и озлоблением осознал в душе, что не вконец порвано с Аксиньей, осталось что-то, как заноза в сердце.","Румянится да брови чернит, мать ее суку. — Нехай хучь первый годок покохается, — вздыхала Ильинична, вспоминая свою горбатую в работе жизнь. Григорий малость пообвык в новом своем, женатом положении, пообтерхался и недели через три со страхом и озлоблением осознал в душе, что не вконец порвано с Аксиньей, осталось что-то, как заноза в сердце.",False,,False,,True,66
WORD,S1_018,3362,17,17,осознать,осознал,"Григорий малость пообвык в новом своем, женатом положении, пообтерхался и недели через три со страхом и озлоблением осознал в душе, что не вконец порвано с Аксиньей, осталось что-то, как заноза в сердце.","— Нехай хучь первый годок покохается, — вздыхала Ильинична, вспоминая свою горбатую в работе жизнь.",И с этой болью ему не скоро расстаться.,"— Нехай хучь первый годок покохается, — вздыхала Ильинична, вспоминая свою горбатую в работе жизнь. Григорий малость пообвык в новом своем, женатом положении, пообтерхался и недели через три со страхом и озлоблением осознал в душе, что не вконец порвано с Аксиньей, осталось что-то, как заноза в сердце. И с этой болью ему не скоро расстаться.",False,,False,,True,67
WORD,ALEX_008,3373,16,16,вспоминать,вспоминая,"Была Наталья до мужниных утех неохоча, при рождении наделила ее мать равнодушной, медлительной кровью, и Григорий, вспоминая исступленную в любви Аксинью, вздыхал:
— Тебя, Наталья, отец, должно, на крыге зачинал…","А оно не так сложилось, и по ночам, по обязанности лаская жену, горяча ее молодой своей любовной ретивостью, встречал Гришка с ее стороны холодок, смущенную покорность.",Дюже леденистая ты.,"А оно не так сложилось, и по ночам, по обязанности лаская жену, горяча ее молодой своей любовной ретивостью, встречал Гришка с ее стороны холодок, смущенную покорность. Была Наталья до мужниных утех неохоча, при рождении наделила ее мать равнодушной, медлительной кровью, и Григорий, вспоминая исступленную в любви Аксинью, вздыхал:
— Тебя, Наталья, отец, должно, на крыге зачинал… Дюже леденистая ты.",False,,False,,True,68
WORD,S1_001,3401,9,9,думать,думал,"Под глухой перегуд — стон распятой под каменными катками земли — думал Гришка неясные думки, пытался и не мог поймать увиливавшие от сознания скользкие шматочки мыслей.","Он не замечал, как Наталья, помогая Пантелею Прокофьевичу настилать посад снопов, перехватывала каждый невольный взгляд мужа своим тоскующим, ревнивым взглядом; не видел того, как Петро, гонявший по кругу лошадей, взглядывая на него, курносил лицо неприметной, про себя, ухмылкой.","С ближних и дальних гумен ползли и таяли в займище звуки молотьбы, крики погонычей, высвист кнутов, татаканье веялочных барабанов.","Он не замечал, как Наталья, помогая Пантелею Прокофьевичу настилать посад снопов, перехватывала каждый невольный взгляд мужа своим тоскующим, ревнивым взглядом; не видел того, как Петро, гонявший по кругу лошадей, взглядывая на него, курносил лицо неприметной, про себя, ухмылкой. Под глухой перегуд — стон распятой под каменными катками земли — думал Гришка неясные думки, пытался и не мог поймать увиливавшие от сознания скользкие шматочки мыслей. С ближних и дальних гумен ползли и таяли в займище звуки молотьбы, крики погонычей, высвист кнутов, татаканье веялочных барабанов.",False,,False,,True,69
WORD,S1_011,3401,23,23,мысль,мыслей,"Под глухой перегуд — стон распятой под каменными катками земли — думал Гришка неясные думки, пытался и не мог поймать увиливавшие от сознания скользкие шматочки мыслей.","Он не замечал, как Наталья, помогая Пантелею Прокофьевичу настилать посад снопов, перехватывала каждый невольный взгляд мужа своим тоскующим, ревнивым взглядом; не видел того, как Петро, гонявший по кругу лошадей, взглядывая на него, курносил лицо неприметной, про себя, ухмылкой.","С ближних и дальних гумен ползли и таяли в займище звуки молотьбы, крики погонычей, высвист кнутов, татаканье веялочных барабанов.","Он не замечал, как Наталья, помогая Пантелею Прокофьевичу настилать посад снопов, перехватывала каждый невольный взгляд мужа своим тоскующим, ревнивым взглядом; не видел того, как Петро, гонявший по кругу лошадей, взглядывая на него, курносил лицо неприметной, про себя, ухмылкой. Под глухой перегуд — стон распятой под каменными катками земли — думал Гришка неясные думки, пытался и не мог поймать увиливавшие от сознания скользкие шматочки мыслей. С ближних и дальних гумен ползли и таяли в займище звуки молотьбы, крики погонычей, высвист кнутов, татаканье веялочных барабанов.",False,,False,,True,70
WORD,S1_011,3504,42,42,мысль,мыслей,"Слесарь остреньким взглядом узко сведенных глаз бегал по Федоту, шагавшему рядом с повозкой, курил легкий табак из костяного с колечками мундштука и часто улыбался; но косая поперечная морщина, рубцевавшая белый покатый лоб, двигалась медленно и тяжело, словно изнутри толкаемая ходом каких-то скрытых мыслей.","Федот в увлечении соскочил с повозки, охотно стал рассказывать о хуторянах, ругать хуторского атамана за неправильную дележку луга, расхваливая порядки в Польше, где полк его стоял во время отбывания им действительной службы.",Доехали до хутора перед вечером.,"Федот в увлечении соскочил с повозки, охотно стал рассказывать о хуторянах, ругать хуторского атамана за неправильную дележку луга, расхваливая порядки в Польше, где полк его стоял во время отбывания им действительной службы. Слесарь остреньким взглядом узко сведенных глаз бегал по Федоту, шагавшему рядом с повозкой, курил легкий табак из костяного с колечками мундштука и часто улыбался; но косая поперечная морщина, рубцевавшая белый покатый лоб, двигалась медленно и тяжело, словно изнутри толкаемая ходом каких-то скрытых мыслей. Доехали до хутора перед вечером.",False,,False,,True,71
WORD,ALEX_012,3625,8,8,догадаться,догадался,"Худым бы кончилось дело, если б старик-тавричанин не догадался: вскочив в завозчицкую, он выдернул из печи искрящуюся головню и выбежал из дверей.","Тавричан, сгрудившихся овечьим гуртом, оттеснили к завозчицкой.","Бежал к сараю, где хранился отмол, тысяча с лишком пудов хлеба.","Тавричан, сгрудившихся овечьим гуртом, оттеснили к завозчицкой. Худым бы кончилось дело, если б старик-тавричанин не догадался: вскочив в завозчицкую, он выдернул из печи искрящуюся головню и выбежал из дверей. Бежал к сараю, где хранился отмол, тысяча с лишком пудов хлеба.",False,,False,,True,72
WORD,S1_001,3728,1,1,думать,думаю,Я думаю…,— Нет.,"— Мне неинтересно знать, что вы думаете.","— Нет. Я думаю… — Мне неинтересно знать, что вы думаете.",False,,False,,True,73
WORD,S1_001,3729,5,5,думать,думаете,"— Мне неинтересно знать, что вы думаете.",Я думаю…,В ссылке были?,"Я думаю… — Мне неинтересно знать, что вы думаете. В ссылке были?",False,,False,,True,74
WORD,S1_002,3919,2,2,подумать,подумала,"«Тверезый ноне», — подумала и, довольная, положила на пухлый свой живот чулок со спицами и недовязанной пяткой.","На туп знакомых ей шагов повернула голову, с давнишней, прижившейся на ее лице суровостью глянула на мужа, остановила взгляд на мокрых от дыханья завитках бороды, теснивших рот Прокофьевича, на слежалых, влитых в бороду влажных усах, двинула ноздрями, но от старика несло морозом, кислым душком овчины.",— Что ж порубка?,"На туп знакомых ей шагов повернула голову, с давнишней, прижившейся на ее лице суровостью глянула на мужа, остановила взгляд на мокрых от дыханья завитках бороды, теснивших рот Прокофьевича, на слежалых, влитых в бороду влажных усах, двинула ноздрями, но от старика несло морозом, кислым душком овчины. «Тверезый ноне», — подумала и, довольная, положила на пухлый свой живот чулок со спицами и недовязанной пяткой. — Что ж порубка?",False,,False,,True,75
WORD,S1_001,3942,3,3,думать,думаю,"Сем-ка пойду притворю, думаю.","Вышла я на баз, гляжу — дверь амбарную расхлебенил кто-то.","Взошла, а она у просяного закрома стоит.","Вышла я на баз, гляжу — дверь амбарную расхлебенил кто-то. Сем-ка пойду притворю, думаю. Взошла, а она у просяного закрома стоит.",False,,False,,True,76
WORD,S1_002,3963,3,3,подумать,подумал,"«Эх, выхолил бабу!» — подумал, еще раз взглянув на склоненную над лавкой гладко причесанную голову Натальи.",Старик остановился в дверях.,"Григорий сидел у окна, дергая напилком, на лбу его черной спутанной челкой прыгали волосы.","Старик остановился в дверях. «Эх, выхолил бабу!» — подумал, еще раз взглянув на склоненную над лавкой гладко причесанную голову Натальи. Григорий сидел у окна, дергая напилком, на лбу его черной спутанной челкой прыгали волосы.",False,,False,,True,77
WORD,S1_011,4217,10,10,мысль,мыслей,"Поднятая рука Григория затекала, в уме вразброд шла угарная возня мыслей.",Вглядывался в лицо Митьки; тот морщился от боли и переставлял скованную сапогом ногу.,"Подходил под крест и, целуя обслюнявленное многими ртами влажное серебро, думал об Аксинье, о жене.","Вглядывался в лицо Митьки; тот морщился от боли и переставлял скованную сапогом ногу. Поднятая рука Григория затекала, в уме вразброд шла угарная возня мыслей. Подходил под крест и, целуя обслюнявленное многими ртами влажное серебро, думал об Аксинье, о жене.",False,,False,,True,78
WORD,S1_001,4218,10,10,думать,думал,"Подходил под крест и, целуя обслюнявленное многими ртами влажное серебро, думал об Аксинье, о жене.","Поднятая рука Григория затекала, в уме вразброд шла угарная возня мыслей.","Как вспышка зигзагистой молнии, перерезало мысли короткое воспоминание: лес, бурые стволы деревьев в белом пышном уборе, как в нарядной серебряной шлее; влажный, горячий блеск черных, из-под пухового платка Аксиньиных глаз…","Поднятая рука Григория затекала, в уме вразброд шла угарная возня мыслей. Подходил под крест и, целуя обслюнявленное многими ртами влажное серебро, думал об Аксинье, о жене. Как вспышка зигзагистой молнии, перерезало мысли короткое воспоминание: лес, бурые стволы деревьев в белом пышном уборе, как в нарядной серебряной шлее; влажный, горячий блеск черных, из-под пухового платка Аксиньиных глаз…",False,,False,,True,79
WORD,S1_011,4219,5,5,мысль,мысли,"Как вспышка зигзагистой молнии, перерезало мысли короткое воспоминание: лес, бурые стволы деревьев в белом пышном уборе, как в нарядной серебряной шлее; влажный, горячий блеск черных, из-под пухового платка Аксиньиных глаз…","Подходил под крест и, целуя обслюнявленное многими ртами влажное серебро, думал об Аксинье, о жене.",Вышли на площадь.,"Подходил под крест и, целуя обслюнявленное многими ртами влажное серебро, думал об Аксинье, о жене. Как вспышка зигзагистой молнии, перерезало мысли короткое воспоминание: лес, бурые стволы деревьев в белом пышном уборе, как в нарядной серебряной шлее; влажный, горячий блеск черных, из-под пухового платка Аксиньиных глаз… Вышли на площадь.",False,,False,,True,80
WORD,S1_002,4225,12,12,подумать,подумать,"Были ребятами — дураковали, небось на дорогу чурбаки тягали, а посля этого должны подумать о дальнеющей службе.","Теперича вы произросли в казаков, и должны вы честь свою соблюдать, отцов-матерей слухать и все такое прочее.",Вот через год идтить вам в действительную.,"Теперича вы произросли в казаков, и должны вы честь свою соблюдать, отцов-матерей слухать и все такое прочее. Были ребятами — дураковали, небось на дорогу чурбаки тягали, а посля этого должны подумать о дальнеющей службе. Вот через год идтить вам в действительную.",False,,False,,True,81
WORD,S1_020,4239,4,4,ясно,ясно,На хрушком снегу дороги ясно печатался след вязанного крючком толстого чулка.,"Пошел, припадая на разутую ногу.","— Какой дорогой пойдем? — спросил низенький, чурбаковатый Алексей Бешняк.","Пошел, припадая на разутую ногу. На хрушком снегу дороги ясно печатался след вязанного крючком толстого чулка. — Какой дорогой пойдем? — спросил низенький, чурбаковатый Алексей Бешняк.",False,,False,,True,82
WORD,S1_017,4274,5,5,понять,понял,"По лицу его, беспокойно выжидающему, понял: что-то случилось.","Кинув по кухне беглый взгляд, Григорий остановил глаза на Петре.",— Присягнул?,"Кинув по кухне беглый взгляд, Григорий остановил глаза на Петре. По лицу его, беспокойно выжидающему, понял: что-то случилось. — Присягнул?",False,,False,,True,83
WORD,S1_002,4279,1,1,подумать,подумал,"«Наталья», — подумал Григорий, садясь на лавку рядом с отцом.","Из горницы вышла Ильинична, и на ее лице лежала печать некоторого смятения.","— Собери ему повечерять, — обратилась Ильинична к Дарье, указывая глазами на Григория.","Из горницы вышла Ильинична, и на ее лице лежала печать некоторого смятения. «Наталья», — подумал Григорий, садясь на лавку рядом с отцом. — Собери ему повечерять, — обратилась Ильинична к Дарье, указывая глазами на Григория.",False,,False,,True,84
WORD,S1_015,4367,4,4,припомнить,припомнить,"Перед сном тщетно старался припомнить что-то гнетущее в мыслях, несловленное.","Уснул, встревоженный надвигавшимся неведомым.","Шли в полусне думы гладко и ровно, как баркас по течению, и вдруг натыкались на что-то, будто на мель; муторно становилось, не по себе; ворочался, бился в догадках: «Что же?","Уснул, встревоженный надвигавшимся неведомым. Перед сном тщетно старался припомнить что-то гнетущее в мыслях, несловленное. Шли в полусне думы гладко и ровно, как баркас по течению, и вдруг натыкались на что-то, будто на мель; муторно становилось, не по себе; ворочался, бился в догадках: «Что же?",False,,False,,True,85
WORD,S1_011,4367,8,8,мысль,мыслях,"Перед сном тщетно старался припомнить что-то гнетущее в мыслях, несловленное.","Уснул, встревоженный надвигавшимся неведомым.","Шли в полусне думы гладко и ровно, как баркас по течению, и вдруг натыкались на что-то, будто на мель; муторно становилось, не по себе; ворочался, бился в догадках: «Что же?","Уснул, встревоженный надвигавшимся неведомым. Перед сном тщетно старался припомнить что-то гнетущее в мыслях, несловленное. Шли в полусне думы гладко и ровно, как баркас по течению, и вдруг натыкались на что-то, будто на мель; муторно становилось, не по себе; ворочался, бился в догадках: «Что же?",False,,False,,True,86
WORD,S1_014,4370,4,4,вспомнить,вспомнил,А утром проснулся и вспомнил: «Служба!,Что такое поперек дороги?»,Куда же мы пойдем с Аксюткой?,Что такое поперек дороги?» А утром проснулся и вспомнил: «Служба! Куда же мы пойдем с Аксюткой?,False,,False,,True,87
WORD,S1_001,4396,1,1,думать,думал,"— Заждался, думал — не придешь.","Бежала, как видно, или торопко шла, запыхалась, и пахло от свежего, нахолодевшего рта то ли ветром, то ли далеким, еле уловимым запахом свежего степного сена.",— Степана насилушки выпроводила…,"Бежала, как видно, или торопко шла, запыхалась, и пахло от свежего, нахолодевшего рта то ли ветром, то ли далеким, еле уловимым запахом свежего степного сена. — Заждался, думал — не придешь. — Степана насилушки выпроводила…",False,,False,,True,88
WORD,S1_001,4434,4,4,думать,думала,"«Сказать или не сказать? — думала она, вспомнив про свою беременность.","Недавнюю улыбку с губ ее как ветер слизал, в расширенных глазах загнанным зверьком томились тоска и испуг.","— Надо сказать», — решила было, но сейчас же, дрогнув от испуга, отогнала страшную мысль.","Недавнюю улыбку с губ ее как ветер слизал, в расширенных глазах загнанным зверьком томились тоска и испуг. «Сказать или не сказать? — думала она, вспомнив про свою беременность. — Надо сказать», — решила было, но сейчас же, дрогнув от испуга, отогнала страшную мысль.",False,,False,,True,89
WORD,S1_014,4434,6,6,вспомнить,вспомнив,"«Сказать или не сказать? — думала она, вспомнив про свою беременность.","Недавнюю улыбку с губ ее как ветер слизал, в расширенных глазах загнанным зверьком томились тоска и испуг.","— Надо сказать», — решила было, но сейчас же, дрогнув от испуга, отогнала страшную мысль.","Недавнюю улыбку с губ ее как ветер слизал, в расширенных глазах загнанным зверьком томились тоска и испуг. «Сказать или не сказать? — думала она, вспомнив про свою беременность. — Надо сказать», — решила было, но сейчас же, дрогнув от испуга, отогнала страшную мысль.",False,,False,,True,90
PHRASE,PHR_121,4435,11,12,страшный мысль,страшную мысль,"— Надо сказать», — решила было, но сейчас же, дрогнув от испуга, отогнала страшную мысль.","«Сказать или не сказать? — думала она, вспомнив про свою беременность.","Женским своим чутьем угадала, что не время об этом говорить, поняла, что можно навек потерять Григория, и, сомневаясь, от кого из двух зачала ворохнувшегося под сердцем ребенка, слукавила душой: не сказала.","«Сказать или не сказать? — думала она, вспомнив про свою беременность. — Надо сказать», — решила было, но сейчас же, дрогнув от испуга, отогнала страшную мысль. Женским своим чутьем угадала, что не время об этом говорить, поняла, что можно навек потерять Григория, и, сомневаясь, от кого из двух зачала ворохнувшегося под сердцем ребенка, слукавила душой: не сказала.",False,,False,,True,91
WORD,S1_004,4435,2,2,решить,решила,"— Надо сказать», — решила было, но сейчас же, дрогнув от испуга, отогнала страшную мысль.","«Сказать или не сказать? — думала она, вспомнив про свою беременность.","Женским своим чутьем угадала, что не время об этом говорить, поняла, что можно навек потерять Григория, и, сомневаясь, от кого из двух зачала ворохнувшегося под сердцем ребенка, слукавила душой: не сказала.","«Сказать или не сказать? — думала она, вспомнив про свою беременность. — Надо сказать», — решила было, но сейчас же, дрогнув от испуга, отогнала страшную мысль. Женским своим чутьем угадала, что не время об этом говорить, поняла, что можно навек потерять Григория, и, сомневаясь, от кого из двух зачала ворохнувшегося под сердцем ребенка, слукавила душой: не сказала.",False,,False,,True,92
WORD,S1_011,4435,12,12,мысль,мысль,"— Надо сказать», — решила было, но сейчас же, дрогнув от испуга, отогнала страшную мысль.","«Сказать или не сказать? — думала она, вспомнив про свою беременность.","Женским своим чутьем угадала, что не время об этом говорить, поняла, что можно навек потерять Григория, и, сомневаясь, от кого из двух зачала ворохнувшегося под сердцем ребенка, слукавила душой: не сказала.","«Сказать или не сказать? — думала она, вспомнив про свою беременность. — Надо сказать», — решила было, но сейчас же, дрогнув от испуга, отогнала страшную мысль. Женским своим чутьем угадала, что не время об этом говорить, поняла, что можно навек потерять Григория, и, сомневаясь, от кого из двух зачала ворохнувшегося под сердцем ребенка, слукавила душой: не сказала.",True,PHR_121,False,,False,93
WORD,S1_017,4436,10,10,понять,поняла,"Женским своим чутьем угадала, что не время об этом говорить, поняла, что можно навек потерять Григория, и, сомневаясь, от кого из двух зачала ворохнувшегося под сердцем ребенка, слукавила душой: не сказала.","— Надо сказать», — решила было, но сейчас же, дрогнув от испуга, отогнала страшную мысль.",— Чего дрогнула?,"— Надо сказать», — решила было, но сейчас же, дрогнув от испуга, отогнала страшную мысль. Женским своим чутьем угадала, что не время об этом говорить, поняла, что можно навек потерять Григория, и, сомневаясь, от кого из двух зачала ворохнувшегося под сердцем ребенка, слукавила душой: не сказала. — Чего дрогнула?",False,,False,,True,94
WORD,S1_016,4535,1,1,помнить,помнил,Он помнил рассказы отца об отставном генерале Листницком — герое Русско-турецкой войны.,— Григорий тянулся струною.,— Почему нанимаешься? — грохотало сверху.,— Григорий тянулся струною. Он помнил рассказы отца об отставном генерале Листницком — герое Русско-турецкой войны. — Почему нанимаешься? — грохотало сверху.,False,,False,,True,95
WORD,S1_002,4654,4,4,подумать,подумал,"«Должно, ушла на посиделки», — подумал, скидывая с пробоя цепку.","Зашел в конюшню, кинул в ясли наметанное конем под ноги сено, снял недоуздок и поднялся на крыльцо.","Вошел в кухню, плотно притворил дверь, зажег спичку.","Зашел в конюшню, кинул в ясли наметанное конем под ноги сено, снял недоуздок и поднялся на крыльцо. «Должно, ушла на посиделки», — подумал, скидывая с пробоя цепку. Вошел в кухню, плотно притворил дверь, зажег спичку.",False,,False,,True,96
WORD,S1_017,4661,2,2,понять,понял,Оглядел горницу — понял.,"Степан рванул с плеч полушубок, кинулся в кухню за огнем.","Швырком кинул лампу, не отдавая себе ясного отчета в том, что делает, рванул со стены шашку, сжал эфес до черных отеков в пальцах, — подняв на конце шашки голубенькую, в палевых цветочках, позабытую Аксиньину кофтенку, подкинул ее кверху и на лету, коротким взмахом, разрубил пополам.","Степан рванул с плеч полушубок, кинулся в кухню за огнем. Оглядел горницу — понял. Швырком кинул лампу, не отдавая себе ясного отчета в том, что делает, рванул со стены шашку, сжал эфес до черных отеков в пальцах, — подняв на конце шашки голубенькую, в палевых цветочках, позабытую Аксиньину кофтенку, подкинул ее кверху и на лету, коротким взмахом, разрубил пополам.",False,,False,,True,97
WORD,S1_001,4748,11,11,думать,думая,"Украинец в рассеянности сшиб санями не успевшего убраться с дороги поросенка, думая про свое: «Мабуть, за цим дилом забудэ хозяин об кобыли?»",За Натальиным имуществом поехали Митька с Гетьком.,"И радовался, ослаблял вожжи.","За Натальиным имуществом поехали Митька с Гетьком. Украинец в рассеянности сшиб санями не успевшего убраться с дороги поросенка, думая про свое: «Мабуть, за цим дилом забудэ хозяин об кобыли?» И радовался, ослаблял вожжи.",False,,False,,True,98
WORD,S1_011,4750,7,7,мысль,мысль,"«Такий вредный чертяка, як раз забудэ!..» — настигала мысль, и Гетько, хмурясь, кривил губы.","И радовался, ослаблял вожжи.","— Прыгай, чортобис!..","И радовался, ослаблял вожжи. «Такий вредный чертяка, як раз забудэ!..» — настигала мысль, и Гетько, хмурясь, кривил губы. — Прыгай, чортобис!..",False,,False,,True,99
WORD,ALEX_008,4914,1,1,вспоминать,вспоминая,"— Аксинья, вспоминая взгляд сотника, делано смеялась.",— А я почем знаю?,"— Пришел, сел вот туточка, гля-ка, Гришенька, вот так-то, — она показывала, как сидел сотник, похоже горбатила спину, — и сидит и сидит, ажник тошно, а коленка вострая-превострая.","— А я почем знаю? — Аксинья, вспоминая взгляд сотника, делано смеялась. — Пришел, сел вот туточка, гля-ка, Гришенька, вот так-то, — она показывала, как сидел сотник, похоже горбатила спину, — и сидит и сидит, ажник тошно, а коленка вострая-превострая.",False,,False,,True,100
WORD,S1_017,4920,8,8,понять,понять,"Аксинья, улыбаясь, глядела на Григория и не могла понять, серьезно он говорит или шутит.","— То-то гляди, а то я его в одночась спихну с крыльца.","XV
На четвертой неделе поста сдала зима.","— То-то гляди, а то я его в одночась спихну с крыльца. Аксинья, улыбаясь, глядела на Григория и не могла понять, серьезно он говорит или шутит. XV
На четвертой неделе поста сдала зима.",False,,False,,True,101
WORD,S1_001,5035,4,4,думать,думаешь,"— Ты, Осип Давыдович, как думаешь? — обратился Иван Алексеевич к Штокману.","«Война, дескать, будет промеж Германией и Францией за виноградные поля, а мы тут ни при чем».","— Я предсказывать не умею, — уклончиво ответил тот, на вытянутой руке сосредоточенно рассматривая отделанное кольцо.","«Война, дескать, будет промеж Германией и Францией за виноградные поля, а мы тут ни при чем». — Ты, Осип Давыдович, как думаешь? — обратился Иван Алексеевич к Штокману. — Я предсказывать не умею, — уклончиво ответил тот, на вытянутой руке сосредоточенно рассматривая отделанное кольцо.",False,,False,,True,102
WORD,S1_021,5038,8,8,рассуждать,рассуждал,"Хоть не хошь, а придется, за волосы притянут, — рассуждал Валет.",— Задерутся они — быть и нам там.,"— Тут, ребятки, вот какое дело… — заговорил Штокман, мягко освобождая кусачки из пальцев Ивана Алексеевича.","— Задерутся они — быть и нам там. Хоть не хошь, а придется, за волосы притянут, — рассуждал Валет. — Тут, ребятки, вот какое дело… — заговорил Штокман, мягко освобождая кусачки из пальцев Ивана Алексеевича.",False,,False,,True,103
WORD,S1_011,5047,8,8,мысль,мыслей,"— Иван Алексеевич насупился, дробя какую-то громоздкую, неподатливую глыбу мыслей.",— У-у-гу-м.,— Листницкий этот чего прибивается к Моховым?,"— У-у-гу-м. — Иван Алексеевич насупился, дробя какую-то громоздкую, неподатливую глыбу мыслей. — Листницкий этот чего прибивается к Моховым?",False,,False,,True,104
WORD,S1_001,5059,10,10,думать,думали,"Да, ишо новостишка: оттель выхожу, на крыльце — кто бы вы думали?",— На станцию едет.,Гришка Мелехов.,"— На станцию едет. Да, ишо новостишка: оттель выхожу, на крыльце — кто бы вы думали? Гришка Мелехов.",False,,False,,True,105
WORD,S1_004,5119,9,9,решить,решил,"За ночь могло еще больше прибыть воды, и Григорий решил переправиться.","Постоялый двор, где останавливались кормить лошадей по дороге на станцию, был на той стороне.","Подъехал к тому месту, где сутки назад переезжал по льду; вышедшая из берегов речка гнала по раздвинувшемуся руслу грязные воды, легко крушила на середине отрезок плетня и половинку колесного обода.","Постоялый двор, где останавливались кормить лошадей по дороге на станцию, был на той стороне. За ночь могло еще больше прибыть воды, и Григорий решил переправиться. Подъехал к тому месту, где сутки назад переезжал по льду; вышедшая из берегов речка гнала по раздвинувшемуся руслу грязные воды, легко крушила на середине отрезок плетня и половинку колесного обода.",False,,False,,True,106
WORD,S1_002,5228,6,6,подумать,подумал,"Зараз пущу повод и достану кисет», — подумал он, снимая перчатку, шурша в кармане бумагой.",«Закурить бы.,— Трави!.. — ружейным выстрелом гукнул за буерачной хребтиной крик.,"«Закурить бы. Зараз пущу повод и достану кисет», — подумал он, снимая перчатку, шурша в кармане бумагой. — Трави!.. — ружейным выстрелом гукнул за буерачной хребтиной крик.",False,,False,,True,107
WORD,S1_001,5315,1,1,думать,думаю,"«Господи, думаю, как же это я ее так доила?»","Кубыть, иду я по займищу, а попереди меня наша старая корова, какую мы летось на Спас продали; идет она, а из сиськов молоко дорогу вилюжит…","Посля этого приходит ко мне бабка Дроздиха за хмелинами, я ей и расскажи сон, а она: «Отнеси, грит, на коровий баз кусочек воску, отломи от свечки, скатай в шарик и отнеси, в коровий свежий помет закопай, а то беда под окном караулит».","Кубыть, иду я по займищу, а попереди меня наша старая корова, какую мы летось на Спас продали; идет она, а из сиськов молоко дорогу вилюжит… «Господи, думаю, как же это я ее так доила?» Посля этого приходит ко мне бабка Дроздиха за хмелинами, я ей и расскажи сон, а она: «Отнеси, грит, на коровий баз кусочек воску, отломи от свечки, скатай в шарик и отнеси, в коровий свежий помет закопай, а то беда под окном караулит».",False,,False,,True,108
WORD,S1_001,5337,0,0,думать,Думаешь,"— Думаешь жить с ним, нет ли?",— В Ягодном он… — тихо ответила та.,"— Она, может, и думала б, да он об ней не понимает, — вмешалась хозяйка.","— В Ягодном он… — тихо ответила та. — Думаешь жить с ним, нет ли? — Она, может, и думала б, да он об ней не понимает, — вмешалась хозяйка.",False,,False,,True,109
WORD,S1_001,5338,3,3,думать,думала,"— Она, может, и думала б, да он об ней не понимает, — вмешалась хозяйка.","— Думаешь жить с ним, нет ли?","Наталья почувствовала, как горячая до слез кровь плеснулась ей в лицо.","— Думаешь жить с ним, нет ли? — Она, может, и думала б, да он об ней не понимает, — вмешалась хозяйка. Наталья почувствовала, как горячая до слез кровь плеснулась ей в лицо.",False,,False,,True,110
WORD,S1_004,5347,22,22,решить,решила,"Стыд за свое неопределенное положение (она все не верила, что Григорий ушел навсегда, и, прощая, ждала его) толкнул ее на следующий поступок: решила послать тайком от домашних в Ягодное к Григорию, чтобы узнать, совсем ли ушел он и не одумался ли.","С трудом высидев до конца, она ушла, унося в душе неоформленное решение.",Пришла она от Пелагеи поздно.,"С трудом высидев до конца, она ушла, унося в душе неоформленное решение. Стыд за свое неопределенное положение (она все не верила, что Григорий ушел навсегда, и, прощая, ждала его) толкнул ее на следующий поступок: решила послать тайком от домашних в Ягодное к Григорию, чтобы узнать, совсем ли ушел он и не одумался ли. Пришла она от Пелагеи поздно.",False,,False,,True,111
WORD,S1_001,5370,0,0,думать,Думала,"Думала, сгоряча ты ушел, и ждала, что возвернешься, но я разлучать вас не хочу.","Я тебя ничем не оскорбила, и я ждала, что ты мне развяжешь руки и скажешь, что ты ушел навовсе, а ты отроился от хутора и молчишь, как мертвый.","Пущай лучше одна я в землю затоптанная, чем двое.","Я тебя ничем не оскорбила, и я ждала, что ты мне развяжешь руки и скажешь, что ты ушел навовсе, а ты отроился от хутора и молчишь, как мертвый. Думала, сгоряча ты ушел, и ждала, что возвернешься, но я разлучать вас не хочу. Пущай лучше одна я в землю затоптанная, чем двое.",False,,False,,True,112
WORD,S1_001,5373,3,3,думать,думать,"Узнаю — буду одно думать, а то я стою посередь дороги.",Пожалей напоследок и пропиши.,"Ты, Гриша, не серчай на меня, ради Христа.","Пожалей напоследок и пропиши. Узнаю — буду одно думать, а то я стою посередь дороги. Ты, Гриша, не серчай на меня, ради Христа.",False,,False,,True,113
PHRASE,PHR_086,5401,6,7,собраться идти,собрались идти,"Мирон Григорьевич с дедом Гришакой уже собрались идти в церковь, когда она встала и вышла на кухню.",Легкий озноб сотрясал ее согнутое калачиком тело.,"На висках ее, у гладко причесанных черных волос, глянцевител пот, масленой нездоровой поволокой подернулись глаза.","Легкий озноб сотрясал ее согнутое калачиком тело. Мирон Григорьевич с дедом Гришакой уже собрались идти в церковь, когда она встала и вышла на кухню. На висках ее, у гладко причесанных черных волос, глянцевител пот, масленой нездоровой поволокой подернулись глаза.",False,,False,,True,114
WORD,S1_008,5412,17,17,обдумывать,обдумывая,"Вялая, она переходила от сундука к кровати, невидящими глазами оглядывала взвороченный в сундуке ворох нарядов, мучительно что-то обдумывая, шепча губами.",В курене остались Лукинична и Наталья.,"Лукинична подумала, что Наталья колеблется в выборе наряда, и с материнским великодушием предложила:
— Надевай, милая, мою синюю юбку.","В курене остались Лукинична и Наталья. Вялая, она переходила от сундука к кровати, невидящими глазами оглядывала взвороченный в сундуке ворох нарядов, мучительно что-то обдумывая, шепча губами. Лукинична подумала, что Наталья колеблется в выборе наряда, и с материнским великодушием предложила:
— Надевай, милая, мою синюю юбку.",False,,False,,True,115
WORD,S1_002,5413,1,1,подумать,подумала,"Лукинична подумала, что Наталья колеблется в выборе наряда, и с материнским великодушием предложила:
— Надевай, милая, мою синюю юбку.","Вялая, она переходила от сундука к кровати, невидящими глазами оглядывала взвороченный в сундуке ворох нарядов, мучительно что-то обдумывая, шепча губами.",Она тебе теперича как раз будет.,"Вялая, она переходила от сундука к кровати, невидящими глазами оглядывала взвороченный в сундуке ворох нарядов, мучительно что-то обдумывая, шепча губами. Лукинична подумала, что Наталья колеблется в выборе наряда, и с материнским великодушием предложила:
— Надевай, милая, мою синюю юбку. Она тебе теперича как раз будет.",False,,False,,True,116
WORD,S1_010,5413,4,4,колебаться,колеблется,"Лукинична подумала, что Наталья колеблется в выборе наряда, и с материнским великодушием предложила:
— Надевай, милая, мою синюю юбку.","Вялая, она переходила от сундука к кровати, невидящими глазами оглядывала взвороченный в сундуке ворох нарядов, мучительно что-то обдумывая, шепча губами.",Она тебе теперича как раз будет.,"Вялая, она переходила от сундука к кровати, невидящими глазами оглядывала взвороченный в сундуке ворох нарядов, мучительно что-то обдумывая, шепча губами. Лукинична подумала, что Наталья колеблется в выборе наряда, и с материнским великодушием предложила:
— Надевай, милая, мою синюю юбку. Она тебе теперича как раз будет.",False,,False,,True,117
WORD,S1_014,5415,8,8,вспомнить,вспомнив,"К Пасхе Наталье не шили обновы, и Лукинична, вспомнив, как дочь, еще в девках, любила по праздникам надевать ее синюю, узкую в подоле юбку, сама навязалась со своим добром, думая, что Наталья загоревалась над выбором.",Она тебе теперича как раз будет.,"— Наденешь, что ль?","Она тебе теперича как раз будет. К Пасхе Наталье не шили обновы, и Лукинична, вспомнив, как дочь, еще в девках, любила по праздникам надевать ее синюю, узкую в подоле юбку, сама навязалась со своим добром, думая, что Наталья загоревалась над выбором. — Наденешь, что ль?",False,,False,,True,118
WORD,S1_001,5415,29,29,думать,думая,"К Пасхе Наталье не шили обновы, и Лукинична, вспомнив, как дочь, еще в девках, любила по праздникам надевать ее синюю, узкую в подоле юбку, сама навязалась со своим добром, думая, что Наталья загоревалась над выбором.",Она тебе теперича как раз будет.,"— Наденешь, что ль?","Она тебе теперича как раз будет. К Пасхе Наталье не шили обновы, и Лукинична, вспомнив, как дочь, еще в девках, любила по праздникам надевать ее синюю, узкую в подоле юбку, сама навязалась со своим добром, думая, что Наталья загоревалась над выбором. — Наденешь, что ль?",False,,False,,True,119
PHRASE,PHR_050,5420,7,8,вдруг вспомнить,вдруг вспомнила,"— Наталья бережно вытащила свою зеленую юбку и вдруг вспомнила, что в этой юбке была она, когда Григорий женихом приезжал ее проведать, под прохладным навесом сарая в первый раз пристыдил ее летучим поцелуем, и затряслась в приступившем рыдании, грудью навалилась на поднятую ребром крышку сундука.",Я в этой пойду.,— Наталья!,"Я в этой пойду. — Наталья бережно вытащила свою зеленую юбку и вдруг вспомнила, что в этой юбке была она, когда Григорий женихом приезжал ее проведать, под прохладным навесом сарая в первый раз пристыдил ее летучим поцелуем, и затряслась в приступившем рыдании, грудью навалилась на поднятую ребром крышку сундука. — Наталья!",False,,False,,True,120
WORD,S1_014,5420,8,8,вспомнить,вспомнила,"— Наталья бережно вытащила свою зеленую юбку и вдруг вспомнила, что в этой юбке была она, когда Григорий женихом приезжал ее проведать, под прохладным навесом сарая в первый раз пристыдил ее летучим поцелуем, и затряслась в приступившем рыдании, грудью навалилась на поднятую ребром крышку сундука.",Я в этой пойду.,— Наталья!,"Я в этой пойду. — Наталья бережно вытащила свою зеленую юбку и вдруг вспомнила, что в этой юбке была она, когда Григорий женихом приезжал ее проведать, под прохладным навесом сарая в первый раз пристыдил ее летучим поцелуем, и затряслась в приступившем рыдании, грудью навалилась на поднятую ребром крышку сундука. — Наталья!",True,PHR_050,False,,False,121
WORD,S1_001,5436,9,9,думать,думала,"Дорогой пыталась она вернуть себе прежнее уравновешенное состояние духа, думала о празднике, обо всем отрывочно и туманно, но мысль упрямо возвращалась к синему клочку оберточной бумаги, спрятанной на груди, к Григорию и к той счастливой, которая теперь над ней снисходительно смеется и, быть может, даже жалеет…","Придерживая левой рукой подол юбки, обходя перламутровую синь раскинутых по улице лужиц, Наталья дошла до церкви.",Она вошла в ограду.,"Придерживая левой рукой подол юбки, обходя перламутровую синь раскинутых по улице лужиц, Наталья дошла до церкви. Дорогой пыталась она вернуть себе прежнее уравновешенное состояние духа, думала о празднике, обо всем отрывочно и туманно, но мысль упрямо возвращалась к синему клочку оберточной бумаги, спрятанной на груди, к Григорию и к той счастливой, которая теперь над ней снисходительно смеется и, быть может, даже жалеет… Она вошла в ограду.",False,,False,,True,122
WORD,S1_011,5436,18,18,мысль,мысль,"Дорогой пыталась она вернуть себе прежнее уравновешенное состояние духа, думала о празднике, обо всем отрывочно и туманно, но мысль упрямо возвращалась к синему клочку оберточной бумаги, спрятанной на груди, к Григорию и к той счастливой, которая теперь над ней снисходительно смеется и, быть может, даже жалеет…","Придерживая левой рукой подол юбки, обходя перламутровую синь раскинутых по улице лужиц, Наталья дошла до церкви.",Она вошла в ограду.,"Придерживая левой рукой подол юбки, обходя перламутровую синь раскинутых по улице лужиц, Наталья дошла до церкви. Дорогой пыталась она вернуть себе прежнее уравновешенное состояние духа, думала о празднике, обо всем отрывочно и туманно, но мысль упрямо возвращалась к синему клочку оберточной бумаги, спрятанной на груди, к Григорию и к той счастливой, которая теперь над ней снисходительно смеется и, быть может, даже жалеет… Она вошла в ограду.",False,,False,,True,123
WORD,S1_011,5457,3,3,мысль,мысли,"Наталья ощупью, без мысли, без чувства, в черной тоске, когтившей ее заполненную позором и отчаянием душу, добралась до угла.","В сарае — сухая прохлада, запах ременной упряжи и слежалой соломы.","Взяла в руки держак косы, сняла с него косу (движения ее были медлительно-уверенны, точны) и, запрокинув голову, с силой и опалившей ее радостной решимостью резнула острием по горлу.","В сарае — сухая прохлада, запах ременной упряжи и слежалой соломы. Наталья ощупью, без мысли, без чувства, в черной тоске, когтившей ее заполненную позором и отчаянием душу, добралась до угла. Взяла в руки держак косы, сняла с него косу (движения ее были медлительно-уверенны, точны) и, запрокинув голову, с силой и опалившей ее радостной решимостью резнула острием по горлу.",False,,False,,True,124
WORD,S1_020,5462,0,0,ясно,Ясно,"Ясно слышала, ощущала противный капустный хруст разрезаемого тела; нарастающая волна острой боли полымем прошлась по груди до горла, звенящими иглами воткнулась в уши…","На коленях доползла до стены, уперла в нее тупой конец, тот, который надевается на держак, и, заломив над запрокинутой головой руки, грудью твердо подалась вперед, вперед…",В курене скрипнула дверь.,"На коленях доползла до стены, уперла в нее тупой конец, тот, который надевается на держак, и, заломив над запрокинутой головой руки, грудью твердо подалась вперед, вперед… Ясно слышала, ощущала противный капустный хруст разрезаемого тела; нарастающая волна острой боли полымем прошлась по груди до горла, звенящими иглами воткнулась в уши… В курене скрипнула дверь.",False,,False,,True,125
WORD,S1_001,5471,3,3,думать,думаешь,— Что ж ты думаешь?,— Слава богу.,А?,— Слава богу. — Что ж ты думаешь? А?,False,,False,,True,126
WORD,S1_016,5480,3,3,помнить,помни,"Но ты, Гришка, помни мое слово: рано аль поздно убью!","— Нынче я драться с тобой не буду, не хочу…",— Слепой сказал: «посмотрим».,"— Нынче я драться с тобой не буду, не хочу… Но ты, Гришка, помни мое слово: рано аль поздно убью! — Слепой сказал: «посмотрим».",False,,False,,True,127
WORD,S1_017,5490,5,5,понять,пойму,"— Ты мне не жалься, не пойму.","Крепко ты меня обидел, Григорий!..",Сытый голодного не разумеет.,"Крепко ты меня обидел, Григорий!.. — Ты мне не жалься, не пойму. Сытый голодного не разумеет.",False,,False,,True,128
WORD,S1_016,5494,0,0,помнить,Помнишь,"Помнишь, в позапрошлом годе на Маслену дрались мы в стенках?","— Жалкую я об одном, парень… дюже жалкую…",— Это когда?,"— Жалкую я об одном, парень… дюже жалкую… Помнишь, в позапрошлом годе на Маслену дрались мы в стенках? — Это когда?",False,,False,,True,129
WORD,S1_016,5497,4,4,помнить,помнишь,"Холостые с женатыми дрались, помнишь?","— Да в энтот раз, как постовала убили.","Помнишь, как я за тобой гнал?","— Да в энтот раз, как постовала убили. Холостые с женатыми дрались, помнишь? Помнишь, как я за тобой гнал?",False,,False,,True,130
WORD,S1_016,5498,0,0,помнить,Помнишь,"Помнишь, как я за тобой гнал?","Холостые с женатыми дрались, помнишь?","Жидковат ты был, куга зеленая супротив меня.","Холостые с женатыми дрались, помнишь? Помнишь, как я за тобой гнал? Жидковат ты был, куга зеленая супротив меня.",False,,False,,True,131
WORD,ALEX_008,5503,5,5,вспоминать,вспоминая,"Степан потер лоб рукой, что-то вспоминая.","— Не горюй, ишо как-нибудь цокнемся.","Пан, ведя Крепыша в поводу, крикнул Григорию:
— Трогай!","— Не горюй, ишо как-нибудь цокнемся. Степан потер лоб рукой, что-то вспоминая. Пан, ведя Крепыша в поводу, крикнул Григорию:
— Трогай!",False,,False,,True,132
WORD,S1_001,5529,3,3,думать,думала,"— Я робела, Гриша… думала, что ты бросишь…",— Что ж ты молчала раньше?,"Барабаня пальцами по спинке кровати, Григорий спросил:
— Скоро?","— Что ж ты молчала раньше? — Я робела, Гриша… думала, что ты бросишь… Барабаня пальцами по спинке кровати, Григорий спросил:
— Скоро?",False,,False,,True,133
WORD,S1_002,5541,1,1,подумать,подумай,Сам подумай!..,"Роняя злые слезы, Аксинья сидела на лавке, давилась горячим шепотом:
— С ним сколько годов жила — и ничего!..",Я не хворая баба была…,"Роняя злые слезы, Аксинья сидела на лавке, давилась горячим шепотом:
— С ним сколько годов жила — и ничего!.. Сам подумай!.. Я не хворая баба была…",False,,False,,True,134
WORD,S1_001,5573,0,0,думать,Думаешь,"Думаешь, угоняешься за длинным рублем?","Петро посидел на крылечке, расспросил о работе, харчах, жалованье; на все придакивая, жевал обгрызенный окомелок усины и, выведав, сказал Григорию на прощанье:
— Шел бы ты домой жить, хвост-то ломать нечего.",— Я за ним не гоняюсь.,"Петро посидел на крылечке, расспросил о работе, харчах, жалованье; на все придакивая, жевал обгрызенный окомелок усины и, выведав, сказал Григорию на прощанье:
— Шел бы ты домой жить, хвост-то ломать нечего. Думаешь, угоняешься за длинным рублем? — Я за ним не гоняюсь.",False,,False,,True,135
WORD,S1_001,5575,0,0,думать,Думаешь,— Думаешь с своей жить? — свернул Петро разговор.,— Я за ним не гоняюсь.,— С какой своей?,— Я за ним не гоняюсь. — Думаешь с своей жить? — свернул Петро разговор. — С какой своей?,False,,False,,True,136
WORD,S1_001,5578,1,1,думать,думаю,"— Покеда думаю, а что?",— С этой.,"— Так, с интересу попытал.","— С этой. — Покеда думаю, а что? — Так, с интересу попытал.",False,,False,,True,137
WORD,S1_014,5603,5,5,вспомнить,вспомнив,"Петро уже выехал со двора; вспомнив, закричал стоявшему на крыльце Григорию:
— Наталья-то…",— Путь добрый!,Забыл… беда какая…,"— Путь добрый! Петро уже выехал со двора; вспомнив, закричал стоявшему на крыльце Григорию:
— Наталья-то… Забыл… беда какая…",False,,False,,True,138
WORD,ALEX_012,5659,7,7,догадаться,догадался,"Вглядываясь в пышущий жаром рот Аксиньи, скорее догадался, чем разобрал:
— Пу-по-вину пер-гры-зи… за-вя-жи ниткой… от ру-ба-хи…","Ошалевший Григорий соскочил на землю и путано, как стреноженный, шагнул к задку повозки.","Григорий прыгающими пальцами выдернул из рукава своей бязевой рубахи пучок ниток, зажмурясь до боли в глазах, перегрыз пуповину и надежно завязал кровоточащий отросток нитками.","Ошалевший Григорий соскочил на землю и путано, как стреноженный, шагнул к задку повозки. Вглядываясь в пышущий жаром рот Аксиньи, скорее догадался, чем разобрал:
— Пу-по-вину пер-гры-зи… за-вя-жи ниткой… от ру-ба-хи… Григорий прыгающими пальцами выдернул из рукава своей бязевой рубахи пучок ниток, зажмурясь до боли в глазах, перегрыз пуповину и надежно завязал кровоточащий отросток нитками.",False,,False,,True,139
WORD,ALEX_007,5680,2,2,припоминать,припоминая,"Просыпался, тужился, припоминая, но позади была чернота — гладко, как стесано, и черно, не то что сна — лица ни одного не видел.","Тупо влипал глазами в одну точку, измышлял и до того дошел, что в действительности совсем перестал сны видеть.","Выдыхался Вениамин в нехитрых своих выдумках, а пан сердился, изловив рассказчика в повторах.","Тупо влипал глазами в одну точку, измышлял и до того дошел, что в действительности совсем перестал сны видеть. Просыпался, тужился, припоминая, но позади была чернота — гладко, как стесано, и черно, не то что сна — лица ни одного не видел. Выдыхался Вениамин в нехитрых своих выдумках, а пан сердился, изловив рассказчика в повторах.",False,,False,,True,140
WORD,S1_016,5741,15,15,помнить,помнил,"Запрокидываясь с козел, удерживая в натянутых руках тугую дрожь вожжей, Григорий опасливо косился на раскаты, помнил, как по первопутку пан за неловкий толчок сунул ему в затылок крепкий не по-стариковски кулак.",— Пан указал глазами на рысака.,"Спустились к мосту, и тут, по Дону, Григорий ослабил вожжи, растирая перчаткой охваченные ветровым огнем щеки.","— Пан указал глазами на рысака. Запрокидываясь с козел, удерживая в натянутых руках тугую дрожь вожжей, Григорий опасливо косился на раскаты, помнил, как по первопутку пан за неловкий толчок сунул ему в затылок крепкий не по-стариковски кулак. Спустились к мосту, и тут, по Дону, Григорий ослабил вожжи, растирая перчаткой охваченные ветровым огнем щеки.",False,,False,,True,141
WORD,S1_011,5806,4,4,мысль,мысли,"Аксинья пробовала уснуть, но мысли разметывали сон, как ветер копну сена.","Григорий повернулся на бок, сказал внятно:
— На хуторе Ольшанском… — и смолк.","Она до света продумала об этой бессвязной фразе, подыскивая к ней отгадку…","Григорий повернулся на бок, сказал внятно:
— На хуторе Ольшанском… — и смолк. Аксинья пробовала уснуть, но мысли разметывали сон, как ветер копну сена. Она до света продумала об этой бессвязной фразе, подыскивая к ней отгадку…",False,,False,,True,142
WORD,ALEX_008,5821,14,14,вспоминать,вспоминая,"Аксинья, касаясь пальцами его ноги, часто повторяла:
— Гриша, погоди… что-то хотела сказать… — и морщилась, вспоминая, растерянная, дрожащая.","Григорий с рассчитанной медлительностью затягивал подпруги, садился на коня и разбирал поводья.","— Ну, прощай!","Григорий с рассчитанной медлительностью затягивал подпруги, садился на коня и разбирал поводья. Аксинья, касаясь пальцами его ноги, часто повторяла:
— Гриша, погоди… что-то хотела сказать… — и морщилась, вспоминая, растерянная, дрожащая. — Ну, прощай!",False,,False,,True,143
WORD,S1_001,5836,9,9,думать,думаешь,"Пантелей Прокофьевич повернулся спиной к лошади, спросил:
— Значится, не думаешь с женой жить?",Поехали шагом.,— Давнишний сказ… отгутарили…,"Поехали шагом. Пантелей Прокофьевич повернулся спиной к лошади, спросил:
— Значится, не думаешь с женой жить? — Давнишний сказ… отгутарили…",False,,False,,True,144
WORD,S1_001,5838,1,1,думать,думаешь,"— Не думаешь, стал быть?",— Давнишний сказ… отгутарили…,"— Стал быть, так.","— Давнишний сказ… отгутарили… — Не думаешь, стал быть? — Стал быть, так.",False,,False,,True,145
WORD,S1_004,5935,7,7,решить,решили,"К концу обмера чины, посоветовавшись за столом, решили:
— В армию.",Чирьяки это.,"— В Двенадцатый полк, Мелехов.","Чирьяки это. К концу обмера чины, посоветовавшись за столом, решили:
— В армию. — В Двенадцатый полк, Мелехов.",False,,False,,True,146
WORD,S1_025,5988,43,43,полагать,полагаемом,"Под ногами Григория лежала ненадеванная попона, на ней порядком разложены седло с окованным, крашенным в зеленое ленчиком, с саквами и задними сумами, две шинели, двое шаровар, мундир, две пары сапог, белье, фунт и пятьдесят четыре золотника сухарей, банка консервов, крупа и прочая, в полагаемом для всадника количестве, снедь.","Григорий заметил, как над рыжей бровью сотника трепетал, трогая веко, живчик.","В раскрытых сумах виднелся круг — на четыре ноги — подков, ухнали, завернутые в промасленную тряпку, шитвянка с двумя иголками и нитками, полотенце.","Григорий заметил, как над рыжей бровью сотника трепетал, трогая веко, живчик. Под ногами Григория лежала ненадеванная попона, на ней порядком разложены седло с окованным, крашенным в зеленое ленчиком, с саквами и задними сумами, две шинели, двое шаровар, мундир, две пары сапог, белье, фунт и пятьдесят четыре золотника сухарей, банка консервов, крупа и прочая, в полагаемом для всадника количестве, снедь. В раскрытых сумах виднелся круг — на четыре ноги — подков, ухнали, завернутые в промасленную тряпку, шитвянка с двумя иголками и нитками, полотенце.",False,,False,,True,147
WORD,S1_004,6070,1,1,решить,решила,"Оставайся! — решила Ильинична и угощала сноху, двигая по столу глиняную чашку, набитую блинцами.","— Чего ж там, родная жена да гдей-то будет жить!",Пришла Наталья к свекрам после долгих колебаний.,"— Чего ж там, родная жена да гдей-то будет жить! Оставайся! — решила Ильинична и угощала сноху, двигая по столу глиняную чашку, набитую блинцами. Пришла Наталья к свекрам после долгих колебаний.",False,,False,,True,148
WORD,S1_004,6075,2,2,решить,решил,Он твердо решил взять ее в дом и примирить с Григорием.,"Пантелей Прокофьевич сманивал ее все время после того, как проводил Григория на службу.",С того дня Наталья осталась у Мелеховых.,"Пантелей Прокофьевич сманивал ее все время после того, как проводил Григория на службу. Он твердо решил взять ее в дом и примирить с Григорием. С того дня Наталья осталась у Мелеховых.",False,,False,,True,149
WORD,S1_002,6094,11,11,подумать,подумай,"А Наталья теперича будет у нас проживать, и ты об этом подумай.",За царем служба не пропадет.,А ишо беда: на Масленую зарезал зверь трех овец.,"За царем служба не пропадет. А Наталья теперича будет у нас проживать, и ты об этом подумай. А ишо беда: на Масленую зарезал зверь трех овец.",False,,False,,True,150
PHRASE,PHR_060,6097,2,3,не забывать,не забывай,"Про жену не забывай, мой тебе приказ.","Ну, бывай здоров и Богом хранимый.",Она ласковая баба и в законе с тобой.,"Ну, бывай здоров и Богом хранимый. Про жену не забывай, мой тебе приказ. Она ласковая баба и в законе с тобой.",False,,False,,True,151
WORD,S1_011,6103,18,18,мысль,мысль,"Пантелей Прокофьевич заставлял Дуняшку или Петра перечитывать их по нескольку раз, вдумываясь в затаенную меж строк неведомую Григорьеву мысль.","На сообщение о том, что Наталья пришла к отцу, ответил сдержанно, просил передать ей поклон; содержание писем его было уклончиво и мутно.","Перед Пасхой он в письме прямо поставил вопрос о том, будет ли Григорий по возвращении со службы жить с женой или по-прежнему с Аксиньей.","На сообщение о том, что Наталья пришла к отцу, ответил сдержанно, просил передать ей поклон; содержание писем его было уклончиво и мутно. Пантелей Прокофьевич заставлял Дуняшку или Петра перечитывать их по нескольку раз, вдумываясь в затаенную меж строк неведомую Григорьеву мысль. Перед Пасхой он в письме прямо поставил вопрос о том, будет ли Григорий по возвращении со службы жить с женой или по-прежнему с Аксиньей.",False,,False,,True,152
WORD,S1_005,6112,11,11,решать,решать,"Как зачнется война, может, и я живой не буду, загодя нечего решать.","Нады поймали на границе одного с контрабандой, и нам довелось его повидать, объясняет, что вскорости будет с австрийцами война и царь ихний будто приезжал к границе, осматривал, откель зачинать войну и какие земли себе захапать.","* * *
Наталья работала у свекра и жила, взращивая бессознательную надежду на возвращение мужа, опираясь на нее надломленным духом.","Нады поймали на границе одного с контрабандой, и нам довелось его повидать, объясняет, что вскорости будет с австрийцами война и царь ихний будто приезжал к границе, осматривал, откель зачинать войну и какие земли себе захапать. Как зачнется война, может, и я живой не буду, загодя нечего решать. * * *
Наталья работала у свекра и жила, взращивая бессознательную надежду на возвращение мужа, опираясь на нее надломленным духом.",False,,False,,True,153
WORD,ALEX_008,6182,1,1,вспоминать,вспоминали,"Старики вспоминали минувшие войны, делились предположениями:
— Не бывать войне, по урожаю видать.","Мелехов Пантелей, беседуя на майдане со стариками, веско доказывал:
— Пишет Григорий наш, что астрицкий царь наезжал на границу и отдал приказ, чтоб всю свою войску согнать в одну месту и идтить на Москву и Петербург.",— Урожай тут ни при чем.,"Мелехов Пантелей, беседуя на майдане со стариками, веско доказывал:
— Пишет Григорий наш, что астрицкий царь наезжал на границу и отдал приказ, чтоб всю свою войску согнать в одну месту и идтить на Москву и Петербург. Старики вспоминали минувшие войны, делились предположениями:
— Не бывать войне, по урожаю видать. — Урожай тут ни при чем.",False,,False,,True,154
WORD,S1_017,6198,39,39,понять,понятых,"Отбивали косы по хутору, выстругивали грабельники, бабы квасы томили косарям на утеху, а тут приспел случай, колыхнувший хутор от края до другого: приехал становой пристав со следователем и с чернозубым мозглявеньким офицером в форме, досель невиданной; вытребовали атамана, согнали понятых и прямиком направились к Лукешке-косой.","Одна земля, а соки разные высасывает трава; за бугром в степи клеклый чернозем что хрящ: табун прометется — копытного следа не увидишь; тверда земля, и растет по ней трава сильная, духовитая, лошади по пузо; а возле Дона и за Доном мочливая, рыхлая почва гонит травы безрадостные и никудышные, брезгает ими и скотина в иной год.",Следователь нес в руке парусиновую фуражку с форменным значком.,"Одна земля, а соки разные высасывает трава; за бугром в степи клеклый чернозем что хрящ: табун прометется — копытного следа не увидишь; тверда земля, и растет по ней трава сильная, духовитая, лошади по пузо; а возле Дона и за Доном мочливая, рыхлая почва гонит травы безрадостные и никудышные, брезгает ими и скотина в иной год. Отбивали косы по хутору, выстругивали грабельники, бабы квасы томили косарям на утеху, а тут приспел случай, колыхнувший хутор от края до другого: приехал становой пристав со следователем и с чернозубым мозглявеньким офицером в форме, досель невиданной; вытребовали атамана, согнали понятых и прямиком направились к Лукешке-косой. Следователь нес в руке парусиновую фуражку с форменным значком.",False,,False,,True,155
WORD,S1_017,6234,0,0,понять,Понятой,"Понятой, ну-ка!",— Мы успеем с вами поговорить.,"Из второй комнаты выглянула жена Штокмана, оставив дверь неприкрытой.","— Мы успеем с вами поговорить. Понятой, ну-ка! Из второй комнаты выглянула жена Штокмана, оставив дверь неприкрытой.",False,,False,,True,156
WORD,S1_001,6277,1,1,думать,думаю,"— Я думаю, что…","— Я спрашиваю, — следователь подчеркнул «я», — с какого времени вы состоите членом РСДРП?","— Мне абсолютно неинтересно знать, что вы думаете.","— Я спрашиваю, — следователь подчеркнул «я», — с какого времени вы состоите членом РСДРП? — Я думаю, что… — Мне абсолютно неинтересно знать, что вы думаете.",False,,False,,True,157
WORD,S1_001,6278,6,6,думать,думаете,"— Мне абсолютно неинтересно знать, что вы думаете.","— Я думаю, что…",Отвечайте на вопрос.,"— Я думаю, что… — Мне абсолютно неинтересно знать, что вы думаете. Отвечайте на вопрос.",False,,False,,True,158
WORD,S1_014,6340,2,2,вспомнить,вспомнить,"Пытался Григорий вспомнить оставшийся позади путь, ничего связного не выходило; красные станционные постройки, татакающие под шатким полом колеса вагонов, запах конских испражнений и сена, бесконечные нити рельсов, стекавшие из-под паровоза, дым, мимоходом заглядывавший в дверки вагонов, усатая рожа жандарма на перроне не то в Воронеже, не то в Киеве…","II
Где-то позади, в сером слизистом тумане осталась длинная дорога от Маньково-Калитвенской слободы до местечка Радзивиллово.","На полустанке, где сгружались, толпились офицеры и какие-то в серых свитках бритые люди, разговаривавшие на чужом, непонятном языке.","II
Где-то позади, в сером слизистом тумане осталась длинная дорога от Маньково-Калитвенской слободы до местечка Радзивиллово. Пытался Григорий вспомнить оставшийся позади путь, ничего связного не выходило; красные станционные постройки, татакающие под шатким полом колеса вагонов, запах конских испражнений и сена, бесконечные нити рельсов, стекавшие из-под паровоза, дым, мимоходом заглядывавший в дверки вагонов, усатая рожа жандарма на перроне не то в Воронеже, не то в Киеве… На полустанке, где сгружались, толпились офицеры и какие-то в серых свитках бритые люди, разговаривавшие на чужом, непонятном языке.",False,,False,,True,159
WORD,S1_001,6402,1,1,думать,думал,"Он-то думал, дескать, сын выйдет, а он тем часом к снохе прилабунится, а сын заленился.","Гля: скотина вся вышла, поди загони!»","«Поди, — шепчет жене, — загони».","Гля: скотина вся вышла, поди загони!» Он-то думал, дескать, сын выйдет, а он тем часом к снохе прилабунится, а сын заленился. «Поди, — шепчет жене, — загони».",False,,False,,True,160
WORD,S1_017,6455,0,0,понять,Понял,Понял?,"— Вот что, — Григорий оторвал от сруба голову, — ежели когда ты вдаришь меня — все одно убью!","Вахмистр изумленно зевал квадратным сазаньим ртом, не находил ответа.","— Вот что, — Григорий оторвал от сруба голову, — ежели когда ты вдаришь меня — все одно убью! Понял? Вахмистр изумленно зевал квадратным сазаньим ртом, не находил ответа.",False,,False,,True,161
WORD,S1_020,6529,1,1,ясно,ясно,Григорий ясно видел это.,"У нее дрожали, подламываясь, руки.","Качаясь, поднялась на ноги и, растрепанная, чужая и незнакомая, обвела окошки долгим-долгим взглядом.","У нее дрожали, подламываясь, руки. Григорий ясно видел это. Качаясь, поднялась на ноги и, растрепанная, чужая и незнакомая, обвела окошки долгим-долгим взглядом.",False,,False,,True,162
WORD,S1_016,6533,7,7,помнить,помнил,"У дверей ему кто-то, он даже не помнил кто, деловито и ясно сказал:
— Вякнешь кому — истинный Христос, убьем!","Григорий прыгнул с перегородки, растирая ладонью горло; он задыхался.",Ну?,"Григорий прыгнул с перегородки, растирая ладонью горло; он задыхался. У дверей ему кто-то, он даже не помнил кто, деловито и ясно сказал:
— Вякнешь кому — истинный Христос, убьем! Ну?",False,,False,,True,163
WORD,S1_020,6533,11,11,ясно,ясно,"У дверей ему кто-то, он даже не помнил кто, деловито и ясно сказал:
— Вякнешь кому — истинный Христос, убьем!","Григорий прыгнул с перегородки, растирая ладонью горло; он задыхался.",Ну?,"Григорий прыгнул с перегородки, растирая ладонью горло; он задыхался. У дверей ему кто-то, он даже не помнил кто, деловито и ясно сказал:
— Вякнешь кому — истинный Христос, убьем! Ну?",False,,False,,True,164
WORD,S1_020,6596,2,2,ясно,ясно,Теперь уже ясно виден был верховой.,"Он, нахмурившись, снял с полей шляпы руку, некое смятение коснулось его лица и застыло на развилке приподнятых бровей.","Он шел броским намётом, левой рукой придерживал фуражку, в правой вяло вился запыленный красный флажок.","Он, нахмурившись, снял с полей шляпы руку, некое смятение коснулось его лица и застыло на развилке приподнятых бровей. Теперь уже ясно виден был верховой. Он шел броским намётом, левой рукой придерживал фуражку, в правой вяло вился запыленный красный флажок.",False,,False,,True,165
PHRASE,PHR_056,6601,1,5,остаться в память,осталось у него в памяти,"Одно осталось у него в памяти: тяжкий хрип полузагнанного коня и, когда глянул вслед ему, — мокрый, отливающий стальным блеском круп.",Петро проводил глазами конного.,"Не осознав еще окончательно подступившего несчастья, Петро тупо оглядел трепещущую в пыли пену, степь, сползающую к хутору волнистым скатом.","Петро проводил глазами конного. Одно осталось у него в памяти: тяжкий хрип полузагнанного коня и, когда глянул вслед ему, — мокрый, отливающий стальным блеском круп. Не осознав еще окончательно подступившего несчастья, Петро тупо оглядел трепещущую в пыли пену, степь, сползающую к хутору волнистым скатом.",False,,False,,True,166
WORD,S1_018,6602,1,1,осознать,осознав,"Не осознав еще окончательно подступившего несчастья, Петро тупо оглядел трепещущую в пыли пену, степь, сползающую к хутору волнистым скатом.","Одно осталось у него в памяти: тяжкий хрип полузагнанного коня и, когда глянул вслед ему, — мокрый, отливающий стальным блеском круп.",Со всех концов по желтым скошенным кулигам хлеба скакали к хутору казаки.,"Одно осталось у него в памяти: тяжкий хрип полузагнанного коня и, когда глянул вслед ему, — мокрый, отливающий стальным блеском круп. Не осознав еще окончательно подступившего несчастья, Петро тупо оглядел трепещущую в пыли пену, степь, сползающую к хутору волнистым скатом. Со всех концов по желтым скошенным кулигам хлеба скакали к хутору казаки.",False,,False,,True,167
WORD,S1_001,6688,5,5,думать,думает,"— Скажи на милость, что начальство думает?",— Да ить дело стоит!,У меня ить боле ста десятин посеву.,"— Да ить дело стоит! — Скажи на милость, что начальство думает? У меня ить боле ста десятин посеву.",False,,False,,True,168
WORD,S1_025,6916,1,1,полагать,полагать,— Надо полагать — Королевка?,Манила зазывно голубеющая стежка воды.,— Сотник указал на деревушку глазами.,Манила зазывно голубеющая стежка воды. — Надо полагать — Королевка? — Сотник указал на деревушку глазами.,False,,False,,True,169
WORD,S1_010,6976,4,4,колебаться,колеблющимся,"Первая сотня взвыла трясучим колеблющимся криком, крик перенесло к четвертой сотне.",Неудержно летел навстречу черный клин пахоты.,"Лошади в комок сжимали ноги и пластались, кидая назад сажени.","Неудержно летел навстречу черный клин пахоты. Первая сотня взвыла трясучим колеблющимся криком, крик перенесло к четвертой сотне. Лошади в комок сжимали ноги и пластались, кидая назад сажени.",False,,False,,True,170
WORD,S1_011,6985,2,2,мысль,мысль,"Выхолощенная страхом мысль путала в голове тяжелый, застывающий клубок.","В середине грудной клетки Григория словно одубело то, что до атаки суетливо гоняло кровь, он не чувствовал ничего, кроме звона в ушах и боли в пальцах левой ноги.",Первым упал с коня хорунжий Ляховский.,"В середине грудной клетки Григория словно одубело то, что до атаки суетливо гоняло кровь, он не чувствовал ничего, кроме звона в ушах и боли в пальцах левой ноги. Выхолощенная страхом мысль путала в голове тяжелый, застывающий клубок. Первым упал с коня хорунжий Ляховский.",False,,False,,True,171
WORD,S1_017,6991,5,5,понять,понял,"Григорий не слышал крика, но понял по лицу Прохора, прижатому к земле с перекошенным ртом и вылезшими из орбит телячьими глазами, что крикнул тот нечеловечески дико.","Резцом, как алмазом на стекле, вырезала память Григория и удержала надолго розовые десны Прохорова коня с ощеренными плитами зубов, Прохора, упавшего плашмя, растоптанного копытами скакавшего сзади казака.",Падали еще.,"Резцом, как алмазом на стекле, вырезала память Григория и удержала надолго розовые десны Прохорова коня с ощеренными плитами зубов, Прохора, упавшего плашмя, растоптанного копытами скакавшего сзади казака. Григорий не слышал крика, но понял по лицу Прохора, прижатому к земле с перекошенным ртом и вылезшими из орбит телячьими глазами, что крикнул тот нечеловечески дико. Падали еще.",False,,False,,True,172
WORD,S1_016,7065,0,0,помнить,Помните,"— Помните одно: хочешь живым быть, из смертного боя целым выйтить — надо человечью правду блюсть.","Петро отвернул полу шинели, прислушался.","— Какую? — спросил Степан Астахов, лежавший с краю.","Петро отвернул полу шинели, прислушался. — Помните одно: хочешь живым быть, из смертного боя целым выйтить — надо человечью правду блюсть. — Какую? — спросил Степан Астахов, лежавший с краю.",False,,False,,True,173
WORD,S1_017,7210,1,1,понять,поняв,"Не поняв, над чем смеются, относя этот смех на свой счет, Крючков вспыхнул:
— Коршунов, ты гляди!..",Позади в рядах сдержанно захохотали.,Приедем — полсотни пряжек вварю!,"Позади в рядах сдержанно захохотали. Не поняв, над чем смеются, относя этот смех на свой счет, Крючков вспыхнул:
— Коршунов, ты гляди!.. Приедем — полсотни пряжек вварю!",False,,False,,True,174
WORD,S1_002,7361,2,2,подумать,подумал,"«Вот оно», — подумал каждый.","В напряженную тишину полковник кинул:
— Казаки!.. — и властно загреб к себе общее внимание.",Пружинилось нетерпеливое волнение.,"В напряженную тишину полковник кинул:
— Казаки!.. — и властно загреб к себе общее внимание. «Вот оно», — подумал каждый. Пружинилось нетерпеливое волнение.",False,,False,,True,175
WORD,S1_020,7585,8,8,ясно,ясно,Он слышал топот бежавшего Крючкова и теперь уже ясно видел в бинокль плывущую за рыжеватой полосой травы кучку всадников.,Немецкий разъезд!,Он различал даже гнедую масть их лошадей и темно-синюю окраску мундиров.,Немецкий разъезд! Он слышал топот бежавшего Крючкова и теперь уже ясно видел в бинокль плывущую за рыжеватой полосой травы кучку всадников. Он различал даже гнедую масть их лошадей и темно-синюю окраску мундиров.,False,,False,,True,176
WORD,S1_020,7622,3,3,ясно,ясно,Даже невооруженным глазом ясно стало видно синюю форму немецких драгун.,Казаки шли шибкой рысью.,"Они ехали куцей рысью по направлению на второй пост, стоявший в фольварке верстах в трех от местечка, и оглядывались на казаков.","Казаки шли шибкой рысью. Даже невооруженным глазом ясно стало видно синюю форму немецких драгун. Они ехали куцей рысью по направлению на второй пост, стоявший в фольварке верстах в трех от местечка, и оглядывались на казаков.",False,,False,,True,177
WORD,S1_011,7674,2,2,мысль,мысль,"Догонит!» — стыла мысль, и Иванков не думал об обороне; сжимая в комок свое большое полное тело, головой касался холки коня.",Вот!,Его догнал рослый рыжеватый немец.,"Вот! Догонит!» — стыла мысль, и Иванков не думал об обороне; сжимая в комок свое большое полное тело, головой касался холки коня. Его догнал рослый рыжеватый немец.",False,,False,,True,178
WORD,S1_001,7674,6,6,думать,думал,"Догонит!» — стыла мысль, и Иванков не думал об обороне; сжимая в комок свое большое полное тело, головой касался холки коня.",Вот!,Его догнал рослый рыжеватый немец.,"Вот! Догонит!» — стыла мысль, и Иванков не думал об обороне; сжимая в комок свое большое полное тело, головой касался холки коня. Его догнал рослый рыжеватый немец.",False,,False,,True,179
PHRASE,PHR_086,7765,3,4,собраться идти,собралась идти,"Сотня только что собралась идти на купанье к помещичьему пруду, когда со станции, расположенной в трех верстах от имения, выехал крупный отряд конницы.","Полк, выведенный с линии боев, стоял на трехдневном отдыхе, пополняемый прибывшим с Дона подкреплением.","Пока казаки четвертой сотни дошли до плотины, отряд, выехавший со станции, спустился под изволок, и теперь ясно стало видно, что конница — казаки.","Полк, выведенный с линии боев, стоял на трехдневном отдыхе, пополняемый прибывшим с Дона подкреплением. Сотня только что собралась идти на купанье к помещичьему пруду, когда со станции, расположенной в трех верстах от имения, выехал крупный отряд конницы. Пока казаки четвертой сотни дошли до плотины, отряд, выехавший со станции, спустился под изволок, и теперь ясно стало видно, что конница — казаки.",False,,False,,True,180
WORD,S1_020,7766,16,16,ясно,ясно,"Пока казаки четвертой сотни дошли до плотины, отряд, выехавший со станции, спустился под изволок, и теперь ясно стало видно, что конница — казаки.","Сотня только что собралась идти на купанье к помещичьему пруду, когда со станции, расположенной в трех верстах от имения, выехал крупный отряд конницы.","Прохор Зыков, выгибаясь, снимал на плотине гимнастерку; выпростав голову, вгляделся.","Сотня только что собралась идти на купанье к помещичьему пруду, когда со станции, расположенной в трех верстах от имения, выехал крупный отряд конницы. Пока казаки четвертой сотни дошли до плотины, отряд, выехавший со станции, спустился под изволок, и теперь ясно стало видно, что конница — казаки. Прохор Зыков, выгибаясь, снимал на плотине гимнастерку; выпростав голову, вгляделся.",False,,False,,True,181
WORD,S1_002,7785,2,2,подумать,подумал,"«Нового купили», — подумал и перевел взгляд на лицо брата, странно измененное давностью последнего свидания, загорелое, с подрезанными усами пшеничного цвета и обожженными солнцем серебристыми бровями.","Собрав на скулах рытвинки морщин, Григорий вглядывался, стараясь узнать под Петром коня.","Григорий пошел ему навстречу, сняв фуражку, помахивая рукой, как на ученье.","Собрав на скулах рытвинки морщин, Григорий вглядывался, стараясь узнать под Петром коня. «Нового купили», — подумал и перевел взгляд на лицо брата, странно измененное давностью последнего свидания, загорелое, с подрезанными усами пшеничного цвета и обожженными солнцем серебристыми бровями. Григорий пошел ему навстречу, сняв фуражку, помахивая рукой, как на ученье.",False,,False,,True,182
WORD,S1_002,7790,4,4,подумать,подумал,"«Хрипатый, должно, и злой», — подумал Григорий, улыбаясь брату и оглядывая мельком крепко подогнанную фигуру есаула, горбоносого коня под ним, калмыцкой, видно, породы.","Вел ее есаул, пожилой и плотный, со свежевыбритой головой, с деревянно твердыми загибами властного бритого рта.",— Сотня! — звякнул есаул чистым насталенным голосом.,"Вел ее есаул, пожилой и плотный, со свежевыбритой головой, с деревянно твердыми загибами властного бритого рта. «Хрипатый, должно, и злой», — подумал Григорий, улыбаясь брату и оглядывая мельком крепко подогнанную фигуру есаула, горбоносого коня под ним, калмыцкой, видно, породы. — Сотня! — звякнул есаул чистым насталенным голосом.",False,,False,,True,183
WORD,S1_001,7879,2,2,думать,думал,— А я думал — нам подмога.,"Нет, мы в Двадцать седьмом полку.","— Нашу сотню к какой-то пехотной дивизии пристегивают, это мы ее догоняем, а с нами маршевая шла, молодых к вам пригнали.","Нет, мы в Двадцать седьмом полку. — А я думал — нам подмога. — Нашу сотню к какой-то пехотной дивизии пристегивают, это мы ее догоняем, а с нами маршевая шла, молодых к вам пригнали.",False,,False,,True,184
WORD,S1_016,7971,4,4,помнить,помню,"— А я вот тебя помню, — насмешливо улыбнулся Степан и прошел не останавливаясь, обнял за плечо шагавшего впереди казака в урядницких погонах.",— Почти что.,Затемно из штаба дивизии получили телефонограмму с приказанием выступить на позицию.,"— Почти что. — А я вот тебя помню, — насмешливо улыбнулся Степан и прошел не останавливаясь, обнял за плечо шагавшего впереди казака в урядницких погонах. Затемно из штаба дивизии получили телефонограмму с приказанием выступить на позицию.",False,,False,,True,185
WORD,S1_016,7995,7,7,помнить,помню,"Прежде всего о ней: в феврале, не помню какого числа, меня познакомил с ней ее земляк, студент Боярышкин.",Хочу вести подобие институтского „дневника“.,Я столкнулся с ними у входа в синематограф.,"Хочу вести подобие институтского „дневника“. Прежде всего о ней: в феврале, не помню какого числа, меня познакомил с ней ее земляк, студент Боярышкин. Я столкнулся с ними у входа в синематограф.",False,,False,,True,186
WORD,S1_016,8000,0,0,помнить,Помню,"Помню, я что-то изрек нечленораздельное и подержал в руке ее мягкую потную ладонь.",Лиза — отменная девушка“.,Так началось мое знакомство с Елизаветой Моховой.,"Лиза — отменная девушка“. Помню, я что-то изрек нечленораздельное и подержал в руке ее мягкую потную ладонь. Так началось мое знакомство с Елизаветой Моховой.",False,,False,,True,187
WORD,S1_017,8002,5,5,понять,понял,"Что она испорченная девушка, я понял с первого взгляда: у таких женщин глаза говорят больше, чем следует.",Так началось мое знакомство с Елизаветой Моховой.,"Она на меня произвела, признаюсь, невыгодное впечатление: прежде всего эта теплая мокрая ладонь.","Так началось мое знакомство с Елизаветой Моховой. Что она испорченная девушка, я понял с первого взгляда: у таких женщин глаза говорят больше, чем следует. Она на меня произвела, признаюсь, невыгодное впечатление: прежде всего эта теплая мокрая ладонь.",False,,False,,True,188
WORD,S1_011,8005,26,26,мысль,мысль,"Друг Вася, я сознательно ровняю слог, прибегаю даже к образности, с тем чтобы в свое время, когда сей „дневник“ попадет к тебе в Семипалатинск (есть такая мысль: по окончании любовной интриги, которую завел я с Елизаветой Моховой, переслать тебе его.","Я никогда не встречал, чтобы у людей так потели руки; потом — глаза, в сущности очень красивые глаза, с этаким ореховым оттенком, но в то же время неприятные.","Пожалуй, чтение этого документа доставит тебе немалое удовольствие), ты имел бы точное представление о происходившем.","Я никогда не встречал, чтобы у людей так потели руки; потом — глаза, в сущности очень красивые глаза, с этаким ореховым оттенком, но в то же время неприятные. Друг Вася, я сознательно ровняю слог, прибегаю даже к образности, с тем чтобы в свое время, когда сей „дневник“ попадет к тебе в Семипалатинск (есть такая мысль: по окончании любовной интриги, которую завел я с Елизаветой Моховой, переслать тебе его. Пожалуй, чтение этого документа доставит тебе немалое удовольствие), ты имел бы точное представление о происходившем.",False,,False,,True,189
WORD,S1_001,8016,0,0,думать,Думаю,Думаю заглянуть 28 апреля.,Адрес я записал.,"29 апреля
Был сегодня у нее, угощала чаем с халвой.","Адрес я записал. Думаю заглянуть 28 апреля. 29 апреля
Был сегодня у нее, угощала чаем с халвой.",False,,False,,True,190
WORD,S1_001,8021,3,3,думать,думал,"Набивал папиросы и думал о вещах, не имеющих абсолютно никакого отношения к ней, — в частности, о деньгах.",Пришел от нее поздно.,"Костюм мой изношен до дикости, а „капитала“ нет.","Пришел от нее поздно. Набивал папиросы и думал о вещах, не имеющих абсолютно никакого отношения к ней, — в частности, о деньгах. Костюм мой изношен до дикости, а „капитала“ нет.",False,,False,,True,191
WORD,S1_001,8072,5,5,думать,думаю,"Погляжусь в зеркало — неотразим: дай, думаю, выскажусь.","Э, черт, костюм этот дело попутал!..",У меня как-то здравый расчет преобладает над всем остальным.,"Э, черт, костюм этот дело попутал!.. Погляжусь в зеркало — неотразим: дай, думаю, выскажусь. У меня как-то здравый расчет преобладает над всем остальным.",False,,False,,True,192
WORD,S1_009,8084,4,4,сомнение,сомнению,Это не подлежит никакому сомнению.,"13 мая
Я основательно влюблен.",Все признаки налицо.,"13 мая
Я основательно влюблен. Это не подлежит никакому сомнению. Все признаки налицо.",False,,False,,True,193
WORD,S1_007,8091,9,9,раздумывать,раздумывая,"Я говорил, а она шла молча, потупив голову, словно раздумывая.","Мы шли по Моховой, плиты тротуара резал косой ветер.","Со шляпки на щеку ей стекали дождевые струйки, и она была прекрасна.","Мы шли по Моховой, плиты тротуара резал косой ветер. Я говорил, а она шла молча, потупив голову, словно раздумывая. Со шляпки на щеку ей стекали дождевые струйки, и она была прекрасна.",False,,False,,True,194
WORD,S1_004,8137,3,3,решить,решил,"24 мая
Сегодня решил купить себе на белье, но Лиза ввела меня в непредвиденный расход.",Придется поискать работы.,Ей до зарезу захотелось пообедать в хорошем ресторане и купить себе шелковые чулки.,"Придется поискать работы. 24 мая
Сегодня решил купить себе на белье, но Лиза ввела меня в непредвиденный расход. Ей до зарезу захотелось пообедать в хорошем ресторане и купить себе шелковые чулки.",False,,False,,True,195
WORD,ALEX_008,8163,0,0,вспоминать,Вспоминали,Вспоминали Донщинку.,"4 июня
Сегодня мы катались в лодке по Москве-реке.","Елизавета ведет себя недостойно: все время она злословит на мой счет, иногда очень грубо.","4 июня
Сегодня мы катались в лодке по Москве-реке. Вспоминали Донщинку. Елизавета ведет себя недостойно: все время она злословит на мой счет, иногда очень грубо.",False,,False,,True,196
PHRASE,PHR_080,8254,0,2,решить идти,Решил твердо иду,"Решил твердо: иду за „веру, царя и отечество“.",Завтра слезать в Каменской.,"12 августа
Мне устроили торжественные проводы.","Завтра слезать в Каменской. Решил твердо: иду за „веру, царя и отечество“. 12 августа
Мне устроили торжественные проводы.",False,,False,,True,197
WORD,S1_004,8254,0,0,решить,Решил,"Решил твердо: иду за „веру, царя и отечество“.",Завтра слезать в Каменской.,"12 августа
Мне устроили торжественные проводы.","Завтра слезать в Каменской. Решил твердо: иду за „веру, царя и отечество“. 12 августа
Мне устроили торжественные проводы.",True,PHR_080,False,,False,198
WORD,S1_001,8267,11,11,думать,думал,"Жил-был, здравствовал, изучал математику и прочие точные науки и никогда не думал, что стану таким „шовинистом“.","Разительно похожи на тех немцев на дешевой литографии, которых Козьма Крючков нанизывает на пику.",Уж в полку я с казаками погутарю.,"Разительно похожи на тех немцев на дешевой литографии, которых Козьма Крючков нанизывает на пику. Жил-был, здравствовал, изучал математику и прочие точные науки и никогда не думал, что стану таким „шовинистом“. Уж в полку я с казаками погутарю.",False,,False,,True,199
WORD,S1_016,8320,9,9,помнить,помню,"Я так был оглушен этим первым переживанием, что не помню его лица.","Видна кожаная подкладка лепестками, как в папиросах для того, чтобы не просыпался табак.","Видел лишь желтых крупных муравьев, ползавших по желтому лбу и остекленевшим прищуренным глазам.","Видна кожаная подкладка лепестками, как в папиросах для того, чтобы не просыпался табак. Я так был оглушен этим первым переживанием, что не помню его лица. Видел лишь желтых крупных муравьев, ползавших по желтому лбу и остекленевшим прищуренным глазам.",False,,False,,True,200
WORD,S1_004,8330,13,13,решить,решили,"Мы побоялись ехать прямо по дороге, так как она лежала мимо этого пепелища, решили его околесить.","В полуверсте от местечка — стены какого-то сожженного завода, кирпичные стены с задымленными черными верхушками.","Поехали в сторону, и в это время оттуда в нас начали стрелять.","В полуверсте от местечка — стены какого-то сожженного завода, кирпичные стены с задымленными черными верхушками. Мы побоялись ехать прямо по дороге, так как она лежала мимо этого пепелища, решили его околесить. Поехали в сторону, и в это время оттуда в нас начали стрелять.",False,,False,,True,201
WORD,S1_012,8365,11,11,мысленно,мысленно,"Эскадрон, в котором служил Николай Ростов, идет в атаку, и Ростов мысленно определяет эту черту.","2 сентября
У Толстого в „Войне и мире“ есть место, где он говорит о черте между двумя неприятельскими войсками — черте неизвестности, как бы отделяющей живых от мертвых.","Мне особенно ярко вспомнилось сегодня это место романа потому, что сегодня на заре мы атаковали немецких гусар…","2 сентября
У Толстого в „Войне и мире“ есть место, где он говорит о черте между двумя неприятельскими войсками — черте неизвестности, как бы отделяющей живых от мертвых. Эскадрон, в котором служил Николай Ростов, идет в атаку, и Ростов мысленно определяет эту черту. Мне особенно ярко вспомнилось сегодня это место романа потому, что сегодня на заре мы атаковали немецких гусар…",False,,False,,True,202
WORD,S1_010,8385,2,2,колебаться,колебались,"Звуки выстрелов колебались; казалось, что выше нас горит эта пахучая сосновая хвоя.","Действовали немецкие батареи, судя по звукам, в большом количестве.",Мы были слушателями до восхода солнца.,"Действовали немецкие батареи, судя по звукам, в большом количестве. Звуки выстрелов колебались; казалось, что выше нас горит эта пахучая сосновая хвоя. Мы были слушателями до восхода солнца.",False,,False,,True,203
WORD,S1_011,8388,6,6,мысль,мысли,"В эту минуту так бестолково толпились мысли; единственное, что я представлял в эту минуту до режущей боли отчетливо и ясно, — это многоликое лицо нашей пехоты, идущей в наступление цепями.","Потом продрожало „ура“, вялое, жалкое такое, бессочное, и — тишина, пронизанная чистой работой пулеметов.","Я видел мешковатые серые фигуры в блинчатых защитных фуражках, в грубых, ниже колен, солдатских сапогах, топчущие осеннюю землю, и слышал отчетливый хриповатый смешок немецких пулеметов, перерабатывающих этих живых потных людей в трупы.","Потом продрожало „ура“, вялое, жалкое такое, бессочное, и — тишина, пронизанная чистой работой пулеметов. В эту минуту так бестолково толпились мысли; единственное, что я представлял в эту минуту до режущей боли отчетливо и ясно, — это многоликое лицо нашей пехоты, идущей в наступление цепями. Я видел мешковатые серые фигуры в блинчатых защитных фуражках, в грубых, ниже колен, солдатских сапогах, топчущие осеннюю землю, и слышал отчетливый хриповатый смешок немецких пулеметов, перерабатывающих этих живых потных людей в трупы.",False,,False,,True,204
WORD,S1_020,8388,19,19,ясно,ясно,"В эту минуту так бестолково толпились мысли; единственное, что я представлял в эту минуту до режущей боли отчетливо и ясно, — это многоликое лицо нашей пехоты, идущей в наступление цепями.","Потом продрожало „ура“, вялое, жалкое такое, бессочное, и — тишина, пронизанная чистой работой пулеметов.","Я видел мешковатые серые фигуры в блинчатых защитных фуражках, в грубых, ниже колен, солдатских сапогах, топчущие осеннюю землю, и слышал отчетливый хриповатый смешок немецких пулеметов, перерабатывающих этих живых потных людей в трупы.","Потом продрожало „ура“, вялое, жалкое такое, бессочное, и — тишина, пронизанная чистой работой пулеметов. В эту минуту так бестолково толпились мысли; единственное, что я представлял в эту минуту до режущей боли отчетливо и ясно, — это многоликое лицо нашей пехоты, идущей в наступление цепями. Я видел мешковатые серые фигуры в блинчатых защитных фуражках, в грубых, ниже колен, солдатских сапогах, топчущие осеннюю землю, и слышал отчетливый хриповатый смешок немецких пулеметов, перерабатывающих этих живых потных людей в трупы.",False,,False,,True,205
WORD,S1_017,8480,11,11,понять,понял,"— Глаза Чубатого смеялись, но Григорий по голосу, по хищному трепету ноздрей понял, что говорит он серьезно.","— Убью и не вздохну, — нет во мне жалости!","— Дикой ты и чудак, — сказал Григорий, внимательно осматривая лицо Чубатого.","— Убью и не вздохну, — нет во мне жалости! — Глаза Чубатого смеялись, но Григорий по голосу, по хищному трепету ноздрей понял, что говорит он серьезно. — Дикой ты и чудак, — сказал Григорий, внимательно осматривая лицо Чубатого.",False,,False,,True,206
WORD,S1_001,8500,2,2,думать,думай,"— Ты не думай, как и что.","Мягкий он, человек, как тесто, — поучал Чубатый, смеясь глазами.","Ты — казак, твое дело — рубить, не спрашивая.","Мягкий он, человек, как тесто, — поучал Чубатый, смеясь глазами. — Ты не думай, как и что. Ты — казак, твое дело — рубить, не спрашивая.",False,,False,,True,207
WORD,S1_017,8582,2,2,понять,понял,"Пленный, видимо, понял, заулыбался кривой, жалкой улыбкой; пересиливая себя, он суетился, вывернул карманы и совал казакам помятый влажный шоколад.","— Ну, гони.",— Русин их… русин… нихт австриц!,"— Ну, гони. Пленный, видимо, понял, заулыбался кривой, жалкой улыбкой; пересиливая себя, он суетился, вывернул карманы и совал казакам помятый влажный шоколад. — Русин их… русин… нихт австриц!",False,,False,,True,208
PHRASE,PHR_070,8586,5,7,понять один,поймем все одно,"— Да ты не лопочи, не поймем все одно.",— Оружие есть окромя? — спросил его урядник.,Ливорверт есть?,"— Оружие есть окромя? — спросил его урядник. — Да ты не лопочи, не поймем все одно. Ливорверт есть?",False,,False,,True,209
WORD,S1_017,8586,5,5,понять,поймем,"— Да ты не лопочи, не поймем все одно.",— Оружие есть окромя? — спросил его урядник.,Ливорверт есть?,"— Оружие есть окромя? — спросил его урядник. — Да ты не лопочи, не поймем все одно. Ливорверт есть?",True,PHR_070,False,,False,210
WORD,S1_017,8597,4,4,понять,понять,"Урядник тщетно силился его понять и безнадежно махнул рукой:
— Гони.","Кепи его осталось возле убитой лошади, он просил позволения сходить взять одеяло, кепи и записную книжку, в ней ведь фотография его родных.","Чубатый взял у Кошевого своего коня, сел, поправляя винтовочный ремень, указал рукой:
— Иди, служивый, тоже вояка, едрена-матрена!","Кепи его осталось возле убитой лошади, он просил позволения сходить взять одеяло, кепи и записную книжку, в ней ведь фотография его родных. Урядник тщетно силился его понять и безнадежно махнул рукой:
— Гони. Чубатый взял у Кошевого своего коня, сел, поправляя винтовочный ремень, указал рукой:
— Иди, служивый, тоже вояка, едрена-матрена!",False,,False,,True,211
PHRASE,PHR_056,8605,3,5,остаться в память,остался в памяти,"Таким он и остался в памяти Григория — накинутая внапашку расшивная гусарская куртка, белесые, торчмя поднятые вихры и уверенная, бравая походка.",Белесые его вихры задорно торчали на макушке.,"— Мелехов, поди его коня расседлай, — приказал урядник и с сожалением плюнул на остаток цигарки, уже припекавшей пальцы.","Белесые его вихры задорно торчали на макушке. Таким он и остался в памяти Григория — накинутая внапашку расшивная гусарская куртка, белесые, торчмя поднятые вихры и уверенная, бравая походка. — Мелехов, поди его коня расседлай, — приказал урядник и с сожалением плюнул на остаток цигарки, уже припекавшей пальцы.",False,,False,,True,212
WORD,S1_001,8622,2,2,думать,думал,— Побег он… думал убечь…,— Чего лезешь? — огрызнулся Чубатый.,— Упустил?,— Чего лезешь? — огрызнулся Чубатый. — Побег он… думал убечь… — Упустил?,False,,False,,True,213
WORD,S1_017,8634,0,0,понять,Понял,"Понял, а?","— Не лезь, куда не надо!",Не лезь! — строго повторил Чубатый.,"— Не лезь, куда не надо! Понял, а? Не лезь! — строго повторил Чубатый.",False,,False,,True,214
WORD,S1_012,8715,6,6,мысленно,мысленно,"«Вот так, вот так, вот так!» — мысленно отсчитывал Григорий конские броски.","Венгерцы увидели казаков и, бросив оружие, поскакали.","Нога его на секунду потеряла стремя, и он, чувствуя свое неустойчивое положение в седле, ловил стремя с внутренним страхом; свесившись, поймал, вдел носок и, подняв глаза, увидел орудийную запряжку шестерней, на передней — обнявшего руками конскую шею зарубленного ездового, в заплавленной кровью и мозгами рубахе.","Венгерцы увидели казаков и, бросив оружие, поскакали. «Вот так, вот так, вот так!» — мысленно отсчитывал Григорий конские броски. Нога его на секунду потеряла стремя, и он, чувствуя свое неустойчивое положение в седле, ловил стремя с внутренним страхом; свесившись, поймал, вдел носок и, подняв глаза, увидел орудийную запряжку шестерней, на передней — обнявшего руками конскую шею зарубленного ездового, в заплавленной кровью и мозгами рубахе.",False,,False,,True,215
WORD,S1_017,8730,8,8,понять,понял,"Он ощутил во рту горячий рассол крови и понял, что падает, — откуда-то сбоку, кружась, стремительно неслась на него одетая жнивьем земля.",Страшный удар в голову сзади вырвал у Григория сознание.,Жестокий толчок при падении на секунду вернул его к действительности.,"Страшный удар в голову сзади вырвал у Григория сознание. Он ощутил во рту горячий рассол крови и понял, что падает, — откуда-то сбоку, кружась, стремительно неслась на него одетая жнивьем земля. Жестокий толчок при падении на секунду вернул его к действительности.",False,,False,,True,216
WORD,S1_011,8735,4,4,мысль,мысль,"«Все», — змейкой скользнула облегчающая мысль.","В последний раз открыл Григорий глаза, увидел раздутые розовые ноздри лошади, чей-то пронизавший стремя сапог.",Гул и черная пустота.,"В последний раз открыл Григорий глаза, увидел раздутые розовые ноздри лошади, чей-то пронизавший стремя сапог. «Все», — змейкой скользнула облегчающая мысль. Гул и черная пустота.",False,,False,,True,217
WORD,S1_004,8737,8,8,решить,решил,"XIV
В первых числах августа сотник Евгений Листницкий решил перевестись из лейб-гвардии Атаманского полка в какой-либо казачий армейский полк.",Гул и черная пустота.,"Он подал рапорт и через три недели выхлопотал себе назначение в один из полков, находившихся в действующей армии.","Гул и черная пустота. XIV
В первых числах августа сотник Евгений Листницкий решил перевестись из лейб-гвардии Атаманского полка в какой-либо казачий армейский полк. Он подал рапорт и через три недели выхлопотал себе назначение в один из полков, находившихся в действующей армии.",False,,False,,True,218
PHRASE,PHR_076,8739,10,11,принять решение,принятом решении,"Оформив назначение, он перед отъездом из Петрограда известил отца о принятом решении коротким письмом:
Папа, я хлопотал о переводе меня из Атаманского полка в армию.","Он подал рапорт и через три недели выхлопотал себе назначение в один из полков, находившихся в действующей армии.",Сегодня я получил назначение и уезжаю в распоряжение командира 2-го корпуса.,"Он подал рапорт и через три недели выхлопотал себе назначение в один из полков, находившихся в действующей армии. Оформив назначение, он перед отъездом из Петрограда известил отца о принятом решении коротким письмом:
Папа, я хлопотал о переводе меня из Атаманского полка в армию. Сегодня я получил назначение и уезжаю в распоряжение командира 2-го корпуса.",False,,False,,True,219
PHRASE,PHR_076,8741,5,7,принять решение,принятое мною решение,"Вас, по всей вероятности, удивит принятое мною решение, но я объясняю его следующим образом: меня тяготила та обстановка, в которой приходилось вращаться.",Сегодня я получил назначение и уезжаю в распоряжение командира 2-го корпуса.,"Парады, встречи, караулы — вся эта дворцовая служба набила мне оскомину.","Сегодня я получил назначение и уезжаю в распоряжение командира 2-го корпуса. Вас, по всей вероятности, удивит принятое мною решение, но я объясняю его следующим образом: меня тяготила та обстановка, в которой приходилось вращаться. Парады, встречи, караулы — вся эта дворцовая служба набила мне оскомину.",False,,False,,True,220
WORD,S1_025,8744,1,1,полагать,полагать,"Надо полагать, что во мне сказывается славная кровь Листницких, тех, которые, начиная с Отечественной войны, вплетали лавры в венок русского оружия.","Приелось все это до тошноты, хочется живого дела и… если хотите — подвига.",Еду на фронт.,"Приелось все это до тошноты, хочется живого дела и… если хотите — подвига. Надо полагать, что во мне сказывается славная кровь Листницких, тех, которые, начиная с Отечественной войны, вплетали лавры в венок русского оружия. Еду на фронт.",False,,False,,True,221
WORD,S1_002,8819,17,17,подумать,подумайте,"Поезжайте, — согласился доктор и, фамильярно покручивая пуговицу на шинели сотника, ища сочувствия, грохотал сдержанным басом: — Ведь вы подумайте, сотник: протряслись двести верст в скотских вагонах, для того чтобы слоняться тут без дела, в то время как на том участке, откуда мой лазарет перебросили, два дня шли кровопролитнейшие бои, осталась масса раненых, которым срочно нужна была наша помощь.","— Садитесь, сотник, на двуколку.","— Доктор со злым сладострастием повторил: «кровопролитнейшие бои», налегая на «р», прирыкивая.","— Садитесь, сотник, на двуколку. Поезжайте, — согласился доктор и, фамильярно покручивая пуговицу на шинели сотника, ища сочувствия, грохотал сдержанным басом: — Ведь вы подумайте, сотник: протряслись двести верст в скотских вагонах, для того чтобы слоняться тут без дела, в то время как на том участке, откуда мой лазарет перебросили, два дня шли кровопролитнейшие бои, осталась масса раненых, которым срочно нужна была наша помощь. — Доктор со злым сладострастием повторил: «кровопролитнейшие бои», налегая на «р», прирыкивая.",False,,False,,True,222
WORD,S1_016,8826,0,0,помнить,Помните,Помните Вересаева «Записки врача»?,"Нет распорядительности, просто нет здравого ума.",Вот-с!,"Нет распорядительности, просто нет здравого ума. Помните Вересаева «Записки врача»? Вот-с!",False,,False,,True,223
WORD,S1_025,8912,1,1,полагать,полагать,"«Надо полагать, что задалось ему на фронте.","Он расспрашивал Листницкого о прежней службе, о столичных новостях, о дороге; и за все время короткого их разговора ни разу не поднял на собеседника отягощенных какой-то большою усталостью глаз.","Вид у него смертельно усталый», — соболезнующе подумал сотник, разглядывая высокий умный лоб полковника.","Он расспрашивал Листницкого о прежней службе, о столичных новостях, о дороге; и за все время короткого их разговора ни разу не поднял на собеседника отягощенных какой-то большою усталостью глаз. «Надо полагать, что задалось ему на фронте. Вид у него смертельно усталый», — соболезнующе подумал сотник, разглядывая высокий умный лоб полковника.",False,,False,,True,224
WORD,S1_002,8913,6,6,подумать,подумал,"Вид у него смертельно усталый», — соболезнующе подумал сотник, разглядывая высокий умный лоб полковника.","«Надо полагать, что задалось ему на фронте.","Но тот, словно разубеждая его, эфесом шашки почесал переносье, сказал:
— Подите, сотник, познакомьтесь с офицерами, я, знаете ли, не спал три ночи.","«Надо полагать, что задалось ему на фронте. Вид у него смертельно усталый», — соболезнующе подумал сотник, разглядывая высокий умный лоб полковника. Но тот, словно разубеждая его, эфесом шашки почесал переносье, сказал:
— Подите, сотник, познакомьтесь с офицерами, я, знаете ли, не спал три ночи.",False,,False,,True,225
WORD,ALEX_008,8917,3,3,вспоминать,вспоминая,"Он ушел, неприязненно вспоминая встречу, иронизируя над тем уважением, которое невольно внушили ему усталый вид и шрам на широком подбородке полковника.","Листницкий, козыряя, таил в усмешке жесткое презренье.","XV
Дивизия получила задание форсировать реку Стырь и около Ловишчей выйти противнику в тыл.","Листницкий, козыряя, таил в усмешке жесткое презренье. Он ушел, неприязненно вспоминая встречу, иронизируя над тем уважением, которое невольно внушили ему усталый вид и шрам на широком подбородке полковника. XV
Дивизия получила задание форсировать реку Стырь и около Ловишчей выйти противнику в тыл.",False,,False,,True,226
WORD,S1_009,8968,2,2,сомнение,сомнения,— Вне всякого сомнения.,"— Ну, это-то положим!","— Слушай, Терсинцев, нельзя же человека заменить машиной.","— Ну, это-то положим! — Вне всякого сомнения. — Слушай, Терсинцев, нельзя же человека заменить машиной.",False,,False,,True,227
WORD,S1_001,8999,1,1,думать,думая,"— Пожалуй, — думая о чем-то своем, согласился Калмыков и, шевеля пальцами ног, виновато поморщился.","— Давайте спать, — предложил Листницкий.","— Вы, сотник, извините, это у меня от ног такой запах…","— Давайте спать, — предложил Листницкий. — Пожалуй, — думая о чем-то своем, согласился Калмыков и, шевеля пальцами ног, виновато поморщился. — Вы, сотник, извините, это у меня от ног такой запах…",False,,False,,True,228
WORD,S1_004,9017,3,3,решить,решил,"— Что ж, поезжай… — решил Листницкий и встал.",— Я ничем не проштрафился.,"— Эй, ты! — крикнул он вслед уходившему казаку.","— Я ничем не проштрафился. — Что ж, поезжай… — решил Листницкий и встал. — Эй, ты! — крикнул он вслед уходившему казаку.",False,,False,,True,229
WORD,S1_001,9080,6,6,думать,думаете,"— Горек будет ее мед, как вы думаете?","Бунчук глазами указал ему на пчелу, и Листницкий улыбнулся.",Ответил ему не Бунчук.,"Бунчук глазами указал ему на пчелу, и Листницкий улыбнулся. — Горек будет ее мед, как вы думаете? Ответил ему не Бунчук.",False,,False,,True,230
WORD,S1_010,9082,22,22,колебаться,колеблясь,"Откуда-то из-за дальней купы сосен пулемет взлохматил тишину пронзительным сорочьим чечеканьем, разбрызг воющих пуль пронизал березки, на гриву сотникова коня, кружась и колеблясь, упала ссеченная пулей ветка.",Ответил ему не Бунчук.,"Они скакали к деревушке, понукая лошадей криками, плетьми.","Ответил ему не Бунчук. Откуда-то из-за дальней купы сосен пулемет взлохматил тишину пронзительным сорочьим чечеканьем, разбрызг воющих пуль пронизал березки, на гриву сотникова коня, кружась и колеблясь, упала ссеченная пулей ветка. Они скакали к деревушке, понукая лошадей криками, плетьми.",False,,False,,True,231
WORD,S1_001,9100,2,2,думать,думаете,"— Что вы думаете делать после войны? — почему-то спросил Листницкий, глядя на волосатые руки вольноопределяющегося.","— Да… пожалуй, изучаю.","— Кто-то посеянное будет собирать, а я… погляжу, — Бунчук сощурил глаза.","— Да… пожалуй, изучаю. — Что вы думаете делать после войны? — почему-то спросил Листницкий, глядя на волосатые руки вольноопределяющегося. — Кто-то посеянное будет собирать, а я… погляжу, — Бунчук сощурил глаза.",False,,False,,True,232
WORD,S1_017,9102,2,2,понять,понять,— Как вас понять?,"— Кто-то посеянное будет собирать, а я… погляжу, — Бунчук сощурил глаза.","— Знаете, сотник, — еще пронзительнее сощурился тот, — поговорку: «Сеющий ветер пожнет бурю»?","— Кто-то посеянное будет собирать, а я… погляжу, — Бунчук сощурил глаза. — Как вас понять? — Знаете, сотник, — еще пронзительнее сощурился тот, — поговорку: «Сеющий ветер пожнет бурю»?",False,,False,,True,233
WORD,S1_020,9106,2,2,ясно,ясно,— И так ясно.,"— А вы бы без аллегорий, яснее.","Прощайте, сотник, мне налево.","— А вы бы без аллегорий, яснее. — И так ясно. Прощайте, сотник, мне налево.",False,,False,,True,234
WORD,S1_001,9110,9,9,думать,думал,"«Что он, оригинальничает или просто человек с чудинкой?» — раздраженно думал Листницкий, шагая в опрятную землянку командира сотни.","Пожимая плечами, сотник долго провожал его взглядом.","XVI
Вместе со второй очередью ушла и третья.","Пожимая плечами, сотник долго провожал его взглядом. «Что он, оригинальничает или просто человек с чудинкой?» — раздраженно думал Листницкий, шагая в опрятную землянку командира сотни. XVI
Вместе со второй очередью ушла и третья.",False,,False,,True,235
WORD,S1_011,9200,5,5,мысль,мысль,"Скорей!» — гнала ее, огнем хлестала мысль.",Все теперь мне!,"Наталья билась в руках у Дарьи и с радостным облегчением принимала беспамятство, лишь бы отдалить тот момент, когда вернется сознание и властно напомнит о случившемся.","Все теперь мне! Скорей!» — гнала ее, огнем хлестала мысль. Наталья билась в руках у Дарьи и с радостным облегчением принимала беспамятство, лишь бы отдалить тот момент, когда вернется сознание и властно напомнит о случившемся.",False,,False,,True,236
PHRASE,PHR_060,9225,16,17,не забывать,не забывать,"В следующем письме просил Петро прислать ему сушеной вишни «с родимых донских своих садов» и просил не забывать, писать чаще; там же ругал он Григория за то, что, по словам казаков, плохо Гришка присматривает за конем, — а ему, Петру, обидно, так как конь Гнедой — его, Петра, собственный и кровный; просил отца написать от себя Григорию.","Пишу на седле, и дюже качает.","«Я ему доводил до ума через казаков, что если он не будет ухаживать за конем, как за своим добром, то встренемся и я ему морду в кровь побью, хотя он и крестовый кавалер теперь», — писал Петро, а затем следовали бесчисленные поклоны, и сквозь мятые, подмоченные дождем строки письма ощутимо дышала горькая грусть.","Пишу на седле, и дюже качает. В следующем письме просил Петро прислать ему сушеной вишни «с родимых донских своих садов» и просил не забывать, писать чаще; там же ругал он Григория за то, что, по словам казаков, плохо Гришка присматривает за конем, — а ему, Петру, обидно, так как конь Гнедой — его, Петра, собственный и кровный; просил отца написать от себя Григорию. «Я ему доводил до ума через казаков, что если он не будет ухаживать за конем, как за своим добром, то встренемся и я ему морду в кровь побью, хотя он и крестовый кавалер теперь», — писал Петро, а затем следовали бесчисленные поклоны, и сквозь мятые, подмоченные дождем строки письма ощутимо дышала горькая грусть.",False,,False,,True,237
WORD,S1_002,9248,8,8,подумать,подумал,"Он высморкался, рукавом чекменька раздавил щекотавшую щеку слезу, подумал: «Старею, видно.","Дожил я… — шептал старик, сходя со ступенек моховского магазина.",Слабый на слезу стал…,"Дожил я… — шептал старик, сходя со ступенек моховского магазина. Он высморкался, рукавом чекменька раздавил щекотавшую щеку слезу, подумал: «Старею, видно. Слабый на слезу стал…",False,,False,,True,238
WORD,S1_011,9253,12,12,мысль,мысль,"Он хромал по улице, прижимая к груди кулек с конфетами, и опять мысль его, как чибис над болотом, вилась вокруг Григория, набредали на память слова из Петрова письма.",Подкосил меня Гришка трошки…»,Тут-то и повстречался ему сват Коршунов.,"Подкосил меня Гришка трошки…» Он хромал по улице, прижимая к груди кулек с конфетами, и опять мысль его, как чибис над болотом, вилась вокруг Григория, набредали на память слова из Петрова письма. Тут-то и повстречался ему сват Коршунов.",False,,False,,True,239
WORD,S1_010,9315,4,4,колебаться,колеблясь,"Мирон Григорьевич взял не колеблясь, тоже свернул цигарку за счет щедротного моховского подарка.","Свернул бумажку, всыпал из четвертки щепоть турецкого табаку и протянул пачку свату.",Закурили.,"Свернул бумажку, всыпал из четвертки щепоть турецкого табаку и протянул пачку свату. Мирон Григорьевич взял не колеблясь, тоже свернул цигарку за счет щедротного моховского подарка. Закурили.",False,,False,,True,240
PHRASE,PHR_086,9367,20,21,собраться идти,собралась идти,"Какая бы неведомая причина ни побудила его на это, но для Натальи это было толчком: в первое же воскресенье она собралась идти в Ягодное.",После поклонов отцу и матери он слал поклон и нижайшее почтение Наталье Мироновне.,"— Куда ты, Наташа? — спросила Дуняшка, глядя, как Наталья перед осколком зеркала внимательно и строго рассматривает свое лицо.","После поклонов отцу и матери он слал поклон и нижайшее почтение Наталье Мироновне. Какая бы неведомая причина ни побудила его на это, но для Натальи это было толчком: в первое же воскресенье она собралась идти в Ягодное. — Куда ты, Наташа? — спросила Дуняшка, глядя, как Наталья перед осколком зеркала внимательно и строго рассматривает свое лицо.",False,,False,,True,241
WORD,S1_017,9369,8,8,понять,поняв,"— Своих пойду проведаю, — солгала та и покраснела, впервые поняв, что идет на великое унижение, на большую нравственную пытку.","— Куда ты, Наташа? — спросила Дуняшка, глядя, как Наталья перед осколком зеркала внимательно и строго рассматривает свое лицо.","— Ты, Наталья, хоть бы сроду раз со мной на игрища пошла, — охорашиваясь, попросила Дарья.","— Куда ты, Наташа? — спросила Дуняшка, глядя, как Наталья перед осколком зеркала внимательно и строго рассматривает свое лицо. — Своих пойду проведаю, — солгала та и покраснела, впервые поняв, что идет на великое унижение, на большую нравственную пытку. — Ты, Наталья, хоть бы сроду раз со мной на игрища пошла, — охорашиваясь, попросила Дарья.",False,,False,,True,242
WORD,S1_007,9418,1,1,раздумывать,раздумывая,"Дарья, раздумывая, почесала гребешком переносицу, тряхнула головой.","— Я дома у своих, должно, заночую.","— Ну, иди.","— Я дома у своих, должно, заночую. Дарья, раздумывая, почесала гребешком переносицу, тряхнула головой. — Ну, иди.",False,,False,,True,243
WORD,S1_009,9441,2,2,сомнение,сомнения,"Теперь без сомнения узнавала Аксинья в ребенке отца и от этого прикипала к нему жгучим чувством, — не было уж так, как раньше, когда подходила она к люльке и отшатывалась, найдя в сонном личике девочки какой-нибудь отдаленный намек, беглое сходство с ненавистными линиями Степанова лица.","С каждым днем девочка все разительнее запохаживалась на отца, даже улыбка отсвечивала мелеховским, Гришкиным, звероватым.","Цедились дни, и после каждого оседала в душе Аксиньи терпкая горечь.","С каждым днем девочка все разительнее запохаживалась на отца, даже улыбка отсвечивала мелеховским, Гришкиным, звероватым. Теперь без сомнения узнавала Аксинья в ребенке отца и от этого прикипала к нему жгучим чувством, — не было уж так, как раньше, когда подходила она к люльке и отшатывалась, найдя в сонном личике девочки какой-нибудь отдаленный намек, беглое сходство с ненавистными линиями Степанова лица. Цедились дни, и после каждого оседала в душе Аксиньи терпкая горечь.",False,,False,,True,244
WORD,S1_001,9444,5,5,думать,думая,"В пеленки выплакивала излишки слез, думая в детской своей наивности: «Гришкино дите, он сердцем должен почуять, как тоскую об нем».","Тревога за жизнь любимого сверлила мозг, не покидала ее днями, наведывалась и ночью, и тогда то, что копилось в душе, взнузданное до времени волей, — рвало плотины: ночь, всю дотла, билась Аксинья в немом крике, в слезах, кусая руки, чтобы не разбудить ребенка, утишить крик и нравственную боль убить физической.","После таких ночей вставала она, как избитая: ломило все тело, настойчиво, неутомимо стучали в висках серебряные молоточки, в опущенных, когда-то отрочески пухлых углах рта ложилась мужалая горесть.","Тревога за жизнь любимого сверлила мозг, не покидала ее днями, наведывалась и ночью, и тогда то, что копилось в душе, взнузданное до времени волей, — рвало плотины: ночь, всю дотла, билась Аксинья в немом крике, в слезах, кусая руки, чтобы не разбудить ребенка, утишить крик и нравственную боль убить физической. В пеленки выплакивала излишки слез, думая в детской своей наивности: «Гришкино дите, он сердцем должен почуять, как тоскую об нем». После таких ночей вставала она, как избитая: ломило все тело, настойчиво, неутомимо стучали в висках серебряные молоточки, в опущенных, когда-то отрочески пухлых углах рта ложилась мужалая горесть.",False,,False,,True,245
WORD,S1_011,9459,10,10,мысль,мыслей,"«От жары, должно быть, в ушах больно», — выцарапалась из вороха мыслей одна.",Слух ее болезненно скоблило шорохом Аксиньиного платья.,"Дверь, пропустив Наталью, притворила Аксинья.","Слух ее болезненно скоблило шорохом Аксиньиного платья. «От жары, должно быть, в ушах больно», — выцарапалась из вороха мыслей одна. Дверь, пропустив Наталью, притворила Аксинья.",False,,False,,True,246
WORD,S1_001,9505,2,2,думать,думаешь,"И ты думаешь, он позавидует на тебя?","Глянь, шею-то у тебя покривило!","Здоровую бросил, а на калеку позавидует?","Глянь, шею-то у тебя покривило! И ты думаешь, он позавидует на тебя? Здоровую бросил, а на калеку позавидует?",False,,False,,True,247
WORD,S1_001,9512,1,1,думать,думаешь,"— Ты думаешь, я надеялась, что выпрошу?","Она видела, что Наталья, несмотря на слегка покривленную шею, так же хороша, как и раньше, — щеки ее и рот свежи, не измяты временем, — а у нее, Аксиньи, не по вине ли этой Натальи раньше времени сплелась под глазами паутинка морщин?",— Наталья подняла пьяные от муки глаза.,"Она видела, что Наталья, несмотря на слегка покривленную шею, так же хороша, как и раньше, — щеки ее и рот свежи, не измяты временем, — а у нее, Аксиньи, не по вине ли этой Натальи раньше времени сплелась под глазами паутинка морщин? — Ты думаешь, я надеялась, что выпрошу? — Наталья подняла пьяные от муки глаза.",False,,False,,True,248
WORD,S1_001,9527,5,5,думать,думая,"Лежала, ни о чем не думая, раздавленная неизъяснимой тоской…","Наталья отошла от имения версты три, прилегла под кустом дикого терна.",Перед глазами ее неотступно маячили на лице ребенка угрюмоватые черные глаза Григория.,"Наталья отошла от имения версты три, прилегла под кустом дикого терна. Лежала, ни о чем не думая, раздавленная неизъяснимой тоской… Перед глазами ее неотступно маячили на лице ребенка угрюмоватые черные глаза Григория.",False,,False,,True,249
WORD,S1_018,9537,0,0,осознать,Осознав,"Осознав случившееся с ним, чувствуя неотвратимо подступающий ужас, он полз на четвереньках, скрипя зубами.","Григорий смотрел, не мигая, широко открытыми глазами; ему казалось, это — не звезды, а полные голубовато-желтые неведомые плоды висят на черенках листьев.","Боль играла с ним, валила его навзничь…","Григорий смотрел, не мигая, широко открытыми глазами; ему казалось, это — не звезды, а полные голубовато-желтые неведомые плоды висят на черенках листьев. Осознав случившееся с ним, чувствуя неотвратимо подступающий ужас, он полз на четвереньках, скрипя зубами. Боль играла с ним, валила его навзничь…",False,,False,,True,250
WORD,S1_001,9630,11,11,думать,думал,"— Я как лез оттуда, его все кликал, — отворачиваясь, глухо говорил Григорий, — думал — он не уйдет от меня, а поймать его трудно, не дается он чужим.",— Я диву дался: корм не жрет и так это потихоньку игогокает.,"— Верно, мы его насилу взяли.","— Я диву дался: корм не жрет и так это потихоньку игогокает. — Я как лез оттуда, его все кликал, — отворачиваясь, глухо говорил Григорий, — думал — он не уйдет от меня, а поймать его трудно, не дается он чужим. — Верно, мы его насилу взяли.",False,,False,,True,251
WORD,S1_016,9650,3,3,помнить,помню,"— Я уже не помню, когда ел, — улыбнулся он виновато.",На его место устало присел Григорий.,По городу двигались части 3-го корпуса.,"На его место устало присел Григорий. — Я уже не помню, когда ел, — улыбнулся он виновато. По городу двигались части 3-го корпуса.",False,,False,,True,252
WORD,S1_002,9775,6,6,подумать,подумал,"«Может, какой в Донщину сейчас пойдет?» — подумал Григорий и поник под частыми уколами тоски.",Где-то на окраинах трубили паровозы.,— Вы не дремлете? — спросила сестра.,"Где-то на окраинах трубили паровозы. «Может, какой в Донщину сейчас пойдет?» — подумал Григорий и поник под частыми уколами тоски. — Вы не дремлете? — спросила сестра.",False,,False,,True,253
WORD,S1_001,9784,12,12,думать,думал,"«Воду и то в неволю взяли, за железной решеткой, а Дон…» — неясно думал Григорий.",Повеяло сыростью.,Под резиновыми шинами пролетки зашуршали листья.,"Повеяло сыростью. «Воду и то в неволю взяли, за железной решеткой, а Дон…» — неясно думал Григорий. Под резиновыми шинами пролетки зашуршали листья.",False,,False,,True,254
WORD,S1_004,9819,9,9,решить,решило,"XXII
На Юго-Западном фронте в районе Шевеля командование армии решило грандиозной кавалерийской атакой прорвать фронт противника и кинуть в тыл ему большой кавалерийский отряд, которому надлежало совершить рейд вдоль фронта, разрушая по пути коммуникационные линии, дезорганизуя части противника внезапными налетами.","— Мелехов, пойдемте, посмотрим ваш глаз, — сказала она низким грудным голосом и посторонилась, пропуская Григория в коридор.","На успешное осуществление этого плана командование возлагало большие надежды; небывалое количество конницы было стянуто к указанному району; в числе остальных кавалерийских полков был переброшен на этот участок и казачий полк, в котором служил сотник Листницкий.","— Мелехов, пойдемте, посмотрим ваш глаз, — сказала она низким грудным голосом и посторонилась, пропуская Григория в коридор. XXII
На Юго-Западном фронте в районе Шевеля командование армии решило грандиозной кавалерийской атакой прорвать фронт противника и кинуть в тыл ему большой кавалерийский отряд, которому надлежало совершить рейд вдоль фронта, разрушая по пути коммуникационные линии, дезорганизуя части противника внезапными налетами. На успешное осуществление этого плана командование возлагало большие надежды; небывалое количество конницы было стянуто к указанному району; в числе остальных кавалерийских полков был переброшен на этот участок и казачий полк, в котором служил сотник Листницкий.",False,,False,,True,255
WORD,S1_016,9858,7,7,помнить,помни,"Ты у меня один на этом свете, помни.","Будь здоров, Женя, выздоравливай.","Тетя кланяется тебе, она здравствует, а о себе мне нечего писать, ты знаешь, как я живу.","Будь здоров, Женя, выздоравливай. Ты у меня один на этом свете, помни. Тетя кланяется тебе, она здравствует, а о себе мне нечего писать, ты знаешь, как я живу.",False,,False,,True,256
WORD,S1_004,9913,22,22,решить,решила,"В первый же день, как только болезнь свалила девочку с ног, Аксинье вспомнилась горькая Натальина фраза: «Отольются тебе мои слезы…» — и она решила, что это ее Бог наказывает за то, что тогда глумилась над Натальей.","— Оборвав, подошел к окну, побарабанил пальцами и, подойдя к увеличенной фотографии сына, снятого на руках у няни, отступил два шага и долго смотрел щурясь, словно не узнавая.","Подавленная страхом за жизнь ребенка, она теряла рассудок, бестолково металась, работа валилась из ее рук.","— Оборвав, подошел к окну, побарабанил пальцами и, подойдя к увеличенной фотографии сына, снятого на руках у няни, отступил два шага и долго смотрел щурясь, словно не узнавая. В первый же день, как только болезнь свалила девочку с ног, Аксинье вспомнилась горькая Натальина фраза: «Отольются тебе мои слезы…» — и она решила, что это ее Бог наказывает за то, что тогда глумилась над Натальей. Подавленная страхом за жизнь ребенка, она теряла рассудок, бестолково металась, работа валилась из ее рук.",False,,False,,True,257
WORD,S1_011,9915,5,5,мысль,мысль,"«Неужели отнимет?» — неотступно билась горячечная мысль, и, не веря, всей силой не желая верить, Аксинья неистово молилась, просила у Бога последнюю милость — сохранить жизнь ребенка.","Подавленная страхом за жизнь ребенка, она теряла рассудок, бестолково металась, работа валилась из ее рук.","«Господи, прости!..","Подавленная страхом за жизнь ребенка, она теряла рассудок, бестолково металась, работа валилась из ее рук. «Неужели отнимет?» — неотступно билась горячечная мысль, и, не веря, всей силой не желая верить, Аксинья неистово молилась, просила у Бога последнюю милость — сохранить жизнь ребенка. «Господи, прости!..",False,,False,,True,258
PHRASE,PHR_178,9980,6,7,стать раздумывать,стал раздумывая,"У крыльца он закурил, на минуту стал, раздумывая, и, тряхнув плечами, решительно ступил на крыльцо.","При свете его Евгений глянул на часы, направился в людскую.","Осторожно нажал щеколду, дверь, скрипнув, отворилась.","При свете его Евгений глянул на часы, направился в людскую. У крыльца он закурил, на минуту стал, раздумывая, и, тряхнув плечами, решительно ступил на крыльцо. Осторожно нажал щеколду, дверь, скрипнув, отворилась.",False,,False,,True,259
WORD,S1_007,9980,7,7,раздумывать,раздумывая,"У крыльца он закурил, на минуту стал, раздумывая, и, тряхнув плечами, решительно ступил на крыльцо.","При свете его Евгений глянул на часы, направился в людскую.","Осторожно нажал щеколду, дверь, скрипнув, отворилась.","При свете его Евгений глянул на часы, направился в людскую. У крыльца он закурил, на минуту стал, раздумывая, и, тряхнув плечами, решительно ступил на крыльцо. Осторожно нажал щеколду, дверь, скрипнув, отворилась.",True,PHR_178,False,,False,260
WORD,S1_002,9997,3,3,подумать,подумай,У тебя еще — подумай! — вся жизнь впереди.,"В конце концов, не все потеряно со смертью ребенка.","Евгений, сжав руку Аксиньи, гладил ее с ласковой властностью, говорил, играя низкими нотками голоса.","В конце концов, не все потеряно со смертью ребенка. У тебя еще — подумай! — вся жизнь впереди. Евгений, сжав руку Аксиньи, гладил ее с ласковой властностью, говорил, играя низкими нотками голоса.",False,,False,,True,261
WORD,S1_016,10001,4,4,помнить,помня,"Отягощенная отчаянием Аксинья, не помня себя, отдалась ему со всей бурной, давно забытой страстностью.","Падко бабье сердце на жалость, на ласку.","А когда схлынула небывало опустошительная, помрачающая волна бесстыдного наслаждения, она очнулась, резко вскрикнула, теряя разум, выбежала полуголая, в одной рубахе, на крыльцо.","Падко бабье сердце на жалость, на ласку. Отягощенная отчаянием Аксинья, не помня себя, отдалась ему со всей бурной, давно забытой страстностью. А когда схлынула небывало опустошительная, помрачающая волна бесстыдного наслаждения, она очнулась, резко вскрикнула, теряя разум, выбежала полуголая, в одной рубахе, на крыльцо.",False,,False,,True,262
WORD,S1_002,10006,8,8,подумать,подумал,"Уже лежа в постели, потирая пухлую, мягкую грудь, подумал: «С точки зрения честного человека — это подло, безнравственно.",Его подмывало бодрящее веселье.,Григорий…,"Его подмывало бодрящее веселье. Уже лежа в постели, потирая пухлую, мягкую грудь, подумал: «С точки зрения честного человека — это подло, безнравственно. Григорий…",False,,False,,True,263
WORD,S1_011,10013,5,5,мысль,мыслям,"Он на минуту ужаснулся своим мыслям, но воображение вновь вылепило страшную картину атаки и того момента, когда он поднялся с убитого коня и упал, срезанный пулями.",Мне все можно!»,"Уже засыпая, успокоенно решил: «Завтра об этом, а сейчас спать, спать…»","Мне все можно!» Он на минуту ужаснулся своим мыслям, но воображение вновь вылепило страшную картину атаки и того момента, когда он поднялся с убитого коня и упал, срезанный пулями. Уже засыпая, успокоенно решил: «Завтра об этом, а сейчас спать, спать…»",False,,False,,True,264
WORD,S1_004,10014,3,3,решить,решил,"Уже засыпая, успокоенно решил: «Завтра об этом, а сейчас спать, спать…»","Он на минуту ужаснулся своим мыслям, но воображение вновь вылепило страшную картину атаки и того момента, когда он поднялся с убитого коня и упал, срезанный пулями.","На следующий день утром, оставшись в столовой наедине с Аксиньей, он подошел к ней, виновато улыбаясь, но она, прижавшись к стене, вытягивая руки, опалила его яростным шепотом:
— Не подходи, проклятый!..","Он на минуту ужаснулся своим мыслям, но воображение вновь вылепило страшную картину атаки и того момента, когда он поднялся с убитого коня и упал, срезанный пулями. Уже засыпая, успокоенно решил: «Завтра об этом, а сейчас спать, спать…» На следующий день утром, оставшись в столовой наедине с Аксиньей, он подошел к ней, виновато улыбаясь, но она, прижавшись к стене, вытягивая руки, опалила его яростным шепотом:
— Не подходи, проклятый!..",False,,False,,True,265
WORD,S1_011,10080,4,4,мысль,мысль,"Толчок был дан, проснулась мысль, она изнуряла, придавливала простой, бесхитростный ум Григория.","Подгнили эти устои, ржавью подточила их чудовищная нелепица войны, и нужен был только толчок.","Он метался, искал выхода, разрешения этой непосильной для его разума задачи и с удовлетворением находил его в ответах Гаранжи.","Подгнили эти устои, ржавью подточила их чудовищная нелепица войны, и нужен был только толчок. Толчок был дан, проснулась мысль, она изнуряла, придавливала простой, бесхитростный ум Григория. Он метался, искал выхода, разрешения этой непосильной для его разума задачи и с удовлетворением находил его в ответах Гаранжи.",False,,False,,True,266
WORD,S1_017,10109,1,1,понять,пойму,"— Не пойму, — признался Григорий.",— А шо тоби сердце каже?,"— Хто мэнэ с кручи пихае, того я пихну.","— А шо тоби сердце каже? — Не пойму, — признался Григорий. — Хто мэнэ с кручи пихае, того я пихну.",False,,False,,True,267
WORD,S1_011,10210,12,12,мысль,мыслей,"Оторвали от семьи, морили в казарме…» — клубился в голове его кипящий ком мыслей.",А страх?,Пенная злоба поводила его губы.,"А страх? Оторвали от семьи, морили в казарме…» — клубился в голове его кипящий ком мыслей. Пенная злоба поводила его губы.",False,,False,,True,268
WORD,S1_017,10233,11,11,понять,понять,"Зарывшись головой в подушку, вздрагивая плечами, лежал несколько минут; нельзя было понять — плакал он или смеялся, но встал с сухими, проясневшими глазами.",После отъезда высоких гостей Григорий упал на койку.,Его сейчас же вызвал в кабинет заведующий госпиталем.,"После отъезда высоких гостей Григорий упал на койку. Зарывшись головой в подушку, вздрагивая плечами, лежал несколько минут; нельзя было понять — плакал он или смеялся, но встал с сухими, проясневшими глазами. Его сейчас же вызвал в кабинет заведующий госпиталем.",False,,False,,True,269
WORD,S1_001,10258,14,14,думать,думал,"Иду вот к чужой жене на побывку, без угла, без жилья, как волк буерачный…» — думал Григорий, шагая с равномерной усталостью, горько смеясь над своей диковинно сложившейся жизнью.","«Давно играл я, парнем, а теперь высох мой голос и песни жизнь обрезала.","Из хутора поднялся на косой бугор, оглянулся: в просвете окна последнего куреня желтел огонь висячей лампы, у окна за прялкой сидела пожилая казачка.","«Давно играл я, парнем, а теперь высох мой голос и песни жизнь обрезала. Иду вот к чужой жене на побывку, без угла, без жилья, как волк буерачный…» — думал Григорий, шагая с равномерной усталостью, горько смеясь над своей диковинно сложившейся жизнью. Из хутора поднялся на косой бугор, оглянулся: в просвете окна последнего куреня желтел огонь висячей лампы, у окна за прялкой сидела пожилая казачка.",False,,False,,True,270
WORD,S1_004,10261,1,1,решить,решил,"Он решил переночевать на первом хуторе по Чиру, чтобы на следующий день засветло добраться до Ягодного.","Сойдя с дороги, Григорий пошел по влажно хрупкой, скованной морозцем траве.","Уже за полночь пришел на хутор Грачев, в крайнем дворе заночевал и вышел, чуть только поредели лиловые утренние сумерки.","Сойдя с дороги, Григорий пошел по влажно хрупкой, скованной морозцем траве. Он решил переночевать на первом хуторе по Чиру, чтобы на следующий день засветло добраться до Ягодного. Уже за полночь пришел на хутор Грачев, в крайнем дворе заночевал и вышел, чуть только поредели лиловые утренние сумерки.",False,,False,,True,271
WORD,ALEX_012,10289,1,1,догадаться,догадался,"Григорий догадался, что кашель его притворен, скрывает смущение.",Дед натужно закашлял.,— Танюшку где похоронили?,"Дед натужно закашлял. Григорий догадался, что кашель его притворен, скрывает смущение. — Танюшку где похоронили?",False,,False,,True,272
WORD,S1_001,10348,0,0,думать,Думала,"Думала, не придешь ты…",Давно не писал…,Ты получил от меня последнюю письмо?,"Давно не писал… Думала, не придешь ты… Ты получил от меня последнюю письмо?",False,,False,,True,273
WORD,S1_001,10350,6,6,думать,думаю,"Хотела тебе гостинцев послать, а потом думаю, погожу, — может, от него письмо получу…",Ты получил от меня последнюю письмо?,Она изредка взглядывала на Григория.,"Ты получил от меня последнюю письмо? Хотела тебе гостинцев послать, а потом думаю, погожу, — может, от него письмо получу… Она изредка взглядывала на Григория.",False,,False,,True,274
WORD,S1_001,10493,2,2,думать,думаете,"Как вы думаете, Бунчук?","Дождь, черти б его нюхали, выживает нас… а?","Потирая руки, Бунчук сгорбился, сел около печурки на корточки.","Дождь, черти б его нюхали, выживает нас… а? Как вы думаете, Бунчук? Потирая руки, Бунчук сгорбился, сел около печурки на корточки.",False,,False,,True,275
WORD,S1_001,10572,2,2,думать,думаете,"Как вы думаете, господа?",— Благополучно мы не вылезем из этой войны.,— Меркулов вопрошающе оглядел всех.,"— Благополучно мы не вылезем из этой войны. Как вы думаете, господа? — Меркулов вопрошающе оглядел всех.",False,,False,,True,276
WORD,S1_020,10578,8,8,ясно,ясно,"Удивляет — потому, что до сих пор мне не ясно его отношение к Родине, к войне…","Он заговорил со сдержанной злобой:
— Меня удивляет то обстоятельство, что в среде нашего офицерства есть такие вот, — жест в сторону ссутулившегося Бунчука, — субъекты.","Однажды в разговоре он выразился очень туманно, но все же достаточно ясно для того, чтобы понять, что он стоит за наше поражение в этой войне.","Он заговорил со сдержанной злобой:
— Меня удивляет то обстоятельство, что в среде нашего офицерства есть такие вот, — жест в сторону ссутулившегося Бунчука, — субъекты. Удивляет — потому, что до сих пор мне не ясно его отношение к Родине, к войне… Однажды в разговоре он выразился очень туманно, но все же достаточно ясно для того, чтобы понять, что он стоит за наше поражение в этой войне.",False,,False,,True,277
WORD,S1_020,10579,11,11,ясно,ясно,"Однажды в разговоре он выразился очень туманно, но все же достаточно ясно для того, чтобы понять, что он стоит за наше поражение в этой войне.","Удивляет — потому, что до сих пор мне не ясно его отношение к Родине, к войне…","Так я тебя понял, Бунчук?","Удивляет — потому, что до сих пор мне не ясно его отношение к Родине, к войне… Однажды в разговоре он выразился очень туманно, но все же достаточно ясно для того, чтобы понять, что он стоит за наше поражение в этой войне. Так я тебя понял, Бунчук?",False,,False,,True,278
WORD,S1_017,10579,15,15,понять,понять,"Однажды в разговоре он выразился очень туманно, но все же достаточно ясно для того, чтобы понять, что он стоит за наше поражение в этой войне.","Удивляет — потому, что до сих пор мне не ясно его отношение к Родине, к войне…","Так я тебя понял, Бунчук?","Удивляет — потому, что до сих пор мне не ясно его отношение к Родине, к войне… Однажды в разговоре он выразился очень туманно, но все же достаточно ясно для того, чтобы понять, что он стоит за наше поражение в этой войне. Так я тебя понял, Бунчук?",False,,False,,True,279
PHRASE,PHR_635,10580,2,3,ты понять,тебя понял,"Так я тебя понял, Бунчук?","Однажды в разговоре он выразился очень туманно, но все же достаточно ясно для того, чтобы понять, что он стоит за наше поражение в этой войне.",— Я — за поражение.,"Однажды в разговоре он выразился очень туманно, но все же достаточно ясно для того, чтобы понять, что он стоит за наше поражение в этой войне. Так я тебя понял, Бунчук? — Я — за поражение.",False,,False,,True,280
WORD,S1_017,10580,3,3,понять,понял,"Так я тебя понял, Бунчук?","Однажды в разговоре он выразился очень туманно, но все же достаточно ясно для того, чтобы понять, что он стоит за наше поражение в этой войне.",— Я — за поражение.,"Однажды в разговоре он выразился очень туманно, но все же достаточно ясно для того, чтобы понять, что он стоит за наше поражение в этой войне. Так я тебя понял, Бунчук? — Я — за поражение.",True,PHR_635,False,,False,281
WORD,S1_016,10585,0,0,помнить,Помните,"— Помните, думская фракция большевиков агитировала против правительства, тем самым содействуя поражению? — вмешался Меркулов.",Это — бесчестье для всякого порядочного человека!,"— Ты разделяешь, Бунчук, их точку зрения? — задал вопрос Листницкий.","Это — бесчестье для всякого порядочного человека! — Помните, думская фракция большевиков агитировала против правительства, тем самым содействуя поражению? — вмешался Меркулов. — Ты разделяешь, Бунчук, их точку зрения? — задал вопрос Листницкий.",False,,False,,True,282
WORD,S1_002,10591,9,9,подумать,подумал,"«Ты прежде всего болван, а потом уж самодовольный солдафон», — подумал Бунчук и загасил улыбку.",Меня коробит один вид «товарищей социалистов».,"— Нет бога, кроме Аллаха…","Меня коробит один вид «товарищей социалистов». «Ты прежде всего болван, а потом уж самодовольный солдафон», — подумал Бунчук и загасил улыбку. — Нет бога, кроме Аллаха…",False,,False,,True,283
WORD,S1_001,10628,0,0,думать,Думаю,"Думаю, что те знания, которые достал тут, в окопах, пригодятся в будущем… в будущем.","Ушел-то я добровольно потому, что все равно и так взяли бы.",Вот тут сказано…,"Ушел-то я добровольно потому, что все равно и так взяли бы. Думаю, что те знания, которые достал тут, в окопах, пригодятся в будущем… в будущем. Вот тут сказано…",False,,False,,True,284
WORD,S1_017,10644,10,10,понять,понять,"Бунчук пошевелился, как только что оторванный от сна, и, пытаясь понять вопрос, тер суставом большого пальца шишкастый лоб.",— А что такое «ситуация»? — перебил Чубов.,"— Я спрашиваю, что значит слово «ситуация»?","— А что такое «ситуация»? — перебил Чубов. Бунчук пошевелился, как только что оторванный от сна, и, пытаясь понять вопрос, тер суставом большого пальца шишкастый лоб. — Я спрашиваю, что значит слово «ситуация»?",False,,False,,True,285
WORD,S1_008,10658,10,10,обдумывать,обдумывая,"Листницкий все так же ходил по землянке, пощипывая усики, что-то обдумывая.","Меркулов, насвистывая, сел рисовать.","Вскоре, распрощавшись, ушел и Бунчук.","Меркулов, насвистывая, сел рисовать. Листницкий все так же ходил по землянке, пощипывая усики, что-то обдумывая. Вскоре, распрощавшись, ушел и Бунчук.",False,,False,,True,286
PHRASE,PHR_097,10687,0,1,рассуждать о,Рассуждая о,"Рассуждая о странном поведении Бунчука, Меркулов отложил рисунок, стал раздеваться.",Опасный тип.,"Сырые чулки повесил на печурку, завел часы и, выкурив папироску, лег.","Опасный тип. Рассуждая о странном поведении Бунчука, Меркулов отложил рисунок, стал раздеваться. Сырые чулки повесил на печурку, завел часы и, выкурив папироску, лег.",False,,False,,True,287
WORD,S1_021,10687,0,0,рассуждать,Рассуждая,"Рассуждая о странном поведении Бунчука, Меркулов отложил рисунок, стал раздеваться.",Опасный тип.,"Сырые чулки повесил на печурку, завел часы и, выкурив папироску, лег.","Опасный тип. Рассуждая о странном поведении Бунчука, Меркулов отложил рисунок, стал раздеваться. Сырые чулки повесил на печурку, завел часы и, выкурив папироску, лег.",True,PHR_097,False,,False,288
PHRASE,PHR_060,10700,1,2,не забывать,не забывать,Прошу не забывать о моем искреннем стремлении служить на пользу Родине и Монарху.,"Резюмируя все вышеизложенное, прихожу к выводам: а) виновность хорунжего Бунчука установлена (гг. офицеры, присутствовавшие при разговоре с ним, могут под присягой подтвердить сообщаемое мною); б) теперь же необходимо, в целях пресечения его революционной деятельности, арестовать его и предать военно-полевому суду; в) срочно надо перетрясти пулеметную команду, изъять особо опасных, а остальных или отправить в тыл, или распылить по полкам.","Копию данного письма направляю С. Т. Корп.
Есаул Евг.","Резюмируя все вышеизложенное, прихожу к выводам: а) виновность хорунжего Бунчука установлена (гг. офицеры, присутствовавшие при разговоре с ним, могут под присягой подтвердить сообщаемое мною); б) теперь же необходимо, в целях пресечения его революционной деятельности, арестовать его и предать военно-полевому суду; в) срочно надо перетрясти пулеметную команду, изъять особо опасных, а остальных или отправить в тыл, или распылить по полкам. Прошу не забывать о моем искреннем стремлении служить на пользу Родине и Монарху. Копию данного письма направляю С. Т. Корп.
Есаул Евг.",False,,False,,True,289
WORD,S1_002,10772,1,1,подумать,подумал,"Начинается!» — подумал он, охваченный ненавистью и сдавленный тяжестью надвинувшихся предчувствий.",«Вот оно.,"Созвонившись по телефону с командиром полка, Листницкий сообщил о случившемся.","«Вот оно. Начинается!» — подумал он, охваченный ненавистью и сдавленный тяжестью надвинувшихся предчувствий. Созвонившись по телефону с командиром полка, Листницкий сообщил о случившемся.",False,,False,,True,290
WORD,S1_001,10777,6,6,думать,думают,"Сегодня запрошу штаб дивизии, когда они думают сменить полк.","Поголовный, не исключая и самих офицеров.",Потороплю их.,"Поголовный, не исключая и самих офицеров. Сегодня запрошу штаб дивизии, когда они думают сменить полк. Потороплю их.",False,,False,,True,291
WORD,S1_025,10780,1,1,полагать,полагаю,"— Я полагаю, что это — работа пулеметчиков.",Если при обыске что-либо обнаружите — сообщите немедленно.,— Да?,"Если при обыске что-либо обнаружите — сообщите немедленно. — Я полагаю, что это — работа пулеметчиков. — Да?",False,,False,,True,292
WORD,S1_001,10797,1,1,думать,думаешь,"Кто, думаешь, мог бы разбросать эти воззвания? — обратился к нему Листницкий.",— Кто у тебя в сотне из подозрительных?,"— Нету таких, ваш бла’родие, — уверенно ответил вахмистр.","— Кто у тебя в сотне из подозрительных? Кто, думаешь, мог бы разбросать эти воззвания? — обратился к нему Листницкий. — Нету таких, ваш бла’родие, — уверенно ответил вахмистр.",False,,False,,True,293
WORD,S1_004,10836,30,30,решить,решив,"От роты осталось не больше шестидесяти человек, и он видел, с какой безумно-отчаянной храбростью защищались эти люди от казаков, никли под сабельными ударами, умирали, а лезли напролом, на гибель, уничтожение, решив, что все равно, где принимать смерть.","Листницкий с сотней получил приказ задержать их, и, когда он, рассыпав сотню цепью, попытался прекратить движение, в них начали стрелять.","Грозным напоминанием вставал в памяти этот случай, и Листницкий с волнением и по-новому всматривался в лица казаков, думал: «Неужели и эти когда-нибудь вот так же повернут и пойдут, и ничто, кроме смерти, не в силах будет их удержать?»","Листницкий с сотней получил приказ задержать их, и, когда он, рассыпав сотню цепью, попытался прекратить движение, в них начали стрелять. От роты осталось не больше шестидесяти человек, и он видел, с какой безумно-отчаянной храбростью защищались эти люди от казаков, никли под сабельными ударами, умирали, а лезли напролом, на гибель, уничтожение, решив, что все равно, где принимать смерть. Грозным напоминанием вставал в памяти этот случай, и Листницкий с волнением и по-новому всматривался в лица казаков, думал: «Неужели и эти когда-нибудь вот так же повернут и пойдут, и ничто, кроме смерти, не в силах будет их удержать?»",False,,False,,True,294
WORD,S1_001,10837,17,17,думать,думал,"Грозным напоминанием вставал в памяти этот случай, и Листницкий с волнением и по-новому всматривался в лица казаков, думал: «Неужели и эти когда-нибудь вот так же повернут и пойдут, и ничто, кроме смерти, не в силах будет их удержать?»","От роты осталось не больше шестидесяти человек, и он видел, с какой безумно-отчаянной храбростью защищались эти люди от казаков, никли под сабельными ударами, умирали, а лезли напролом, на гибель, уничтожение, решив, что все равно, где принимать смерть.","И, сталкиваясь с усталыми, озлобленными взглядами, честно решал: «Пойдут!»","От роты осталось не больше шестидесяти человек, и он видел, с какой безумно-отчаянной храбростью защищались эти люди от казаков, никли под сабельными ударами, умирали, а лезли напролом, на гибель, уничтожение, решив, что все равно, где принимать смерть. Грозным напоминанием вставал в памяти этот случай, и Листницкий с волнением и по-новому всматривался в лица казаков, думал: «Неужели и эти когда-нибудь вот так же повернут и пойдут, и ничто, кроме смерти, не в силах будет их удержать?» И, сталкиваясь с усталыми, озлобленными взглядами, честно решал: «Пойдут!»",False,,False,,True,295
WORD,S1_005,10838,7,7,решать,решал,"И, сталкиваясь с усталыми, озлобленными взглядами, честно решал: «Пойдут!»","Грозным напоминанием вставал в памяти этот случай, и Листницкий с волнением и по-новому всматривался в лица казаков, думал: «Неужели и эти когда-нибудь вот так же повернут и пойдут, и ничто, кроме смерти, не в силах будет их удержать?»",Коренным образом изменились казаки по сравнению с прошлыми годами.,"Грозным напоминанием вставал в памяти этот случай, и Листницкий с волнением и по-новому всматривался в лица казаков, думал: «Неужели и эти когда-нибудь вот так же повернут и пойдут, и ничто, кроме смерти, не в силах будет их удержать?» И, сталкиваясь с усталыми, озлобленными взглядами, честно решал: «Пойдут!» Коренным образом изменились казаки по сравнению с прошлыми годами.",False,,False,,True,296
WORD,ALEX_012,10858,1,1,догадаться,догадался,"Листницкий догадался, что каптенармус, ездивший в местечко Незвиску за продуктами, привез оттуда самогонки и угостил казаков.",До него донеслись полухмельные голоса и хохот.,"Подвыпившие житной водки казаки о чем-то спорили, смеялись.","До него донеслись полухмельные голоса и хохот. Листницкий догадался, что каптенармус, ездивший в местечко Незвиску за продуктами, привез оттуда самогонки и угостил казаков. Подвыпившие житной водки казаки о чем-то спорили, смеялись.",False,,False,,True,297
WORD,S1_001,10869,12,12,думать,думал,"«Быть может, в пехотных частях не так резко ощущается эта тяга домой, — думал он.","Листницкий шел, непроизвольно улыбаясь, норовя шагать в такт голосам.",Но рассудок подсовывал холодные возражения: — А в пехоте разве иные люди?,"Листницкий шел, непроизвольно улыбаясь, норовя шагать в такт голосам. «Быть может, в пехотных частях не так резко ощущается эта тяга домой, — думал он. Но рассудок подсовывал холодные возражения: — А в пехоте разве иные люди?",False,,False,,True,298
WORD,S1_001,10913,1,1,думать,думаю,"— Я думаю, ты сейчас разденешься, а потом мы поговорим.",— О да.,Давай твою шинель.,"— О да. — Я думаю, ты сейчас разденешься, а потом мы поговорим. Давай твою шинель.",False,,False,,True,299
WORD,S1_016,11023,1,1,помнить,помнишь,— Штокмана-то помнишь?,"Кобыла — за делом, а жеребенок — так.",Ягодка — наш Осип Давыдович!,"Кобыла — за делом, а жеребенок — так. — Штокмана-то помнишь? Ягодка — наш Осип Давыдович!",False,,False,,True,300
WORD,S1_016,11029,0,0,помнить,Помню,— Помню об нем!,"— Он бы расшифровал! — в восторге закричал Валет, потрясая кулачком и морща в улыбке крохотную ежиную мордочку.",Я об нем более отца понимаю.,"— Он бы расшифровал! — в восторге закричал Валет, потрясая кулачком и морща в улыбке крохотную ежиную мордочку. — Помню об нем! Я об нем более отца понимаю.",False,,False,,True,301
WORD,S1_016,11046,4,4,помнить,помнишь,Ты ить злой был… помнишь?,"Иван Алексеевич выступил из рядов, окликнул с дрожью в голосе:
— Эй, браток, кровинушка родимая!",Крепкий был… а?,"Иван Алексеевич выступил из рядов, окликнул с дрожью в голосе:
— Эй, браток, кровинушка родимая! Ты ить злой был… помнишь? Крепкий был… а?",False,,False,,True,302
WORD,S1_001,11072,2,2,думать,думал,— А ты думал — зря выперся на такую вышину?,"— Он оттель зирит, проклятущий, как войска передвигаются.","— Ох, далеко он!","— Он оттель зирит, проклятущий, как войска передвигаются. — А ты думал — зря выперся на такую вышину? — Ох, далеко он!",False,,False,,True,303
WORD,S1_017,11150,11,11,понять,понял,"Прислушиваясь к своим и чужим шагам, Валет услышал позади торопливый треск, понял: ротный уходит назад.",Можете возвращаться!,"А через минуту Беликов, переходя с фельдфебелем на левое крыло роты, бормотал:
— …Прохвосты, чуют!","Можете возвращаться! Прислушиваясь к своим и чужим шагам, Валет услышал позади торопливый треск, понял: ротный уходит назад. А через минуту Беликов, переходя с фельдфебелем на левое крыло роты, бормотал:
— …Прохвосты, чуют!",False,,False,,True,304
WORD,S1_002,11171,4,4,подумать,подумал,"— Че-ло-век, — сказал или только подумал сказать Валет.","В трех шагах от них у сосны, широко расставив ноги, стоял человек.","— Кто таков? — вдруг вскидывая к плечу винтовку, крикнул шедший рядом с Валетом солдат.","В трех шагах от них у сосны, широко расставив ноги, стоял человек. — Че-ло-век, — сказал или только подумал сказать Валет. — Кто таков? — вдруг вскидывая к плечу винтовку, крикнул шедший рядом с Валетом солдат.",False,,False,,True,305
WORD,ALEX_012,11188,8,8,догадаться,догадались,"Они перевернули его лицом вверх и тут только догадались, что под сосной нашел себе последний приют этот отравленный газами, бежавший от смерти, которую нес в своих легких, солдат одного из трех батальонов 256-го пехотного полка.","Валет, клацнув зубами, отпрыгнул, и на то место, где секунду назад стояли его ноги, спиленным деревом упал стоявший под сосной человек.","Рослый, широкоплечий парень, он лежал, вольно откинув голову, с лицом, измазанным при падении клейкой грязью, с изъеденными газом, разжиженными глазами; из стиснутых зубов его черным глянцевитым бруском торчал пухлый, мясистый язык.","Валет, клацнув зубами, отпрыгнул, и на то место, где секунду назад стояли его ноги, спиленным деревом упал стоявший под сосной человек. Они перевернули его лицом вверх и тут только догадались, что под сосной нашел себе последний приют этот отравленный газами, бежавший от смерти, которую нес в своих легких, солдат одного из трех батальонов 256-го пехотного полка. Рослый, широкоплечий парень, он лежал, вольно откинув голову, с лицом, измазанным при падении клейкой грязью, с изъеденными газом, разжиженными глазами; из стиснутых зубов его черным глянцевитым бруском торчал пухлый, мясистый язык.",False,,False,,True,306
WORD,S1_010,11222,2,2,колебаться,колеблясь,"Валет, не колеблясь, сунул ему свою черствую, изрубцованную двадцатилетним трудом руку, пожал холод7 Это ты, Отто?","Уверенные движения его покоряли пленного; тот опустил руку, чутко вслушиваясь в диковинные интонации чужого голоса.",Отчего ты так поздно?,"Уверенные движения его покоряли пленного; тот опустил руку, чутко вслушиваясь в диковинные интонации чужого голоса. Валет, не колеблясь, сунул ему свою черствую, изрубцованную двадцатилетним трудом руку, пожал холод7 Это ты, Отто? Отчего ты так поздно?",False,,False,,True,307
PHRASE,PHR_335,11250,1,3,теперь понять,теперь я понял,"О, теперь я понял!",8 Ты меня отпускаешь?,Ты — русский рабочий?,"8 Ты меня отпускаешь? О, теперь я понял! Ты — русский рабочий?",False,,False,,True,308
WORD,S1_017,11250,3,3,понять,понял,"О, теперь я понял!",8 Ты меня отпускаешь?,Ты — русский рабочий?,"8 Ты меня отпускаешь? О, теперь я понял! Ты — русский рабочий?",True,PHR_335,False,,False,309
WORD,S1_017,11262,1,1,понять,понявшие,"Чутьем понявшие друг друга, они смотрели друг другу в глаза, — высокий статный баварец и маленький русский солдат.",(нем.),"Баварец шепнул:
— In den zukünftigen Klassenkämpfen werden wir in denselben Schützengräben sein, nicht wahr, Genosse?[9] — и большим серым зверем вспрыгнул на бруствер.","(нем.) Чутьем понявшие друг друга, они смотрели друг другу в глаза, — высокий статный баварец и маленький русский солдат. Баварец шепнул:
— In den zukünftigen Klassenkämpfen werden wir in denselben Schützengräben sein, nicht wahr, Genosse?[9] — и большим серым зверем вспрыгнул на бруствер.",False,,False,,True,310
WORD,S1_001,11306,4,4,думать,думать,"— Тут об живых надо думать, а мертвякам мало надо.",— Без нас похоронят.,"Из штаба полка через полчаса был получен приказ: «После артиллерийской подготовки приказываю батальону, совместно с особой казачьей сотней, атаковать противника и выбить его из первой линии окопов».","— Без нас похоронят. — Тут об живых надо думать, а мертвякам мало надо. Из штаба полка через полчаса был получен приказ: «После артиллерийской подготовки приказываю батальону, совместно с особой казачьей сотней, атаковать противника и выбить его из первой линии окопов».",False,,False,,True,311
WORD,S1_014,11394,6,6,вспомнить,вспомнил,"Лежа здесь, на холме, он почему-то вспомнил ту ночь, когда с хутора Нижне-Яблоновского шел в Ягодное к Аксинье; с режущей болью вспомнил и ее.","Григорий, щурясь, глядел на нее, и от ледяного света звезды, неяркого, но остро коловшего глаза, под ресницами выступали такие же холодные слезы.","Память вылепила неясные, стертые временем бесконечно дорогие и чуждые линии лица.","Григорий, щурясь, глядел на нее, и от ледяного света звезды, неяркого, но остро коловшего глаза, под ресницами выступали такие же холодные слезы. Лежа здесь, на холме, он почему-то вспомнил ту ночь, когда с хутора Нижне-Яблоновского шел в Ягодное к Аксинье; с режущей болью вспомнил и ее. Память вылепила неясные, стертые временем бесконечно дорогие и чуждые линии лица.",False,,False,,True,312
WORD,S1_014,11394,21,21,вспомнить,вспомнил,"Лежа здесь, на холме, он почему-то вспомнил ту ночь, когда с хутора Нижне-Яблоновского шел в Ягодное к Аксинье; с режущей болью вспомнил и ее.","Григорий, щурясь, глядел на нее, и от ледяного света звезды, неяркого, но остро коловшего глаза, под ресницами выступали такие же холодные слезы.","Память вылепила неясные, стертые временем бесконечно дорогие и чуждые линии лица.","Григорий, щурясь, глядел на нее, и от ледяного света звезды, неяркого, но остро коловшего глаза, под ресницами выступали такие же холодные слезы. Лежа здесь, на холме, он почему-то вспомнил ту ночь, когда с хутора Нижне-Яблоновского шел в Ягодное к Аксинье; с режущей болью вспомнил и ее. Память вылепила неясные, стертые временем бесконечно дорогие и чуждые линии лица.",False,,False,,True,313
WORD,S1_014,11403,1,1,вспомнить,вспомнил,"Он вспомнил те недели, которые провел на хуторе Татарском, в семье, после разрыва с Аксиньей; по ночам — жадные, опустошающие ласки Натальи, словно старавшейся вознаградить за свою прежнюю девическую холодность; днями — внимательное, почти заискивающее отношение семьи, почет, с каким встречали хуторные первого георгиевского кавалера.",Отдельные куски несвязных воспоминаний затемняли образ Аксиньи.,"Григорий всюду, даже в семье, ловил боковые, изумленно-почтительные взгляды, — его разглядывали так, как будто не верили, что он — тот самый Григорий, некогда своевольный и веселый парень.","Отдельные куски несвязных воспоминаний затемняли образ Аксиньи. Он вспомнил те недели, которые провел на хуторе Татарском, в семье, после разрыва с Аксиньей; по ночам — жадные, опустошающие ласки Натальи, словно старавшейся вознаградить за свою прежнюю девическую холодность; днями — внимательное, почти заискивающее отношение семьи, почет, с каким встречали хуторные первого георгиевского кавалера. Григорий всюду, даже в семье, ловил боковые, изумленно-почтительные взгляды, — его разглядывали так, как будто не верили, что он — тот самый Григорий, некогда своевольный и веселый парень.",False,,False,,True,314
WORD,S1_016,11411,15,15,помнить,помнишь,"Год от рождения тебе сравнялся, и по давнишнему казачьему обычаю вынес я тебя на баз — помнишь, старуха? — и посадил верхом на коня.","— Я знал, Гришка, — подвыпив, на прощанье говорил Пантелей Прокофьевич и, волнуясь, гладил серебряные с чернью волосы, — знал давно, что из тебя добрый казак выйдет.","А ты, сукин сын, цап его за гриву ручонками!..","— Я знал, Гришка, — подвыпив, на прощанье говорил Пантелей Прокофьевич и, волнуясь, гладил серебряные с чернью волосы, — знал давно, что из тебя добрый казак выйдет. Год от рождения тебе сравнялся, и по давнишнему казачьему обычаю вынес я тебя на баз — помнишь, старуха? — и посадил верхом на коня. А ты, сукин сын, цап его за гриву ручонками!..",False,,False,,True,315
WORD,S1_014,11432,3,3,вспомнить,вспомнил,"И особенно выпукло вспомнил Григорий, лежа на черной плешине холма, случай, столкнувший его с лютым врагом — Степаном Астаховым.","Как барана, вскидывает его поперек седла, скачет, все время ощущая противный запах человеческого кала, исходивший от офицера, и дрожь полного, мокрого от страха тела.","Это было, когда 12-й полк сняли с фронта и кинули в Восточную Пруссию.","Как барана, вскидывает его поперек седла, скачет, все время ощущая противный запах человеческого кала, исходивший от офицера, и дрожь полного, мокрого от страха тела. И особенно выпукло вспомнил Григорий, лежа на черной плешине холма, случай, столкнувший его с лютым врагом — Степаном Астаховым. Это было, когда 12-й полк сняли с фронта и кинули в Восточную Пруссию.",False,,False,,True,316
WORD,S1_017,11449,8,8,понять,понял,"Из-под бугра перебегали звенья немецкой цепи, и Григорий понял: хочет Степан жить, — для того рвет с себя казачьи шаровары, чтобы сойти за солдата: казаков не брали тогда немцы в плен…","Степан, хромая, подбежал к кусту, швырнул в него казачью фуражку, сел, торопливо стягивая алевшие лампасами шаровары.","Подчиняясь сердцу, Григорий крутнул коня и подскакал к кусту, на ходу спрыгнув.","Степан, хромая, подбежал к кусту, швырнул в него казачью фуражку, сел, торопливо стягивая алевшие лампасами шаровары. Из-под бугра перебегали звенья немецкой цепи, и Григорий понял: хочет Степан жить, — для того рвет с себя казачьи шаровары, чтобы сойти за солдата: казаков не брали тогда немцы в плен… Подчиняясь сердцу, Григорий крутнул коня и подскакал к кусту, на ходу спрыгнув.",False,,False,,True,317
WORD,S1_014,11482,1,1,вспомнить,вспомнил,"Улыбаясь, вспомнил Григорий этот случай.","Сбил с ног стоявшего на посту часового, и он, здоровый, коренастый немец, долго кружил повисшего на нем полуголого Григория, порывался кричать и никак не хотел, чтобы его связали.",Мало ли таких дней рассорило время по полям недавних и давнишних боев?,"Сбил с ног стоявшего на посту часового, и он, здоровый, коренастый немец, долго кружил повисшего на нем полуголого Григория, порывался кричать и никак не хотел, чтобы его связали. Улыбаясь, вспомнил Григорий этот случай. Мало ли таких дней рассорило время по полям недавних и давнишних боев?",False,,False,,True,318
PHRASE,PHR_635,11519,0,1,ты понять,Ты пойми,"Ты пойми то, что нам, казакам, нужна своя власть, а не иная.","Толку-то нету от этих революций, баловство одно.","Нам нужен твердый царь, наподобие Миколая Миколаича[10], а с мужиками нам не по дороге, — гусь сви10 Николай Николаевич (1856–1929) — великий князь, верховный нье не товарищ.","Толку-то нету от этих революций, баловство одно. Ты пойми то, что нам, казакам, нужна своя власть, а не иная. Нам нужен твердый царь, наподобие Миколая Миколаича[10], а с мужиками нам не по дороге, — гусь сви10 Николай Николаевич (1856–1929) — великий князь, верховный нье не товарищ.",False,,False,,True,319
WORD,S1_017,11519,1,1,понять,пойми,"Ты пойми то, что нам, казакам, нужна своя власть, а не иная.","Толку-то нету от этих революций, баловство одно.","Нам нужен твердый царь, наподобие Миколая Миколаича[10], а с мужиками нам не по дороге, — гусь сви10 Николай Николаевич (1856–1929) — великий князь, верховный нье не товарищ.","Толку-то нету от этих революций, баловство одно. Ты пойми то, что нам, казакам, нужна своя власть, а не иная. Нам нужен твердый царь, наподобие Миколая Миколаича[10], а с мужиками нам не по дороге, — гусь сви10 Николай Николаевич (1856–1929) — великий князь, верховный нье не товарищ.",True,PHR_635,False,,False,320
WORD,S1_001,11531,4,4,думать,думаешь,"— Ты завсегда одним боком думаешь, — хмурился Григорий.",Ухи надо востро держать…,— Пустое гутаришь.,"Ухи надо востро держать… — Ты завсегда одним боком думаешь, — хмурился Григорий. — Пустое гутаришь.",False,,False,,True,321
WORD,S1_004,11548,2,2,решить,решил,"— Вонючее мясо, — решил Чубатый.","Чубатый, нагнувшись над своим котелком, ворочал ноздрями, кривился, и, невольно подражая ему, так же двигал ноздрями, морщил тусклое лицо Кошевой.","Он брезгливо отставил котелок, глянул на Григория.","Чубатый, нагнувшись над своим котелком, ворочал ноздрями, кривился, и, невольно подражая ему, так же двигал ноздрями, морщил тусклое лицо Кошевой. — Вонючее мясо, — решил Чубатый. Он брезгливо отставил котелок, глянул на Григория.",False,,False,,True,322
WORD,S1_002,11675,8,8,подумать,подумал,"«Будто один ночью идет… насильно кашляет, — веселит себя», — подумал про него Григорий.","Он повторял это движение беспрерывно, торопливо шагая, трудно сгибая ноги в коленях и преувеличенно громко покашливая.","За этим казаком виднелась веснушчатая щека урядника Максаева, дальше шагал Емельян Грошев, твердо выставив винтовку с завернутым на сторону жалом штыка.","Он повторял это движение беспрерывно, торопливо шагая, трудно сгибая ноги в коленях и преувеличенно громко покашливая. «Будто один ночью идет… насильно кашляет, — веселит себя», — подумал про него Григорий. За этим казаком виднелась веснушчатая щека урядника Максаева, дальше шагал Емельян Грошев, твердо выставив винтовку с завернутым на сторону жалом штыка.",False,,False,,True,323
WORD,S1_014,11677,1,1,вспомнить,вспомнил,"Григорий вспомнил, что Емельян несколько дней назад на походе украл у румына мешок кукурузы, взломав вот этим штыком замок у чулана.","За этим казаком виднелась веснушчатая щека урядника Максаева, дальше шагал Емельян Грошев, твердо выставив винтовку с завернутым на сторону жалом штыка.",Почти рядом с Максаевым шел Кошевой Мишка.,"За этим казаком виднелась веснушчатая щека урядника Максаева, дальше шагал Емельян Грошев, твердо выставив винтовку с завернутым на сторону жалом штыка. Григорий вспомнил, что Емельян несколько дней назад на походе украл у румына мешок кукурузы, взломав вот этим штыком замок у чулана. Почти рядом с Максаевым шел Кошевой Мишка.",False,,False,,True,324
WORD,S1_017,11708,4,4,понять,поймет,"Кровью весь изойдет, тогда поймет, за что его по голове гвоздют!",Хуже!,— Ты к чему это?,"Хуже! Кровью весь изойдет, тогда поймет, за что его по голове гвоздют! — Ты к чему это?",False,,False,,True,325
WORD,S1_017,11711,2,2,понять,поймет,"— Умный сам поймет, а дураку… дураку что?",— Чубатый сощурился.,Ему силком не вдолбишь.,"— Чубатый сощурился. — Умный сам поймет, а дураку… дураку что? Ему силком не вдолбишь.",False,,False,,True,326
WORD,S1_016,11713,3,3,помнить,помнишь,— Ты об присяге помнишь?,Ему силком не вдолбишь.,Ты присягал аль нет? — привязывался Чубатый.,Ему силком не вдолбишь. — Ты об присяге помнишь? Ты присягал аль нет? — привязывался Чубатый.,False,,False,,True,327
WORD,S1_021,11767,8,8,рассуждать,рассуждал,"Пантелей Прокофьевич, дивясь такому случаю, сам с собою рассуждал:
«Счастливый ноне год, накладистый!","Урожайный был тот год: корова отелила двойню, к Михайлову дню овцы окотили по двойне, козы…",Кругом двоится.,"Урожайный был тот год: корова отелила двойню, к Михайлову дню овцы окотили по двойне, козы… Пантелей Прокофьевич, дивясь такому случаю, сам с собою рассуждал:
«Счастливый ноне год, накладистый! Кругом двоится.",False,,False,,True,328
WORD,S1_001,11788,22,22,думать,думать,"Сама жизнь улыбалась Петру, а война радовала, потому что открывала перспективы необыкновенные: ему ли, простому казаку, с мальства крутившему хвосты быкам, было думать об офицерстве и иной сладкой жизни…","С серого куска картона самодовольно глядело постаревшее лицо его, торчмя стояли закрученные белесые усы, под курносым носом знакомой улыбкой щерились твердые губы.",С одного лишь края являла Петрова жизнь неприглядную щербатину: ходили по хутору дурные про жену слухи.,"С серого куска картона самодовольно глядело постаревшее лицо его, торчмя стояли закрученные белесые усы, под курносым носом знакомой улыбкой щерились твердые губы. Сама жизнь улыбалась Петру, а война радовала, потому что открывала перспективы необыкновенные: ему ли, простому казаку, с мальства крутившему хвосты быкам, было думать об офицерстве и иной сладкой жизни… С одного лишь края являла Петрова жизнь неприглядную щербатину: ходили по хутору дурные про жену слухи.",False,,False,,True,329
WORD,S1_004,11806,17,17,решить,решил,"После того как услышал Петро про Степана, полегчало, словно садную болячку сурчиным жиром смазали, но все же решил: «Пойду в отпуск — кровь из Дашки выну!","Братцы!» — кричал вслед Степан, да где уж там — своя рубашка, а не чужая к телу липнет.","Я не Степан, так не спущу…» — подумал было убить ее, но сейчас же отверг эту мысль: «Убей гадюку, а через нее вся жизнь спортится.","Братцы!» — кричал вслед Степан, да где уж там — своя рубашка, а не чужая к телу липнет. После того как услышал Петро про Степана, полегчало, словно садную болячку сурчиным жиром смазали, но все же решил: «Пойду в отпуск — кровь из Дашки выну! Я не Степан, так не спущу…» — подумал было убить ее, но сейчас же отверг эту мысль: «Убей гадюку, а через нее вся жизнь спортится.",False,,False,,True,330
WORD,S1_002,11807,6,6,подумать,подумал,"Я не Степан, так не спущу…» — подумал было убить ее, но сейчас же отверг эту мысль: «Убей гадюку, а через нее вся жизнь спортится.","После того как услышал Петро про Степана, полегчало, словно садную болячку сурчиным жиром смазали, но все же решил: «Пойду в отпуск — кровь из Дашки выну!","В тюрьме сгниешь, все труды пропадут, всего лишишься…»","После того как услышал Петро про Степана, полегчало, словно садную болячку сурчиным жиром смазали, но все же решил: «Пойду в отпуск — кровь из Дашки выну! Я не Степан, так не спущу…» — подумал было убить ее, но сейчас же отверг эту мысль: «Убей гадюку, а через нее вся жизнь спортится. В тюрьме сгниешь, все труды пропадут, всего лишишься…»",False,,False,,True,331
WORD,S1_011,11807,15,15,мысль,мысль,"Я не Степан, так не спущу…» — подумал было убить ее, но сейчас же отверг эту мысль: «Убей гадюку, а через нее вся жизнь спортится.","После того как услышал Петро про Степана, полегчало, словно садную болячку сурчиным жиром смазали, но все же решил: «Пойду в отпуск — кровь из Дашки выну!","В тюрьме сгниешь, все труды пропадут, всего лишишься…»","После того как услышал Петро про Степана, полегчало, словно садную болячку сурчиным жиром смазали, но все же решил: «Пойду в отпуск — кровь из Дашки выну! Я не Степан, так не спущу…» — подумал было убить ее, но сейчас же отверг эту мысль: «Убей гадюку, а через нее вся жизнь спортится. В тюрьме сгниешь, все труды пропадут, всего лишишься…»",False,,False,,True,332
WORD,S1_004,11809,1,1,решить,решил,"Просто решил избить, но так, чтобы на всю жизнь отбило у бабы охоту хвост трепать: «Глаз выбью ей, змее, — черт на нее тогда позавидует».","В тюрьме сгниешь, все труды пропадут, всего лишишься…»","Так придумывал Петро, отсиживаясь в окопах, неподалеку от крутоглинистого берега Западной Двины.","В тюрьме сгниешь, все труды пропадут, всего лишишься…» Просто решил избить, но так, чтобы на всю жизнь отбило у бабы охоту хвост трепать: «Глаз выбью ей, змее, — черт на нее тогда позавидует». Так придумывал Петро, отсиживаясь в окопах, неподалеку от крутоглинистого берега Западной Двины.",False,,False,,True,333
WORD,S1_015,11820,2,2,припомнить,припомню,Я тебе припомню! — цедила она сквозь вспухшие губы.,"— Подожди, проклятый!..","Кофточка на спине ее была разорвана, виднелся на белом теле багрово-синий свежий подтек.","— Подожди, проклятый!.. Я тебе припомню! — цедила она сквозь вспухшие губы. Кофточка на спине ее была разорвана, виднелся на белом теле багрово-синий свежий подтек.",False,,False,,True,334
WORD,S1_011,11828,34,34,мысль,мысли,"Дарья после торжествующе посмеивалась, а старик целую неделю ходил смущенный, растерянный, будто нашкодивший кот; старухе он не сказал о случившемся и даже на исповеди утаил от отца Виссариона и случай этот, и греховные свои мысли после него.","Несколько дней Дарья ходила тише воды ниже травы, по вечерам раньше всех ложилась спать, на сочувственные взгляды Натальи холодно улыбалась, вздергивая плечом и бровью: «Ничего, дескать, посмотрим», — а на четвертый день и произошел этот случай, о котором знали лишь Дарья да Пантелей Прокофьевич.",Дело было так.,"Несколько дней Дарья ходила тише воды ниже травы, по вечерам раньше всех ложилась спать, на сочувственные взгляды Натальи холодно улыбалась, вздергивая плечом и бровью: «Ничего, дескать, посмотрим», — а на четвертый день и произошел этот случай, о котором знали лишь Дарья да Пантелей Прокофьевич. Дарья после торжествующе посмеивалась, а старик целую неделю ходил смущенный, растерянный, будто нашкодивший кот; старухе он не сказал о случившемся и даже на исповеди утаил от отца Виссариона и случай этот, и греховные свои мысли после него. Дело было так.",False,,False,,True,335
WORD,S1_001,11881,12,12,думать,думал,"Может, мне надо бы было с нею грех принять?» — оглушенный происшедшим, растерянно думал он в этот миг.",«Неужели на ее стороне правда?,"VI
В ноябре в обним жали морозы.","«Неужели на ее стороне правда? Может, мне надо бы было с нею грех принять?» — оглушенный происшедшим, растерянно думал он в этот миг. VI
В ноябре в обним жали морозы.",False,,False,,True,336
WORD,S1_010,11924,3,3,колебаться,колебался,"Закуривая, Пантелей Прокофьевич колебался — идти или нет; в конце концов решил пойти и, попрощавшись с безруким, захромал дальше.","Бумажка моя, табачок твой.",— Митька-то тоже с крестом!,"Бумажка моя, табачок твой. Закуривая, Пантелей Прокофьевич колебался — идти или нет; в конце концов решил пойти и, попрощавшись с безруким, захромал дальше. — Митька-то тоже с крестом!",False,,False,,True,337
WORD,S1_004,11924,10,10,решить,решил,"Закуривая, Пантелей Прокофьевич колебался — идти или нет; в конце концов решил пойти и, попрощавшись с безруким, захромал дальше.","Бумажка моя, табачок твой.",— Митька-то тоже с крестом!,"Бумажка моя, табачок твой. Закуривая, Пантелей Прокофьевич колебался — идти или нет; в конце концов решил пойти и, попрощавшись с безруким, захромал дальше. — Митька-то тоже с крестом!",False,,False,,True,338
WORD,S1_011,12009,8,8,мысль,мысли,"Так же примитивно просты и несложны были его мысли: голоден — можно и должно украсть, хотя бы и у товарища, и крал, когда был голоден; износились сапоги — проще простого разуть пленного немца; проштрафился, надо искупить вину — и Митька искупал: ходил в разведку, приносил снятых им полузадушенных немецких часовых, охотником шел на рискованнейшие предприятия.","Была для Митьки несложна и пряма жизнь, тянулась она пахотной бороздой, и он шел по ней полноправным хозяином.","В 1915 году попался в плен, был избит и изранен тесаками, а ночью, изломав до корней ногти, продрал крышу сарая и бежал, захватив на память обозную упряжь.","Была для Митьки несложна и пряма жизнь, тянулась она пахотной бороздой, и он шел по ней полноправным хозяином. Так же примитивно просты и несложны были его мысли: голоден — можно и должно украсть, хотя бы и у товарища, и крал, когда был голоден; износились сапоги — проще простого разуть пленного немца; проштрафился, надо искупить вину — и Митька искупал: ходил в разведку, приносил снятых им полузадушенных немецких часовых, охотником шел на рискованнейшие предприятия. В 1915 году попался в плен, был избит и изранен тесаками, а ночью, изломав до корней ногти, продрал крышу сарая и бежал, захватив на память обозную упряжь.",False,,False,,True,339
WORD,ALEX_008,12014,4,4,вспоминать,вспоминая,"Плакала и Аникушкина жалмерка, вспоминая большое, горячее на ласки тело Митьки и мучаясь от триппера, которым наделил ее служивый.","Плакала по сыну Лукинична, кряхтел дед Гришака, трубил в горнице, сморкаясь в ладонь, вытирая ее о замасленную полу чекменька.","Время заплетало дни, как ветер конскую гриву.","Плакала по сыну Лукинична, кряхтел дед Гришака, трубил в горнице, сморкаясь в ладонь, вытирая ее о замасленную полу чекменька. Плакала и Аникушкина жалмерка, вспоминая большое, горячее на ласки тело Митьки и мучаясь от триппера, которым наделил ее служивый. Время заплетало дни, как ветер конскую гриву.",False,,False,,True,340
WORD,S1_004,12030,23,23,решить,решил,"Но к ночи загудела гора, взго́лчились на площади вороны, мимо мелеховского куреня прокатила Христонина свинья с клочком сена в пасти, и Пантелей Прокофьевич решил: «Прищемило весну, завтра саданет мороз».","Шшшшшууууууу… — плыл оттуда сиповатый, приглушенный гул.","Ночью ветер повернул с востока, легонький морозец кристальным ледком латал изорванные оттепелью лужины.","Шшшшшууууууу… — плыл оттуда сиповатый, приглушенный гул. Но к ночи загудела гора, взго́лчились на площади вороны, мимо мелеховского куреня прокатила Христонина свинья с клочком сена в пасти, и Пантелей Прокофьевич решил: «Прищемило весну, завтра саданет мороз». Ночью ветер повернул с востока, легонький морозец кристальным ледком латал изорванные оттепелью лужины.",False,,False,,True,341
WORD,S1_016,12040,0,0,помнить,Помнил,"Помнил и 1905 год, — и в него осенней ночухой разрядил кто-то из хуторских дробовик.","Давненько, когда работал еще по ссыпке, пришлось ему за гроши скупить у казаков хлеб, а потом вывезти за хутор и ссыпать в Дурной яр четыре тысячи пудов сгоревшейся пшеницы.","Богател Мохов и проживался, под конец сколотил шестьдесят тысяч, положил их в Волго-Камский банк, но дальним нюхом чуял, что неотвратимо подходит время великого потрясения.","Давненько, когда работал еще по ссыпке, пришлось ему за гроши скупить у казаков хлеб, а потом вывезти за хутор и ссыпать в Дурной яр четыре тысячи пудов сгоревшейся пшеницы. Помнил и 1905 год, — и в него осенней ночухой разрядил кто-то из хуторских дробовик. Богател Мохов и проживался, под конец сколотил шестьдесят тысяч, положил их в Волго-Камский банк, но дальним нюхом чуял, что неотвратимо подходит время великого потрясения.",False,,False,,True,342
WORD,S1_004,12056,8,8,решить,решил,"Сергей Платонович, увидев из окна толпу у лавки, решил пойти потолковать со стариками.",Как теперича жить!..,"Надел енотку и, опираясь на коричневую трость со скромными серебряными инициалами, вышел на парадное крыльцо.","Как теперича жить!.. Сергей Платонович, увидев из окна толпу у лавки, решил пойти потолковать со стариками. Надел енотку и, опираясь на коричневую трость со скромными серебряными инициалами, вышел на парадное крыльцо.",False,,False,,True,343
WORD,S1_015,12081,12,12,припомнить,припомнят,"Сравняют вас с мужиками, лишат вас привилегий, да еще и старые обиды припомнят.","Он привычным жестом раздвоил гнедоватую бороду, заговорил, злобясь неизвестно на кого:
— Вот, старики, до чего довели Россию.",Тяжелые наступают времена…,"Он привычным жестом раздвоил гнедоватую бороду, заговорил, злобясь неизвестно на кого:
— Вот, старики, до чего довели Россию. Сравняют вас с мужиками, лишат вас привилегий, да еще и старые обиды припомнят. Тяжелые наступают времена…",False,,False,,True,344
WORD,S1_001,12092,3,3,думать,думая,"Он шел, разбросанно думая о деньгах, о мельнице и ухудшающейся торговле, вспомнил, что Елизавета теперь в Москве, а Владимир должен вскоре приехать из Новочеркасска.",Сергей Платонович махнул рукой и постаревшей походкой заковылял к своему голубому нарядному крыльцу.,Тупой укол тревоги за детей не нарушил мятущейся бессвязицы мыслей.,"Сергей Платонович махнул рукой и постаревшей походкой заковылял к своему голубому нарядному крыльцу. Он шел, разбросанно думая о деньгах, о мельнице и ухудшающейся торговле, вспомнил, что Елизавета теперь в Москве, а Владимир должен вскоре приехать из Новочеркасска. Тупой укол тревоги за детей не нарушил мятущейся бессвязицы мыслей.",False,,False,,True,345
WORD,S1_014,12092,11,11,вспомнить,вспомнил,"Он шел, разбросанно думая о деньгах, о мельнице и ухудшающейся торговле, вспомнил, что Елизавета теперь в Москве, а Владимир должен вскоре приехать из Новочеркасска.",Сергей Платонович махнул рукой и постаревшей походкой заковылял к своему голубому нарядному крыльцу.,Тупой укол тревоги за детей не нарушил мятущейся бессвязицы мыслей.,"Сергей Платонович махнул рукой и постаревшей походкой заковылял к своему голубому нарядному крыльцу. Он шел, разбросанно думая о деньгах, о мельнице и ухудшающейся торговле, вспомнил, что Елизавета теперь в Москве, а Владимир должен вскоре приехать из Новочеркасска. Тупой укол тревоги за детей не нарушил мятущейся бессвязицы мыслей.",False,,False,,True,346
WORD,S1_011,12093,9,9,мысль,мыслей,Тупой укол тревоги за детей не нарушил мятущейся бессвязицы мыслей.,"Он шел, разбросанно думая о деньгах, о мельнице и ухудшающейся торговле, вспомнил, что Елизавета теперь в Москве, а Владимир должен вскоре приехать из Новочеркасска.","Так дошел он до крыльца, чувствуя, как за этот день сразу потускнела жизнь и даже сам он словно внутренне вылинял от ноющих мыслей.","Он шел, разбросанно думая о деньгах, о мельнице и ухудшающейся торговле, вспомнил, что Елизавета теперь в Москве, а Владимир должен вскоре приехать из Новочеркасска. Тупой укол тревоги за детей не нарушил мятущейся бессвязицы мыслей. Так дошел он до крыльца, чувствуя, как за этот день сразу потускнела жизнь и даже сам он словно внутренне вылинял от ноющих мыслей.",False,,False,,True,347
WORD,S1_011,12094,22,22,мысль,мыслей,"Так дошел он до крыльца, чувствуя, как за этот день сразу потускнела жизнь и даже сам он словно внутренне вылинял от ноющих мыслей.",Тупой укол тревоги за детей не нарушил мятущейся бессвязицы мыслей.,Кислым вкусом ржавчины во рту вызвало приток слюны.,"Тупой укол тревоги за детей не нарушил мятущейся бессвязицы мыслей. Так дошел он до крыльца, чувствуя, как за этот день сразу потускнела жизнь и даже сам он словно внутренне вылинял от ноющих мыслей. Кислым вкусом ржавчины во рту вызвало приток слюны.",False,,False,,True,348
WORD,S1_002,12103,8,8,подумать,подумал,"«Пустая и, кажется, недалекая девка», — в первый раз подумал так о дочери Сергей Платонович, морща нос от запаха духов, исходившего от плотного конверта.","Анна Ивановна прошла в спальню снующей иноходью (так всегда ходила она, с первого дня замужества придавленная большим хозяйством), вынесла надорванный конверт.","Старик невнимательно прочел письмо, почему-то остановился на слове «настроение» и долго думал, доискиваясь в нем непонятного смысла.","Анна Ивановна прошла в спальню снующей иноходью (так всегда ходила она, с первого дня замужества придавленная большим хозяйством), вынесла надорванный конверт. «Пустая и, кажется, недалекая девка», — в первый раз подумал так о дочери Сергей Платонович, морща нос от запаха духов, исходившего от плотного конверта. Старик невнимательно прочел письмо, почему-то остановился на слове «настроение» и долго думал, доискиваясь в нем непонятного смысла.",False,,False,,True,349
PHRASE,PHR_016,12104,10,11,долго думать,долго думал,"Старик невнимательно прочел письмо, почему-то остановился на слове «настроение» и долго думал, доискиваясь в нем непонятного смысла.","«Пустая и, кажется, недалекая девка», — в первый раз подумал так о дочери Сергей Платонович, морща нос от запаха духов, исходившего от плотного конверта.",В конце письма Елизавета просила выслать денег.,"«Пустая и, кажется, недалекая девка», — в первый раз подумал так о дочери Сергей Платонович, морща нос от запаха духов, исходившего от плотного конверта. Старик невнимательно прочел письмо, почему-то остановился на слове «настроение» и долго думал, доискиваясь в нем непонятного смысла. В конце письма Елизавета просила выслать денег.",False,,False,,True,350
WORD,S1_001,12104,11,11,думать,думал,"Старик невнимательно прочел письмо, почему-то остановился на слове «настроение» и долго думал, доискиваясь в нем непонятного смысла.","«Пустая и, кажется, недалекая девка», — в первый раз подумал так о дочери Сергей Платонович, морща нос от запаха духов, исходившего от плотного конверта.",В конце письма Елизавета просила выслать денег.,"«Пустая и, кажется, недалекая девка», — в первый раз подумал так о дочери Сергей Платонович, морща нос от запаха духов, исходившего от плотного конверта. Старик невнимательно прочел письмо, почему-то остановился на слове «настроение» и долго думал, доискиваясь в нем непонятного смысла. В конце письма Елизавета просила выслать денег.",True,PHR_016,False,,False,351
WORD,S1_001,12109,3,3,думать,думал,"«Чужая она мне, — думал он про дочь.",Дыбом вставшая жизнь являла в этот миг ему порожнее свое нутро.,— И я ей чужой.,"Дыбом вставшая жизнь являла в этот миг ему порожнее свое нутро. «Чужая она мне, — думал он про дочь. — И я ей чужой.",False,,False,,True,352
WORD,S1_011,12135,8,8,мысль,мыслями,"Сергей Платонович спал ночью плохо, ворочался, одолеваемый бестолковыми мыслями и неосознанными желаниями; уснул за полночь, а утром, прослышав, что в Ягодное приехал с фронта к отцу Евгений Листницкий, решил съездить туда, чтобы поговорить, выяснить подлинное положение и снять с души горькую накипь тревожных предчувствий.",День этот оставил под исход садную дурную боль.,"Емельян, посасывая трубку, запряг в городские санки маштака, повез хозяина в Ягодное.","День этот оставил под исход садную дурную боль. Сергей Платонович спал ночью плохо, ворочался, одолеваемый бестолковыми мыслями и неосознанными желаниями; уснул за полночь, а утром, прослышав, что в Ягодное приехал с фронта к отцу Евгений Листницкий, решил съездить туда, чтобы поговорить, выяснить подлинное положение и снять с души горькую накипь тревожных предчувствий. Емельян, посасывая трубку, запряг в городские санки маштака, повез хозяина в Ягодное.",False,,False,,True,353
WORD,S1_004,12135,28,28,решить,решил,"Сергей Платонович спал ночью плохо, ворочался, одолеваемый бестолковыми мыслями и неосознанными желаниями; уснул за полночь, а утром, прослышав, что в Ягодное приехал с фронта к отцу Евгений Листницкий, решил съездить туда, чтобы поговорить, выяснить подлинное положение и снять с души горькую накипь тревожных предчувствий.",День этот оставил под исход садную дурную боль.,"Емельян, посасывая трубку, запряг в городские санки маштака, повез хозяина в Ягодное.","День этот оставил под исход садную дурную боль. Сергей Платонович спал ночью плохо, ворочался, одолеваемый бестолковыми мыслями и неосознанными желаниями; уснул за полночь, а утром, прослышав, что в Ягодное приехал с фронта к отцу Евгений Листницкий, решил съездить туда, чтобы поговорить, выяснить подлинное положение и снять с души горькую накипь тревожных предчувствий. Емельян, посасывая трубку, запряг в городские санки маштака, повез хозяина в Ягодное.",False,,False,,True,354
PHRASE,PHR_634,12147,0,3,понять ты,Пойми что вредно тебе,"Пойми, что вредно тебе, нельзя!","Сзади, за сборки полушубка, дергала сожительница, шептала умоляюще:
— Митя, оставь!",Кровь ведь опять будет идти…,"Сзади, за сборки полушубка, дергала сожительница, шептала умоляюще:
— Митя, оставь! Пойми, что вредно тебе, нельзя! Кровь ведь опять будет идти…",False,,False,,True,355
WORD,S1_017,12147,0,0,понять,Пойми,"Пойми, что вредно тебе, нельзя!","Сзади, за сборки полушубка, дергала сожительница, шептала умоляюще:
— Митя, оставь!",Кровь ведь опять будет идти…,"Сзади, за сборки полушубка, дергала сожительница, шептала умоляюще:
— Митя, оставь! Пойми, что вредно тебе, нельзя! Кровь ведь опять будет идти…",True,PHR_634,False,,False,356
WORD,S1_001,12182,2,2,думать,думаю,Я еще думаю вас пережить.,"— Ну, полно, Евгений Николаевич!",Как вы-то?,"— Ну, полно, Евгений Николаевич! Я еще думаю вас пережить. Как вы-то?",False,,False,,True,357
WORD,S1_016,12197,4,4,помнить,помнишь,"Мне сейчас вспомнился Мережковский… помнишь, Евгений?",Что же… династия была обречена.,— «Петр и Алексей».,"Что же… династия была обречена. Мне сейчас вспомнился Мережковский… помнишь, Евгений? — «Петр и Алексей».",False,,False,,True,358
WORD,S1_004,12203,8,8,решить,решил,"Я, услыша, что Евгений Николаевич приехал в отпуск, решил съездить сюда к вам, расспросить, что там творится, чего нужно ожидать.","Беда, ей-богу!","Евгений, уже без улыбки на опрятно выбритом белесом лице, рассказывал:
— Грозные события…","Беда, ей-богу! Я, услыша, что Евгений Николаевич приехал в отпуск, решил съездить сюда к вам, расспросить, что там творится, чего нужно ожидать. Евгений, уже без улыбки на опрятно выбритом белесом лице, рассказывал:
— Грозные события…",False,,False,,True,359
WORD,S1_005,12306,20,20,решать,решает,"Мы будем биться с врагом так же доблестно, как и раньше, а там… — косой плывущий жест назад, — пусть Государственная дума решает судьбу страны.",Ваш казачий воинский долг призывает вас подчиняться своим начальникам.,"Кончим войну, тогда и мы примем участие во внутренней жизни, а пока нам… э-э-э… нельзя.","Ваш казачий воинский долг призывает вас подчиняться своим начальникам. Мы будем биться с врагом так же доблестно, как и раньше, а там… — косой плывущий жест назад, — пусть Государственная дума решает судьбу страны. Кончим войну, тогда и мы примем участие во внутренней жизни, а пока нам… э-э-э… нельзя.",False,,False,,True,360
WORD,ALEX_008,12311,5,5,вспоминать,вспоминая,"После подолгу обсуждали слышанные речи; вспоминая, прощупывали недоверчиво каждое сомнительное слово.","Здесь же на станции спустя несколько дней присягали Временному правительству, ходили на митинги, собираясь большими земляческими группами, держась обособленно от солдат, наводнявших станцию.","У всех почему-то сложилось убеждение: если свобода — значит конец войне, и с этим прочно укоренившимся убеждением трудно стало бороться офицерам, утверждавшим, что воевать Россия обязана до конца.","Здесь же на станции спустя несколько дней присягали Временному правительству, ходили на митинги, собираясь большими земляческими группами, держась обособленно от солдат, наводнявших станцию. После подолгу обсуждали слышанные речи; вспоминая, прощупывали недоверчиво каждое сомнительное слово. У всех почему-то сложилось убеждение: если свобода — значит конец войне, и с этим прочно укоренившимся убеждением трудно стало бороться офицерам, утверждавшим, что воевать Россия обязана до конца.",False,,False,,True,361
WORD,S1_007,12487,11,11,раздумывать,раздумывая,"Петро шагал, глядя на свои сапоги, забрызганные охровой глинистой грязью, и раздумывая: зачем бы это он понадобился командиру полка?","Тот молча поглядел ему вслед, на будничном, хмуром Аникушкином лице озабоченность сливалась с обычной скукой.","Внимание его привлекла небольшая толпа, собравшаяся в конце платформы у бака с кипятком.","Тот молча поглядел ему вслед, на будничном, хмуром Аникушкином лице озабоченность сливалась с обычной скукой. Петро шагал, глядя на свои сапоги, забрызганные охровой глинистой грязью, и раздумывая: зачем бы это он понадобился командиру полка? Внимание его привлекла небольшая толпа, собравшаяся в конце платформы у бака с кипятком.",False,,False,,True,362
WORD,S1_004,12491,18,18,решить,решил,"Петро, вытянув голову, поглядел на смутно знакомое забородатевшее лицо рыжеватого казака-атаманца, на цифру «52» на синем урядницком погоне; решил, что где-то и когда-то видел этого человека.","Человек двадцать солдат окружили рослого рыжеватого казака, стоявшего спиной к баку в неловкой, затравленной позе.",— Как же это ты ухитрился?,"Человек двадцать солдат окружили рослого рыжеватого казака, стоявшего спиной к баку в неловкой, затравленной позе. Петро, вытянув голову, поглядел на смутно знакомое забородатевшее лицо рыжеватого казака-атаманца, на цифру «52» на синем урядницком погоне; решил, что где-то и когда-то видел этого человека. — Как же это ты ухитрился?",False,,False,,True,363
WORD,S1_014,12497,5,5,вспомнить,вспомнить,"Петро, усиленно напрягая память, пытался вспомнить, — где он видел это широкое рыжеусое и рыжебровое лицо атаманца.",Из ваших казаков.,"Не отвечая на назойливые вопросы вольноопределяющегося, атаманец редкими глотками тянул кипяток из медной кружки, сделанной из гильзы снаряда, прикусывая черным размоченным в воде сухарем.","Из ваших казаков. Петро, усиленно напрягая память, пытался вспомнить, — где он видел это широкое рыжеусое и рыжебровое лицо атаманца. Не отвечая на назойливые вопросы вольноопределяющегося, атаманец редкими глотками тянул кипяток из медной кружки, сделанной из гильзы снаряда, прикусывая черным размоченным в воде сухарем.",False,,False,,True,364
WORD,S1_014,12505,17,17,вспомнить,вспомнил,"Солдаты засмеялись, а Петро, едва лишь услышал голос дезертира, сразу, как это всегда бывает, с поразительной отчетливостью вспомнил, что атаманец этот — с хутора Рубежина, Еланской станицы, по фамилии Фомин, и что у него еще до войны на еланской годовой ярмарке торговали Петро с отцом трехлетка-бычка.","Что вы, людей не видали, что ль?",— Фомин!,"Что вы, людей не видали, что ль? Солдаты засмеялись, а Петро, едва лишь услышал голос дезертира, сразу, как это всегда бывает, с поразительной отчетливостью вспомнил, что атаманец этот — с хутора Рубежина, Еланской станицы, по фамилии Фомин, и что у него еще до войны на еланской годовой ярмарке торговали Петро с отцом трехлетка-бычка. — Фомин!",False,,False,,True,365
WORD,S1_016,12512,4,4,помнить,помню,"— Я-то вешенский, а тебя помню.",А ты либо еланский?,С батей лет пять назад бычка у тебя торговали.,"А ты либо еланский? — Я-то вешенский, а тебя помню. С батей лет пять назад бычка у тебя торговали.",False,,False,,True,366
WORD,S1_014,12514,11,11,вспомнить,вспомнить,"Фомин, улыбаясь все той же растерянной, ребячьей улыбкой, как видно, силился вспомнить.",С батей лет пять назад бычка у тебя торговали.,"— Нет, замстило… не упомню тебя, — с видимым сожалением сказал он.","С батей лет пять назад бычка у тебя торговали. Фомин, улыбаясь все той же растерянной, ребячьей улыбкой, как видно, силился вспомнить. — Нет, замстило… не упомню тебя, — с видимым сожалением сказал он.",False,,False,,True,367
WORD,S1_002,12542,9,9,подумать,подумали,"Нарочно укоротив шаг, чтобы наблюдавшие за ним обозные не подумали, что он особенно уж рад, Петро шел навстречу.","Радость была тем сильнее, чем неожиданней.","Он степенно обнял жену, поцеловал ее три раза, хотел что-то спросить, но глубокое внутреннее волнение пробилось наружу — мелко задрожали губы и словно отнялся язык.","Радость была тем сильнее, чем неожиданней. Нарочно укоротив шаг, чтобы наблюдавшие за ним обозные не подумали, что он особенно уж рад, Петро шел навстречу. Он степенно обнял жену, поцеловал ее три раза, хотел что-то спросить, но глубокое внутреннее волнение пробилось наружу — мелко задрожали губы и словно отнялся язык.",False,,False,,True,368
WORD,S1_001,12551,1,1,думать,думаю,"Нет, думаю, поеду, проведаю родимого… — тарахтела она, прижимаясь к мужу, заглядывая в глаза ему увлажненными глазами.",Наши не пускали: «Куда тебя понесет?!»,"А у вагонов толпились казаки; глядя на них, покрякивали, перемигивались, нудились.","Наши не пускали: «Куда тебя понесет?!» Нет, думаю, поеду, проведаю родимого… — тарахтела она, прижимаясь к мужу, заглядывая в глаза ему увлажненными глазами. А у вагонов толпились казаки; глядя на них, покрякивали, перемигивались, нудились.",False,,False,,True,369
WORD,S1_016,12561,5,5,помнить,помнил,"В этот момент Петро не помнил, что собирался бить жену смертным боем, — ласкал ее на людях, гладил большим обкуренным пальцем писаные дуги ее бровей, радовался.","Кровью изойдешь, глядючи, как она к нему липнет!","Дарья тоже забыла, что только две ночи назад спала она в вагоне с драгунским ветеринарным фельдшером, вместе с ней ехавшим из Харькова в полк.","Кровью изойдешь, глядючи, как она к нему липнет! В этот момент Петро не помнил, что собирался бить жену смертным боем, — ласкал ее на людях, гладил большим обкуренным пальцем писаные дуги ее бровей, радовался. Дарья тоже забыла, что только две ночи назад спала она в вагоне с драгунским ветеринарным фельдшером, вместе с ней ехавшим из Харькова в полк.",False,,False,,True,370
WORD,S1_018,12573,24,24,осознать,осознал,"В этот же день он выехал в Двинск, где находился 14-й полк, а через сутки уже представился командиру полка, полковнику Быкадорову, и с удовлетворением осознал правдивость слов начштаба дивизии: офицеры в большинстве — монархисты; казаки, на треть разбавленные старообрядцами Усть-Хоперской, Кумылженской, Глазуновской и других станиц, были настроены отнюдь не революционно, на верность Временному правительству присягали неохотно, в событиях, кипевших вокруг, не разбирались, да и не хотели разбираться; в полковой и сотенные комитеты прошли казаки подхалимистые и смирные…",Листницкий с радостью принял перевод.,С радостью вздохнул Листницкий в новой обстановке.,"Листницкий с радостью принял перевод. В этот же день он выехал в Двинск, где находился 14-й полк, а через сутки уже представился командиру полка, полковнику Быкадорову, и с удовлетворением осознал правдивость слов начштаба дивизии: офицеры в большинстве — монархисты; казаки, на треть разбавленные старообрядцами Усть-Хоперской, Кумылженской, Глазуновской и других станиц, были настроены отнюдь не революционно, на верность Временному правительству присягали неохотно, в событиях, кипевших вокруг, не разбирались, да и не хотели разбираться; в полковой и сотенные комитеты прошли казаки подхалимистые и смирные… С радостью вздохнул Листницкий в новой обстановке.",False,,False,,True,371
WORD,S1_004,12591,12,12,решить,решил,"Листницкий, морщась под пенсне, внимательно осмотрел помещение, походил под слепящими белизной стенами, решил, что лучшего, в смысле удобств, не остается и желать.","Заново окрашенные стены блестели известкой, глянцем лоснились начисто вымытые полы, от сосновых свежих нар — смолистые запахи; почти уютно было в светлом, опрятном полуподвале.","Удовлетворенный осмотром, он, в сопровождении маленького, изящно одетого представителя городского управления, на долю которого выпало встречать казаков, направился к выходу во двор, но тут произошел неприятный казус: держась за дверную скобку, он увидел на стене мастерски выцарапанный каким-то острым предметом рисунок — оскаленную собачью голову и метлу.","Заново окрашенные стены блестели известкой, глянцем лоснились начисто вымытые полы, от сосновых свежих нар — смолистые запахи; почти уютно было в светлом, опрятном полуподвале. Листницкий, морщась под пенсне, внимательно осмотрел помещение, походил под слепящими белизной стенами, решил, что лучшего, в смысле удобств, не остается и желать. Удовлетворенный осмотром, он, в сопровождении маленького, изящно одетого представителя городского управления, на долю которого выпало встречать казаков, направился к выходу во двор, но тут произошел неприятный казус: держась за дверную скобку, он увидел на стене мастерски выцарапанный каким-то острым предметом рисунок — оскаленную собачью голову и метлу.",False,,False,,True,372
WORD,S1_001,12614,10,10,думать,думал,"Но неужели для всей России мы являемся в образе опричнины?» — думал он, шагая по двору к конюшням и невнимательно, безразлично вслушиваясь в слова спешившего за ним представителя.","«Вот как встречают нас и вот что кроется за внешней, показной стороной!..","В глубокий, просторный колодец двора отвесно падали солнечные лучи.","«Вот как встречают нас и вот что кроется за внешней, показной стороной!.. Но неужели для всей России мы являемся в образе опричнины?» — думал он, шагая по двору к конюшням и невнимательно, безразлично вслушиваясь в слова спешившего за ним представителя. В глубокий, просторный колодец двора отвесно падали солнечные лучи.",False,,False,,True,373
WORD,S1_004,12662,14,14,решить,решил,"Вначале он испытывал некоторое стеснение за свой помятый китель и несвежую фуражку, но потом решил, что фронтовику, пожалуй, и нечего стыдиться своей внешности, а тем более ему, только сегодня покинувшему вагон.","Листницкий, покуривая, медленно шел правой стороной тротуара, изредка ловил на себе боковые почтительные взгляды встречных.","На тротуарах, ленивые, оливково-желтые, лежали теневые пятна от парусиновых тентов, натянутых над входами в магазины и кафе.","Листницкий, покуривая, медленно шел правой стороной тротуара, изредка ловил на себе боковые почтительные взгляды встречных. Вначале он испытывал некоторое стеснение за свой помятый китель и несвежую фуражку, но потом решил, что фронтовику, пожалуй, и нечего стыдиться своей внешности, а тем более ему, только сегодня покинувшему вагон. На тротуарах, ленивые, оливково-желтые, лежали теневые пятна от парусиновых тентов, натянутых над входами в магазины и кафе.",False,,False,,True,374
WORD,S1_001,12666,35,35,думать,думал,"Листницкий, отвыкший за годы войны от города, с радостным удовлетворением впитывал в себя разноголосый гул, перевитый смехом, автомобильными гудками, криком газетчиков, и, чувствуя себя в этой толпе прилично одетых, сытых людей своим, близким, все же думал:
«Какие все вы сейчас довольные, радостные, счастливые, — все: и купцы, и биржевые маклеры, и чиновники разных рангов, и помещики, и люди голубой крови!","Несмотря на послеобеденный час, проспект кишел людьми.",А что с вами было три-четыре дня назад?,"Несмотря на послеобеденный час, проспект кишел людьми. Листницкий, отвыкший за годы войны от города, с радостным удовлетворением впитывал в себя разноголосый гул, перевитый смехом, автомобильными гудками, криком газетчиков, и, чувствуя себя в этой толпе прилично одетых, сытых людей своим, близким, все же думал:
«Какие все вы сейчас довольные, радостные, счастливые, — все: и купцы, и биржевые маклеры, и чиновники разных рангов, и помещики, и люди голубой крови! А что с вами было три-четыре дня назад?",False,,False,,True,375
WORD,S1_004,12671,12,12,решить,решил,"Он попробовал проанализировать свое раздвоенное чувство, найти истоки его и без труда решил: потому он так мыслит и чувствует, что война и то, что пришлось пережить там, отдалили его от этого скопища сытых, довольных.","И благополучию вашему не знаю, как радоваться…»","«Ведь вот этот молодой, упитанный, — думал он, встречаясь глазами с полным, краснощеким и безусым мужчиной, — почему он не на фронте?","И благополучию вашему не знаю, как радоваться…» Он попробовал проанализировать свое раздвоенное чувство, найти истоки его и без труда решил: потому он так мыслит и чувствует, что война и то, что пришлось пережить там, отдалили его от этого скопища сытых, довольных. «Ведь вот этот молодой, упитанный, — думал он, встречаясь глазами с полным, краснощеким и безусым мужчиной, — почему он не на фронте?",False,,False,,True,376
WORD,S1_013,12671,16,16,мыслить,мыслит,"Он попробовал проанализировать свое раздвоенное чувство, найти истоки его и без труда решил: потому он так мыслит и чувствует, что война и то, что пришлось пережить там, отдалили его от этого скопища сытых, довольных.","И благополучию вашему не знаю, как радоваться…»","«Ведь вот этот молодой, упитанный, — думал он, встречаясь глазами с полным, краснощеким и безусым мужчиной, — почему он не на фронте?","И благополучию вашему не знаю, как радоваться…» Он попробовал проанализировать свое раздвоенное чувство, найти истоки его и без труда решил: потому он так мыслит и чувствует, что война и то, что пришлось пережить там, отдалили его от этого скопища сытых, довольных. «Ведь вот этот молодой, упитанный, — думал он, встречаясь глазами с полным, краснощеким и безусым мужчиной, — почему он не на фронте?",False,,False,,True,377
WORD,S1_001,12672,5,5,думать,думал,"«Ведь вот этот молодой, упитанный, — думал он, встречаясь глазами с полным, краснощеким и безусым мужчиной, — почему он не на фронте?","Он попробовал проанализировать свое раздвоенное чувство, найти истоки его и без труда решил: потому он так мыслит и чувствует, что война и то, что пришлось пережить там, отдалили его от этого скопища сытых, довольных.","Наверно, сын заводчика или какого-нибудь торгового зубра, уклонился, подлец, от службы, — начхать ему на Родину, — и „работает на оборону“, жиреет, с удобствами любит женщин…»","Он попробовал проанализировать свое раздвоенное чувство, найти истоки его и без труда решил: потому он так мыслит и чувствует, что война и то, что пришлось пережить там, отдалили его от этого скопища сытых, довольных. «Ведь вот этот молодой, упитанный, — думал он, встречаясь глазами с полным, краснощеким и безусым мужчиной, — почему он не на фронте? Наверно, сын заводчика или какого-нибудь торгового зубра, уклонился, подлец, от службы, — начхать ему на Родину, — и „работает на оборону“, жиреет, с удобствами любит женщин…»",False,,False,,True,378
WORD,S1_004,12674,15,15,решить,решил,"«Но с кем же ты-то в конце концов? — задал он сам себе вопрос и, улыбаясь, решил: — Ну конечно же, вот с этими!","Наверно, сын заводчика или какого-нибудь торгового зубра, уклонился, подлец, от службы, — начхать ему на Родину, — и „работает на оборону“, жиреет, с удобствами любит женщин…»","В них частичка самого меня, а я частичка их среды…","Наверно, сын заводчика или какого-нибудь торгового зубра, уклонился, подлец, от службы, — начхать ему на Родину, — и „работает на оборону“, жиреет, с удобствами любит женщин…» «Но с кем же ты-то в конце концов? — задал он сам себе вопрос и, улыбаясь, решил: — Ну конечно же, вот с этими! В них частичка самого меня, а я частичка их среды…",False,,False,,True,379
WORD,S1_010,12680,7,7,колебаться,колеблясь,"Жизнь положу за старое, отдам ее не колеблясь, без позы, просто, по-солдатски.",И сердце и разум противятся…,А многие ли на это пойдут?»,"И сердце и разум противятся… Жизнь положу за старое, отдам ее не колеблясь, без позы, просто, по-солдатски. А многие ли на это пойдут?»",False,,False,,True,380
WORD,S1_020,12792,1,1,ясно,ясно,"Ведь ясно, что грозных событий нам не миновать…","— Офицеры отгораживались от казаков прежней стеной, и в результате казаки все поголовно подпали под влияние большевиков и сами на девяносто процентов стали большевиками.",Дни третьего и пятого июля — только суровое предостережение всем беспечным.,"— Офицеры отгораживались от казаков прежней стеной, и в результате казаки все поголовно подпали под влияние большевиков и сами на девяносто процентов стали большевиками. Ведь ясно, что грозных событий нам не миновать… Дни третьего и пятого июля — только суровое предостережение всем беспечным.",False,,False,,True,381
WORD,S1_001,12802,1,1,думать,думаешь,"— Ты думаешь, мы этого не понимаем?",— Россия одной ногой в могиле…,"Понимаем, но иногда бессильны что-либо сделать.","— Россия одной ногой в могиле… — Ты думаешь, мы этого не понимаем? Понимаем, но иногда бессильны что-либо сделать.",False,,False,,True,382
WORD,S1_017,12823,22,22,понять,понял,"Листницкий, потирая кулаками острые углы колен, продолжал:
— Я говорю, что тогда, то есть в будущих боях, в гражданской войне, — я только сейчас понял, что она неизбежна, — и понадобится верный казак.",13 «Окопная правда» — боевая большевистская газета.,"Надо биться и отвоевать его у комитетов, тяготеющих к большевикам.","13 «Окопная правда» — боевая большевистская газета. Листницкий, потирая кулаками острые углы колен, продолжал:
— Я говорю, что тогда, то есть в будущих боях, в гражданской войне, — я только сейчас понял, что она неизбежна, — и понадобится верный казак. Надо биться и отвоевать его у комитетов, тяготеющих к большевикам.",False,,False,,True,383
WORD,S1_020,12827,0,0,ясно,Ясно,— Ясно!,Ведь в случае новых потрясений казаки Первого и Четвертого полков перестреляют своих офицеров…,— Церемониться не будут!,Ведь в случае новых потрясений казаки Первого и Четвертого полков перестреляют своих офицеров… — Ясно! — Церемониться не будут!,False,,False,,True,384
WORD,S1_004,12843,0,0,решить,Решено,"Решено было в неделю три раза проводить с казаками беседы на политические темы, взводным офицерам было вменено в обязанность ежедневно заниматься со взводами гимнастикой и читкой, для того чтобы заполнить свободное время и вырвать умы казаков из разлагающей атмосферы политики.",Офицеры проговорили до рассвета.,"Перед уходом пели «Всколыхнулся, взволновался православный тихий Дон», допивали десятый самовар, под звон стаканов шутливые произносились тосты.","Офицеры проговорили до рассвета. Решено было в неделю три раза проводить с казаками беседы на политические темы, взводным офицерам было вменено в обязанность ежедневно заниматься со взводами гимнастикой и читкой, для того чтобы заполнить свободное время и вырвать умы казаков из разлагающей атмосферы политики. Перед уходом пели «Всколыхнулся, взволновался православный тихий Дон», допивали десятый самовар, под звон стаканов шутливые произносились тосты.",False,,False,,True,385
PHRASE,PHR_635,12856,18,19,ты понять,ты поймешь,"И вот еще, когда цветет подсолнух и над Доном пахнет смоченными дождем виноградниками, — так глубоко и больно люблю… ты поймешь…",От запаха степного полынка мне хочется плакать…,А вот теперь думаю: не околпачиваем ли мы вот этих самых казаков?,"От запаха степного полынка мне хочется плакать… И вот еще, когда цветет подсолнух и над Доном пахнет смоченными дождем виноградниками, — так глубоко и больно люблю… ты поймешь… А вот теперь думаю: не околпачиваем ли мы вот этих самых казаков?",False,,False,,True,386
WORD,S1_017,12856,19,19,понять,поймешь,"И вот еще, когда цветет подсолнух и над Доном пахнет смоченными дождем виноградниками, — так глубоко и больно люблю… ты поймешь…",От запаха степного полынка мне хочется плакать…,А вот теперь думаю: не околпачиваем ли мы вот этих самых казаков?,"От запаха степного полынка мне хочется плакать… И вот еще, когда цветет подсолнух и над Доном пахнет смоченными дождем виноградниками, — так глубоко и больно люблю… ты поймешь… А вот теперь думаю: не околпачиваем ли мы вот этих самых казаков?",True,PHR_635,False,,False,387
WORD,S1_001,12857,3,3,думать,думаю,А вот теперь думаю: не околпачиваем ли мы вот этих самых казаков?,"И вот еще, когда цветет подсолнух и над Доном пахнет смоченными дождем виноградниками, — так глубоко и больно люблю… ты поймешь…",На эту ли стежку хотим мы их завернуть?..,"И вот еще, когда цветет подсолнух и над Доном пахнет смоченными дождем виноградниками, — так глубоко и больно люблю… ты поймешь… А вот теперь думаю: не околпачиваем ли мы вот этих самых казаков? На эту ли стежку хотим мы их завернуть?..",False,,False,,True,388
WORD,S1_001,12862,1,1,думать,думаю,— Я думаю: надо ли казакам это?,"Над коричневой родинкой тяжко висел синий ободок века, в профиле виден был увлажненный свет одного полузакрытого глаза.","— А что же, в таком случае, им надо?","Над коричневой родинкой тяжко висел синий ободок века, в профиле виден был увлажненный свет одного полузакрытого глаза. — Я думаю: надо ли казакам это? — А что же, в таком случае, им надо?",False,,False,,True,389
WORD,S1_021,12873,12,12,рассуждать,рассуждают,"«Область Войска Донского от фронта далеко, и немец туда не дойдет» — так рассуждают они.","Понятие, во всяком случае, абстрактное.",В этом-то вся и беда.,"Понятие, во всяком случае, абстрактное. «Область Войска Донского от фронта далеко, и немец туда не дойдет» — так рассуждают они. В этом-то вся и беда.",False,,False,,True,390
WORD,S1_011,12877,24,24,мысль,мысли,"Так и произошло: Атарщиков что-то промычал невнятное, долго сидел молча, и Листницкий хотя и пытался, но не мог разобраться, в каких потемках бродят сейчас мысли умолкшего сослуживца.","Листницкий говорил, подсознательно чувствуя, что слова его не доходят до цели и что Атарщиков сейчас закроет перед ним створки своей душевной раковины.",«Надо бы дать ему высказаться до конца…» — с сожалением подумал он.,"Листницкий говорил, подсознательно чувствуя, что слова его не доходят до цели и что Атарщиков сейчас закроет перед ним створки своей душевной раковины. Так и произошло: Атарщиков что-то промычал невнятное, долго сидел молча, и Листницкий хотя и пытался, но не мог разобраться, в каких потемках бродят сейчас мысли умолкшего сослуживца. «Надо бы дать ему высказаться до конца…» — с сожалением подумал он.",False,,False,,True,391
WORD,S1_002,12878,9,9,подумать,подумал,«Надо бы дать ему высказаться до конца…» — с сожалением подумал он.,"Так и произошло: Атарщиков что-то промычал невнятное, долго сидел молча, и Листницкий хотя и пытался, но не мог разобраться, в каких потемках бродят сейчас мысли умолкшего сослуживца.","Атарщиков пожелал спокойной ночи, так и ушел, не сказав больше ни слова.","Так и произошло: Атарщиков что-то промычал невнятное, долго сидел молча, и Листницкий хотя и пытался, но не мог разобраться, в каких потемках бродят сейчас мысли умолкшего сослуживца. «Надо бы дать ему высказаться до конца…» — с сожалением подумал он. Атарщиков пожелал спокойной ночи, так и ушел, не сказав больше ни слова.",False,,False,,True,392
WORD,S1_014,12882,12,12,вспомнить,вспомнил,"Он покурил, полежал немного, напряженно глядя в серую ватную темень, и неожиданно вспомнил Аксинью, дни отпуска, заполненные до краев ею.","Неразгаданность чужого, сокровенного досадно волновала Листницкого.","Уснул, примиренный думами и случайными, отрывочными воспоминаниями о женщинах, чьи пути скрещивались когда-то с его путями.","Неразгаданность чужого, сокровенного досадно волновала Листницкого. Он покурил, полежал немного, напряженно глядя в серую ватную темень, и неожиданно вспомнил Аксинью, дни отпуска, заполненные до краев ею. Уснул, примиренный думами и случайными, отрывочными воспоминаниями о женщинах, чьи пути скрещивались когда-то с его путями.",False,,False,,True,393
WORD,S1_004,12888,1,1,решить,решил,"Листницкий решил, что ему необходимо как-нибудь поближе узнать Лагутина, прощупать его.",Взводный офицер приписывал эти случаи воздействию на казаков Лагутина.,"Вызвать казака на откровенный разговор было бы глупо и неосторожно, поэтому Листницкий решил выжидать.","Взводный офицер приписывал эти случаи воздействию на казаков Лагутина. Листницкий решил, что ему необходимо как-нибудь поближе узнать Лагутина, прощупать его. Вызвать казака на откровенный разговор было бы глупо и неосторожно, поэтому Листницкий решил выжидать.",False,,False,,True,394
WORD,S1_004,12889,12,12,решить,решил,"Вызвать казака на откровенный разговор было бы глупо и неосторожно, поэтому Листницкий решил выжидать.","Листницкий решил, что ему необходимо как-нибудь поближе узнать Лагутина, прощупать его.",Случай представился скоро.,"Листницкий решил, что ему необходимо как-нибудь поближе узнать Лагутина, прощупать его. Вызвать казака на откровенный разговор было бы глупо и неосторожно, поэтому Листницкий решил выжидать. Случай представился скоро.",False,,False,,True,395
WORD,S1_002,12910,14,14,подумать,подумал,"Наверное, ненавидит меня, как и все, что связано со старым режимом, с „палкой капрала“…» — подумал Листницкий, и почему-то захотелось узнать о прошлом Лагутина.","«Простой с виду, постный, — а что у него за душой?",— Семейный?,"«Простой с виду, постный, — а что у него за душой? Наверное, ненавидит меня, как и все, что связано со старым режимом, с „палкой капрала“…» — подумал Листницкий, и почему-то захотелось узнать о прошлом Лагутина. — Семейный?",False,,False,,True,396
WORD,S1_002,12918,4,4,подумать,подумав,"Земля-то у нас песчаная, — подумав, сурово добавил он.","Бык на казака, а казак на быка, — так всю жисть и крутимся…",Листницкий когда-то ехал на станцию Себряково через Букановскую.,"Бык на казака, а казак на быка, — так всю жисть и крутимся… Земля-то у нас песчаная, — подумав, сурово добавил он. Листницкий когда-то ехал на станцию Себряково через Букановскую.",False,,False,,True,397
WORD,S1_014,12920,2,2,вспомнить,вспомнил,"Он живо вспомнил эту глухую, улегшуюся на отшибе от большого шляха станицу, с юга прикрытую ровнехоньким неокидным лугом, опоясанную капризными извивами Хопра.",Листницкий когда-то ехал на станцию Себряково через Букановскую.,"Тогда еще с гребня, от Еланской грани, верст за двенадцать, увидел он зеленое марево садов в низине, белый обглоданный мосол высокой колокольни.","Листницкий когда-то ехал на станцию Себряково через Букановскую. Он живо вспомнил эту глухую, улегшуюся на отшибе от большого шляха станицу, с юга прикрытую ровнехоньким неокидным лугом, опоясанную капризными извивами Хопра. Тогда еще с гребня, от Еланской грани, верст за двенадцать, увидел он зеленое марево садов в низине, белый обглоданный мосол высокой колокольни.",False,,False,,True,398
WORD,S1_001,12933,2,2,думать,думаешь,Ты как думаешь?,— Еще между собой придется воевать.,"Лагутин, не поднимая от луки опущенных глаз, помолчав, спросил:
— С кем воевать-то?","— Еще между собой придется воевать. Ты как думаешь? Лагутин, не поднимая от луки опущенных глаз, помолчав, спросил:
— С кем воевать-то?",False,,False,,True,399
WORD,ALEX_012,12978,7,7,догадаться,догадался,"Листницкий не видел, но по голосу Лагутина догадался, что тот улыбается.","Если у тебя две рубахи, а у меня нет ни одной — что же, по-твоему, я должен отбирать у тебя?",— Я сам отдам лишнюю рубаху.,"Если у тебя две рубахи, а у меня нет ни одной — что же, по-твоему, я должен отбирать у тебя? Листницкий не видел, но по голосу Лагутина догадался, что тот улыбается. — Я сам отдам лишнюю рубаху.",False,,False,,True,400
WORD,S1_001,12983,10,10,думать,думаешь,"В ответ, взволнованно задыхаясь, почти крикнул побелевший Лагутин:
— А ты думаешь, я об себе душой болею?",Не хватает тебе? — повысил Листницкий голос.,В Польше были — там как люди живут?,"Не хватает тебе? — повысил Листницкий голос. В ответ, взволнованно задыхаясь, почти крикнул побелевший Лагутин:
— А ты думаешь, я об себе душой болею? В Польше были — там как люди живут?",False,,False,,True,401
WORD,S1_001,12989,2,2,думать,думаешь,"Что ж, думаешь, мне их не жалко, что ль?",Сердце кровью закипает!..,"Я, может быть, об этом об поляке изболелся весь, на его горькую землю интересуясь.","Сердце кровью закипает!.. Что ж, думаешь, мне их не жалко, что ль? Я, может быть, об этом об поляке изболелся весь, на его горькую землю интересуясь.",False,,False,,True,402
WORD,S1_014,13064,3,3,вспомнить,вспомнил,"Покусывая губы, он вспомнил сцену избиения человека, бросившего в казаков камнем, и то, что после разыгралось между ним и Лагутиным.",На другой день Листницкий проснулся с сознанием совершенной им вчера большой непоправимой ошибки.,Поморщился.,"На другой день Листницкий проснулся с сознанием совершенной им вчера большой непоправимой ошибки. Покусывая губы, он вспомнил сцену избиения человека, бросившего в казаков камнем, и то, что после разыгралось между ним и Лагутиным. Поморщился.",False,,False,,True,403
WORD,S1_001,13067,1,1,думать,думал,"Одеваясь, думал, что Лагутина трогать пока не надо, во избежание обострения отношений с полковым комитетом, а лучше выждать время, когда в памяти казаков, бывших при этом, выутюжится вчерашняя стычка с Лагутиным, и тогда потихоньку убрать его с дороги.",Раздумчиво покашлял.,"«Что называется, сроднился с казаком…» — горько иронизировал над собой Листницкий и все последующие дни находился под нехорошим впечатлением происшедшего.","Раздумчиво покашлял. Одеваясь, думал, что Лагутина трогать пока не надо, во избежание обострения отношений с полковым комитетом, а лучше выждать время, когда в памяти казаков, бывших при этом, выутюжится вчерашняя стычка с Лагутиным, и тогда потихоньку убрать его с дороги. «Что называется, сроднился с казаком…» — горько иронизировал над собой Листницкий и все последующие дни находился под нехорошим впечатлением происшедшего.",False,,False,,True,404
WORD,S1_001,13075,3,3,думать,думая,"В данном случае, думая об Атарщикове, он догадывался лишь об одном — что тот мучительно ищет выхода из создавшихся противоречий, увязывает казачье с большевистским.","И поэтому ему всегда болезненно хотелось узнать, что кроется за грубой, суровой, бесстрашной, нахальной, благополучной, веселой внешностью разных людей.","Это предположение понудило его прекратить попытки к сближению с Атарщиковым, держаться отчужденней.","И поэтому ему всегда болезненно хотелось узнать, что кроется за грубой, суровой, бесстрашной, нахальной, благополучной, веселой внешностью разных людей. В данном случае, думая об Атарщикове, он догадывался лишь об одном — что тот мучительно ищет выхода из создавшихся противоречий, увязывает казачье с большевистским. Это предположение понудило его прекратить попытки к сближению с Атарщиковым, держаться отчужденней.",False,,False,,True,405
WORD,S1_001,13123,2,2,думать,думаешь,Как ты думаешь?,— Во что же выльется?,— Вот тебе раз!,— Во что же выльется? Как ты думаешь? — Вот тебе раз!,False,,False,,True,406
WORD,S1_001,13128,3,3,думать,думают,У нас там думают так: две равнозначащих — это Корнилов и большевики.,Армия ведь за него горой.,"Керенский между двумя жерновами, — не тот, так другой его сотрет.","Армия ведь за него горой. У нас там думают так: две равнозначащих — это Корнилов и большевики. Керенский между двумя жерновами, — не тот, так другой его сотрет.",False,,False,,True,407
WORD,S1_011,13142,7,7,мысль,мысли,"— Они заявили, что казачество не допускает и мысли о смещении Корнилова.","— Вчера к нему от Совета Союза казачьих войск были делегированы представители, — улыбаясь, говорил Листницкий.","И ты знаешь, что он ответил: «Это — инсинуации.","— Вчера к нему от Совета Союза казачьих войск были делегированы представители, — улыбаясь, говорил Листницкий. — Они заявили, что казачество не допускает и мысли о смещении Корнилова. И ты знаешь, что он ответил: «Это — инсинуации.",False,,False,,True,408
WORD,S1_001,13144,6,6,думать,думает,Ничего подобного Временное правительство и не думает предпринимать».,"И ты знаешь, что он ответил: «Это — инсинуации.","Успокаивает общественность и в то же время, как проститутка, улыбается исполкому Совдепа.","И ты знаешь, что он ответил: «Это — инсинуации. Ничего подобного Временное правительство и не думает предпринимать». Успокаивает общественность и в то же время, как проститутка, улыбается исполкому Совдепа.",False,,False,,True,409
WORD,S1_020,13151,0,0,ясно,Ясно,"Ясно, кажется?",Родзянко».,Не может быть и речи о смещении Корнилова…,"Родзянко». Ясно, кажется? Не может быть и речи о смещении Корнилова…",False,,False,,True,410
WORD,S1_016,13170,2,2,помнить,помнишь,Меркулова нашего помнишь?,"Вслед уходившему Листницкому крикнул он, став вполоборота:
— Забыл тебе сказать.",Художника-то?,"Вслед уходившему Листницкому крикнул он, став вполоборота:
— Забыл тебе сказать. Меркулова нашего помнишь? Художника-то?",False,,False,,True,411
WORD,S1_011,13192,12,12,мысль,мыслей,"В дверях, пропуская вперед себя Романовского, сказал, очевидно следя за ходом собственных мыслей:
— Правильно.","Лукомский взял со стола бумаги, отодвинул кресло, пошел той подчеркнуто твердой походкой, какой ходят все полнеющие пожилые военные.",Да.,"Лукомский взял со стола бумаги, отодвинул кресло, пошел той подчеркнуто твердой походкой, какой ходят все полнеющие пожилые военные. В дверях, пропуская вперед себя Романовского, сказал, очевидно следя за ходом собственных мыслей:
— Правильно. Да.",False,,False,,True,412
WORD,S1_017,13197,2,2,понять,поняли,Вы меня поняли?,"Корнилов, чуть наклонившись вперед, опираясь о стол косо поставленными ладонями, говорил стоявшему против него пожилому офицеру:
— …надо было ожидать.",Прошу известить немедленно по прибытии в Псков.,"Корнилов, чуть наклонившись вперед, опираясь о стол косо поставленными ладонями, говорил стоявшему против него пожилому офицеру:
— …надо было ожидать. Вы меня поняли? Прошу известить немедленно по прибытии в Псков.",False,,False,,True,413
WORD,S1_013,13209,1,1,мыслить,мыслите,Вы мыслите иначе?,"По-моему, выбранный район наиболее удовлетворяет этому требованию.",Что?,"По-моему, выбранный район наиболее удовлетворяет этому требованию. Вы мыслите иначе? Что?",False,,False,,True,414
WORD,S1_002,13222,0,0,подумать,Подумав,"Подумав несколько секунд, он ответил:
— Вы правы.","Корнилов, склонив голову, напряженно вслушивался и все же своим острым глазом успел заметить, как холодное с виду лицо Лукомского волнение испятнило еле видным, скупым румянцем.","У меня есть некоторые соображения, относительно которых я с вами еще не говорил…","Корнилов, склонив голову, напряженно вслушивался и все же своим острым глазом успел заметить, как холодное с виду лицо Лукомского волнение испятнило еле видным, скупым румянцем. Подумав несколько секунд, он ответил:
— Вы правы. У меня есть некоторые соображения, относительно которых я с вами еще не говорил…",False,,False,,True,415
WORD,S1_003,13253,8,8,задуматься,задумается,"Я убежден, что в случае необходимости он не задумается перевешать весь Совет рабочих и солдатских депутатов.",Непосредственное руководство операцией передаю генералу Крымову.,Временное правительство…,"Непосредственное руководство операцией передаю генералу Крымову. Я убежден, что в случае необходимости он не задумается перевешать весь Совет рабочих и солдатских депутатов. Временное правительство…",False,,False,,True,416
WORD,S1_016,13321,1,1,помнить,помнил,"Смутно помнил, как клацали фотографические аппараты, бесновалась толпа, шли церемониальным маршем юнкера и стоял, пропуская их перед собой, стройный, подтянутый, маленький, с лицом монгола, генерал.","Приложив ладонь к козырьку фуражки, моргая увлажненными глазами, он пытался, но не мог унять неудержную дрожь губ.","* * *
Спустя день Листницкий выехал в Петроград.","Приложив ладонь к козырьку фуражки, моргая увлажненными глазами, он пытался, но не мог унять неудержную дрожь губ. Смутно помнил, как клацали фотографические аппараты, бесновалась толпа, шли церемониальным маршем юнкера и стоял, пропуская их перед собой, стройный, подтянутый, маленький, с лицом монгола, генерал. * * *
Спустя день Листницкий выехал в Петроград.",False,,False,,True,417
WORD,S1_001,13323,8,8,думать,думая,"Устроившись на верхней полке, он расстелил шинель, курил, думая о Корнилове:
«С риском для жизни бежал из плена, словно знал, что будет так необходим Родине.","* * *
Спустя день Листницкий выехал в Петроград.",Какое лицо!,"* * *
Спустя день Листницкий выехал в Петроград. Устроившись на верхней полке, он расстелил шинель, курил, думая о Корнилове:
«С риском для жизни бежал из плена, словно знал, что будет так необходим Родине. Какое лицо!",False,,False,,True,418
WORD,S1_020,13327,4,4,ясно,ясно,"Для него, наверное, все ясно, рассчитано.",Такой же и характер.,Наступит удобный момент — и поведет нас.,"Такой же и характер. Для него, наверное, все ясно, рассчитано. Наступит удобный момент — и поведет нас.",False,,False,,True,419
WORD,S1_003,13357,2,2,задуматься,задумаюсь,"Я не задумаюсь обнажить фронт, — пусть их вразумляют немцы!","Только при полной консолидации наших сил, сильнейшим моральным прессом мы сможем выжать из правительства уступки, а нет — тогда посмотрим!",— Мы говорили с Дутовым.,"Только при полной консолидации наших сил, сильнейшим моральным прессом мы сможем выжать из правительства уступки, а нет — тогда посмотрим! Я не задумаюсь обнажить фронт, — пусть их вразумляют немцы! — Мы говорили с Дутовым.",False,,False,,True,420
WORD,S1_011,13369,6,6,мысль,мысли,Земля… вокруг этой оси вертятся сейчас мысли и тех и других.,"Боюсь, что на стыке интересов казачества и иногородних и может произойти разрыв…","— Вам надо иметь под рукой надежные казачьи части, чтобы обеспечить себя от всяких случайностей изнутри.","Боюсь, что на стыке интересов казачества и иногородних и может произойти разрыв… Земля… вокруг этой оси вертятся сейчас мысли и тех и других. — Вам надо иметь под рукой надежные казачьи части, чтобы обеспечить себя от всяких случайностей изнутри.",False,,False,,True,421
WORD,S1_011,13437,11,11,мысль,мысль,— Из огня да в полымю! — высказал долговязый Борщев общую для большинства мысль.,Долго баюкалась в красных вагонах дремотная тишина.,Иван Алексеевич — с февраля бессменный председатель сотенного комитета — на первой же остановке пошел к командиру сотни.,Долго баюкалась в красных вагонах дремотная тишина. — Из огня да в полымю! — высказал долговязый Борщев общую для большинства мысль. Иван Алексеевич — с февраля бессменный председатель сотенного комитета — на первой же остановке пошел к командиру сотни.,False,,False,,True,422
WORD,S1_001,13444,2,2,думать,думал,— А ты думал — способствовать беспорядкам?,— Усмирять?,— Мы ни того ни другого не хотим.,— Усмирять? — А ты думал — способствовать беспорядкам? — Мы ни того ни другого не хотим.,False,,False,,True,423
WORD,S1_001,13449,5,5,думать,думают,"— Я сам знаю, что казаки думают.",— Что «казаки»? — уже озлобленно перебил его командир сотни.,Мне-то приятна эта миссия?,"— Что «казаки»? — уже озлобленно перебил его командир сотни. — Я сам знаю, что казаки думают. Мне-то приятна эта миссия?",False,,False,,True,424
WORD,S1_001,13517,16,16,думать,думая,"Казаки, задав лошадям корм, спали, редко кто бодрствовал, покуривая у полуоткрытых дверей, глядя на величавое небо, думая о своем.","Состав поплыл мимо водокачки, мимо редких квадратиков освещенных окон и темных, за полотном, березовых куп.","Иван Алексеевич лежал рядом с Королевым, глядел в дверную щель на текучую звездную россыпь.","Состав поплыл мимо водокачки, мимо редких квадратиков освещенных окон и темных, за полотном, березовых куп. Казаки, задав лошадям корм, спали, редко кто бодрствовал, покуривая у полуоткрытых дверей, глядя на величавое небо, думая о своем. Иван Алексеевич лежал рядом с Королевым, глядел в дверную щель на текучую звездную россыпь.",False,,False,,True,425
WORD,S1_004,13519,6,6,решить,решил,"За минувший день, обдумав все, твердо решил он всячески противодействовать дальнейшему продвижению сотни на Петроград; лежа, размышлял, каким образом склонить казаков к своему решению, как на них подействовать.","Иван Алексеевич лежал рядом с Королевым, глядел в дверную щель на текучую звездную россыпь.","Еще до воззвания Корнилова он ясно сознавал, что казакам с Корниловым не одну стежку топтать, чутье подсказывало, что и Керенского защищать не с руки; поворочал мозгами, решил: не допустить сотню до Петрограда, а если и придется с кем цокнуться, так с Корниловым, но не за Керенского, не за его власть, а за ту, которая станет после него.","Иван Алексеевич лежал рядом с Королевым, глядел в дверную щель на текучую звездную россыпь. За минувший день, обдумав все, твердо решил он всячески противодействовать дальнейшему продвижению сотни на Петроград; лежа, размышлял, каким образом склонить казаков к своему решению, как на них подействовать. Еще до воззвания Корнилова он ясно сознавал, что казакам с Корниловым не одну стежку топтать, чутье подсказывало, что и Керенского защищать не с руки; поворочал мозгами, решил: не допустить сотню до Петрограда, а если и придется с кем цокнуться, так с Корниловым, но не за Керенского, не за его власть, а за ту, которая станет после него.",False,,False,,True,426
WORD,S1_006,13519,16,16,размышлять,размышлял,"За минувший день, обдумав все, твердо решил он всячески противодействовать дальнейшему продвижению сотни на Петроград; лежа, размышлял, каким образом склонить казаков к своему решению, как на них подействовать.","Иван Алексеевич лежал рядом с Королевым, глядел в дверную щель на текучую звездную россыпь.","Еще до воззвания Корнилова он ясно сознавал, что казакам с Корниловым не одну стежку топтать, чутье подсказывало, что и Керенского защищать не с руки; поворочал мозгами, решил: не допустить сотню до Петрограда, а если и придется с кем цокнуться, так с Корниловым, но не за Керенского, не за его власть, а за ту, которая станет после него.","Иван Алексеевич лежал рядом с Королевым, глядел в дверную щель на текучую звездную россыпь. За минувший день, обдумав все, твердо решил он всячески противодействовать дальнейшему продвижению сотни на Петроград; лежа, размышлял, каким образом склонить казаков к своему решению, как на них подействовать. Еще до воззвания Корнилова он ясно сознавал, что казакам с Корниловым не одну стежку топтать, чутье подсказывало, что и Керенского защищать не с руки; поворочал мозгами, решил: не допустить сотню до Петрограда, а если и придется с кем цокнуться, так с Корниловым, но не за Керенского, не за его власть, а за ту, которая станет после него.",False,,False,,True,427
WORD,S1_020,13520,5,5,ясно,ясно,"Еще до воззвания Корнилова он ясно сознавал, что казакам с Корниловым не одну стежку топтать, чутье подсказывало, что и Керенского защищать не с руки; поворочал мозгами, решил: не допустить сотню до Петрограда, а если и придется с кем цокнуться, так с Корниловым, но не за Керенского, не за его власть, а за ту, которая станет после него.","За минувший день, обдумав все, твердо решил он всячески противодействовать дальнейшему продвижению сотни на Петроград; лежа, размышлял, каким образом склонить казаков к своему решению, как на них подействовать.","Что после Керенского будет желанная, подлинно своя власть, — в этом он был больше чем уверен.","За минувший день, обдумав все, твердо решил он всячески противодействовать дальнейшему продвижению сотни на Петроград; лежа, размышлял, каким образом склонить казаков к своему решению, как на них подействовать. Еще до воззвания Корнилова он ясно сознавал, что казакам с Корниловым не одну стежку топтать, чутье подсказывало, что и Керенского защищать не с руки; поворочал мозгами, решил: не допустить сотню до Петрограда, а если и придется с кем цокнуться, так с Корниловым, но не за Керенского, не за его власть, а за ту, которая станет после него. Что после Керенского будет желанная, подлинно своя власть, — в этом он был больше чем уверен.",False,,False,,True,428
WORD,S1_004,13520,26,26,решить,решил,"Еще до воззвания Корнилова он ясно сознавал, что казакам с Корниловым не одну стежку топтать, чутье подсказывало, что и Керенского защищать не с руки; поворочал мозгами, решил: не допустить сотню до Петрограда, а если и придется с кем цокнуться, так с Корниловым, но не за Керенского, не за его власть, а за ту, которая станет после него.","За минувший день, обдумав все, твердо решил он всячески противодействовать дальнейшему продвижению сотни на Петроград; лежа, размышлял, каким образом склонить казаков к своему решению, как на них подействовать.","Что после Керенского будет желанная, подлинно своя власть, — в этом он был больше чем уверен.","За минувший день, обдумав все, твердо решил он всячески противодействовать дальнейшему продвижению сотни на Петроград; лежа, размышлял, каким образом склонить казаков к своему решению, как на них подействовать. Еще до воззвания Корнилова он ясно сознавал, что казакам с Корниловым не одну стежку топтать, чутье подсказывало, что и Керенского защищать не с руки; поворочал мозгами, решил: не допустить сотню до Петрограда, а если и придется с кем цокнуться, так с Корниловым, но не за Керенского, не за его власть, а за ту, которая станет после него. Что после Керенского будет желанная, подлинно своя власть, — в этом он был больше чем уверен.",False,,False,,True,429
WORD,S1_002,13522,31,31,подумать,подумал,"Еще летом пришлось ему побывать в Петрограде, в военной секции исполкома, куда посылала его сотня за советом по поводу возникшего с командиром сотни конфликта; поглядев работу исполкома, переговорив с несколькими товарищами-большевиками, подумал: «Обрастет этот костяк нашим рабочим мясом, — вот это будет власть!","Что после Керенского будет желанная, подлинно своя власть, — в этом он был больше чем уверен.","Умри, Иван, а держись за нее, держись, как дите за материну сиську!»","Что после Керенского будет желанная, подлинно своя власть, — в этом он был больше чем уверен. Еще летом пришлось ему побывать в Петрограде, в военной секции исполкома, куда посылала его сотня за советом по поводу возникшего с командиром сотни конфликта; поглядев работу исполкома, переговорив с несколькими товарищами-большевиками, подумал: «Обрастет этот костяк нашим рабочим мясом, — вот это будет власть! Умри, Иван, а держись за нее, держись, как дите за материну сиську!»",False,,False,,True,430
WORD,ALEX_008,13524,9,9,вспоминать,вспоминал,"В эту ночь, лежа на попоне, чаще, чем обычно, вспоминал с большой, неизведанной доселе горячей любовью человека, под руководством которого прощупал жесткую свою дорогу.","Умри, Иван, а держись за нее, держись, как дите за материну сиську!»","Думая о том, что должен был назавтра говорить казакам, вспомнил и слова Штокмана о казаках, их он повторял часто, будто гвоздь по самую шляпку вбивал: «Казачество консервативно по своему существу.","Умри, Иван, а держись за нее, держись, как дите за материну сиську!» В эту ночь, лежа на попоне, чаще, чем обычно, вспоминал с большой, неизведанной доселе горячей любовью человека, под руководством которого прощупал жесткую свою дорогу. Думая о том, что должен был назавтра говорить казакам, вспомнил и слова Штокмана о казаках, их он повторял часто, будто гвоздь по самую шляпку вбивал: «Казачество консервативно по своему существу.",False,,False,,True,431
WORD,S1_001,13525,0,0,думать,Думая,"Думая о том, что должен был назавтра говорить казакам, вспомнил и слова Штокмана о казаках, их он повторял часто, будто гвоздь по самую шляпку вбивал: «Казачество консервативно по своему существу.","В эту ночь, лежа на попоне, чаще, чем обычно, вспоминал с большой, неизведанной доселе горячей любовью человека, под руководством которого прощупал жесткую свою дорогу.","Когда ты будешь убеждать казака в правоте большевистских идей, — не забывай этого обстоятельства, действуй осторожно, вдумчиво, умей приспособляться к обстановке.","В эту ночь, лежа на попоне, чаще, чем обычно, вспоминал с большой, неизведанной доселе горячей любовью человека, под руководством которого прощупал жесткую свою дорогу. Думая о том, что должен был назавтра говорить казакам, вспомнил и слова Штокмана о казаках, их он повторял часто, будто гвоздь по самую шляпку вбивал: «Казачество консервативно по своему существу. Когда ты будешь убеждать казака в правоте большевистских идей, — не забывай этого обстоятельства, действуй осторожно, вдумчиво, умей приспособляться к обстановке.",False,,False,,True,432
WORD,S1_014,13525,9,9,вспомнить,вспомнил,"Думая о том, что должен был назавтра говорить казакам, вспомнил и слова Штокмана о казаках, их он повторял часто, будто гвоздь по самую шляпку вбивал: «Казачество консервативно по своему существу.","В эту ночь, лежа на попоне, чаще, чем обычно, вспоминал с большой, неизведанной доселе горячей любовью человека, под руководством которого прощупал жесткую свою дорогу.","Когда ты будешь убеждать казака в правоте большевистских идей, — не забывай этого обстоятельства, действуй осторожно, вдумчиво, умей приспособляться к обстановке.","В эту ночь, лежа на попоне, чаще, чем обычно, вспоминал с большой, неизведанной доселе горячей любовью человека, под руководством которого прощупал жесткую свою дорогу. Думая о том, что должен был назавтра говорить казакам, вспомнил и слова Штокмана о казаках, их он повторял часто, будто гвоздь по самую шляпку вбивал: «Казачество консервативно по своему существу. Когда ты будешь убеждать казака в правоте большевистских идей, — не забывай этого обстоятельства, действуй осторожно, вдумчиво, умей приспособляться к обстановке.",False,,False,,True,433
PHRASE,PHR_060,13526,9,10,не забывать,не забывай,"Когда ты будешь убеждать казака в правоте большевистских идей, — не забывай этого обстоятельства, действуй осторожно, вдумчиво, умей приспособляться к обстановке.","Думая о том, что должен был назавтра говорить казакам, вспомнил и слова Штокмана о казаках, их он повторял часто, будто гвоздь по самую шляпку вбивал: «Казачество консервативно по своему существу.","Вначале к тебе будут относиться с таким же предубеждением, с каким и ты, и Мишка Кошевой относились вначале ко мне, но пусть это тебя не смущает.","Думая о том, что должен был назавтра говорить казакам, вспомнил и слова Штокмана о казаках, их он повторял часто, будто гвоздь по самую шляпку вбивал: «Казачество консервативно по своему существу. Когда ты будешь убеждать казака в правоте большевистских идей, — не забывай этого обстоятельства, действуй осторожно, вдумчиво, умей приспособляться к обстановке. Вначале к тебе будут относиться с таким же предубеждением, с каким и ты, и Мишка Кошевой относились вначале ко мне, но пусть это тебя не смущает.",False,,False,,True,434
WORD,S1_004,13529,48,48,решить,решили,"Иван Алексеевич рассчитывал, что, убеждая казаков не идти с Корниловым, он встретит со стороны некоторых возражения, но утром, когда в своем вагоне осторожно заговорил о том, что надо потребовать возвращения на фронт, а не идти на Петроград драться со своими же, казаки охотно согласились и с большой готовностью решили отказаться от дальнейшего следования на Петроград.","Долби упорно, — конечный успех за нами».",Захар Королев и казак Чернышевской станицы Турилин были ближайшими сообщниками Ивана Алексеевича.,"Долби упорно, — конечный успех за нами». Иван Алексеевич рассчитывал, что, убеждая казаков не идти с Корниловым, он встретит со стороны некоторых возражения, но утром, когда в своем вагоне осторожно заговорил о том, что надо потребовать возвращения на фронт, а не идти на Петроград драться со своими же, казаки охотно согласились и с большой готовностью решили отказаться от дальнейшего следования на Петроград. Захар Королев и казак Чернышевской станицы Турилин были ближайшими сообщниками Ивана Алексеевича.",False,,False,,True,435
PHRASE,PHR_080,13563,3,4,решить идти,решено идти,"Общим советом было решено идти на фронт, в случае попыток задержания — сражаться.","С трудом ориентируясь по отобранной у бывшего командира карте, сотня дошла до деревни Горелое, стала на ночевку.","Стреножив лошадей и выставив сторожевое охранение, казаки улеглись позоревать.","С трудом ориентируясь по отобранной у бывшего командира карте, сотня дошла до деревни Горелое, стала на ночевку. Общим советом было решено идти на фронт, в случае попыток задержания — сражаться. Стреножив лошадей и выставив сторожевое охранение, казаки улеглись позоревать.",False,,False,,True,436
WORD,S1_004,13563,3,3,решить,решено,"Общим советом было решено идти на фронт, в случае попыток задержания — сражаться.","С трудом ориентируясь по отобранной у бывшего командира карте, сотня дошла до деревни Горелое, стала на ночевку.","Стреножив лошадей и выставив сторожевое охранение, казаки улеглись позоревать.","С трудом ориентируясь по отобранной у бывшего командира карте, сотня дошла до деревни Горелое, стала на ночевку. Общим советом было решено идти на фронт, в случае попыток задержания — сражаться. Стреножив лошадей и выставив сторожевое охранение, казаки улеглись позоревать.",True,PHR_080,False,,False,437
WORD,S1_011,13566,17,17,мысль,мысли,"Чувствовалось, что у большинства настроение подавленное, улеглись без обычных разговоров и шуток, скрытно тая друг от друга мысли.",Огней не разводили.,"«Что, ежели одумаются и пойдут с повинной?» — не без тревоги подумал Иван Алексеевич, умащиваясь под шинелью.","Огней не разводили. Чувствовалось, что у большинства настроение подавленное, улеглись без обычных разговоров и шуток, скрытно тая друг от друга мысли. «Что, ежели одумаются и пойдут с повинной?» — не без тревоги подумал Иван Алексеевич, умащиваясь под шинелью.",False,,False,,True,438
WORD,S1_002,13567,10,10,подумать,подумал,"«Что, ежели одумаются и пойдут с повинной?» — не без тревоги подумал Иван Алексеевич, умащиваясь под шинелью.","Чувствовалось, что у большинства настроение подавленное, улеглись без обычных разговоров и шуток, скрытно тая друг от друга мысли.","Словно подслушав его мысль, подошел Турилин.","Чувствовалось, что у большинства настроение подавленное, улеглись без обычных разговоров и шуток, скрытно тая друг от друга мысли. «Что, ежели одумаются и пойдут с повинной?» — не без тревоги подумал Иван Алексеевич, умащиваясь под шинелью. Словно подслушав его мысль, подошел Турилин.",False,,False,,True,439
WORD,S1_011,13568,3,3,мысль,мысль,"Словно подслушав его мысль, подошел Турилин.","«Что, ежели одумаются и пойдут с повинной?» — не без тревоги подумал Иван Алексеевич, умащиваясь под шинелью.","— Спишь, Иван?","«Что, ежели одумаются и пойдут с повинной?» — не без тревоги подумал Иван Алексеевич, умащиваясь под шинелью. Словно подслушав его мысль, подошел Турилин. — Спишь, Иван?",False,,False,,True,440
WORD,S1_001,13573,7,7,думать,думаешь,"Заварили мы кашку… не густо, ты как думаешь?","Нашкодили, а зараз побаиваются.","— Там видно будет, — спокойно ответил Иван Алексеевич.","Нашкодили, а зараз побаиваются. Заварили мы кашку… не густо, ты как думаешь? — Там видно будет, — спокойно ответил Иван Алексеевич.",False,,False,,True,441
WORD,S1_017,13629,8,8,понять,понял,"Когда подъехали представители, Иван Алексеевич, учитывая настроение казаков, понял, что избежать переговоров нельзя, так как отказ от переговоров неминуемо должен был вызвать обратные результаты.",Вы можете только беспрекословным подчинением предотвратить пролитие братской крови.,"Подумав, он отдал распоряжение сотне спешиться, сам, неприметно мигнув Турилину, протиснулся поближе к представителям.","Вы можете только беспрекословным подчинением предотвратить пролитие братской крови. Когда подъехали представители, Иван Алексеевич, учитывая настроение казаков, понял, что избежать переговоров нельзя, так как отказ от переговоров неминуемо должен был вызвать обратные результаты. Подумав, он отдал распоряжение сотне спешиться, сам, неприметно мигнув Турилину, протиснулся поближе к представителям.",False,,False,,True,442
WORD,S1_002,13630,0,0,подумать,Подумав,"Подумав, он отдал распоряжение сотне спешиться, сам, неприметно мигнув Турилину, протиснулся поближе к представителям.","Когда подъехали представители, Иван Алексеевич, учитывая настроение казаков, понял, что избежать переговоров нельзя, так как отказ от переговоров неминуемо должен был вызвать обратные результаты.","Во время речи офицера видел, как, потупив головы, нахмурясь, слушают казаки; некоторые перешептывались.","Когда подъехали представители, Иван Алексеевич, учитывая настроение казаков, понял, что избежать переговоров нельзя, так как отказ от переговоров неминуемо должен был вызвать обратные результаты. Подумав, он отдал распоряжение сотне спешиться, сам, неприметно мигнув Турилину, протиснулся поближе к представителям. Во время речи офицера видел, как, потупив головы, нахмурясь, слушают казаки; некоторые перешептывались.",False,,False,,True,443
WORD,S1_017,13637,2,2,понять,понял,"Иван Алексеевич понял, что в настроении казаков назрел переломный момент: еще несколько минут — и краснобаю-офицеру удастся повернуть сотню на свой лад.","Турилин сапно дышал; веснушчатый Обнизов, сдвинув на затылок фуражку, мотал чубатой головой, словно бык, почуявший на шее ярмо; весь второй взвод стоял не поднимая голов, как на молитве; слитная толпа молчала, люди жарко и тяжко дышали, по лицам зыбью текла растерянность…","Во что бы то ни стало требовалось разрушить впечатление, произведенное словами офицера, поколебать невысказанное, но уже сложившееся в умах казаков решение.","Турилин сапно дышал; веснушчатый Обнизов, сдвинув на затылок фуражку, мотал чубатой головой, словно бык, почуявший на шее ярмо; весь второй взвод стоял не поднимая голов, как на молитве; слитная толпа молчала, люди жарко и тяжко дышали, по лицам зыбью текла растерянность… Иван Алексеевич понял, что в настроении казаков назрел переломный момент: еще несколько минут — и краснобаю-офицеру удастся повернуть сотню на свой лад. Во что бы то ни стало требовалось разрушить впечатление, произведенное словами офицера, поколебать невысказанное, но уже сложившееся в умах казаков решение.",False,,False,,True,444
WORD,S1_001,13703,21,21,думать,думал,"Иван Алексеевич глядел неотрывно на ингуша-офицера, на зверино-белый оскал его зубов, на косую серую полоску пота, перерезавшую левый висок, с тоскою думал, что напрасно упустил момент, когда можно было словом одним кончить переговоры и увести казаков.","Казаки вновь приумолкли, вновь замешательство взволновало их ряды.",Положение выручил Турилин.,"Казаки вновь приумолкли, вновь замешательство взволновало их ряды. Иван Алексеевич глядел неотрывно на ингуша-офицера, на зверино-белый оскал его зубов, на косую серую полоску пота, перерезавшую левый висок, с тоскою думал, что напрасно упустил момент, когда можно было словом одним кончить переговоры и увести казаков. Положение выручил Турилин.",False,,False,,True,445
PHRASE,PHR_061,13733,10,11,стать ясно,стало ясно,"XVI
Уже 29 августа из телеграмм, получаемых от Крымова, Корнилову стало ясно, что дело вооруженного переворота погибло.","Иван Алексеевич, глянув в последний раз, увидел эту ослепительно сверкающую полоску шелка, и перед глазами его почему-то встала взлохмаченная ветром-суховеем грудь Дона, зеленые гривастые волны и косо накренившееся, чертящее концом верхушку волны белое крыло чайки-рыболова.",В два пополудни в Ставку прибыл от Крымова офицер-ординарец.,"Иван Алексеевич, глянув в последний раз, увидел эту ослепительно сверкающую полоску шелка, и перед глазами его почему-то встала взлохмаченная ветром-суховеем грудь Дона, зеленые гривастые волны и косо накренившееся, чертящее концом верхушку волны белое крыло чайки-рыболова. XVI
Уже 29 августа из телеграмм, получаемых от Крымова, Корнилову стало ясно, что дело вооруженного переворота погибло. В два пополудни в Ставку прибыл от Крымова офицер-ординарец.",False,,False,,True,446
WORD,S1_020,13733,11,11,ясно,ясно,"XVI
Уже 29 августа из телеграмм, получаемых от Крымова, Корнилову стало ясно, что дело вооруженного переворота погибло.","Иван Алексеевич, глянув в последний раз, увидел эту ослепительно сверкающую полоску шелка, и перед глазами его почему-то встала взлохмаченная ветром-суховеем грудь Дона, зеленые гривастые волны и косо накренившееся, чертящее концом верхушку волны белое крыло чайки-рыболова.",В два пополудни в Ставку прибыл от Крымова офицер-ординарец.,"Иван Алексеевич, глянув в последний раз, увидел эту ослепительно сверкающую полоску шелка, и перед глазами его почему-то встала взлохмаченная ветром-суховеем грудь Дона, зеленые гривастые волны и косо накренившееся, чертящее концом верхушку волны белое крыло чайки-рыболова. XVI
Уже 29 августа из телеграмм, получаемых от Крымова, Корнилову стало ясно, что дело вооруженного переворота погибло. В два пополудни в Ставку прибыл от Крымова офицер-ординарец.",True,PHR_061,False,,False,447
WORD,S1_001,13743,2,2,думать,думают,"Они не думают о том, что в случае удачи я прикажу вешать десятого из них.",— Вся эта железнодорожная сволочь вставляет нам палки в колеса.,Ознакомьтесь с донесением Крымова.,"— Вся эта железнодорожная сволочь вставляет нам палки в колеса. Они не думают о том, что в случае удачи я прикажу вешать десятого из них. Ознакомьтесь с донесением Крымова.",False,,False,,True,448
WORD,S1_001,13879,3,3,думать,думаешь,"— Ты — неграмотный, так думаешь — и всем темно, как тебе?","— Чего мелешь, чего брешешь, дурья голова? — возмущенно перебил один.",Как будто мы на курево газеты потребляли!,"— Чего мелешь, чего брешешь, дурья голова? — возмущенно перебил один. — Ты — неграмотный, так думаешь — и всем темно, как тебе? Как будто мы на курево газеты потребляли!",False,,False,,True,449
WORD,S1_017,13918,0,0,понять,Понял,Понял?,"Выборная власть, Совет.",— А сверху кто?,"Выборная власть, Совет. Понял? — А сверху кто?",False,,False,,True,450
WORD,S1_011,13942,22,22,мысль,мысли,"И вместо этого с неизъяснимой горечью ощущал, как мыльными пузырями срываются с его губ легковесные фразы, а в голове путаются выхолощенные, скользкие мысли.","Вначале, когда заговорил, собственным слухом ловил в голосе своем спотыкающуюся неуверенность, наигранность, будто со стороны вслушивался в свои бессочные слова, — ужасался неубедительности приводимых доводов, мучительно шарил в голове, разыскивал какие-то большие, тяжелые глыбы слов, чтобы ломать ими, крушить…","Он стоял, обжигаясь по́том, тяжко дыша.","Вначале, когда заговорил, собственным слухом ловил в голосе своем спотыкающуюся неуверенность, наигранность, будто со стороны вслушивался в свои бессочные слова, — ужасался неубедительности приводимых доводов, мучительно шарил в голове, разыскивал какие-то большие, тяжелые глыбы слов, чтобы ломать ими, крушить… И вместо этого с неизъяснимой горечью ощущал, как мыльными пузырями срываются с его губ легковесные фразы, а в голове путаются выхолощенные, скользкие мысли. Он стоял, обжигаясь по́том, тяжко дыша.",False,,False,,True,451
PHRASE,PHR_015,13944,3,4,один мысль,одной мыслью,"Говорил, просверливаемый навылет одной мыслью: «Мне доверили такое большое дело — и вот я его поганю собственными руками…","Он стоял, обжигаясь по́том, тяжко дыша.",Слова не свяжу…,"Он стоял, обжигаясь по́том, тяжко дыша. Говорил, просверливаемый навылет одной мыслью: «Мне доверили такое большое дело — и вот я его поганю собственными руками… Слова не свяжу…",False,,False,,True,452
WORD,S1_011,13944,4,4,мысль,мыслью,"Говорил, просверливаемый навылет одной мыслью: «Мне доверили такое большое дело — и вот я его поганю собственными руками…","Он стоял, обжигаясь по́том, тяжко дыша.",Слова не свяжу…,"Он стоял, обжигаясь по́том, тяжко дыша. Говорил, просверливаемый навылет одной мыслью: «Мне доверили такое большое дело — и вот я его поганю собственными руками… Слова не свяжу…",True,PHR_015,False,,False,453
WORD,S1_017,13977,11,11,понять,понял,"Сам он из донских казаков, родом из Сальского округа, станицы Великокняжеской, — понял?",Наших.,"Служил батарейцем, гутарют.","Наших. Сам он из донских казаков, родом из Сальского округа, станицы Великокняжеской, — понял? Служил батарейцем, гутарют.",False,,False,,True,454
PHRASE,PHR_125,14018,16,17,стать думать,стал думать,"Бунчук, одолеваемый вшами, поворочался, перевернулся на другой бок и, с досадой сознавая, что сон ушел надолго, стал думать о завтрашнем митинге.","Тр-р-р, проклятый!.. — заспанным тенорком вскричал вскочивший Дугин и чем-то тяжелым ударил ближнюю лошадь.","Пытался представить себе — во что выльется противодействие офицеров, усмехнулся: «Сбегут, наверное, если казаки дружно запротестуют, а впрочем, черт их знает!","Тр-р-р, проклятый!.. — заспанным тенорком вскричал вскочивший Дугин и чем-то тяжелым ударил ближнюю лошадь. Бунчук, одолеваемый вшами, поворочался, перевернулся на другой бок и, с досадой сознавая, что сон ушел надолго, стал думать о завтрашнем митинге. Пытался представить себе — во что выльется противодействие офицеров, усмехнулся: «Сбегут, наверное, если казаки дружно запротестуют, а впрочем, черт их знает!",False,,False,,True,455
WORD,S1_001,14018,17,17,думать,думать,"Бунчук, одолеваемый вшами, поворочался, перевернулся на другой бок и, с досадой сознавая, что сон ушел надолго, стал думать о завтрашнем митинге.","Тр-р-р, проклятый!.. — заспанным тенорком вскричал вскочивший Дугин и чем-то тяжелым ударил ближнюю лошадь.","Пытался представить себе — во что выльется противодействие офицеров, усмехнулся: «Сбегут, наверное, если казаки дружно запротестуют, а впрочем, черт их знает!","Тр-р-р, проклятый!.. — заспанным тенорком вскричал вскочивший Дугин и чем-то тяжелым ударил ближнюю лошадь. Бунчук, одолеваемый вшами, поворочался, перевернулся на другой бок и, с досадой сознавая, что сон ушел надолго, стал думать о завтрашнем митинге. Пытался представить себе — во что выльется противодействие офицеров, усмехнулся: «Сбегут, наверное, если казаки дружно запротестуют, а впрочем, черт их знает!",True,PHR_125,False,,False,456
WORD,S1_014,14021,2,2,вспомнить,вспомнил,"Как-то непроизвольно вспомнил эпизод из войны, атаку в октябре 1915 года, а затем память, словно обрадовавшись, что направили ее на знакомую, утоптанную тропу, настойчиво и злорадно стала подсовывать обрезки воспоминаний: лица, безобразные позы убитых русских и немецких солдат, разноголосую речь, бескрасочные, стертые временем куски виденных когда-то пейзажей, невысказанные, почему-то сохранившиеся мысли, внутренне еле ощутимые отзвуки канонады, знакомый стук пулемета и шорох ленты, бравурную мелодию, красивый до боли, чуть блеклый рисунок рта любимой когда-то женщины и опять — клочки войны: убитые, осевшие холмики братских могил…",На всякий случай договорюсь с гарнизонным комитетом».,"Бунчук засуетился; приподнявшись, сел, вслух сказал или только подумал: «До смерти буду носить вот эти воспоминания, и не я один, а все, кто уцелеет.","На всякий случай договорюсь с гарнизонным комитетом». Как-то непроизвольно вспомнил эпизод из войны, атаку в октябре 1915 года, а затем память, словно обрадовавшись, что направили ее на знакомую, утоптанную тропу, настойчиво и злорадно стала подсовывать обрезки воспоминаний: лица, безобразные позы убитых русских и немецких солдат, разноголосую речь, бескрасочные, стертые временем куски виденных когда-то пейзажей, невысказанные, почему-то сохранившиеся мысли, внутренне еле ощутимые отзвуки канонады, знакомый стук пулемета и шорох ленты, бравурную мелодию, красивый до боли, чуть блеклый рисунок рта любимой когда-то женщины и опять — клочки войны: убитые, осевшие холмики братских могил… Бунчук засуетился; приподнявшись, сел, вслух сказал или только подумал: «До смерти буду носить вот эти воспоминания, и не я один, а все, кто уцелеет.",False,,False,,True,457
WORD,S1_011,14021,50,50,мысль,мысли,"Как-то непроизвольно вспомнил эпизод из войны, атаку в октябре 1915 года, а затем память, словно обрадовавшись, что направили ее на знакомую, утоптанную тропу, настойчиво и злорадно стала подсовывать обрезки воспоминаний: лица, безобразные позы убитых русских и немецких солдат, разноголосую речь, бескрасочные, стертые временем куски виденных когда-то пейзажей, невысказанные, почему-то сохранившиеся мысли, внутренне еле ощутимые отзвуки канонады, знакомый стук пулемета и шорох ленты, бравурную мелодию, красивый до боли, чуть блеклый рисунок рта любимой когда-то женщины и опять — клочки войны: убитые, осевшие холмики братских могил…",На всякий случай договорюсь с гарнизонным комитетом».,"Бунчук засуетился; приподнявшись, сел, вслух сказал или только подумал: «До смерти буду носить вот эти воспоминания, и не я один, а все, кто уцелеет.","На всякий случай договорюсь с гарнизонным комитетом». Как-то непроизвольно вспомнил эпизод из войны, атаку в октябре 1915 года, а затем память, словно обрадовавшись, что направили ее на знакомую, утоптанную тропу, настойчиво и злорадно стала подсовывать обрезки воспоминаний: лица, безобразные позы убитых русских и немецких солдат, разноголосую речь, бескрасочные, стертые временем куски виденных когда-то пейзажей, невысказанные, почему-то сохранившиеся мысли, внутренне еле ощутимые отзвуки канонады, знакомый стук пулемета и шорох ленты, бравурную мелодию, красивый до боли, чуть блеклый рисунок рта любимой когда-то женщины и опять — клочки войны: убитые, осевшие холмики братских могил… Бунчук засуетился; приподнявшись, сел, вслух сказал или только подумал: «До смерти буду носить вот эти воспоминания, и не я один, а все, кто уцелеет.",False,,False,,True,458
WORD,S1_002,14022,8,8,подумать,подумал,"Бунчук засуетился; приподнявшись, сел, вслух сказал или только подумал: «До смерти буду носить вот эти воспоминания, и не я один, а все, кто уцелеет.","Как-то непроизвольно вспомнил эпизод из войны, атаку в октябре 1915 года, а затем память, словно обрадовавшись, что направили ее на знакомую, утоптанную тропу, настойчиво и злорадно стала подсовывать обрезки воспоминаний: лица, безобразные позы убитых русских и немецких солдат, разноголосую речь, бескрасочные, стертые временем куски виденных когда-то пейзажей, невысказанные, почему-то сохранившиеся мысли, внутренне еле ощутимые отзвуки канонады, знакомый стук пулемета и шорох ленты, бравурную мелодию, красивый до боли, чуть блеклый рисунок рта любимой когда-то женщины и опять — клочки войны: убитые, осевшие холмики братских могил…","Искалечили, надругались над жизнью!..","Как-то непроизвольно вспомнил эпизод из войны, атаку в октябре 1915 года, а затем память, словно обрадовавшись, что направили ее на знакомую, утоптанную тропу, настойчиво и злорадно стала подсовывать обрезки воспоминаний: лица, безобразные позы убитых русских и немецких солдат, разноголосую речь, бескрасочные, стертые временем куски виденных когда-то пейзажей, невысказанные, почему-то сохранившиеся мысли, внутренне еле ощутимые отзвуки канонады, знакомый стук пулемета и шорох ленты, бравурную мелодию, красивый до боли, чуть блеклый рисунок рта любимой когда-то женщины и опять — клочки войны: убитые, осевшие холмики братских могил… Бунчук засуетился; приподнявшись, сел, вслух сказал или только подумал: «До смерти буду носить вот эти воспоминания, и не я один, а все, кто уцелеет. Искалечили, надругались над жизнью!..",False,,False,,True,459
WORD,S1_014,14027,2,2,вспомнить,вспомнил,"И еще вспомнил двенадцатилетнюю Лушу, дочь убитого на войне петроградского рабочего-металлиста, приятеля, с которым некогда вместе работали в Туле.",Вы и смертью не покроете свою вину!..»,Вечером шел по бульвару.,"Вы и смертью не покроете свою вину!..» И еще вспомнил двенадцатилетнюю Лушу, дочь убитого на войне петроградского рабочего-металлиста, приятеля, с которым некогда вместе работали в Туле. Вечером шел по бульвару.",False,,False,,True,460
WORD,S1_002,14074,3,3,подумать,подумал,"Ну ладно!» — отрывочно подумал он, направляясь вместе с Дугиным к месту митинга.",Значит — надежный корниловец.,За пакгаузом — серо-зеленый частокол казачьих гимнастерок и шинелей.,"Значит — надежный корниловец. Ну ладно!» — отрывочно подумал он, направляясь вместе с Дугиным к месту митинга. За пакгаузом — серо-зеленый частокол казачьих гимнастерок и шинелей.",False,,False,,True,461
WORD,S1_020,14089,0,0,ясно,Ясно,"Ясно, что такое правительство ведет страну к гибели, что такому правительству верить нельзя и вместе с ним не может быть спасения несчастной России.","Я обвиняю некоторых членов правительства в прямом предательстве Родины и тому привожу доказательства: когда я был на заседании Временного правительства в Зимнем дворце, 3 августа, министр Керенский и Савинков указали мне, что нельзя всего говорить, так как среди министров есть люди неверные.","Поэтому, когда вчера Временное правительство, в угоду врагам, потребовало от меня оставления должности верховного главнокомандующего, я, как казак, по долгу совести и чести, вынужден был отказаться от исполнения этого требования, предпочитая смерть на поле брани позору и предательству Родины.","Я обвиняю некоторых членов правительства в прямом предательстве Родины и тому привожу доказательства: когда я был на заседании Временного правительства в Зимнем дворце, 3 августа, министр Керенский и Савинков указали мне, что нельзя всего говорить, так как среди министров есть люди неверные. Ясно, что такое правительство ведет страну к гибели, что такому правительству верить нельзя и вместе с ним не может быть спасения несчастной России. Поэтому, когда вчера Временное правительство, в угоду врагам, потребовало от меня оставления должности верховного главнокомандующего, я, как казак, по долгу совести и чести, вынужден был отказаться от исполнения этого требования, предпочитая смерть на поле брани позору и предательству Родины.",False,,False,,True,462
WORD,S1_001,14135,25,25,думать,думайте,"Он горячо призывал казаков не подчиняться душителю революции генералу Корнилову, говорил о гибельности войны с народом, закончил речь, обращаясь к Бунчуку:
— А вы, товарищ, не думайте, что мы вас, как и господа офицеры, презираем.","На бочонок вскочил высокий, без фуражки, с наголо остриженной головой казак, член полкового ревкома.","Мы вам рады и уважаем как представителя народа, и ишо за то уважаем, что, бывши вы офицером, не притесняли казаков, а были с нами вроде как по-братски.","На бочонок вскочил высокий, без фуражки, с наголо остриженной головой казак, член полкового ревкома. Он горячо призывал казаков не подчиняться душителю революции генералу Корнилову, говорил о гибельности войны с народом, закончил речь, обращаясь к Бунчуку:
— А вы, товарищ, не думайте, что мы вас, как и господа офицеры, презираем. Мы вам рады и уважаем как представителя народа, и ишо за то уважаем, что, бывши вы офицером, не притесняли казаков, а были с нами вроде как по-братски.",False,,False,,True,463
WORD,S1_001,14137,9,9,думать,думайте,"Грубого слова от вас мы не слыхали, но не думайте, что мы, необразованные люди, не понимаем обхожденья, — ласковое слово и скотина понимает, не то что человек.","Мы вам рады и уважаем как представителя народа, и ишо за то уважаем, что, бывши вы офицером, не притесняли казаков, а были с нами вроде как по-братски.","Земно вам кланяемся и просим передать питерским рабочим и солдатам, что на них руку мы не подымем!","Мы вам рады и уважаем как представителя народа, и ишо за то уважаем, что, бывши вы офицером, не притесняли казаков, а были с нами вроде как по-братски. Грубого слова от вас мы не слыхали, но не думайте, что мы, необразованные люди, не понимаем обхожденья, — ласковое слово и скотина понимает, не то что человек. Земно вам кланяемся и просим передать питерским рабочим и солдатам, что на них руку мы не подымем!",False,,False,,True,464
WORD,S1_022,14184,2,2,сообразить,сообразил,Никто не сообразил вовремя шлепнуть этого подлеца!,Мы вели себя как дети!,"Когда он направил на Калмыкова револьвер, тут бы ему раз — и готово бы!","Мы вели себя как дети! Никто не сообразил вовремя шлепнуть этого подлеца! Когда он направил на Калмыкова револьвер, тут бы ему раз — и готово бы!",False,,False,,True,465
WORD,S1_017,14234,8,8,понять,понял,"Глухо ударившись спиной о стену водокачки, он выпрямился, понял:
— Убить хочешь?","Не смей бить!.. — рычал Калмыков, сопротивляясь.","Изогнувшись, торопился Бунчук, рвал револьвер, курком зацепившийся за подкладку кармана.","Не смей бить!.. — рычал Калмыков, сопротивляясь. Глухо ударившись спиной о стену водокачки, он выпрямился, понял:
— Убить хочешь? Изогнувшись, торопился Бунчук, рвал револьвер, курком зацепившийся за подкладку кармана.",False,,False,,True,466
WORD,S1_017,14255,0,0,понять,Понял,Понял?,Кто кого…,"Таких, как Калмыков, надо уничтожать, давить, как гадюк.","Кто кого… Понял? Таких, как Калмыков, надо уничтожать, давить, как гадюк.",False,,False,,True,467
PHRASE,PHR_612,14257,8,9,надо понять,надо понял,"И тех, кто слюнявится жалостью к таким, стрелять надо… понял?","Таких, как Калмыков, надо уничтожать, давить, как гадюк.",Чего слюни развесил?,"Таких, как Калмыков, надо уничтожать, давить, как гадюк. И тех, кто слюнявится жалостью к таким, стрелять надо… понял? Чего слюни развесил?",False,,False,,True,468
WORD,S1_017,14257,9,9,понять,понял,"И тех, кто слюнявится жалостью к таким, стрелять надо… понял?","Таких, как Калмыков, надо уничтожать, давить, как гадюк.",Чего слюни развесил?,"Таких, как Калмыков, надо уничтожать, давить, как гадюк. И тех, кто слюнявится жалостью к таким, стрелять надо… понял? Чего слюни развесил?",True,PHR_612,False,,False,469
WORD,S1_011,14291,12,12,мысль,мыслей,"Долго барабанил пальцами, вслушивался во что-то — быть может, в мышиную суетню собственных мыслей; помолчав, спросил:
— Когда приедет Михаил Васильевич?","— Хрустнул пальцами и, глядя куда-то в сторону угасшими, седыми, словно осыпанными пеплом, глазами, устало сказал: — Дальнейшее сопротивление было бы и глупо, и преступно.",— Завтра.,"— Хрустнул пальцами и, глядя куда-то в сторону угасшими, седыми, словно осыпанными пеплом, глазами, устало сказал: — Дальнейшее сопротивление было бы и глупо, и преступно. Долго барабанил пальцами, вслушивался во что-то — быть может, в мышиную суетню собственных мыслей; помолчав, спросил:
— Когда приедет Михаил Васильевич? — Завтра.",False,,False,,True,470
WORD,S1_001,14364,2,2,думать,думал,— А ты думал — как?,"— Выходит, что будем сражаться?",Ударницев лапать тебя привели сюда?,"— Выходит, что будем сражаться? — А ты думал — как? Ударницев лапать тебя привели сюда?",False,,False,,True,471
WORD,S1_001,14512,5,5,думать,думаю,"Предвидя дальнейший ход событий, я думаю, Вам необходимо безотлагательно принять такие меры, которые, прочно обеспечивая Ставку, дали бы благоприятную обстановку для организации дальнейшей борьбы с надвигающейся анархией.","Имеющихся в Вашем распоряжении Георгиевского батальона, наполовину распропагандированного, и слабого Текинского полка далеко не достаточно.","Таковыми мерами я считаю:
1.","Имеющихся в Вашем распоряжении Георгиевского батальона, наполовину распропагандированного, и слабого Текинского полка далеко не достаточно. Предвидя дальнейший ход событий, я думаю, Вам необходимо безотлагательно принять такие меры, которые, прочно обеспечивая Ставку, дали бы благоприятную обстановку для организации дальнейшей борьбы с надвигающейся анархией. Таковыми мерами я считаю:
1.",False,,False,,True,472
WORD,S1_010,14537,5,5,колебаться,колебался,"Духонин, подавленный тяжестью надвигавшихся событий, колебался.",Казачий совет прибегал даже к скрытым угрозам.,"18 ноября он отдал распоряжение об отправке заключенных на Дон, но сейчас же отменил его.","Казачий совет прибегал даже к скрытым угрозам. Духонин, подавленный тяжестью надвигавшихся событий, колебался. 18 ноября он отдал распоряжение об отправке заключенных на Дон, но сейчас же отменил его.",False,,False,,True,473
WORD,ALEX_008,14572,3,3,вспоминать,вспоминая,"Кошевой, с досадой вспоминая, что курить нельзя, тихо шелестел:
— Чуднáя жизнь, Алексей!..","По облачному мохнатому небу изредка протекала припозднившаяся стайка диких гусей, сторожкими криками отмечавшая свое направление.","Ходют люди ощупкой, как слепые, сходются и расходются, иной раз топчут один одного…","По облачному мохнатому небу изредка протекала припозднившаяся стайка диких гусей, сторожкими криками отмечавшая свое направление. Кошевой, с досадой вспоминая, что курить нельзя, тихо шелестел:
— Чуднáя жизнь, Алексей!.. Ходют люди ощупкой, как слепые, сходются и расходются, иной раз топчут один одного…",False,,False,,True,474
WORD,S1_001,14576,12,12,думать,думаешь,"Вот я зараз лежу с тобой, а не знаю, об чем ты думаешь, и сроду не узнаю, и какая у тебя сзади легла жизня — не знаю, а ты обо мне не знаешь…","По-моему, страшней людской середки ничего на свете нету, ничем ты ее до дна не просветишь…","Может, я тебя зараз убить хочу, а ты вот мне сухарь даешь, ничего не подозреваешь…","По-моему, страшней людской середки ничего на свете нету, ничем ты ее до дна не просветишь… Вот я зараз лежу с тобой, а не знаю, об чем ты думаешь, и сроду не узнаю, и какая у тебя сзади легла жизня — не знаю, а ты обо мне не знаешь… Может, я тебя зараз убить хочу, а ты вот мне сухарь даешь, ничего не подозреваешь…",False,,False,,True,475
WORD,S1_001,14582,1,1,думать,думают,"Они думают — у казака одна плетка, думают — дикой казак и замест души у него бутылошная склянка, а ить мы такие же люди: и баб так же любим, и девок милуем, своему горю плачем, чужой радости не радуемся…","Так он все дивовался, пытал, как казаки живут, что да чего.","Ты как, Алешка?","Так он все дивовался, пытал, как казаки живут, что да чего. Они думают — у казака одна плетка, думают — дикой казак и замест души у него бутылошная склянка, а ить мы такие же люди: и баб так же любим, и девок милуем, своему горю плачем, чужой радости не радуемся… Ты как, Алешка?",False,,False,,True,476
WORD,S1_001,14582,6,6,думать,думают,"Они думают — у казака одна плетка, думают — дикой казак и замест души у него бутылошная склянка, а ить мы такие же люди: и баб так же любим, и девок милуем, своему горю плачем, чужой радости не радуемся…","Так он все дивовался, пытал, как казаки живут, что да чего.","Ты как, Алешка?","Так он все дивовался, пытал, как казаки живут, что да чего. Они думают — у казака одна плетка, думают — дикой казак и замест души у него бутылошная склянка, а ить мы такие же люди: и баб так же любим, и девок милуем, своему горю плачем, чужой радости не радуемся… Ты как, Алешка?",False,,False,,True,477
WORD,S1_014,14584,7,7,вспомнить,вспомню,"Я, парень, жадный до жизни стал — как вспомню, сколько на свете красивых баб, аж сердце защемит!","Ты как, Алешка?","Вздумаю, что мне их всех сроду не придется облюбить, — и кричать хочу с тоски!","Ты как, Алешка? Я, парень, жадный до жизни стал — как вспомню, сколько на свете красивых баб, аж сердце защемит! Вздумаю, что мне их всех сроду не придется облюбить, — и кричать хочу с тоски!",False,,False,,True,478
WORD,S1_017,14632,0,0,понять,Понял,Понял?,"Береги жизнь, а то как ахну — печенки-селезенки не соберешь.","Понял, что ли?","Береги жизнь, а то как ахну — печенки-селезенки не соберешь. Понял? Понял, что ли?",False,,False,,True,479
WORD,S1_017,14633,0,0,понять,Понял,"Понял, что ли?",Понял?,Понял?..,"Понял? Понял, что ли? Понял?..",False,,False,,True,480
WORD,S1_017,14634,0,0,понять,Понял,Понял?..,"Понял, что ли?","— Ты не балуй, — толкая его в грудь, хмурился урядник.","Понял, что ли? Понял?.. — Ты не балуй, — толкая его в грудь, хмурился урядник.",False,,False,,True,481
WORD,S1_001,14725,1,1,думать,думал,— Ты думал — мы обознались?,— Этот самый предавал казаков? — весело спросил вооруженный маузером и японской винтовкой щербатый матрос-черноморец.,"Нет, мы не промахнулись, его вытянули! — задыхаясь, говорил Чубатый.","— Этот самый предавал казаков? — весело спросил вооруженный маузером и японской винтовкой щербатый матрос-черноморец. — Ты думал — мы обознались? Нет, мы не промахнулись, его вытянули! — задыхаясь, говорил Чубатый.",False,,False,,True,482
WORD,S1_016,14776,14,14,помнить,помни,"Нет у твоего куреня хозяина, нет у тебя мужа, у детишек твоих — отца, и помни, что никто не приласкает ни тебя, ни твоих сирот, никто не избавит тебя от непосильной работы и нищеты, никто не прижмет к груди твою голову ночью, когда упадешь ты, раздавленная усталью, и никто не скажет тебе, как когда-то говорил он: «Не горюй, Аниська!","Рви жидкие от безрадостной, тяжкой жизни волосы, кусай свои в кровь искусанные губы, ломай изуродованные работой руки и бейся на земле у порога пустого куреня!",Проживем!»,"Рви жидкие от безрадостной, тяжкой жизни волосы, кусай свои в кровь искусанные губы, ломай изуродованные работой руки и бейся на земле у порога пустого куреня! Нет у твоего куреня хозяина, нет у тебя мужа, у детишек твоих — отца, и помни, что никто не приласкает ни тебя, ни твоих сирот, никто не избавит тебя от непосильной работы и нищеты, никто не прижмет к груди твою голову ночью, когда упадешь ты, раздавленная усталью, и никто не скажет тебе, как когда-то говорил он: «Не горюй, Аниська! Проживем!»",False,,False,,True,483
WORD,S1_013,14823,5,5,мыслить,мыслю,"Изварин терпеливо разъяснял:
— Я не мыслю самостоятельного и обособленного существования одной Донской области.","— Как же мы без России будем жить, ежели у нас, окромя пшеницы, ничего нету? — спрашивал Григорий.","На основах федерации, то есть объединения, мы будем жить совместно с Кубанью, Тереком и горцами Кавказа.","— Как же мы без России будем жить, ежели у нас, окромя пшеницы, ничего нету? — спрашивал Григорий. Изварин терпеливо разъяснял:
— Я не мыслю самостоятельного и обособленного существования одной Донской области. На основах федерации, то есть объединения, мы будем жить совместно с Кубанью, Тереком и горцами Кавказа.",False,,False,,True,484
WORD,S1_001,14838,21,21,думать,думали,"Земля эта — наша, кровью наших предков полита, костями их удобрена, а мы, покоренные Россией, защищали четыреста лет ее интересы и не думали о себе.","В течение десяти лет, путем ввоза из-за границы машин, так поднимем свое хозяйство, что обогатимся в десять раз.",У нас есть выходы к морю.,"В течение десяти лет, путем ввоза из-за границы машин, так поднимем свое хозяйство, что обогатимся в десять раз. Земля эта — наша, кровью наших предков полита, костями их удобрена, а мы, покоренные Россией, защищали четыреста лет ее интересы и не думали о себе. У нас есть выходы к морю.",False,,False,,True,485
WORD,S1_021,14847,19,19,рассуждать,рассуждают,"Обуреваемый противоречиями, Григорий осторожно расспрашивал о большевиках:
— А вот скажи, Ефим Иваныч, большевики, по-твоему, как они — правильно али нет рассуждают?",Вскоре после Октябрьского переворота у них с Извариным происходил следующий разговор.,"Углом избочив бровь, смешливо морща нос, Изварин кхакал:
— Рассуждают?","Вскоре после Октябрьского переворота у них с Извариным происходил следующий разговор. Обуреваемый противоречиями, Григорий осторожно расспрашивал о большевиках:
— А вот скажи, Ефим Иваныч, большевики, по-твоему, как они — правильно али нет рассуждают? Углом избочив бровь, смешливо морща нос, Изварин кхакал:
— Рассуждают?",False,,False,,True,486
WORD,S1_021,14848,8,8,рассуждать,Рассуждают,"Углом избочив бровь, смешливо морща нос, Изварин кхакал:
— Рассуждают?","Обуреваемый противоречиями, Григорий осторожно расспрашивал о большевиках:
— А вот скажи, Ефим Иваныч, большевики, по-твоему, как они — правильно али нет рассуждают?",Кха-кха…,"Обуреваемый противоречиями, Григорий осторожно расспрашивал о большевиках:
— А вот скажи, Ефим Иваныч, большевики, по-твоему, как они — правильно али нет рассуждают? Углом избочив бровь, смешливо морща нос, Изварин кхакал:
— Рассуждают? Кха-кха…",False,,False,,True,487
WORD,S1_017,14857,0,0,понять,Понял,Понял?,Российская социал-демократическая рабочая партия!,Рабо-чая!,Российская социал-демократическая рабочая партия! Понял? Рабо-чая!,False,,False,,True,488
PHRASE,PHR_635,14869,1,3,ты понять,ты дружок пойми,"— Гриша, ты, дружок, пойми вот что — это основное: сейчас казаку и крестьянину с большевиками по пути.",— Но большинство казаков за большевиков тянут… знаешь?,Знаешь почему?,"— Но большинство казаков за большевиков тянут… знаешь? — Гриша, ты, дружок, пойми вот что — это основное: сейчас казаку и крестьянину с большевиками по пути. Знаешь почему?",False,,False,,True,489
WORD,S1_017,14869,3,3,понять,пойми,"— Гриша, ты, дружок, пойми вот что — это основное: сейчас казаку и крестьянину с большевиками по пути.",— Но большинство казаков за большевиков тянут… знаешь?,Знаешь почему?,"— Но большинство казаков за большевиков тянут… знаешь? — Гриша, ты, дружок, пойми вот что — это основное: сейчас казаку и крестьянину с большевиками по пути. Знаешь почему?",True,PHR_635,False,,False,490
WORD,S1_004,14887,5,5,решить,решил,"Перед вечером прояснело, и Григорий решил пойти на квартиру к станичнику, подхорунжему 28-го полка Дроздову.",В этот день изморосный дождь сеялся с полудня.,"Четверть часа спустя он уже вытирал о подстилку сапоги, стучался в дверь квартиры Дроздова.","В этот день изморосный дождь сеялся с полудня. Перед вечером прояснело, и Григорий решил пойти на квартиру к станичнику, подхорунжему 28-го полка Дроздову. Четверть часа спустя он уже вытирал о подстилку сапоги, стучался в дверь квартиры Дроздова.",False,,False,,True,491
WORD,S1_001,14932,1,1,думать,думаю,"Я думаю, революция нам на руку.","Будем жить, как в старину наши прадеды жили.","Ты как, Дроздов?","Будем жить, как в старину наши прадеды жили. Я думаю, революция нам на руку. Ты как, Дроздов?",False,,False,,True,492
WORD,S1_011,14972,42,42,мысль,мыслей,"Остановившись у запотевшего окна, Григорий долго глядел на улицу, на детишек, игравших в какую-то замысловатую игру, на мокрые крыши противоположных домов, на бледно-серые ветви нагого осокоря в палисаднике и не слышал, о чем спорили Дроздов с Подтелковым; мучительно старался разобраться в сумятице мыслей, продумать что-то, решить.","Лишь бы подпруги нам зараз чудок отпустили, а скинуть Калединых сумеемся!","Минут десять стоял он, молча вычерчивая на стекле вензеля.","Лишь бы подпруги нам зараз чудок отпустили, а скинуть Калединых сумеемся! Остановившись у запотевшего окна, Григорий долго глядел на улицу, на детишек, игравших в какую-то замысловатую игру, на мокрые крыши противоположных домов, на бледно-серые ветви нагого осокоря в палисаднике и не слышал, о чем спорили Дроздов с Подтелковым; мучительно старался разобраться в сумятице мыслей, продумать что-то, решить. Минут десять стоял он, молча вычерчивая на стекле вензеля.",False,,False,,True,493
WORD,S1_004,14972,45,45,решить,решить,"Остановившись у запотевшего окна, Григорий долго глядел на улицу, на детишек, игравших в какую-то замысловатую игру, на мокрые крыши противоположных домов, на бледно-серые ветви нагого осокоря в палисаднике и не слышал, о чем спорили Дроздов с Подтелковым; мучительно старался разобраться в сумятице мыслей, продумать что-то, решить.","Лишь бы подпруги нам зараз чудок отпустили, а скинуть Калединых сумеемся!","Минут десять стоял он, молча вычерчивая на стекле вензеля.","Лишь бы подпруги нам зараз чудок отпустили, а скинуть Калединых сумеемся! Остановившись у запотевшего окна, Григорий долго глядел на улицу, на детишек, игравших в какую-то замысловатую игру, на мокрые крыши противоположных домов, на бледно-серые ветви нагого осокоря в палисаднике и не слышал, о чем спорили Дроздов с Подтелковым; мучительно старался разобраться в сумятице мыслей, продумать что-то, решить. Минут десять стоял он, молча вычерчивая на стекле вензеля.",False,,False,,True,494
WORD,S1_013,14977,17,17,мыслить,мысля,"Стекались в низовья Дона большие генералы, бывшие вершители судеб развалившейся русской армии, надеясь на опору реакционных донцов, мысля с этого плацдарма развернуть и повести наступление на Советскую Россию.","III
Новочеркасск стал центром притяжения для всех бежавших от большевистской революции.",2 ноября в Новочеркасск прибыл в сопровождении ротмистра Шапрона генерал Алексеев.,"III
Новочеркасск стал центром притяжения для всех бежавших от большевистской революции. Стекались в низовья Дона большие генералы, бывшие вершители судеб развалившейся русской армии, надеясь на опору реакционных донцов, мысля с этого плацдарма развернуть и повести наступление на Советскую Россию. 2 ноября в Новочеркасск прибыл в сопровождении ротмистра Шапрона генерал Алексеев.",False,,False,,True,495
WORD,S1_001,15054,1,1,думать,думала,— Не думала живого повидать!..,"Он с облегчением сбросил его, присел к столу.",Сколько годков не видались.,"Он с облегчением сбросил его, присел к столу. — Не думала живого повидать!.. Сколько годков не видались.",False,,False,,True,496
WORD,S1_025,15149,7,7,полагать,полагаю,"У нас, товарищ Бунчук, как и везде, полагаю, надежда на рабочих.","Абрамсон тер лоб, сказал с заметной ноткой раздражения:
— Части гарнизона крайне деморализованы, они не имеют реальной ценности.","Моряки — да, а солдаты…","Абрамсон тер лоб, сказал с заметной ноткой раздражения:
— Части гарнизона крайне деморализованы, они не имеют реальной ценности. У нас, товарищ Бунчук, как и везде, полагаю, надежда на рабочих. Моряки — да, а солдаты…",False,,False,,True,497
WORD,S1_002,15156,34,34,подумать,подумал,"«Сколько же тебе пришлось голодать, браток, что ты с одного взгляда отличаешь сытого от голодного, и сколько пережил ты горя либо ужаса, прежде чем у тебя появился вот этот седой клок?» — с растроганной ласковостью подумал Бунчук, глядя на жуковую голову Абрамсона, белевшую справа ослепительно-ярким пятном седины.",Ну конечно нет!,"И уже шагая с провожатым на квартиру Абрамсона, Бунчук все думал о нем: «Вот это парень, вот это большевик!","Ну конечно нет! «Сколько же тебе пришлось голодать, браток, что ты с одного взгляда отличаешь сытого от голодного, и сколько пережил ты горя либо ужаса, прежде чем у тебя появился вот этот седой клок?» — с растроганной ласковостью подумал Бунчук, глядя на жуковую голову Абрамсона, белевшую справа ослепительно-ярким пятном седины. И уже шагая с провожатым на квартиру Абрамсона, Бунчук все думал о нем: «Вот это парень, вот это большевик!",False,,False,,True,498
PHRASE,PHR_026,15157,10,14,думать о это,думал о нем Вот это,"И уже шагая с провожатым на квартиру Абрамсона, Бунчук все думал о нем: «Вот это парень, вот это большевик!","«Сколько же тебе пришлось голодать, браток, что ты с одного взгляда отличаешь сытого от голодного, и сколько пережил ты горя либо ужаса, прежде чем у тебя появился вот этот седой клок?» — с растроганной ласковостью подумал Бунчук, глядя на жуковую голову Абрамсона, белевшую справа ослепительно-ярким пятном седины.","Есть злой упор, и в то же время сохранилось хорошее, человеческое.","«Сколько же тебе пришлось голодать, браток, что ты с одного взгляда отличаешь сытого от голодного, и сколько пережил ты горя либо ужаса, прежде чем у тебя появился вот этот седой клок?» — с растроганной ласковостью подумал Бунчук, глядя на жуковую голову Абрамсона, белевшую справа ослепительно-ярким пятном седины. И уже шагая с провожатым на квартиру Абрамсона, Бунчук все думал о нем: «Вот это парень, вот это большевик! Есть злой упор, и в то же время сохранилось хорошее, человеческое.",False,,False,,True,499
WORD,S1_001,15157,10,10,думать,думал,"И уже шагая с провожатым на квартиру Абрамсона, Бунчук все думал о нем: «Вот это парень, вот это большевик!","«Сколько же тебе пришлось голодать, браток, что ты с одного взгляда отличаешь сытого от голодного, и сколько пережил ты горя либо ужаса, прежде чем у тебя появился вот этот седой клок?» — с растроганной ласковостью подумал Бунчук, глядя на жуковую голову Абрамсона, белевшую справа ослепительно-ярким пятном седины.","Есть злой упор, и в то же время сохранилось хорошее, человеческое.","«Сколько же тебе пришлось голодать, браток, что ты с одного взгляда отличаешь сытого от голодного, и сколько пережил ты горя либо ужаса, прежде чем у тебя появился вот этот седой клок?» — с растроганной ласковостью подумал Бунчук, глядя на жуковую голову Абрамсона, белевшую справа ослепительно-ярким пятном седины. И уже шагая с провожатым на квартиру Абрамсона, Бунчук все думал о нем: «Вот это парень, вот это большевик! Есть злой упор, и в то же время сохранилось хорошее, человеческое.",True,PHR_026,False,,False,500
WORD,S1_003,15159,2,2,задуматься,задумается,Он не задумается подмахнуть смертный приговор какому-нибудь саботажнику Верхоцкому и в то же время умеет беречь товарища и заботиться о нем».,"Есть злой упор, и в то же время сохранилось хорошее, человеческое.","Весь под теплым впечатлением встречи с Абрамсоном, он дошел до его квартиры, где-то в конце Таганрогского, отдохнул в маленькой, заваленной книгами комнатке, пообедал, предъявил записку Абрамсона квартирной хозяйке, — прилег на кровать.","Есть злой упор, и в то же время сохранилось хорошее, человеческое. Он не задумается подмахнуть смертный приговор какому-нибудь саботажнику Верхоцкому и в то же время умеет беречь товарища и заботиться о нем». Весь под теплым впечатлением встречи с Абрамсоном, он дошел до его квартиры, где-то в конце Таганрогского, отдохнул в маленькой, заваленной книгами комнатке, пообедал, предъявил записку Абрамсона квартирной хозяйке, — прилег на кровать.",False,,False,,True,501
PHRASE,PHR_073,15160,8,10,дойти до он,дошел до его,"Весь под теплым впечатлением встречи с Абрамсоном, он дошел до его квартиры, где-то в конце Таганрогского, отдохнул в маленькой, заваленной книгами комнатке, пообедал, предъявил записку Абрамсона квартирной хозяйке, — прилег на кровать.",Он не задумается подмахнуть смертный приговор какому-нибудь саботажнику Верхоцкому и в то же время умеет беречь товарища и заботиться о нем».,Уснул и не помнил как.,"Он не задумается подмахнуть смертный приговор какому-нибудь саботажнику Верхоцкому и в то же время умеет беречь товарища и заботиться о нем». Весь под теплым впечатлением встречи с Абрамсоном, он дошел до его квартиры, где-то в конце Таганрогского, отдохнул в маленькой, заваленной книгами комнатке, пообедал, предъявил записку Абрамсона квартирной хозяйке, — прилег на кровать. Уснул и не помнил как.",False,,False,,True,502
WORD,S1_016,15161,3,3,помнить,помнил,Уснул и не помнил как.,"Весь под теплым впечатлением встречи с Абрамсоном, он дошел до его квартиры, где-то в конце Таганрогского, отдохнул в маленькой, заваленной книгами комнатке, пообедал, предъявил записку Абрамсона квартирной хозяйке, — прилег на кровать.","V
В течение четырех дней с утра до вечера Бунчук занимался с рабочими, присланными в его распоряжение комитетом партии.","Весь под теплым впечатлением встречи с Абрамсоном, он дошел до его квартиры, где-то в конце Таганрогского, отдохнул в маленькой, заваленной книгами комнатке, пообедал, предъявил записку Абрамсона квартирной хозяйке, — прилег на кровать. Уснул и не помнил как. V
В течение четырех дней с утра до вечера Бунчук занимался с рабочими, присланными в его распоряжение комитетом партии.",False,,False,,True,503
WORD,S1_010,15269,2,2,колебаться,колебалась,"Она секунду колебалась, ответила твердо:
— Нет.",Украинка?,— Еврейка?,"Украинка? Она секунду колебалась, ответила твердо:
— Нет. — Еврейка?",False,,False,,True,504
WORD,ALEX_012,15275,2,2,догадаться,догадался,"— А почему догадался, что я — еврейка?",— Нет.,"Он, стараясь попасть в ногу, уменьшая шаг, ответил:
— Ухо, форма уха и глаза.","— Нет. — А почему догадался, что я — еврейка? Он, стараясь попасть в ногу, уменьшая шаг, ответил:
— Ухо, форма уха и глаза.",False,,False,,True,505
WORD,S1_002,15278,0,0,подумать,Подумав,"— Подумав, добавил: — Это хорошо, что ты у нас.",А так в тебе мало от твоей нации…,— Почему? — заинтересовалась она.,"А так в тебе мало от твоей нации… — Подумав, добавил: — Это хорошо, что ты у нас. — Почему? — заинтересовалась она.",False,,False,,True,506
WORD,S1_001,15280,13,13,думать,думают,"— Видишь ли: за евреями упрочилась слава, и я знаю, что многие рабочие так думают, — я ведь сам рабочий, — вскользь заметил он, — что евреи только направляют, а сами под огонь не идут.",— Почему? — заинтересовалась она.,"Это ошибочно, и ты вот блестящим образом опровергаешь это ошибочное мнение.","— Почему? — заинтересовалась она. — Видишь ли: за евреями упрочилась слава, и я знаю, что многие рабочие так думают, — я ведь сам рабочий, — вскользь заметил он, — что евреи только направляют, а сами под огонь не идут. Это ошибочно, и ты вот блестящим образом опровергаешь это ошибочное мнение.",False,,False,,True,507
WORD,S1_001,15298,15,15,думать,думал,"Огрубел за это время, а дружеское общение с людьми необходимо, иначе зачерствеешь, как солдатский сухарь…» — думал он, обманывая самого себя и сам сознавая, что обманывает.",Хорошо так поговорили с ней — и вот тепло на душе.,"Абрамсон, только что пришедший с заседания Военно-революционного комитета, стал расспрашивать о подготовке пулеметчиков; между прочим спросил и об Анне Погудко:
— Как она?","Хорошо так поговорили с ней — и вот тепло на душе. Огрубел за это время, а дружеское общение с людьми необходимо, иначе зачерствеешь, как солдатский сухарь…» — думал он, обманывая самого себя и сам сознавая, что обманывает. Абрамсон, только что пришедший с заседания Военно-революционного комитета, стал расспрашивать о подготовке пулеметчиков; между прочим спросил и об Анне Погудко:
— Как она?",False,,False,,True,508
WORD,S1_011,15442,2,2,мысль,мыслям,"Не давай мыслям воли, взнуздывай их.","Проходи мимо, и все!","Вот видишь: хотя ты и говорила, а женское одолевает тебя.","Проходи мимо, и все! Не давай мыслям воли, взнуздывай их. Вот видишь: хотя ты и говорила, а женское одолевает тебя.",False,,False,,True,509
WORD,S1_001,15493,19,19,думать,думал,"Мирон Григорьевич в этот день долго стоял на заднем базу, глядел на взбухший снегом луг, на ледяную сизо-зелень Дона, думал: «Гляди, накупает и в нынешнем году, как в прошлом.","Казаки, глядя на Дон, ждали преждевременного разлива.","Снегов-то, снегов навалило!","Казаки, глядя на Дон, ждали преждевременного разлива. Мирон Григорьевич в этот день долго стоял на заднем базу, глядел на взбухший снегом луг, на ледяную сизо-зелень Дона, думал: «Гляди, накупает и в нынешнем году, как в прошлом. Снегов-то, снегов навалило!",False,,False,,True,510
WORD,S1_001,15505,17,17,думать,думал,"Снаружи под навесом, на стенах амбара висели вентери; на них глядел дед Гришака, опираясь на костыль, — видно, думал о близкой весне и починке рыболовных снастей.","У амбара с желтой, окрашенной глиной дверью валялся на сугреве брудастый желтобровый кобель.","Мирон Григорьевич прошел на гумно, хозяйским глазом обмерял прикладки сена, начал было подгребать граблями раздерганную козами просяную солому, но до слуха его дошли чужие голоса.","У амбара с желтой, окрашенной глиной дверью валялся на сугреве брудастый желтобровый кобель. Снаружи под навесом, на стенах амбара висели вентери; на них глядел дед Гришака, опираясь на костыль, — видно, думал о близкой весне и починке рыболовных снастей. Мирон Григорьевич прошел на гумно, хозяйским глазом обмерял прикладки сена, начал было подгребать граблями раздерганную козами просяную солому, но до слуха его дошли чужие голоса.",False,,False,,True,511
WORD,S1_001,15537,2,2,думать,думаете,Чего вы думаете?,Ты-то чего молчишь?,"— А ничего мы не думаем, — улыбнулся Иван Алексеевич.","Ты-то чего молчишь? Чего вы думаете? — А ничего мы не думаем, — улыбнулся Иван Алексеевич.",False,,False,,True,512
WORD,S1_001,15538,4,4,думать,думаем,"— А ничего мы не думаем, — улыбнулся Иван Алексеевич.",Чего вы думаете?,"— То-то и беда, что ничего не думаете! — горячился дед Гришака.","Чего вы думаете? — А ничего мы не думаем, — улыбнулся Иван Алексеевич. — То-то и беда, что ничего не думаете! — горячился дед Гришака.",False,,False,,True,513
WORD,S1_001,15539,6,6,думать,думаете,"— То-то и беда, что ничего не думаете! — горячился дед Гришака.","— А ничего мы не думаем, — улыбнулся Иван Алексеевич.","— Вас, как куропатей, в осилки возьмут!","— А ничего мы не думаем, — улыбнулся Иван Алексеевич. — То-то и беда, что ничего не думаете! — горячился дед Гришака. — Вас, как куропатей, в осилки возьмут!",False,,False,,True,514
WORD,S1_017,15544,18,18,понять,понять,"Иван Алексеевич, покуривая, глядел на Митьку, а у того в торчевых кошачьих зрачках толпились огоньки, и нельзя было понять — смеются зеленые его глаза или дымятся несытой злобой.","Христоня, проводя по щекам рукой, шуршал щетиной давно не бритой бороды;","Поговорив немного, Иван Алексеевич и Христоня попрощались, отозвали к калитке Митьку.","Христоня, проводя по щекам рукой, шуршал щетиной давно не бритой бороды; Иван Алексеевич, покуривая, глядел на Митьку, а у того в торчевых кошачьих зрачках толпились огоньки, и нельзя было понять — смеются зеленые его глаза или дымятся несытой злобой. Поговорив немного, Иван Алексеевич и Христоня попрощались, отозвали к калитке Митьку.",False,,False,,True,515
WORD,S1_004,15552,2,2,решить,решили,Ты знаешь… решили делегатов посылать от хутора в Каменскую.,"— Были все хуторные фронтовики, Петро Мелехов не был.",Там десятого января съезд фронтовиков.,"— Были все хуторные фронтовики, Петро Мелехов не был. Ты знаешь… решили делегатов посылать от хутора в Каменскую. Там десятого января съезд фронтовиков.",False,,False,,True,516
WORD,S1_011,15595,11,11,мысль,мыслях,"— Понятно, — согласился Христоня, завистливо глядя на вольный полет сороки, и в мыслях сравнил бездумно-счастливую птичью жизнь с людской.",Охотников не найдется.,В Каменскую они приехали к вечеру 10 января.,"Охотников не найдется. — Понятно, — согласился Христоня, завистливо глядя на вольный полет сороки, и в мыслях сравнил бездумно-счастливую птичью жизнь с людской. В Каменскую они приехали к вечеру 10 января.",False,,False,,True,517
WORD,S1_001,15734,16,16,думать,думает,"Мы всё хотим, чтоб и волки были сытые, и овцы целые, а Каледин — он не так думает.","Покуда мы тут совещаемся, а враги трудового народа не дремлют.",Нами перехвачен его приказ об аресте всех участников вот этого съезда.,"Покуда мы тут совещаемся, а враги трудового народа не дремлют. Мы всё хотим, чтоб и волки были сытые, и овцы целые, а Каледин — он не так думает. Нами перехвачен его приказ об аресте всех участников вот этого съезда.",False,,False,,True,518
PHRASE,PHR_061,15828,6,7,стать ясно,стало ясно,"Уже около двух часов ночи, когда стало ясно, что соглашение не может быть достигнуто, было принято предложение члена Войскового круга Карева о приезде в Новочеркасск делегации от Военно-революционного комитета для окончательного вырешения вопросов о власти.",Совещание не привело ни к каким результатам.,Следом за уехавшей делегацией донского правительства в Новочеркасск отправились и представители Военно-революционного комитета во главе с Подтелковым.,"Совещание не привело ни к каким результатам. Уже около двух часов ночи, когда стало ясно, что соглашение не может быть достигнуто, было принято предложение члена Войскового круга Карева о приезде в Новочеркасск делегации от Военно-революционного комитета для окончательного вырешения вопросов о власти. Следом за уехавшей делегацией донского правительства в Новочеркасск отправились и представители Военно-революционного комитета во главе с Подтелковым.",False,,False,,True,519
WORD,S1_020,15828,7,7,ясно,ясно,"Уже около двух часов ночи, когда стало ясно, что соглашение не может быть достигнуто, было принято предложение члена Войскового круга Карева о приезде в Новочеркасск делегации от Военно-революционного комитета для окончательного вырешения вопросов о власти.",Совещание не привело ни к каким результатам.,Следом за уехавшей делегацией донского правительства в Новочеркасск отправились и представители Военно-революционного комитета во главе с Подтелковым.,"Совещание не привело ни к каким результатам. Уже около двух часов ночи, когда стало ясно, что соглашение не может быть достигнуто, было принято предложение члена Войскового круга Карева о приезде в Новочеркасск делегации от Военно-революционного комитета для окончательного вырешения вопросов о власти. Следом за уехавшей делегацией донского правительства в Новочеркасск отправились и представители Военно-революционного комитета во главе с Подтелковым.",True,PHR_061,False,,False,520
WORD,S1_011,15847,3,3,мысль,мысль,"Подтелков высказал общую мысль:
— Не будет дела.",Проехали Лихую.,Не столкуемся.,"Проехали Лихую. Подтелков высказал общую мысль:
— Не будет дела. Не столкуемся.",False,,False,,True,521
WORD,S1_001,15901,11,11,думать,думаю,"Тот коротко прищурился на Подтелкова, занимавшего место против него, сказал:
— Я думаю, можно начать.","Подтелков слышал, как Митрофан Богаевский вполголоса что-то сказал Каледину.","Улыбнувшись, Подтелков внятно сообщил о целях приезда делегации.","Подтелков слышал, как Митрофан Богаевский вполголоса что-то сказал Каледину. Тот коротко прищурился на Подтелкова, занимавшего место против него, сказал:
— Я думаю, можно начать. Улыбнувшись, Подтелков внятно сообщил о целях приезда делегации.",False,,False,,True,522
WORD,S1_018,15962,6,6,осознать,осознав,"Вы исполняете волю немецких наемников, не осознав той колоссальной ответственности, которую берете на себя перед всем казачеством.",Вы слепое орудие в руках большевиков.,"Советую одуматься, ибо неслыханные бедствия несете вы родному краю, вступив на путь распри с правительством, отражающим волю всего населения.","Вы слепое орудие в руках большевиков. Вы исполняете волю немецких наемников, не осознав той колоссальной ответственности, которую берете на себя перед всем казачеством. Советую одуматься, ибо неслыханные бедствия несете вы родному краю, вступив на путь распри с правительством, отражающим волю всего населения.",False,,False,,True,523
WORD,S1_001,16015,15,15,думать,думаете,"— И, уже прямо указывая на Подтелкова, обращаясь непосредственно к нему, он изгибался, кричал: — Неужели вы думаете, Подтелков, что за вами, за недоучкой и безграмотным казаком, пойдет Дон?",Только изменники Дону и казачеству могут говорить о сдаче власти Советам и звать казаков идти с большевиками!,"Если пойдут, — так кучка оголтелых казаков, какие от дома отбились!","Только изменники Дону и казачеству могут говорить о сдаче власти Советам и звать казаков идти с большевиками! — И, уже прямо указывая на Подтелкова, обращаясь непосредственно к нему, он изгибался, кричал: — Неужели вы думаете, Подтелков, что за вами, за недоучкой и безграмотным казаком, пойдет Дон? Если пойдут, — так кучка оголтелых казаков, какие от дома отбились!",False,,False,,True,524
WORD,S1_005,16031,11,11,решать,Решайте,"Лагутин не выдержал; прерывая одного из войсковых ораторов, обратился к Каледину:
— Решайте дело, пора кончать!",Сидевшие на подоконниках слышали вечерний благовест и сквозь вой ветра — паровозные осиплые гудки.,"Его вполголоса осадил Богаевский:
— Не волнуйтесь, Лагутин!","Сидевшие на подоконниках слышали вечерний благовест и сквозь вой ветра — паровозные осиплые гудки. Лагутин не выдержал; прерывая одного из войсковых ораторов, обратился к Каледину:
— Решайте дело, пора кончать! Его вполголоса осадил Богаевский:
— Не волнуйтесь, Лагутин!",False,,False,,True,525
WORD,S1_001,16039,2,2,думать,думаете,Но так думаете вы.,"— Вы говорили, что если мы передадим вам власть, то большевики прекратят свое наступление на Дон.","А как поступят большевики, пришедшие на Дон, нам неизвестно.","— Вы говорили, что если мы передадим вам власть, то большевики прекратят свое наступление на Дон. Но так думаете вы. А как поступят большевики, пришедшие на Дон, нам неизвестно.",False,,False,,True,526
PHRASE,PHR_076,16052,12,13,принять решение,приняло решение,"Что касается формирования и деятельности Добровольческой армии, то объединенное правительство уже раньше приняло решение взять их под контроль правительства при участии областного военного комитета.","Этот Круг вместе с тем обсудит вопрос и об управлении войсковыми частями, и о том, быть или не быть отрядам и добровольческим дружинам, защищающим власть.","По вопросу об отозвании из горнозаводского района якобы поставленной войсковым правительством полиции правительство заявляет, что вопрос о полиции будет поставлен на разрешение Круга 4 февраля.","Этот Круг вместе с тем обсудит вопрос и об управлении войсковыми частями, и о том, быть или не быть отрядам и добровольческим дружинам, защищающим власть. Что касается формирования и деятельности Добровольческой армии, то объединенное правительство уже раньше приняло решение взять их под контроль правительства при участии областного военного комитета. По вопросу об отозвании из горнозаводского района якобы поставленной войсковым правительством полиции правительство заявляет, что вопрос о полиции будет поставлен на разрешение Круга 4 февраля.",False,,False,,True,527
WORD,S1_025,16057,1,1,полагать,полагает,"Правительство полагает, что если посторонние области отряды не будут идти в пределы области, — гражданской войны и не будет, так как правительство только защищает Донской край, никаких наступательных действий не предпринимает, остальной России своей воли не навязывает, а потому и не желает, чтобы и Дону кто-нибудь посторонний навязывал свою волю.","Правительство не желает гражданской войны, оно всеми мерами стремится покончить дело мирным путем, для чего предлагает Военно-революционному комитету принять участие в депутации к большевистским отрядам.","Правительство обеспечивает полную свободу выборов в станицах и войсковых частях, и каждый гражданин сможет развить свою агитацию и отстаивать свою точку зрения на назначенных выборах в Войсковой круг.","Правительство не желает гражданской войны, оно всеми мерами стремится покончить дело мирным путем, для чего предлагает Военно-революционному комитету принять участие в депутации к большевистским отрядам. Правительство полагает, что если посторонние области отряды не будут идти в пределы области, — гражданской войны и не будет, так как правительство только защищает Донской край, никаких наступательных действий не предпринимает, остальной России своей воли не навязывает, а потому и не желает, чтобы и Дону кто-нибудь посторонний навязывал свою волю. Правительство обеспечивает полную свободу выборов в станицах и войсковых частях, и каждый гражданин сможет развить свою агитацию и отстаивать свою точку зрения на назначенных выборах в Войсковой круг.",False,,False,,True,528
WORD,S1_011,16061,5,5,мысль,мысли,"Войсковое правительство не допускает и мысли, чтобы свои донские части выступили против правительства и тем начали междоусобную войну на тихом Дону.","Войсковое правительство Войска Донского предлагает всем частям, пославшим своих депутатов в Военно-революционный комитет, возвратиться к своей нормальной работе по защите Донского края.","Военно-революционный комитет должен быть распущен избравшими его частями, и все части, взамен этого, должны послать своих представителей в существующий областной военный комитет, объединяющий все войсковые части области.","Войсковое правительство Войска Донского предлагает всем частям, пославшим своих депутатов в Военно-революционный комитет, возвратиться к своей нормальной работе по защите Донского края. Войсковое правительство не допускает и мысли, чтобы свои донские части выступили против правительства и тем начали междоусобную войну на тихом Дону. Военно-революционный комитет должен быть распущен избравшими его частями, и все части, взамен этого, должны послать своих представителей в существующий областной военный комитет, объединяющий все войсковые части области.",False,,False,,True,529
WORD,S1_004,16074,4,4,решить,решил,На следующий день Чернецов решил наступать на Глубокую.,Из Новочеркасска к нему 19 января подошло подкрепление.,"На военном совете решено было, по предложению сотника Линькова, взять Глубокую, предприняв обходное движение.","Из Новочеркасска к нему 19 января подошло подкрепление. На следующий день Чернецов решил наступать на Глубокую. На военном совете решено было, по предложению сотника Линькова, взять Глубокую, предприняв обходное движение.",False,,False,,True,530
WORD,S1_004,16075,3,3,решить,решено,"На военном совете решено было, по предложению сотника Линькова, взять Глубокую, предприняв обходное движение.",На следующий день Чернецов решил наступать на Глубокую.,"Чернецов опасался наступать по линии железной дороги, так как боялся встретить в этом направлении настойчивое сопротивление частей Каменского ревкома и подошедших к ним из Черткова красногвардейских отрядов.","На следующий день Чернецов решил наступать на Глубокую. На военном совете решено было, по предложению сотника Линькова, взять Глубокую, предприняв обходное движение. Чернецов опасался наступать по линии железной дороги, так как боялся встретить в этом направлении настойчивое сопротивление частей Каменского ревкома и подошедших к ним из Черткова красногвардейских отрядов.",False,,False,,True,531
WORD,S1_017,16082,2,2,понять,поняли,Вы меня поняли?,"Отдавая последние распоряжения, Чернецов слез с коня и, разминая затекшие ноги, сипло приказал командиру одной из рот:
— Без церемоний, есаул.","Он поскрипел сапогами по твердому насту, сдвинул набок седую каракулевую папаху, растирая перчаткой розовое ухо.","Отдавая последние распоряжения, Чернецов слез с коня и, разминая затекшие ноги, сипло приказал командиру одной из рот:
— Без церемоний, есаул. Вы меня поняли? Он поскрипел сапогами по твердому насту, сдвинул набок седую каракулевую папаху, растирая перчаткой розовое ухо.",False,,False,,True,532
WORD,S1_017,16115,4,4,понять,понял,"Нежданно услышав про Листницкого, понял, что не заросла давностью старая ранка: тронь неосторожным словом, — закровоточит.","Он не ощущал с былой силой злобы к врагу, но знал, что, если встретится с ним теперь, в условиях начавшейся Гражданской войны, — быть между ними крови.","За давнее сладко отомстил бы Григорий — за то, что по вине проклятого человека выцвела жизнь и осталась на месте прежней полнокровной большой радости сосущая голодная тоска, линялая выцветень.","Он не ощущал с былой силой злобы к врагу, но знал, что, если встретится с ним теперь, в условиях начавшейся Гражданской войны, — быть между ними крови. Нежданно услышав про Листницкого, понял, что не заросла давностью старая ранка: тронь неосторожным словом, — закровоточит. За давнее сладко отомстил бы Григорий — за то, что по вине проклятого человека выцвела жизнь и осталась на месте прежней полнокровной большой радости сосущая голодная тоска, линялая выцветень.",False,,False,,True,533
WORD,ALEX_008,16123,7,7,вспоминать,вспоминал,"Ходил как одурманенный, уже чаще, чем обычно, вспоминал Аксинью, и горечь плавилась во рту, каменело сердце.","Все последующие дни Григорий, как ни старался загасить тлевшую в душе боль, — не мог.","Думал о Наталье, детишках, но радость от этого приходила зазубренная временем, изжитая давностью.","Все последующие дни Григорий, как ни старался загасить тлевшую в душе боль, — не мог. Ходил как одурманенный, уже чаще, чем обычно, вспоминал Аксинью, и горечь плавилась во рту, каменело сердце. Думал о Наталье, детишках, но радость от этого приходила зазубренная временем, изжитая давностью.",False,,False,,True,534
WORD,S1_001,16124,0,0,думать,Думал,"Думал о Наталье, детишках, но радость от этого приходила зазубренная временем, изжитая давностью.","Ходил как одурманенный, уже чаще, чем обычно, вспоминал Аксинью, и горечь плавилась во рту, каменело сердце.","Сердце жило у Аксиньи, к ней потянуло по-прежнему тяжело и властно.","Ходил как одурманенный, уже чаще, чем обычно, вспоминал Аксинью, и горечь плавилась во рту, каменело сердце. Думал о Наталье, детишках, но радость от этого приходила зазубренная временем, изжитая давностью. Сердце жило у Аксиньи, к ней потянуло по-прежнему тяжело и властно.",False,,False,,True,535
WORD,S1_001,16179,2,2,думать,думаете,— Или их думаете дожидаться?,— Неизвестно.,— Видно будет.,— Неизвестно. — Или их думаете дожидаться? — Видно будет.,False,,False,,True,536
WORD,S1_017,16220,0,0,понять,Пойми,"— Пойми, что нам давать не из чего!","— Да ить, милый человек! — убеждающе восклицал чей-то ломкий, почти мальчишеский альт.","Удобной земли на пай падает полторы десятины, а энта — суглинок, балки, толока.","— Да ить, милый человек! — убеждающе восклицал чей-то ломкий, почти мальчишеский альт. — Пойми, что нам давать не из чего! Удобной земли на пай падает полторы десятины, а энта — суглинок, балки, толока.",False,,False,,True,537
WORD,S1_002,16313,7,7,подумать,подумал,"Жмурясь от ветра, Григорий с чувством удовлетворения подумал: «Нащупали!»",После перелета снаряды очередями стали ложиться вблизи цепи.,На правом фланге шли сотни 44-го полка.,"После перелета снаряды очередями стали ложиться вблизи цепи. Жмурясь от ветра, Григорий с чувством удовлетворения подумал: «Нащупали!» На правом фланге шли сотни 44-го полка.",False,,False,,True,538
WORD,S1_002,16322,5,5,подумать,подумал,"Григорий, проходя вдоль цепи, злобно подумал: «Юбочник!","При нем была плотная, одетая в шинель женщина-красногвардеец.",На позиции идет — и то с бабой не расстается.,"При нем была плотная, одетая в шинель женщина-красногвардеец. Григорий, проходя вдоль цепи, злобно подумал: «Юбочник! На позиции идет — и то с бабой не расстается.",False,,False,,True,539
WORD,S1_017,16356,4,4,понять,понял,"Взглядом охватив обстановку, Григорий понял, что опоздал, не учтя тяжелой дороги, по меньшей мере на полчаса.","В бою всегда сильно владело им, как и каждым, табунное чувство.","Голубов смелым стратегическим ходом почти отрезал чернецовцам путь к отступлению, с боков выставил заслоны и фронтальным ударом шел на полузамкнутого противника.","В бою всегда сильно владело им, как и каждым, табунное чувство. Взглядом охватив обстановку, Григорий понял, что опоздал, не учтя тяжелой дороги, по меньшей мере на полчаса. Голубов смелым стратегическим ходом почти отрезал чернецовцам путь к отступлению, с боков выставил заслоны и фронтальным ударом шел на полузамкнутого противника.",False,,False,,True,540
WORD,S1_014,16370,2,2,вспомнить,вспомнил,"Лежа, Григорий вспомнил наступление 12-го полка в Трансильванских горах, в Румынии, когда получил ранение в руку.",Горячая плещущаяся резь мешала двигаться.,"В глазах его ярко восстановилась сцена той атаки: Чубатый, смятое гневом лицо Мишки Кошевого, Емельян Грошев, сбегающий под гору, волоча раненого сотника.","Горячая плещущаяся резь мешала двигаться. Лежа, Григорий вспомнил наступление 12-го полка в Трансильванских горах, в Румынии, когда получил ранение в руку. В глазах его ярко восстановилась сцена той атаки: Чубатый, смятое гневом лицо Мишки Кошевого, Емельян Грошев, сбегающий под гору, волоча раненого сотника.",False,,False,,True,541
WORD,S1_002,16376,6,6,подумать,подумав,"Григорий уже сел в седло, но, подумав, слез и, спустив шаровары, морщась от озноба, заливавшего потную спину, живот и ноги, торопясь, перевязал опаленную кровоточащую ранку, сделанную словно надрезом перочинного ножа.",— Бинт есть?,"В сопровождении своего ординарца он поехал тем же кружным путем к месту, откуда начали контрнаступление.","— Бинт есть? Григорий уже сел в седло, но, подумав, слез и, спустив шаровары, морщась от озноба, заливавшего потную спину, живот и ноги, торопясь, перевязал опаленную кровоточащую ранку, сделанную словно надрезом перочинного ножа. В сопровождении своего ординарца он поехал тем же кружным путем к месту, откуда начали контрнаступление.",False,,False,,True,542
WORD,S1_017,16431,0,0,понять,Понял,Понял?..,"Получив утвердительный ответ, Голубов поравнялся с Григорием, сказал:
— Скажи Подтелкову, что Чернецова я беру на поруки!","Ну, так и передай.","Получив утвердительный ответ, Голубов поравнялся с Григорием, сказал:
— Скажи Подтелкову, что Чернецова я беру на поруки! Понял?.. Ну, так и передай.",False,,False,,True,543
WORD,S1_001,16465,1,1,думать,думай,"Не думай, что на тачанке спасался.","Издали крикнул:
— Я был там!","А ты, Мелехов, помолчи возьми-ка!..","Издали крикнул:
— Я был там! Не думай, что на тачанке спасался. А ты, Мелехов, помолчи возьми-ка!..",False,,False,,True,544
WORD,S1_017,16467,0,0,понять,Понял,Понял?..,"А ты, Мелехов, помолчи возьми-ка!..",Ты с кем гутаришь?..,"А ты, Мелехов, помолчи возьми-ка!.. Понял?.. Ты с кем гутаришь?..",False,,False,,True,545
WORD,S1_001,16517,19,19,думать,думал,"Сзади его поперек схватил Минаев, — ломая, выворачивая руки, отнял наган; заглядывая в глаза померкшими глазами, задыхаясь, спросил:
— А ты думал — как?","Григорий в первый момент, как только началась расправа, оторвался от тачанки, — не сводя с Подтелкова налитых мутью глаз, хромая, быстро заковылял к нему.","XIII
Слепяще-яркий снеговой хребет бугра, облитый глазурью солнца и синью безоблачного дня, белел, сахарно искрился.","Григорий в первый момент, как только началась расправа, оторвался от тачанки, — не сводя с Подтелкова налитых мутью глаз, хромая, быстро заковылял к нему. Сзади его поперек схватил Минаев, — ломая, выворачивая руки, отнял наган; заглядывая в глаза померкшими глазами, задыхаясь, спросил:
— А ты думал — как? XIII
Слепяще-яркий снеговой хребет бугра, облитый глазурью солнца и синью безоблачного дня, белел, сахарно искрился.",False,,False,,True,546
WORD,S1_004,16528,6,6,решить,решил,"Пантелей Прокофьевич, везший Григория из Миллерова, решил в Ольховом Рогу не останавливаться, а тянуть до Кашар и там заночевать.","Но снеговые просторы, обнятые горизонтом, были светлы, лишь на востоке, под самым острием горизонта, задернутая лиловой марью, курилась степь.","Он выехал из дому по телеграмме Григория, к вечеру 28 января приехал в Миллерово.","Но снеговые просторы, обнятые горизонтом, были светлы, лишь на востоке, под самым острием горизонта, задернутая лиловой марью, курилась степь. Пантелей Прокофьевич, везший Григория из Миллерова, решил в Ольховом Рогу не останавливаться, а тянуть до Кашар и там заночевать. Он выехал из дому по телеграмме Григория, к вечеру 28 января приехал в Миллерово.",False,,False,,True,547
WORD,S1_004,16532,20,20,решить,решил,"После того как был ранен в бою под Глубокой, Григорий провалялся в походном лазарете в Миллерове неделю; слегка подлечив ногу, решил поехать домой.",Наутро они выехали и около одиннадцати часов проезжали уже Ольховый Рог.,Коня привели ему станичные казаки.,"Наутро они выехали и около одиннадцати часов проезжали уже Ольховый Рог. После того как был ранен в бою под Глубокой, Григорий провалялся в походном лазарете в Миллерове неделю; слегка подлечив ногу, решил поехать домой. Коня привели ему станичные казаки.",False,,False,,True,548
PHRASE,PHR_015,16534,26,27,один мысль,одной мысли,"Ехал Григорий со смешанным чувством недовольства и радости: недовольства — потому, что покидал свою часть в самый разгар борьбы за власть на Дону, а радость испытывал при одной мысли, что увидит домашних, хутор; сам от себя таил желание повидать Аксинью, но были и о ней думки.",Коня привели ему станичные казаки.,С отцом они встретились как-то отчужденно.,"Коня привели ему станичные казаки. Ехал Григорий со смешанным чувством недовольства и радости: недовольства — потому, что покидал свою часть в самый разгар борьбы за власть на Дону, а радость испытывал при одной мысли, что увидит домашних, хутор; сам от себя таил желание повидать Аксинью, но были и о ней думки. С отцом они встретились как-то отчужденно.",False,,False,,True,549
WORD,S1_011,16534,27,27,мысль,мысли,"Ехал Григорий со смешанным чувством недовольства и радости: недовольства — потому, что покидал свою часть в самый разгар борьбы за власть на Дону, а радость испытывал при одной мысли, что увидит домашних, хутор; сам от себя таил желание повидать Аксинью, но были и о ней думки.",Коня привели ему станичные казаки.,С отцом они встретились как-то отчужденно.,"Коня привели ему станичные казаки. Ехал Григорий со смешанным чувством недовольства и радости: недовольства — потому, что покидал свою часть в самый разгар борьбы за власть на Дону, а радость испытывал при одной мысли, что увидит домашних, хутор; сам от себя таил желание повидать Аксинью, но были и о ней думки. С отцом они встретились как-то отчужденно.",True,PHR_015,False,,False,550
WORD,S1_001,16544,5,5,думать,думаете,"Что ж вы, сукины сыны, думаете?","Он ишо в то время знал, что будет война.",Аль он меньше вашего знает?,"Он ишо в то время знал, что будет война. Что ж вы, сукины сыны, думаете? Аль он меньше вашего знает?",False,,False,,True,551
WORD,S1_001,16561,10,10,думать,думал,"Всю дорогу до самого хутора Григорий как-то несвязно и бестолково думал о недавнем, пытался хоть вехами наметить будущее, но мысль доходила до отдыха дома и дальше напарывалась на тупик.","Знакомые с детства разворачивались в дороге слободы и хутора: Кашары, Поповка, Каменка, Нижне-Яблоновский, Грачев, Ясеновка.","«Приеду, поотдохну трошки, залечу ранку, а там… — думал он и мысленно махал рукой, — там видно будет.","Знакомые с детства разворачивались в дороге слободы и хутора: Кашары, Поповка, Каменка, Нижне-Яблоновский, Грачев, Ясеновка. Всю дорогу до самого хутора Григорий как-то несвязно и бестолково думал о недавнем, пытался хоть вехами наметить будущее, но мысль доходила до отдыха дома и дальше напарывалась на тупик. «Приеду, поотдохну трошки, залечу ранку, а там… — думал он и мысленно махал рукой, — там видно будет.",False,,False,,True,552
WORD,S1_011,16561,19,19,мысль,мысль,"Всю дорогу до самого хутора Григорий как-то несвязно и бестолково думал о недавнем, пытался хоть вехами наметить будущее, но мысль доходила до отдыха дома и дальше напарывалась на тупик.","Знакомые с детства разворачивались в дороге слободы и хутора: Кашары, Поповка, Каменка, Нижне-Яблоновский, Грачев, Ясеновка.","«Приеду, поотдохну трошки, залечу ранку, а там… — думал он и мысленно махал рукой, — там видно будет.","Знакомые с детства разворачивались в дороге слободы и хутора: Кашары, Поповка, Каменка, Нижне-Яблоновский, Грачев, Ясеновка. Всю дорогу до самого хутора Григорий как-то несвязно и бестолково думал о недавнем, пытался хоть вехами наметить будущее, но мысль доходила до отдыха дома и дальше напарывалась на тупик. «Приеду, поотдохну трошки, залечу ранку, а там… — думал он и мысленно махал рукой, — там видно будет.",False,,False,,True,553
WORD,S1_001,16562,7,7,думать,думал,"«Приеду, поотдохну трошки, залечу ранку, а там… — думал он и мысленно махал рукой, — там видно будет.","Всю дорогу до самого хутора Григорий как-то несвязно и бестолково думал о недавнем, пытался хоть вехами наметить будущее, но мысль доходила до отдыха дома и дальше напарывалась на тупик.",Само дело покажет…»,"Всю дорогу до самого хутора Григорий как-то несвязно и бестолково думал о недавнем, пытался хоть вехами наметить будущее, но мысль доходила до отдыха дома и дальше напарывалась на тупик. «Приеду, поотдохну трошки, залечу ранку, а там… — думал он и мысленно махал рукой, — там видно будет. Само дело покажет…»",False,,False,,True,554
WORD,S1_012,16562,10,10,мысленно,мысленно,"«Приеду, поотдохну трошки, залечу ранку, а там… — думал он и мысленно махал рукой, — там видно будет.","Всю дорогу до самого хутора Григорий как-то несвязно и бестолково думал о недавнем, пытался хоть вехами наметить будущее, но мысль доходила до отдыха дома и дальше напарывалась на тупик.",Само дело покажет…»,"Всю дорогу до самого хутора Григорий как-то несвязно и бестолково думал о недавнем, пытался хоть вехами наметить будущее, но мысль доходила до отдыха дома и дальше напарывалась на тупик. «Приеду, поотдохну трошки, залечу ранку, а там… — думал он и мысленно махал рукой, — там видно будет. Само дело покажет…»",False,,False,,True,555
WORD,S1_001,16571,3,3,думать,думал,"Об этом невнятно думал Григорий, привалясь к задку кошелки.",К кому же прислониться?»,"Но когда представлял себе, как будет к весне готовить бороны, арбы, плесть из краснотала ясли, а когда разденется и обсохнет земля, — выедет в степь; держась наскучавшимися по работе руками за чапиги, пойдет за плугом, ощущая его живое биение и толчки; представлял себе, как будет вдыхать сладкий дух молодой травы и поднятого лемехами чернозема, еще не утратившего пресного аромата снеговой сырости, — теплело на душе.","К кому же прислониться?» Об этом невнятно думал Григорий, привалясь к задку кошелки. Но когда представлял себе, как будет к весне готовить бороны, арбы, плесть из краснотала ясли, а когда разденется и обсохнет земля, — выедет в степь; держась наскучавшимися по работе руками за чапиги, пойдет за плугом, ощущая его живое биение и толчки; представлял себе, как будет вдыхать сладкий дух молодой травы и поднятого лемехами чернозема, еще не утратившего пресного аромата снеговой сырости, — теплело на душе.",False,,False,,True,556
WORD,S1_024,16626,9,9,намереваться,намеревался,"— Пантелей Прокофьевич сокрушенно плюнул и так погнал лошадей, словно намеревался раздавить самое Анютку.",— Ну и язык… с вожжину длиной!,"Уже проехав квартал, он не без боязни оглянулся:
— Плюется и костерит почем зря!..","— Ну и язык… с вожжину длиной! — Пантелей Прокофьевич сокрушенно плюнул и так погнал лошадей, словно намеревался раздавить самое Анютку. Уже проехав квартал, он не без боязни оглянулся:
— Плюется и костерит почем зря!..",False,,False,,True,557
WORD,S1_001,16643,6,6,думать,думал,"Ишо какая девка вышла, а я-то думал — дурненькая будет, никудышненькая.","Обнимая крутые, вызревшие плечи сестры, Григорий поцеловал ее в губы и глаза, сказал, отступая, дивясь:
— Да ты, Дуняха, черт тебя знает!..","— Ну уж ты, братушка!..","Обнимая крутые, вызревшие плечи сестры, Григорий поцеловал ее в губы и глаза, сказал, отступая, дивясь:
— Да ты, Дуняха, черт тебя знает!.. Ишо какая девка вышла, а я-то думал — дурненькая будет, никудышненькая. — Ну уж ты, братушка!..",False,,False,,True,558
WORD,S1_002,16703,18,18,подумать,подумал,"Григорий сбоку оглядел ее полные, как выточенные, ноги, волнующе-тугой обтянутый живот и широкий, как у кормленой кобылицы, зад, — подумал: «Казачку из всех баб угадаешь.","Она приоделась к его приезду; сатиновая голубая кофточка, с узким кружевным в кисти рукавом, облегала ее ладный стан, бугрилась на мягкой большой груди; синяя юбка, с расшитым морщиненым подолом, внизу была широка, вверху — в обхват.","В одеже — привычка, чтоб все на виду было; хочешь — гляди, а хочешь — нет.","Она приоделась к его приезду; сатиновая голубая кофточка, с узким кружевным в кисти рукавом, облегала ее ладный стан, бугрилась на мягкой большой груди; синяя юбка, с расшитым морщиненым подолом, внизу была широка, вверху — в обхват. Григорий сбоку оглядел ее полные, как выточенные, ноги, волнующе-тугой обтянутый живот и широкий, как у кормленой кобылицы, зад, — подумал: «Казачку из всех баб угадаешь. В одеже — привычка, чтоб все на виду было; хочешь — гляди, а хочешь — нет.",False,,False,,True,559
WORD,S1_002,16711,11,11,подумать,подумал,"Григорий положил руку на широкую, рабочую спину жены, в первый раз подумал: «Красивая баба, в глаза шибается…","Сережка вон сломалась, да и той грош цена! — докончила она с горестью.",Как же она жила без меня?,"Сережка вон сломалась, да и той грош цена! — докончила она с горестью. Григорий положил руку на широкую, рабочую спину жены, в первый раз подумал: «Красивая баба, в глаза шибается… Как же она жила без меня?",False,,False,,True,560
PHRASE,PHR_014,16715,2,3,неожиданный мысль,неожиданной мысли,"От этой неожиданной мысли у него екнуло сердце, стало пакостно на душе.","А что, ежли жалмеркой принимала?»","Он испытующе поглядел в ее розовое, лоснившееся и благоухавшее огуречной помадой лицо.","А что, ежли жалмеркой принимала?» От этой неожиданной мысли у него екнуло сердце, стало пакостно на душе. Он испытующе поглядел в ее розовое, лоснившееся и благоухавшее огуречной помадой лицо.",False,,False,,True,561
WORD,S1_011,16715,3,3,мысль,мысли,"От этой неожиданной мысли у него екнуло сердце, стало пакостно на душе.","А что, ежли жалмеркой принимала?»","Он испытующе поглядел в ее розовое, лоснившееся и благоухавшее огуречной помадой лицо.","А что, ежли жалмеркой принимала?» От этой неожиданной мысли у него екнуло сердце, стало пакостно на душе. Он испытующе поглядел в ее розовое, лоснившееся и благоухавшее огуречной помадой лицо.",True,PHR_014,False,,False,562
WORD,S1_011,16720,3,3,мысль,мысли,"Григорий отогнал негожие мысли, но что-то враждебное, неосознанное шевельнулось в эту минуту к жене.",— Ну а как же!,"Кряхтя, влез в дверь Пантелей Прокофьевич.","— Ну а как же! Григорий отогнал негожие мысли, но что-то враждебное, неосознанное шевельнулось в эту минуту к жене. Кряхтя, влез в дверь Пантелей Прокофьевич.",False,,False,,True,563
WORD,S1_001,16777,5,5,думать,думает,— Ну а ревком ваш что думает?,"— С трех сторон: с Тихорецкой, с Таганрога, с Воронежа.",Зачем их допущает на наши земли?,"— С трех сторон: с Тихорецкой, с Таганрога, с Воронежа. — Ну а ревком ваш что думает? Зачем их допущает на наши земли?",False,,False,,True,564
WORD,S1_002,16806,2,2,подумать,подумай,"— Ты, Гришка, подумай.","Покумились с большевиками, — они и уставляют свои порядки.",Парень ты не глупой.,"Покумились с большевиками, — они и уставляют свои порядки. — Ты, Гришка, подумай. Парень ты не глупой.",False,,False,,True,565
WORD,S1_019,16808,2,2,уразуметь,уразуметь,"Ты должен уразуметь, что казак — он как был казак, так казаком и останется.",Парень ты не глупой.,Вонючая Русь у нас не должна править.,"Парень ты не глупой. Ты должен уразуметь, что казак — он как был казак, так казаком и останется. Вонючая Русь у нас не должна править.",False,,False,,True,566
WORD,S1_014,16838,1,1,вспомнить,вспомнил,"Григорий вспомнил, что сегодня — воскресенье.",Звонили к обедне.,"Натальи не было рядом с ним, но перина еще хранила тепло ее тела.","Звонили к обедне. Григорий вспомнил, что сегодня — воскресенье. Натальи не было рядом с ним, но перина еще хранила тепло ее тела.",False,,False,,True,567
WORD,S1_014,16850,4,4,вспомнить,вспомнил,"Григорий лежа обнял ее, вспомнил ночь, — засмеялся.",От рук ее пахло свежим тестом.,— Проспала?,"От рук ее пахло свежим тестом. Григорий лежа обнял ее, вспомнил ночь, — засмеялся. — Проспала?",False,,False,,True,568
WORD,S1_002,16882,4,4,подумать,подумал,"«Без костыля не обойдусь», — подумал он, придерживаясь за перила.",Ему трудно было спускаться с крыльца — мешала раненая нога.,"Пулю вырезали ему в Миллерове, ранку затянуло коричневым струпом, — он-то, стягивая кожу, и препятствовал вольно сгибаться ноге.","Ему трудно было спускаться с крыльца — мешала раненая нога. «Без костыля не обойдусь», — подумал он, придерживаясь за перила. Пулю вырезали ему в Миллерове, ранку затянуло коричневым струпом, — он-то, стягивая кожу, и препятствовал вольно сгибаться ноге.",False,,False,,True,569
WORD,S1_016,16888,2,2,помнить,помнил,"С детства помнил Григорий это колесо, устроенное для бабьих нужд: на него, не сходя с крыльца, ставили на ночь молоко в корчажках, днем сушилась на нем посуда, выжаривались на солнце горшки.","Тут же около крыльца стоял столб с колесом, укрепленным наверху.","Некоторые перемены на базу бросались в глаза: дверь амбара была выкрашена взамен слинявшей краски желтой глиной, сарай заново покрыт еще не побуревшей житной соломой; костер поднятых дыбом слег казался меньше, — должно быть, израсходовали часть на поправку городьбы.","Тут же около крыльца стоял столб с колесом, укрепленным наверху. С детства помнил Григорий это колесо, устроенное для бабьих нужд: на него, не сходя с крыльца, ставили на ночь молоко в корчажках, днем сушилась на нем посуда, выжаривались на солнце горшки. Некоторые перемены на базу бросались в глаза: дверь амбара была выкрашена взамен слинявшей краски желтой глиной, сарай заново покрыт еще не побуревшей житной соломой; костер поднятых дыбом слег казался меньше, — должно быть, израсходовали часть на поправку городьбы.",False,,False,,True,570
WORD,S1_001,16943,0,0,думать,Думаю,— Думаю ноне в Вешки поехать.,Подошел Пантелей Прокофьевич.,— Чего туда?,Подошел Пантелей Прокофьевич. — Думаю ноне в Вешки поехать. — Чего туда?,False,,False,,True,571
WORD,S1_016,16995,15,15,помнить,помнил,"Он несвязно рассказывал о Григории, спорил о чем-то с захмелевшим кумом, спорил и после не помнил о чем.","И Пантелей Прокофьевич за горячим разговором и за графином вскоре забыл и про лошадь, и про все на свете.",Встрепенулся уже вечером.,"И Пантелей Прокофьевич за горячим разговором и за графином вскоре забыл и про лошадь, и про все на свете. Он несвязно рассказывал о Григории, спорил о чем-то с захмелевшим кумом, спорил и после не помнил о чем. Встрепенулся уже вечером.",False,,False,,True,572
WORD,S1_004,16997,6,6,решить,решил,"Не глядя на упрашивания остаться ночевать, решил ехать.",Встрепенулся уже вечером.,"Кобылу запряг ему хозяйский сын, сесть в сани помог кум.","Встрепенулся уже вечером. Не глядя на упрашивания остаться ночевать, решил ехать. Кобылу запряг ему хозяйский сын, сесть в сани помог кум.",False,,False,,True,573
WORD,S1_022,17021,2,2,сообразить,сообразил,"«Ночь…» — туманно сообразил Пантелей Прокофьевич и ожесточенно дернул вожжи:
— Но, но-о!..",С черного неба глядели желто-зеленые невызревшие черешни звезд.,"Вот я тебя, хреновина старая!","С черного неба глядели желто-зеленые невызревшие черешни звезд. «Ночь…» — туманно сообразил Пантелей Прокофьевич и ожесточенно дернул вожжи:
— Но, но-о!.. Вот я тебя, хреновина старая!",False,,False,,True,574
WORD,S1_017,17046,2,2,понять,понял,"Пантелей Прокофьевич понял, что кричать теперь глупо и бесполезно.",А полынья чуть дымилась паром и так же радушно и жутко чернела.,"Он огляделся, — сообразил, куда попал пьяным невзначаем, и затрясся от злости на самого себя, на случившееся.","А полынья чуть дымилась паром и так же радушно и жутко чернела. Пантелей Прокофьевич понял, что кричать теперь глупо и бесполезно. Он огляделся, — сообразил, куда попал пьяным невзначаем, и затрясся от злости на самого себя, на случившееся.",False,,False,,True,575
WORD,S1_022,17047,2,2,сообразить,сообразил,"Он огляделся, — сообразил, куда попал пьяным невзначаем, и затрясся от злости на самого себя, на случившееся.","Пантелей Прокофьевич понял, что кричать теперь глупо и бесполезно.","В руках его остался кнут, с ним он успел соскочить.","Пантелей Прокофьевич понял, что кричать теперь глупо и бесполезно. Он огляделся, — сообразил, куда попал пьяным невзначаем, и затрясся от злости на самого себя, на случившееся. В руках его остался кнут, с ним он успел соскочить.",False,,False,,True,576
WORD,S1_004,17126,0,0,решить,Решено,Решено было собраться в четыре часа совместно с городской думой для передачи ей власти и акта.,Вскоре он вернулся в сопровождении атамана.,"Каледин встал, за ним поднялись остальные.","Вскоре он вернулся в сопровождении атамана. Решено было собраться в четыре часа совместно с городской думой для передачи ей власти и акта. Каледин встал, за ним поднялись остальные.",False,,False,,True,577
PHRASE,PHR_047,17185,9,11,восстановить в память,восстановить в памяти,"Он долго смотрел на Анну серьезным затуманенным взглядом, пытался восстановить в памяти все, что было связано с ней; это удалось ему лишь отчасти, — память была туга, неподатлива, многое пока еще хоронила где-то в глубине.",Сознание вернулось к нему вечером 24 декабря.,"— Дай мне нить… — по-прежнему издалека донесся до слуха собственный его голос, и от этого стало весело;","Сознание вернулось к нему вечером 24 декабря. Он долго смотрел на Анну серьезным затуманенным взглядом, пытался восстановить в памяти все, что было связано с ней; это удалось ему лишь отчасти, — память была туга, неподатлива, многое пока еще хоронила где-то в глубине. — Дай мне нить… — по-прежнему издалека донесся до слуха собственный его голос, и от этого стало весело;",False,,False,,True,578
WORD,S1_017,17202,1,1,понять,поняла,"Она поняла вопрос, улыбнулась.","Повел глазами по комнате, невнятно сказал:
— Где это?",— В Царицыне мы.,"Повел глазами по комнате, невнятно сказал:
— Где это? Она поняла вопрос, улыбнулась. — В Царицыне мы.",False,,False,,True,579
WORD,S1_011,17206,9,9,мысль,мысль,"— И, словно оправдываясь или стараясь отвести какую-то невысказанную им мысль, заспешила: — Тебя нельзя было бросить у посторонних.",— Я одна осталась с тобой.,"Меня просил Абрамсон и товарищи из бюро, чтобы берегла тебя…","— Я одна осталась с тобой. — И, словно оправдываясь или стараясь отвести какую-то невысказанную им мысль, заспешила: — Тебя нельзя было бросить у посторонних. Меня просил Абрамсон и товарищи из бюро, чтобы берегла тебя…",False,,False,,True,580
WORD,S1_001,17282,5,5,думать,думая,"Анна подолгу простаивала около окна, думая о своей диковинной, круто переломившейся жизни.","Из окна виднелся снеговой размет Волги, леса за ней — широким серым полудужьем, мягкие волнистые очертания дальних полей.",Болезнь Бунчука странно сроднила их.,"Из окна виднелся снеговой размет Волги, леса за ней — широким серым полудужьем, мягкие волнистые очертания дальних полей. Анна подолгу простаивала около окна, думая о своей диковинной, круто переломившейся жизни. Болезнь Бунчука странно сроднила их.",False,,False,,True,581
PHRASE,PHR_612,17356,9,11,надо понять,надо было понять,"Прощались сдержанно-холодно, но Бунчук понял это так, как и надо было понять: она боялась растерять запас решимости.","Ну, как бы то ни было, прощай!..",Он вышел проводить.,"Ну, как бы то ни было, прощай!.. Прощались сдержанно-холодно, но Бунчук понял это так, как и надо было понять: она боялась растерять запас решимости. Он вышел проводить.",False,,False,,True,582
WORD,S1_017,17356,4,4,понять,понял,"Прощались сдержанно-холодно, но Бунчук понял это так, как и надо было понять: она боялась растерять запас решимости.","Ну, как бы то ни было, прощай!..",Он вышел проводить.,"Ну, как бы то ни было, прощай!.. Прощались сдержанно-холодно, но Бунчук понял это так, как и надо было понять: она боялась растерять запас решимости. Он вышел проводить.",False,,False,,True,583
WORD,S1_017,17356,11,11,понять,понять,"Прощались сдержанно-холодно, но Бунчук понял это так, как и надо было понять: она боялась растерять запас решимости.","Ну, как бы то ни было, прощай!..",Он вышел проводить.,"Ну, как бы то ни было, прощай!.. Прощались сдержанно-холодно, но Бунчук понял это так, как и надо было понять: она боялась растерять запас решимости. Он вышел проводить.",True,PHR_612,False,,False,584
WORD,S1_001,17386,19,19,думать,думая,"Во время заседаний Назаров — этот энергичный, кипучий генерал — сидел, опершись на руку, закрыв ладонью лоб, словно мучительно о чем-то думая.",Предрешенность исхода борьбы с большевиками чувствовалась всеми.,Рушились трухой последние надежды.,"Предрешенность исхода борьбы с большевиками чувствовалась всеми. Во время заседаний Назаров — этот энергичный, кипучий генерал — сидел, опершись на руку, закрыв ладонью лоб, словно мучительно о чем-то думая. Рушились трухой последние надежды.",False,,False,,True,585
WORD,S1_017,17393,5,5,понять,понявший,"Крохотная оставалась перемычка, и Корнилов, понявший, что оставаться в Ростове небезопасно, отдал приказ об уходе на станицу Ольгинскую.","Утром 22-го в Ростов вошел отряд капитана Чернова, теснимый Сиверсом и с тыла обстреливаемый казаками Гниловской станицы.",Весь день по вокзалу и офицерским патрулям постреливали с Темерника рабочие.,"Утром 22-го в Ростов вошел отряд капитана Чернова, теснимый Сиверсом и с тыла обстреливаемый казаками Гниловской станицы. Крохотная оставалась перемычка, и Корнилов, понявший, что оставаться в Ростове небезопасно, отдал приказ об уходе на станицу Ольгинскую. Весь день по вокзалу и офицерским патрулям постреливали с Темерника рабочие.",False,,False,,True,586
WORD,S1_001,17443,2,2,думать,думал,"«Цвет России», — думал Листницкий, с острой жалостью оглядывая ряды и голову колонны, ломано изогнувшейся по дороге.","Он изредка шморгал носом, морщился от холода, проникавшего сквозь подбитую ветром шинель.","Проскакало несколько всадников, среди них — на высоком донце Корнилов.","Он изредка шморгал носом, морщился от холода, проникавшего сквозь подбитую ветром шинель. «Цвет России», — думал Листницкий, с острой жалостью оглядывая ряды и голову колонны, ломано изогнувшейся по дороге. Проскакало несколько всадников, среди них — на высоком донце Корнилов.",False,,False,,True,587
WORD,ALEX_008,17476,5,5,вспоминать,вспоминал,"Листницкий, невнимательно прислушиваясь к разговору, вспоминал свой отъезд из Ягодного, отца, Аксинью.",Совершенно верно… убили его.,Его душила внезапно задымившаяся на сердце тоска.,"Совершенно верно… убили его. Листницкий, невнимательно прислушиваясь к разговору, вспоминал свой отъезд из Ягодного, отца, Аксинью. Его душила внезапно задымившаяся на сердце тоска.",False,,False,,True,588
WORD,S1_001,17478,24,24,думать,думал,"Он вяло переставлял ноги, смотрел на колыхавшиеся впереди стволы винтовок с привинченными штыками, на головы в папахах, фуражках и башлыках, раскачивавшиеся в ритм шагу, думал:
«Такой вот, как у меня, заряд ненависти и беспредельной злобы несет сейчас каждый из этих пяти тысяч, подвергнутых остракизму.",Его душила внезапно задымившаяся на сердце тоска.,"Выбросили, сволочи, из России — и здесь думают растоптать.","Его душила внезапно задымившаяся на сердце тоска. Он вяло переставлял ноги, смотрел на колыхавшиеся впереди стволы винтовок с привинченными штыками, на головы в папахах, фуражках и башлыках, раскачивавшиеся в ритм шагу, думал:
«Такой вот, как у меня, заряд ненависти и беспредельной злобы несет сейчас каждый из этих пяти тысяч, подвергнутых остракизму. Выбросили, сволочи, из России — и здесь думают растоптать.",False,,False,,True,589
WORD,S1_001,17479,6,6,думать,думают,"Выбросили, сволочи, из России — и здесь думают растоптать.","Он вяло переставлял ноги, смотрел на колыхавшиеся впереди стволы винтовок с привинченными штыками, на головы в папахах, фуражках и башлыках, раскачивавшиеся в ритм шагу, думал:
«Такой вот, как у меня, заряд ненависти и беспредельной злобы несет сейчас каждый из этих пяти тысяч, подвергнутых остракизму.",Посмотрим!..,"Он вяло переставлял ноги, смотрел на колыхавшиеся впереди стволы винтовок с привинченными штыками, на головы в папахах, фуражках и башлыках, раскачивавшиеся в ритм шагу, думал:
«Такой вот, как у меня, заряд ненависти и беспредельной злобы несет сейчас каждый из этих пяти тысяч, подвергнутых остракизму. Выбросили, сволочи, из России — и здесь думают растоптать. Посмотрим!..",False,,False,,True,590
WORD,S1_014,17482,4,4,вспомнить,вспомнил,В эту минуту он вспомнил приезд Корнилова в Москву и с радостью перешел на воспоминания того дня.,Корнилов выведет нас к Москве!»,"Где-то недалеко, позади, наверное в хвосте роты, шла батарея.","Корнилов выведет нас к Москве!» В эту минуту он вспомнил приезд Корнилова в Москву и с радостью перешел на воспоминания того дня. Где-то недалеко, позади, наверное в хвосте роты, шла батарея.",False,,False,,True,591
PHRASE,PHR_076,17511,0,1,принять решение,Принято решение,"Принято решение идти на Кубань, имея направление на Екатеринодар, в окрестностях которого действуют добровольческие отряды.",Вчера у нас был совет.,Мы двинемся этим маршрутом…,"Вчера у нас был совет. Принято решение идти на Кубань, имея направление на Екатеринодар, в окрестностях которого действуют добровольческие отряды. Мы двинемся этим маршрутом…",False,,False,,True,592
PHRASE,PHR_060,17527,0,2,не забывать,Не надо забывать,"Не надо забывать того обстоятельства, что постоянный и наиболее крепкий контингент моего отряда — казаки, а они вовсе не так устойчивы морально, как… хотя бы ваши части.",Казаки могут не пойти.,Они просто несознательны.,"Казаки могут не пойти. Не надо забывать того обстоятельства, что постоянный и наиболее крепкий контингент моего отряда — казаки, а они вовсе не так устойчивы морально, как… хотя бы ваши части. Они просто несознательны.",False,,False,,True,593
WORD,S1_025,17532,1,1,полагать,полагаю,"Я полагаю, что, исходя из соображений, высказанных сейчас мною, Добровольческой армии было бы благоразумней идти не на Кубань, — настроения кубанского казачества вселяют в меня немалые тревоги, — а вместе с донским отрядом — в задонские степи.","Разумеется, дробить силы не в наших интересах, но из создавшегося положения есть один выход.","Там она оправится, пользуясь передышкой, к весне пополнится новыми кадрами волонтеров из России…","Разумеется, дробить силы не в наших интересах, но из создавшегося положения есть один выход. Я полагаю, что, исходя из соображений, высказанных сейчас мною, Добровольческой армии было бы благоразумней идти не на Кубань, — настроения кубанского казачества вселяют в меня немалые тревоги, — а вместе с донским отрядом — в задонские степи. Там она оправится, пользуясь передышкой, к весне пополнится новыми кадрами волонтеров из России…",False,,False,,True,594
WORD,S1_010,17542,4,4,колебаться,колебался,"Он, по всей вероятности, колебался в выборе направления, искал поддержки у чужого авторитета.","Корнилов, в этот день особенно предупредительный к Алексееву, посмотрел на него.",Алексеева выслушали с большим вниманием.,"Корнилов, в этот день особенно предупредительный к Алексееву, посмотрел на него. Он, по всей вероятности, колебался в выборе направления, искал поддержки у чужого авторитета. Алексеева выслушали с большим вниманием.",False,,False,,True,595
WORD,S1_020,17544,5,5,ясно,ясно,"Старый генерал, привыкший кратко, исчерпывающе ясно разрешать задачи, в нескольких спрессованных фразах высказался в пользу похода на Екатеринодар.",Алексеева выслушали с большим вниманием.,"— В данном направлении нам легче всего прорвать большевистское кольцо и соединиться с отрядом, действующим под Екатеринодаром, — закончил он.","Алексеева выслушали с большим вниманием. Старый генерал, привыкший кратко, исчерпывающе ясно разрешать задачи, в нескольких спрессованных фразах высказался в пользу похода на Екатеринодар. — В данном направлении нам легче всего прорвать большевистское кольцо и соединиться с отрядом, действующим под Екатеринодаром, — закончил он.",False,,False,,True,596
PHRASE,PHR_080,17564,5,6,решить идти,решил идти,"Поддерживаемый большинством своих генералов, Корнилов решил идти западнее Великокняжеской, пополнить на походе нестроевую часть армии конским составом и уже оттуда повернуть на Кубань.","В заключение должен повторить, что мое мнение — идти на восток, в степи, и оттуда, накопив силы, грозить большевикам.","Распустив совещание, он перекинулся несколькими фразами с Поповым, — холодно попрощавшись с ним, вышел в свою комнату.","В заключение должен повторить, что мое мнение — идти на восток, в степи, и оттуда, накопив силы, грозить большевикам. Поддерживаемый большинством своих генералов, Корнилов решил идти западнее Великокняжеской, пополнить на походе нестроевую часть армии конским составом и уже оттуда повернуть на Кубань. Распустив совещание, он перекинулся несколькими фразами с Поповым, — холодно попрощавшись с ним, вышел в свою комнату.",False,,False,,True,597
WORD,S1_004,17564,5,5,решить,решил,"Поддерживаемый большинством своих генералов, Корнилов решил идти западнее Великокняжеской, пополнить на походе нестроевую часть армии конским составом и уже оттуда повернуть на Кубань.","В заключение должен повторить, что мое мнение — идти на восток, в степи, и оттуда, накопив силы, грозить большевикам.","Распустив совещание, он перекинулся несколькими фразами с Поповым, — холодно попрощавшись с ним, вышел в свою комнату.","В заключение должен повторить, что мое мнение — идти на восток, в степи, и оттуда, накопив силы, грозить большевикам. Поддерживаемый большинством своих генералов, Корнилов решил идти западнее Великокняжеской, пополнить на походе нестроевую часть армии конским составом и уже оттуда повернуть на Кубань. Распустив совещание, он перекинулся несколькими фразами с Поповым, — холодно попрощавшись с ним, вышел в свою комнату.",True,PHR_080,False,,False,598
PHRASE,PHR_076,17589,7,8,принять решение,принятом решении,"Созвав командиров строевых частей, Корнилов объявил о принятом решении идти на Кубань.",Сведения были отрицательного характера.,К Попову был послан ординарец с вторичным предложением присоединиться.,"Сведения были отрицательного характера. Созвав командиров строевых частей, Корнилов объявил о принятом решении идти на Кубань. К Попову был послан ординарец с вторичным предложением присоединиться.",False,,False,,True,599
PHRASE,PHR_368,17657,28,29,понять смысл,понял смысла,"Бунчук пожал горячую руку Абрамсона, перекинулся с ним несколькими фразами и, чувствуя на лице своем глупую, беспредельно счастливую улыбку, не отвечая на какой-то вопрос Абрамсона (он даже не понял смысла вопроса), пошел к Анне.","Вот он — как новый гривенник, а ты о нем беспокоился, — залепетала она, не поднимая глаз, и, не в силах овладеть смущением, отошла к двери.","Она оправилась, встретила его немного злой за свое смущение улыбкой.","Вот он — как новый гривенник, а ты о нем беспокоился, — залепетала она, не поднимая глаз, и, не в силах овладеть смущением, отошла к двери. Бунчук пожал горячую руку Абрамсона, перекинулся с ним несколькими фразами и, чувствуя на лице своем глупую, беспредельно счастливую улыбку, не отвечая на какой-то вопрос Абрамсона (он даже не понял смысла вопроса), пошел к Анне. Она оправилась, встретила его немного злой за свое смущение улыбкой.",False,,False,,True,600
WORD,S1_017,17657,28,28,понять,понял,"Бунчук пожал горячую руку Абрамсона, перекинулся с ним несколькими фразами и, чувствуя на лице своем глупую, беспредельно счастливую улыбку, не отвечая на какой-то вопрос Абрамсона (он даже не понял смысла вопроса), пошел к Анне.","Вот он — как новый гривенник, а ты о нем беспокоился, — залепетала она, не поднимая глаз, и, не в силах овладеть смущением, отошла к двери.","Она оправилась, встретила его немного злой за свое смущение улыбкой.","Вот он — как новый гривенник, а ты о нем беспокоился, — залепетала она, не поднимая глаз, и, не в силах овладеть смущением, отошла к двери. Бунчук пожал горячую руку Абрамсона, перекинулся с ним несколькими фразами и, чувствуя на лице своем глупую, беспредельно счастливую улыбку, не отвечая на какой-то вопрос Абрамсона (он даже не понял смысла вопроса), пошел к Анне. Она оправилась, встретила его немного злой за свое смущение улыбкой.",True,PHR_368,False,,False,601
WORD,S1_001,17672,1,1,думать,думаем,Мы думаем использовать тебя на одной работе.,"У меня к тебе, товарищ Бунчук, есть дело.",— Я приду через час.,"У меня к тебе, товарищ Бунчук, есть дело. Мы думаем использовать тебя на одной работе. — Я приду через час.",False,,False,,True,602
WORD,S1_016,17692,0,0,помнить,Помнишь,"Помнишь, где я живу?",— Ты сегодня же перейдешь к нам.,Ты провожал меня когда-то.,"— Ты сегодня же перейдешь к нам. Помнишь, где я живу? Ты провожал меня когда-то.",False,,False,,True,603
PHRASE,PHR_635,17745,16,18,ты понять,ты только пойми,"Эта работа грязная, но нужно и в ней сохранить целеньким сознание своей ответственности перед партией, и ты только пойми меня, как надо… — нажал он на эту фразу, — человечность сохранить.","Был форменный садист, безобразник, сволочь, — таких нам не надо.","Мы по необходимости физически уничтожаем контрреволюционеров, но делать из этого цирк нельзя.","Был форменный садист, безобразник, сволочь, — таких нам не надо. Эта работа грязная, но нужно и в ней сохранить целеньким сознание своей ответственности перед партией, и ты только пойми меня, как надо… — нажал он на эту фразу, — человечность сохранить. Мы по необходимости физически уничтожаем контрреволюционеров, но делать из этого цирк нельзя.",False,,False,,True,604
WORD,S1_017,17745,18,18,понять,пойми,"Эта работа грязная, но нужно и в ней сохранить целеньким сознание своей ответственности перед партией, и ты только пойми меня, как надо… — нажал он на эту фразу, — человечность сохранить.","Был форменный садист, безобразник, сволочь, — таких нам не надо.","Мы по необходимости физически уничтожаем контрреволюционеров, но делать из этого цирк нельзя.","Был форменный садист, безобразник, сволочь, — таких нам не надо. Эта работа грязная, но нужно и в ней сохранить целеньким сознание своей ответственности перед партией, и ты только пойми меня, как надо… — нажал он на эту фразу, — человечность сохранить. Мы по необходимости физически уничтожаем контрреволюционеров, но делать из этого цирк нельзя.",True,PHR_635,False,,False,605
WORD,S1_001,17805,2,2,думать,думай,"Ты не думай, что есть люди из железа.","— Нет, я крепок…",Все мы из одного материала литы…,"— Нет, я крепок… Ты не думай, что есть люди из железа. Все мы из одного материала литы…",False,,False,,True,606
WORD,S1_017,17866,2,2,понять,пойми,"Не болен… пойми, пойми!",Даже на это не способен сейчас…,Опустошен я…,"Даже на это не способен сейчас… Не болен… пойми, пойми! Опустошен я…",False,,False,,True,607
WORD,S1_017,17866,3,3,понять,пойми,"Не болен… пойми, пойми!",Даже на это не способен сейчас…,Опустошен я…,"Даже на это не способен сейчас… Не болен… пойми, пойми! Опустошен я…",False,,False,,True,608
WORD,S1_001,17872,14,14,думать,Думала,"А через неделю Анна, пряча под его рукой свое зажженное огневым румянцем лицо, призналась:
— …Думала, израсходовался раньше…","Анна встала, молча обняла его и спокойно, как мать, поцеловала в лоб.","Не знала, что до дна вычерпала тебя работа.","Анна встала, молча обняла его и спокойно, как мать, поцеловала в лоб. А через неделю Анна, пряча под его рукой свое зажженное огневым румянцем лицо, призналась:
— …Думала, израсходовался раньше… Не знала, что до дна вычерпала тебя работа.",False,,False,,True,609
WORD,S1_001,17994,1,1,думать,думаю,"Дай, думаю, посадовлю бабу, а она злякалась…",Я это нарочно.,А сена ты отпустил?,"Я это нарочно. Дай, думаю, посадовлю бабу, а она злякалась… А сена ты отпустил?",False,,False,,True,610
WORD,S1_004,18078,15,15,решить,решил,"Вентери свои проверил скоро, выбрал из последнего рыбу, опустил, оправил вентерные крылья и, тихонько отъехав, решил закурить.","Отомкнув баркас, шибко поехал опором, стоя, с силой налегая на весло.",Заря чуть занималась.,"Отомкнув баркас, шибко поехал опором, стоя, с силой налегая на весло. Вентери свои проверил скоро, выбрал из последнего рыбу, опустил, оправил вентерные крылья и, тихонько отъехав, решил закурить. Заря чуть занималась.",False,,False,,True,611
WORD,S1_002,18084,11,11,подумать,подумал,"Оглядев улов — три веретенки, сазана фунтов на восемь, кучу белой рыбы, — подумал:
«Придется часть продать.","Дымок, тая и цепляясь за кусты, заклубился в сторону.","Лукешка-косая возьмет, на сушеные груши обменяю; все мать взвару когда наварит».","Дымок, тая и цепляясь за кусты, заклубился в сторону. Оглядев улов — три веретенки, сазана фунтов на восемь, кучу белой рыбы, — подумал:
«Придется часть продать. Лукешка-косая возьмет, на сушеные груши обменяю; все мать взвару когда наварит».",False,,False,,True,612
WORD,S1_002,18088,3,3,подумать,подумал,"«Кто бы это?» — подумал Мишка, разгоняя баркас, ловко управляя веслом.","У огородных плетней, где примыкал он баркас, сидел человек.",У плетня на корточках сидел Валет.,"У огородных плетней, где примыкал он баркас, сидел человек. «Кто бы это?» — подумал Мишка, разгоняя баркас, ловко управляя веслом. У плетня на корточках сидел Валет.",False,,False,,True,613
WORD,S1_001,18160,2,2,думать,думаешь,"Начнется мобилизация, думаешь — зацепишься?",— Как чего?,— Не пойду — и все.,"— Как чего? Начнется мобилизация, думаешь — зацепишься? — Не пойду — и все.",False,,False,,True,614
WORD,S1_001,18234,1,1,думать,думаете,— Не думаете уходить?,"Мишка раздраженно шевельнул бровью, в земляной пол всадил взгляд.",— Я думаю погодить с этим.,"Мишка раздраженно шевельнул бровью, в земляной пол всадил взгляд. — Не думаете уходить? — Я думаю погодить с этим.",False,,False,,True,615
WORD,S1_001,18235,1,1,думать,думаю,— Я думаю погодить с этим.,— Не думаете уходить?,"Уйти завсегда не поздно… вы — как, Григорий Пантелеев, и ты, Христан?..","— Не думаете уходить? — Я думаю погодить с этим. Уйти завсегда не поздно… вы — как, Григорий Пантелеев, и ты, Христан?..",False,,False,,True,616
PHRASE,PHR_603,18242,0,1,надо подумать,Надо подумать,"Надо подумать… подумать, говорю…","Раз, два — и готово?..","Дон-дон-дон-дон! — сорвалось с колокольни и залило площадь, улицы, проулки; над бурой гладью полой воды, над непросохшими меловыми мысами горы звон пошел перекатом, в лесу рассыпался на мелкие, как чечевица, осколки, — стеня, замер.","Раз, два — и готово?.. Надо подумать… подумать, говорю… Дон-дон-дон-дон! — сорвалось с колокольни и залило площадь, улицы, проулки; над бурой гладью полой воды, над непросохшими меловыми мысами горы звон пошел перекатом, в лесу рассыпался на мелкие, как чечевица, осколки, — стеня, замер.",False,,False,,True,617
WORD,S1_002,18242,1,1,подумать,подумать,"Надо подумать… подумать, говорю…","Раз, два — и готово?..","Дон-дон-дон-дон! — сорвалось с колокольни и залило площадь, улицы, проулки; над бурой гладью полой воды, над непросохшими меловыми мысами горы звон пошел перекатом, в лесу рассыпался на мелкие, как чечевица, осколки, — стеня, замер.","Раз, два — и готово?.. Надо подумать… подумать, говорю… Дон-дон-дон-дон! — сорвалось с колокольни и залило площадь, улицы, проулки; над бурой гладью полой воды, над непросохшими меловыми мысами горы звон пошел перекатом, в лесу рассыпался на мелкие, как чечевица, осколки, — стеня, замер.",True,PHR_603,False,,False,618
WORD,S1_002,18242,2,2,подумать,подумать,"Надо подумать… подумать, говорю…","Раз, два — и готово?..","Дон-дон-дон-дон! — сорвалось с колокольни и залило площадь, улицы, проулки; над бурой гладью полой воды, над непросохшими меловыми мысами горы звон пошел перекатом, в лесу рассыпался на мелкие, как чечевица, осколки, — стеня, замер.","Раз, два — и готово?.. Надо подумать… подумать, говорю… Дон-дон-дон-дон! — сорвалось с колокольни и залило площадь, улицы, проулки; над бурой гладью полой воды, над непросохшими меловыми мысами горы звон пошел перекатом, в лесу рассыпался на мелкие, как чечевица, осколки, — стеня, замер.",False,,False,,True,619
WORD,S1_001,18257,0,0,думать,Думаешь,"Думаешь, не сойдутся!","Иван Алексеевич улыбнулся извиняюще:
— Молодой ты, Мишатка, горячий…",Сой-дут-ся!,"Иван Алексеевич улыбнулся извиняюще:
— Молодой ты, Мишатка, горячий… Думаешь, не сойдутся! Сой-дут-ся!",False,,False,,True,620
WORD,S1_002,18272,11,11,подумать,подумал,"Мишка, шагая рядом с ним, глянул на его ежистую, вздыбленную щетину, подумал: «А ить убил бы, хорек!»",Винтореза при мне не было — убил бы… — сказал он хлипким голосом.,"Они шли быстро, каждый звяк колокола хлестал их кнутовым ударом.","Винтореза при мне не было — убил бы… — сказал он хлипким голосом. Мишка, шагая рядом с ним, глянул на его ежистую, вздыбленную щетину, подумал: «А ить убил бы, хорек!» Они шли быстро, каждый звяк колокола хлестал их кнутовым ударом.",False,,False,,True,621
WORD,S1_001,18309,5,5,думать,думает,"Сам он пушку заряжает,
Сам думает обо мне…","Остальные подхватывали и вместе с ней в три голоса искусно пряли эту бабью, горькую, наивно-жалующуюся песню:
…Как мой милый на войне.","Мишка и Валет шли возле плетня, вслушиваясь в песню, перерезанную заливистым конским ржаньем, доносившимся с луга:
…Как пришло письмо, да с печатью,
Что милый мой убит.","Остальные подхватывали и вместе с ней в три голоса искусно пряли эту бабью, горькую, наивно-жалующуюся песню:
…Как мой милый на войне. Сам он пушку заряжает,
Сам думает обо мне… Мишка и Валет шли возле плетня, вслушиваясь в песню, перерезанную заливистым конским ржаньем, доносившимся с луга:
…Как пришло письмо, да с печатью,
Что милый мой убит.",False,,False,,True,622
WORD,S1_009,18341,7,7,сомнение,сомнение,"Иван Алексеевич потянулся к фуражке; разрешая свое сомнение, спросил:
— А что, ребяты, не заржавели мы и в самом деле?","Ну что ж, пойдем на майдан?","Михаил он хучь и горяч, а парень дельный… попрекнул он нас.","Ну что ж, пойдем на майдан? Иван Алексеевич потянулся к фуражке; разрешая свое сомнение, спросил:
— А что, ребяты, не заржавели мы и в самом деле? Михаил он хучь и горяч, а парень дельный… попрекнул он нас.",False,,False,,True,623
WORD,S1_012,18348,3,3,мысленно,мысленно,"Те оправдания, которые мысленно подсовывал он себе, были ненадежны, и чей-то рассудочный насмешливый голос, звучавший внутри, давил их, как конское копыто — корочку ледка на луже.","Правота была на стороне Валета и Кошевого; нужно было уходить, а не мяться.","Единственное, что решил Иван Алексеевич твердо, — при первой же стычке перебежать к большевикам.","Правота была на стороне Валета и Кошевого; нужно было уходить, а не мяться. Те оправдания, которые мысленно подсовывал он себе, были ненадежны, и чей-то рассудочный насмешливый голос, звучавший внутри, давил их, как конское копыто — корочку ледка на луже. Единственное, что решил Иван Алексеевич твердо, — при первой же стычке перебежать к большевикам.",False,,False,,True,624
WORD,S1_004,18349,2,2,решить,решил,"Единственное, что решил Иван Алексеевич твердо, — при первой же стычке перебежать к большевикам.","Те оправдания, которые мысленно подсовывал он себе, были ненадежны, и чей-то рассудочный насмешливый голос, звучавший внутри, давил их, как конское копыто — корочку ледка на луже.","Решение это выспело в нем, пока шли к майдану, но ни Григорию, ни Христоне Иван Алексеевич не сказал о нем, смутно понимая, что они переживают что-то иное, и в глубине сознания уже опасаясь их.","Те оправдания, которые мысленно подсовывал он себе, были ненадежны, и чей-то рассудочный насмешливый голос, звучавший внутри, давил их, как конское копыто — корочку ледка на луже. Единственное, что решил Иван Алексеевич твердо, — при первой же стычке перебежать к большевикам. Решение это выспело в нем, пока шли к майдану, но ни Григорию, ни Христоне Иван Алексеевич не сказал о нем, смутно понимая, что они переживают что-то иное, и в глубине сознания уже опасаясь их.",False,,False,,True,625
PHRASE,PHR_070,18516,10,12,понять один,понять ни одного,Крик вырос сразу; из отдельных восклицаний и возгласов нельзя было понять ни одного слова.,Казаки ошалело молчали.,"Потом уже, когда, поорав, умолкли, на середину круга вышел клочкобровый старик Богатырев, снял перед сбором шапку, огляделся.","Казаки ошалело молчали. Крик вырос сразу; из отдельных восклицаний и возгласов нельзя было понять ни одного слова. Потом уже, когда, поорав, умолкли, на середину круга вышел клочкобровый старик Богатырев, снял перед сбором шапку, огляделся.",False,,False,,True,626
WORD,S1_017,18516,10,10,понять,понять,Крик вырос сразу; из отдельных восклицаний и возгласов нельзя было понять ни одного слова.,Казаки ошалело молчали.,"Потом уже, когда, поорав, умолкли, на середину круга вышел клочкобровый старик Богатырев, снял перед сбором шапку, огляделся.","Казаки ошалело молчали. Крик вырос сразу; из отдельных восклицаний и возгласов нельзя было понять ни одного слова. Потом уже, когда, поорав, умолкли, на середину круга вышел клочкобровый старик Богатырев, снял перед сбором шапку, огляделся.",True,PHR_070,False,,False,627
WORD,S1_001,18518,2,2,думать,думаю,— Я так думаю своим глупым разумом — что Григорию Пантелевичу не дадим мы этую должность.,"Потом уже, когда, поорав, умолкли, на середину круга вышел клочкобровый старик Богатырев, снял перед сбором шапку, огляделся.","Был за ним такой грех, — слыхали мы все про это.","Потом уже, когда, поорав, умолкли, на середину круга вышел клочкобровый старик Богатырев, снял перед сбором шапку, огляделся. — Я так думаю своим глупым разумом — что Григорию Пантелевичу не дадим мы этую должность. Был за ним такой грех, — слыхали мы все про это.",False,,False,,True,628
WORD,S1_004,18600,0,0,решить,Решено,Решено было на другой же день отправляться на поддержку мигулинцев.,С майдана расходились чуть ли не в полдень.,Наутро на площади из шестидесяти добровольцев собралось только около сорока.,С майдана расходились чуть ли не в полдень. Решено было на другой же день отправляться на поддержку мигулинцев. Наутро на площади из шестидесяти добровольцев собралось только около сорока.,False,,False,,True,629
WORD,S1_004,18688,1,1,решить,решили,"Посоветовавшись, решили не ночевать, ехать сейчас же.",— Зараз тронемся.,"Уже в беспорядке, кучей выехали за станицу.","— Зараз тронемся. Посоветовавшись, решили не ночевать, ехать сейчас же. Уже в беспорядке, кучей выехали за станицу.",False,,False,,True,630
PHRASE,PHR_041,18759,1,5,повторить про себя,повторил он дивясь про себя,"Страшно! — повторил он, дивясь про себя, что казаки не пугаются его рассказа, так, по крайней мере, заключил он, оглядывая бесстрастные и холодные лица Григория, Христони и Томилина.","У одного плечо обрубили, двошит часто, и видно, как сердце в середке под кровями бьется, а печенки синие-синие…","Закурив, он погладил мокрую шею Григорьева коня, сказал: «Спасибочко» — и побежал к быкам.","У одного плечо обрубили, двошит часто, и видно, как сердце в середке под кровями бьется, а печенки синие-синие… Страшно! — повторил он, дивясь про себя, что казаки не пугаются его рассказа, так, по крайней мере, заключил он, оглядывая бесстрастные и холодные лица Григория, Христони и Томилина. Закурив, он погладил мокрую шею Григорьева коня, сказал: «Спасибочко» — и побежал к быкам.",False,,False,,True,631
WORD,S1_017,18802,5,5,понять,понял,"В этот миг он уже понял, что поступок ее не в силах увлечь остальных, бессмыслен, безрассуден, обречен.","Позади слышал дых нескольких человек, топотавших следом, и всем своим существом чувствовал что-то страшное, непоправимое, приближение какой-то чудовищной развязки.",Неподалеку от угла в упор напоролся на подскакавших казаков.,"Позади слышал дых нескольких человек, топотавших следом, и всем своим существом чувствовал что-то страшное, непоправимое, приближение какой-то чудовищной развязки. В этот миг он уже понял, что поступок ее не в силах увлечь остальных, бессмыслен, безрассуден, обречен. Неподалеку от угла в упор напоролся на подскакавших казаков.",False,,False,,True,632
WORD,S1_017,18810,26,26,понять,понял,"Не чуя рук, повернул ее на бок, чтобы взять и куда-то нести, увидел кровяной подтек в левом боку и клочья синей кофточки, хлюпко болтавшейся вокруг раны, — понял, что рана от разрывной пули, понял — смерть Анне, и смерть увидел в ее обволоченных мутью глазах.","Она, одна она была в его глазах, билась у его ног.",Кто-то оттолкнул его.,"Она, одна она была в его глазах, билась у его ног. Не чуя рук, повернул ее на бок, чтобы взять и куда-то нести, увидел кровяной подтек в левом боку и клочья синей кофточки, хлюпко болтавшейся вокруг раны, — понял, что рана от разрывной пули, понял — смерть Анне, и смерть увидел в ее обволоченных мутью глазах. Кто-то оттолкнул его.",False,,False,,True,633
WORD,S1_017,18810,32,32,понять,понял,"Не чуя рук, повернул ее на бок, чтобы взять и куда-то нести, увидел кровяной подтек в левом боку и клочья синей кофточки, хлюпко болтавшейся вокруг раны, — понял, что рана от разрывной пули, понял — смерть Анне, и смерть увидел в ее обволоченных мутью глазах.","Она, одна она была в его глазах, билась у его ног.",Кто-то оттолкнул его.,"Она, одна она была в его глазах, билась у его ног. Не чуя рук, повернул ее на бок, чтобы взять и куда-то нести, увидел кровяной подтек в левом боку и клочья синей кофточки, хлюпко болтавшейся вокруг раны, — понял, что рана от разрывной пули, понял — смерть Анне, и смерть увидел в ее обволоченных мутью глазах. Кто-то оттолкнул его.",False,,False,,True,634
WORD,S1_004,18901,12,12,решить,решил,"Мобилизация сорвалась, и Подтелков, недавно избранный председателем донского Совнаркома, по инициативе Лагутина решил отправиться на север, чтобы мобилизовать там три-четыре полка фронтовиков и кинуть их на немцев и низовскую контрреволюцию.","Лишь на севере, в Хоперском и Усть-Медведицком округах, теплились очаги революции, и к их-то теплу невольно и тянулись Подтелков и остальные, разуверившиеся в поддержке низовского казачества.","Создали чрезвычайную мобилизационную комиссию пяти, во главе с Подтелковым.","Лишь на севере, в Хоперском и Усть-Медведицком округах, теплились очаги революции, и к их-то теплу невольно и тянулись Подтелков и остальные, разуверившиеся в поддержке низовского казачества. Мобилизация сорвалась, и Подтелков, недавно избранный председателем донского Совнаркома, по инициативе Лагутина решил отправиться на север, чтобы мобилизовать там три-четыре полка фронтовиков и кинуть их на немцев и низовскую контрреволюцию. Создали чрезвычайную мобилизационную комиссию пяти, во главе с Подтелковым.",False,,False,,True,635
WORD,ALEX_008,18990,1,1,вспоминать,вспоминал,"Он вспоминал ее речи, овеянные сентиментальным романтизмом, все то, что пережил с ней.","Лицо ее, фигура, походка, жесты, мимика, размах бровей — все это, воссоединяясь по частям, составляло ее цельную, живую.",И от этой живости воссоздания муки его удесятерялись.,"Лицо ее, фигура, походка, жесты, мимика, размах бровей — все это, воссоединяясь по частям, составляло ее цельную, живую. Он вспоминал ее речи, овеянные сентиментальным романтизмом, все то, что пережил с ней. И от этой живости воссоздания муки его удесятерялись.",False,,False,,True,636
WORD,S1_011,19069,12,12,мысль,мыслями,"Накануне вступления в юрт Краснокутской станицы он долго разговаривал с Лагутиным, делился мыслями:
— Нам, Иван, далеко идтить не след.","Сжигаемый беспокойством, он стремился вперед.","Вот достигнем Усть-Хоперской станицы, зачнем ворочать дела!","Сжигаемый беспокойством, он стремился вперед. Накануне вступления в юрт Краснокутской станицы он долго разговаривал с Лагутиным, делился мыслями:
— Нам, Иван, далеко идтить не след. Вот достигнем Усть-Хоперской станицы, зачнем ворочать дела!",False,,False,,True,637
WORD,S1_001,19076,2,2,думать,думаешь,"— Ты уж думаешь, и там началось?","— Набрать — наберем, коли там все мирно.",— А почем знать?,"— Набрать — наберем, коли там все мирно. — Ты уж думаешь, и там началось? — А почем знать?",False,,False,,True,638
WORD,S1_011,19091,7,7,мысль,мысль,"— И, помолчав, жадно выкурив папироску, высказал затаенную мысль: — Опоздаем — погибли и мы, и Советская власть на Дону.","Аж черти их возьмут, как попрем с донской земли!","Ох, не опоздать бы!","Аж черти их возьмут, как попрем с донской земли! — И, помолчав, жадно выкурив папироску, высказал затаенную мысль: — Опоздаем — погибли и мы, и Советская власть на Дону. Ох, не опоздать бы!",False,,False,,True,639
WORD,S1_001,19135,13,13,думать,думал,"Хозяйственный Лагутин остановился, беспокойно глядел на тщедушную коровенку, пригнутую быком до земли, невольно думал в этот миг: «А ить обломит, сломал, никак!","Подтелков, широко кидая руками, зашагал к тачанке.","Ах ты, нечистый дух!»","Подтелков, широко кидая руками, зашагал к тачанке. Хозяйственный Лагутин остановился, беспокойно глядел на тщедушную коровенку, пригнутую быком до земли, невольно думал в этот миг: «А ить обломит, сломал, никак! Ах ты, нечистый дух!»",False,,False,,True,640
WORD,S1_012,19139,6,6,мысленно,мысленно,Неужели уж и за Доном атаманья?» — мысленно задал он себе вопрос.,«Что будем делать?,Но внимание его вновь на минуту отвлек стоявший у дороги племенной красавец-бугай.,«Что будем делать? Неужели уж и за Доном атаманья?» — мысленно задал он себе вопрос. Но внимание его вновь на минуту отвлек стоявший у дороги племенной красавец-бугай.,False,,False,,True,641
WORD,S1_011,19143,23,23,мысль,мыслей,"Низкие ноги стояками врывались в мягкую землю, и, нехотя любуясь породистым бугаем, лаская глазами его красную с подпалинами шерсть, Лагутин сквозь рой встревоженных мыслей вынес с вздохом одну: «Нам бы в станицу такого.","Подгрудок его свисал до колен, длинный корпус, могучий и плотный, был вытянут, как струна.",А то мелковаты бугайки у нас».,"Подгрудок его свисал до колен, длинный корпус, могучий и плотный, был вытянут, как струна. Низкие ноги стояками врывались в мягкую землю, и, нехотя любуясь породистым бугаем, лаская глазами его красную с подпалинами шерсть, Лагутин сквозь рой встревоженных мыслей вынес с вздохом одну: «Нам бы в станицу такого. А то мелковаты бугайки у нас».",False,,False,,True,642
WORD,S1_011,19145,1,1,мысль,мысль,"Эта мысль зацепилась походя, мельком.",А то мелковаты бугайки у нас».,"Подходя к тачанке, всматриваясь в невеселые лица казаков, Лагутин обдумывал маршрут, по которому придется им теперь идти.","А то мелковаты бугайки у нас». Эта мысль зацепилась походя, мельком. Подходя к тачанке, всматриваясь в невеселые лица казаков, Лагутин обдумывал маршрут, по которому придется им теперь идти.",False,,False,,True,643
WORD,S1_008,19146,9,9,обдумывать,обдумывал,"Подходя к тачанке, всматриваясь в невеселые лица казаков, Лагутин обдумывал маршрут, по которому придется им теперь идти.","Эта мысль зацепилась походя, мельком.","* * *
Вытрепанный лихорадкой Кривошлыков — мечтатель и поэт — говорил Подтелкову:
— Мы уходим от контрреволюционной волны, норовим ее опередить, а она хлобыстает уже через нас.","Эта мысль зацепилась походя, мельком. Подходя к тачанке, всматриваясь в невеселые лица казаков, Лагутин обдумывал маршрут, по которому придется им теперь идти. * * *
Вытрепанный лихорадкой Кривошлыков — мечтатель и поэт — говорил Подтелкову:
— Мы уходим от контрреволюционной волны, норовим ее опередить, а она хлобыстает уже через нас.",False,,False,,True,644
PHRASE,PHR_080,19177,3,5,решить идти,решено было идти,После короткого совещания решено было идти обратно.,"Казаки были, видимо, недалеко.","Подтелков, настаивавший вначале на продвижении вперед, заколебался.","Казаки были, видимо, недалеко. После короткого совещания решено было идти обратно. Подтелков, настаивавший вначале на продвижении вперед, заколебался.",False,,False,,True,645
WORD,S1_004,19177,3,3,решить,решено,После короткого совещания решено было идти обратно.,"Казаки были, видимо, недалеко.","Подтелков, настаивавший вначале на продвижении вперед, заколебался.","Казаки были, видимо, недалеко. После короткого совещания решено было идти обратно. Подтелков, настаивавший вначале на продвижении вперед, заколебался.",True,PHR_080,False,,False,646
WORD,S1_001,19217,3,3,думать,думаю,— Я сам так думаю.,Ночью нападут.,"XXVIII
На западе густели тучи.","Ночью нападут. — Я сам так думаю. XXVIII
На западе густели тучи.",False,,False,,True,647
WORD,S1_002,19291,2,2,подумать,подумал,"Вначале он подумал было бежать, но ему претили уход тайком, дезертирство, и, мысленно махнув рукой, он стал ожидать возвращения Подтелкова.","Бунчук подошел к своей бричке, стоявшей возле амбара, кинул под нее шинель, лег, не выпуская из ладони рубчатой револьверной рукоятки.",Тот вернулся часа через три.,"Бунчук подошел к своей бричке, стоявшей возле амбара, кинул под нее шинель, лег, не выпуская из ладони рубчатой револьверной рукоятки. Вначале он подумал было бежать, но ему претили уход тайком, дезертирство, и, мысленно махнув рукой, он стал ожидать возвращения Подтелкова. Тот вернулся часа через три.",False,,False,,True,648
WORD,S1_012,19291,12,12,мысленно,мысленно,"Вначале он подумал было бежать, но ему претили уход тайком, дезертирство, и, мысленно махнув рукой, он стал ожидать возвращения Подтелкова.","Бунчук подошел к своей бричке, стоявшей возле амбара, кинул под нее шинель, лег, не выпуская из ладони рубчатой револьверной рукоятки.",Тот вернулся часа через три.,"Бунчук подошел к своей бричке, стоявшей возле амбара, кинул под нее шинель, лег, не выпуская из ладони рубчатой револьверной рукоятки. Вначале он подумал было бежать, но ему претили уход тайком, дезертирство, и, мысленно махнув рукой, он стал ожидать возвращения Подтелкова. Тот вернулся часа через три.",False,,False,,True,649
WORD,S1_016,19307,1,1,помнить,помнишь,"А помнишь, как подо Львовом за австрийцами гоняли?",— Чудок мы с тобой бой не учинили.,"— Кум, Данило!","— Чудок мы с тобой бой не учинили. А помнишь, как подо Львовом за австрийцами гоняли? — Кум, Данило!",False,,False,,True,650
WORD,S1_004,19345,2,2,решить,решивший,"Бунчук, твердо решивший не сдавать оружия, держа винтовку наперевес, быстро подошел к Подтелкову.",Поднялся недоуменный говор.,— Оружия не сдадим!,"Поднялся недоуменный говор. Бунчук, твердо решивший не сдавать оружия, держа винтовку наперевес, быстро подошел к Подтелкову. — Оружия не сдадим!",False,,False,,True,651
WORD,S1_020,19483,11,11,ясно,Ясно,"Покончив с деньгами, разулся и, трогая плечо Кривошлыкова, лежавшего рядом, заговорил:
— Ясно — нас обманули.","В углу Подтелков, опорожнив карманы, нарвал груду денег, пришептывая, матерно ругаясь.","Обманули, в господа мать!..","В углу Подтелков, опорожнив карманы, нарвал груду денег, пришептывая, матерно ругаясь. Покончив с деньгами, разулся и, трогая плечо Кривошлыкова, лежавшего рядом, заговорил:
— Ясно — нас обманули. Обманули, в господа мать!..",False,,False,,True,652
WORD,S1_014,19501,4,4,вспомнить,вспомнил,"Тасуя прожитое, он мельком вспомнил о матери и, пронизанный горячим уколом, с усилием отогнал мысль о ней, перешел в воспоминаниях к Анне, к недавним дням…","Бунчук устроился у самых дверей, жадно ловил губами ветерок, сквозивший в дверную щель.",Это доставило большое умиротворенно-счастливое облегчение.,"Бунчук устроился у самых дверей, жадно ловил губами ветерок, сквозивший в дверную щель. Тасуя прожитое, он мельком вспомнил о матери и, пронизанный горячим уколом, с усилием отогнал мысль о ней, перешел в воспоминаниях к Анне, к недавним дням… Это доставило большое умиротворенно-счастливое облегчение.",False,,False,,True,653
WORD,S1_011,19501,14,14,мысль,мысль,"Тасуя прожитое, он мельком вспомнил о матери и, пронизанный горячим уколом, с усилием отогнал мысль о ней, перешел в воспоминаниях к Анне, к недавним дням…","Бунчук устроился у самых дверей, жадно ловил губами ветерок, сквозивший в дверную щель.",Это доставило большое умиротворенно-счастливое облегчение.,"Бунчук устроился у самых дверей, жадно ловил губами ветерок, сквозивший в дверную щель. Тасуя прожитое, он мельком вспомнил о матери и, пронизанный горячим уколом, с усилием отогнал мысль о ней, перешел в воспоминаниях к Анне, к недавним дням… Это доставило большое умиротворенно-счастливое облегчение.",False,,False,,True,654
WORD,S1_011,19504,13,13,мысль,мысли,"Он не ощущал, как бывало, невнятной дрожи вдоль позвоночного столба, сосущей тоски при мысли о том, что у него отнимут жизнь.",Меньше всего пугали его думы о смерти.,"Он готовился к смерти, как к невеселому отдыху после горького и страдного пути, когда усталость так велика, так ноет тело, что волновать уже ничто не в состоянии.","Меньше всего пугали его думы о смерти. Он не ощущал, как бывало, невнятной дрожи вдоль позвоночного столба, сосущей тоски при мысли о том, что у него отнимут жизнь. Он готовился к смерти, как к невеселому отдыху после горького и страдного пути, когда усталость так велика, так ноет тело, что волновать уже ничто не в состоянии.",False,,False,,True,655
WORD,S1_016,19667,10,10,помнить,помнишь,"Григорий поймал его за рукав, спросил, задыхаясь:
— Под Глубокой бой помнишь?",Эх ты!..,"Помнишь, как офицеров стреляли…","Эх ты!.. Григорий поймал его за рукав, спросил, задыхаясь:
— Под Глубокой бой помнишь? Помнишь, как офицеров стреляли…",False,,False,,True,656
WORD,S1_016,19668,0,0,помнить,Помнишь,"Помнишь, как офицеров стреляли…","Григорий поймал его за рукав, спросил, задыхаясь:
— Под Глубокой бой помнишь?",По твоему приказу стреляли!,"Григорий поймал его за рукав, спросил, задыхаясь:
— Под Глубокой бой помнишь? Помнишь, как офицеров стреляли… По твоему приказу стреляли!",False,,False,,True,657
WORD,S1_001,19687,1,1,думать,думаете,"Вы думаете, ежли нас побьете, так этим кончится?","Заманули вас офицерья, заставили кровных братов убивать!",Нет!,"Заманули вас офицерья, заставили кровных братов убивать! Вы думаете, ежли нас побьете, так этим кончится? Нет!",False,,False,,True,658
WORD,S1_017,19721,5,5,понять,поймете,"Заступит революционная власть, и вы поймете, на чьей стороне была правда.",Вы — горько обманутые!,Лучших сынов тихого Дона поклали вы вот в эту яму…,"Вы — горько обманутые! Заступит революционная власть, и вы поймете, на чьей стороне была правда. Лучших сынов тихого Дона поклали вы вот в эту яму…",False,,False,,True,659
WORD,ALEX_012,19740,1,1,догадаться,догадался,Кто-то догадался: лопатой начал подрывать землю.,"Он только поводил глазами, из которых ручьями падали слезы, да, кривя рот, пытаясь облегчить страдания, весь мучительно и страшно тянулся вверх.","Спеша рвал из-под ног Подтелкова комочки земли, и с каждым взмахом все прямее обвисало тело, все больше удлинялась шея и запрокидывалась на спину чуть курчавая голова.","Он только поводил глазами, из которых ручьями падали слезы, да, кривя рот, пытаясь облегчить страдания, весь мучительно и страшно тянулся вверх. Кто-то догадался: лопатой начал подрывать землю. Спеша рвал из-под ног Подтелкова комочки земли, и с каждым взмахом все прямее обвисало тело, все больше удлинялась шея и запрокидывалась на спину чуть курчавая голова.",False,,False,,True,660
WORD,S1_004,19779,13,13,решить,решили,"Рьяным слыл большевиком, по делу — расстрелять бы, но отец — хороший поп, всеми уважаемый, решили на суде всыпать поповскому сыну десятка два розог.",Первого выпороли Александрова — сына грачевского попа.,"С Александрова спустили штаны, разложили голоштанного на лавке, один казак сел на ноги (руки связали под лавкой), двое с пучками таловых хворостин стали по бокам.","Первого выпороли Александрова — сына грачевского попа. Рьяным слыл большевиком, по делу — расстрелять бы, но отец — хороший поп, всеми уважаемый, решили на суде всыпать поповскому сыну десятка два розог. С Александрова спустили штаны, разложили голоштанного на лавке, один казак сел на ноги (руки связали под лавкой), двое с пучками таловых хворостин стали по бокам.",False,,False,,True,661
WORD,S1_001,19791,1,1,думать,думала,"— Голова думала, а ж… отвечает.",— А чем?,Срамота на всю жисть!,"— А чем? — Голова думала, а ж… отвечает. Срамота на всю жисть!",False,,False,,True,662
WORD,S1_004,19832,11,11,решить,решил,"Из Вешенской возвратился он в тот же день, а на другой решил вместе со сватом ехать в Миллерово, чтобы загодя попасть в Новочеркасск (Мирону Григорьевичу нужно было приобрести в Миллерове керосину, мыла и еще кое-чего по хозяйству, да, кстати, хотел и подработать, закупив Мохову для мельницы сит и баббиту).",На станичном сборе в числе остальных делегатов на Круг избрали и Пантелея Прокофьевича.,Выехали на зорьке.,"На станичном сборе в числе остальных делегатов на Круг избрали и Пантелея Прокофьевича. Из Вешенской возвратился он в тот же день, а на другой решил вместе со сватом ехать в Миллерово, чтобы загодя попасть в Новочеркасск (Мирону Григорьевичу нужно было приобрести в Миллерове керосину, мыла и еще кое-чего по хозяйству, да, кстати, хотел и подработать, закупив Мохову для мельницы сит и баббиту). Выехали на зорьке.",False,,False,,True,663
WORD,S1_001,19842,21,21,думать,думаешь,"— Мирон Григорьевич усмехнулся в лисью рыжевень бороды и поиграл вишневым кнутовищем; он, видно успокоившись, перевел разговор: — Какую же власть установить, как думаешь?",— Ишь ты!,— Атамана посодим.,"— Ишь ты! — Мирон Григорьевич усмехнулся в лисью рыжевень бороды и поиграл вишневым кнутовищем; он, видно успокоившись, перевел разговор: — Какую же власть установить, как думаешь? — Атамана посодим.",False,,False,,True,664
WORD,S1_001,19855,3,3,думать,думал,"— Я своего Митьку думал в люди вывести, хотел, чтоб на офицера учился, а он и приходской не кончил, убег на вторую зиму.","— Мирон Григорьевич сощурился, грусть легла на его веснушчатое лицо.","На минуту умолкли, думая о сыновьях, ушедших куда-то вслед большевикам.","— Мирон Григорьевич сощурился, грусть легла на его веснушчатое лицо. — Я своего Митьку думал в люди вывести, хотел, чтоб на офицера учился, а он и приходской не кончил, убег на вторую зиму. На минуту умолкли, думая о сыновьях, ушедших куда-то вслед большевикам.",False,,False,,True,665
WORD,S1_001,19856,3,3,думать,думая,"На минуту умолкли, думая о сыновьях, ушедших куда-то вслед большевикам.","— Я своего Митьку думал в люди вывести, хотел, чтоб на офицера учился, а он и приходской не кончил, убег на вторую зиму.","Бричку лихорадило по кочковатой дороге; правый вороной засекался, щелкая нестертой подковой; качалась люлька, и, как рыбы на нересте, терлись бок о бок тесно сидевшие сваты.","— Я своего Митьку думал в люди вывести, хотел, чтоб на офицера учился, а он и приходской не кончил, убег на вторую зиму. На минуту умолкли, думая о сыновьях, ушедших куда-то вслед большевикам. Бричку лихорадило по кочковатой дороге; правый вороной засекался, щелкая нестертой подковой; качалась люлька, и, как рыбы на нересте, терлись бок о бок тесно сидевшие сваты.",False,,False,,True,666
WORD,S1_009,19886,9,9,сомнение,сомнений,"— Немец указал глазами на мельницу и жестом, не допускавшим сомнений в назначении его, пригласил Мирона Григорьевича сойти.",За лошадьми придешь к коменданту.,"Двое остальных пошли к мельнице, оглядываясь, смеясь.","За лошадьми придешь к коменданту. — Немец указал глазами на мельницу и жестом, не допускавшим сомнений в назначении его, пригласил Мирона Григорьевича сойти. Двое остальных пошли к мельнице, оглядываясь, смеясь.",False,,False,,True,667
WORD,S1_002,19890,3,3,подумать,подумал,"«Свата нет, — мельком подумал он и похолодел.","Намотав на грядушку люльки вожжи, он молодо прыгнул с брички, зашел наперед лошадям.",— Заберут коней!,"Намотав на грядушку люльки вожжи, он молодо прыгнул с брички, зашел наперед лошадям. «Свата нет, — мельком подумал он и похолодел. — Заберут коней!",False,,False,,True,668
WORD,ALEX_012,19899,4,4,догадаться,догадался,По голосу его немец догадался о смысле ответа.,Не дам коней!,"У него вдруг хищно ощерился рот, оголив иссиня-чистые зубы, зрачки угрожающе расширились, голос залязгал властно и крикливо.","Не дам коней! По голосу его немец догадался о смысле ответа. У него вдруг хищно ощерился рот, оголив иссиня-чистые зубы, зрачки угрожающе расширились, голос залязгал властно и крикливо.",False,,False,,True,669
WORD,S1_014,19901,14,14,вспомнить,вспомнил,"Немец взялся за ремень висевшей на плече винтовки, и в этот миг Мирон Григорьевич вспомнил молодость: бойцовским ударом, почти не размахиваясь, ахнул его по скуле.","У него вдруг хищно ощерился рот, оголив иссиня-чистые зубы, зрачки угрожающе расширились, голос залязгал властно и крикливо.",От удара у того с хряском мотнулась голова и лопнул на подбородке ремень каски.,"У него вдруг хищно ощерился рот, оголив иссиня-чистые зубы, зрачки угрожающе расширились, голос залязгал властно и крикливо. Немец взялся за ремень висевшей на плече винтовки, и в этот миг Мирон Григорьевич вспомнил молодость: бойцовским ударом, почти не размахиваясь, ахнул его по скуле. От удара у того с хряском мотнулась голова и лопнул на подбородке ремень каски.",False,,False,,True,670
WORD,S1_011,19905,3,3,мысль,мысль,В этот момент мысль его работала быстро и невероятно четко.,"Мирон Григорьевич ударил еще раз, уже по затылку, зиркнул по сторонам и, нагнувшись, рывком выхватил винтовку.","Поворачивая лошадей, он уже знал, что в спину ему немец не выстрелит, и боялся лишь, как бы не увидели из-за железнодорожного забора или с путей часовые.","Мирон Григорьевич ударил еще раз, уже по затылку, зиркнул по сторонам и, нагнувшись, рывком выхватил винтовку. В этот момент мысль его работала быстро и невероятно четко. Поворачивая лошадей, он уже знал, что в спину ему немец не выстрелит, и боялся лишь, как бы не увидели из-за железнодорожного забора или с путей часовые.",False,,False,,True,671
WORD,S1_012,19911,3,3,мысленно,мысленно,"Во имя Отца!..» — мысленно шептал Мирон Григорьевич, не снимая с конских спин кнута.","Ослобони, Господи!","Природная жадность чуть не погубила его: хотел заехать на квартиру за оставленной полстью; но разум осилил, — повернул в сторону.","Ослобони, Господи! Во имя Отца!..» — мысленно шептал Мирон Григорьевич, не снимая с конских спин кнута. Природная жадность чуть не погубила его: хотел заехать на квартиру за оставленной полстью; но разум осилил, — повернул в сторону.",False,,False,,True,672
WORD,S1_016,19932,18,18,помнить,помните,"Молодой немецкий офицер написал пропуск, через переводчика расспросил Пантелея Прокофьевича и, закуривая дешевую сигару, покровительственно сказал:
— Поезжайте, только помните, что вам необходима разумная власть.","В то время, когда Мирон Григорьевич скакал из Миллерова, сват его торчал на вокзале.","Выбирайте президента, царя, кого угодно, лишь при условии, что этот человек не будет лишен государственного разума и сумеет вести лояльную по отношению к нашему государству политику.","В то время, когда Мирон Григорьевич скакал из Миллерова, сват его торчал на вокзале. Молодой немецкий офицер написал пропуск, через переводчика расспросил Пантелея Прокофьевича и, закуривая дешевую сигару, покровительственно сказал:
— Поезжайте, только помните, что вам необходима разумная власть. Выбирайте президента, царя, кого угодно, лишь при условии, что этот человек не будет лишен государственного разума и сумеет вести лояльную по отношению к нашему государству политику.",False,,False,,True,673
WORD,S1_020,19940,0,0,ясно,Ясно,Ясно намечалось одно: выбрать должны — атамана.,Шли неуверенные толки о выборе областной власти.,"Назывались популярные имена казачьих генералов, обсуждались кандидатуры.","Шли неуверенные толки о выборе областной власти. Ясно намечалось одно: выбрать должны — атамана. Назывались популярные имена казачьих генералов, обсуждались кандидатуры.",False,,False,,True,674
WORD,S1_001,20010,6,6,думать,думал,"Вроде аж шибается на покойного Александра!» — думал он, умиленно разглядывая стоявшего у рампы Краснова.","Как сам император, ажник подходимей на вид.",Круг — названный «Кругом спасения Дона» — заседал неспешно.,"Как сам император, ажник подходимей на вид. Вроде аж шибается на покойного Александра!» — думал он, умиленно разглядывая стоявшего у рампы Краснова. Круг — названный «Кругом спасения Дона» — заседал неспешно.",False,,False,,True,675
WORD,S1_004,20061,7,7,решить,решили,"Петро, да и все казаки, не сговариваясь, решили, что к смерти спешить нет расчета, в переход оставляли за собой не больше трех десятков верст.",Переходы делали небольшие.,На пятые сутки вступили в станицу Кумылженскую.,"Переходы делали небольшие. Петро, да и все казаки, не сговариваясь, решили, что к смерти спешить нет расчета, в переход оставляли за собой не больше трех десятков верст. На пятые сутки вступили в станицу Кумылженскую.",False,,False,,True,676
WORD,S1_001,20094,13,13,думать,думал,"«Нынче носишь шкуру, а завтра, может, вороны будут ее в чистом поле дубить», — думал каждый.","Если месяц назад верилось, что войны не будет, то теперь шли с покорным безотрадным сознанием: крови не избежать.",Проехали хутор Крепцы.,"Если месяц назад верилось, что войны не будет, то теперь шли с покорным безотрадным сознанием: крови не избежать. «Нынче носишь шкуру, а завтра, может, вороны будут ее в чистом поле дубить», — думал каждый. Проехали хутор Крепцы.",False,,False,,True,677
WORD,S1_001,20124,1,1,думать,думаешь,"Небось думаешь, как обрезал под генерала, так тебе сразу дивизию дадут?",— Бороду под генерала подстриг.,А шиша не хочешь?,"— Бороду под генерала подстриг. Небось думаешь, как обрезал под генерала, так тебе сразу дивизию дадут? А шиша не хочешь?",False,,False,,True,678
WORD,S1_004,20170,0,0,решить,Решили,"Решили передневать в станице, а на зорьке другого дня трогаться в разные стороны.","Казаки старших годов засуетились, собираясь в обратную дорогу.","Петро, весь день искавший случая поговорить с братом, пришел к нему на квартиру.","Казаки старших годов засуетились, собираясь в обратную дорогу. Решили передневать в станице, а на зорьке другого дня трогаться в разные стороны. Петро, весь день искавший случая поговорить с братом, пришел к нему на квартиру.",False,,False,,True,679
PHRASE,PHR_635,20209,13,15,ты понять,тебя не пойму,"Вот ты, — круто перевел он разговор, — ты вот — брат мне родной, а я тебя не пойму, ей-богу!",Один другого уж не угадывает…,"Чую, что ты уходишь как-то от меня…","Один другого уж не угадывает… Вот ты, — круто перевел он разговор, — ты вот — брат мне родной, а я тебя не пойму, ей-богу! Чую, что ты уходишь как-то от меня…",False,,False,,True,680
WORD,S1_017,20209,15,15,понять,пойму,"Вот ты, — круто перевел он разговор, — ты вот — брат мне родной, а я тебя не пойму, ей-богу!",Один другого уж не угадывает…,"Чую, что ты уходишь как-то от меня…","Один другого уж не угадывает… Вот ты, — круто перевел он разговор, — ты вот — брат мне родной, а я тебя не пойму, ей-богу! Чую, что ты уходишь как-то от меня…",True,PHR_635,False,,False,681
WORD,S1_020,20237,6,6,ясно,ясно,"И ему и Григорию было донельзя ясно: стежки, прежде сплетавшие их, поросли непролазью пережитого, к сердцу не пройти.","Ушел он взволнованный, осунувшийся.","Так над буераком по кособокому склону скользит, вьется гладкая, выстриженная козьими копытами тропка и вдруг где-нибудь на повороте, нырнув на днище, кончится, как обрезанная, — нет дальше пути, стеной лопушится бурьян, топырясь неприветливым тупиком.
…На следующий день Петро увел назад, в Вешенскую, половину сотни.","Ушел он взволнованный, осунувшийся. И ему и Григорию было донельзя ясно: стежки, прежде сплетавшие их, поросли непролазью пережитого, к сердцу не пройти. Так над буераком по кособокому склону скользит, вьется гладкая, выстриженная козьими копытами тропка и вдруг где-нибудь на повороте, нырнув на днище, кончится, как обрезанная, — нет дальше пути, стеной лопушится бурьян, топырясь неприветливым тупиком.
…На следующий день Петро увел назад, в Вешенскую, половину сотни.",False,,False,,True,682
WORD,S1_001,20248,7,7,думать,думая,"Весь день он покачивался в седле, несвязано думая о будущем; как горошины стеклянного мониста, перебирал в уме Петровы слова, горько нудился.",Густая тоска полонила Григория.,"Терпкий бражный привкус полыни жег губы, дорога дымилась зноем.","Густая тоска полонила Григория. Весь день он покачивался в седле, несвязано думая о будущем; как горошины стеклянного мониста, перебирал в уме Петровы слова, горько нудился. Терпкий бражный привкус полыни жег губы, дорога дымилась зноем.",False,,False,,True,683
PHRASE,PHR_058,20321,10,12,хранить в память,храня в памяти,"Он уснул, ощущая на губах солонцеватый запах ее губ, бережно храня в памяти охочее на ласку тело казачки и запах его — сложный запах чабрецового меда, пота и тепла.","Григорий ушел в горницу, легко неся опорожненное, налитое сладостным звоном устали тело.",Через два часа его разбудили казаки.,"Григорий ушел в горницу, легко неся опорожненное, налитое сладостным звоном устали тело. Он уснул, ощущая на губах солонцеватый запах ее губ, бережно храня в памяти охочее на ласку тело казачки и запах его — сложный запах чабрецового меда, пота и тепла. Через два часа его разбудили казаки.",False,,False,,True,684
PHRASE,PHR_042,20380,8,11,подумать про себя,подумал усмехаясь про себя,"«Будто он сорок лет верхом на бочонке сидел», — подумал, усмехаясь про себя, разыскивая глазами дверную ручку.",Колесом изогнутые ноги атарщика развеселили Мишку.,Сазонов принял нового атарщика величественно и равнодушно.,"Колесом изогнутые ноги атарщика развеселили Мишку. «Будто он сорок лет верхом на бочонке сидел», — подумал, усмехаясь про себя, разыскивая глазами дверную ручку. Сазонов принял нового атарщика величественно и равнодушно.",False,,False,,True,685
WORD,S1_002,20380,8,8,подумать,подумал,"«Будто он сорок лет верхом на бочонке сидел», — подумал, усмехаясь про себя, разыскивая глазами дверную ручку.",Колесом изогнутые ноги атарщика развеселили Мишку.,Сазонов принял нового атарщика величественно и равнодушно.,"Колесом изогнутые ноги атарщика развеселили Мишку. «Будто он сорок лет верхом на бочонке сидел», — подумал, усмехаясь про себя, разыскивая глазами дверную ручку. Сазонов принял нового атарщика величественно и равнодушно.",True,PHR_042,False,,False,686
WORD,S1_005,20464,6,6,решать,решают,"«Там люди свою и чужую судьбу решают, а я кобылок пасу.","Но к концу недели, когда он уже освоился в новом положении, проснулся невнятный страх.",Как же так?,"Но к концу недели, когда он уже освоился в новом положении, проснулся невнятный страх. «Там люди свою и чужую судьбу решают, а я кобылок пасу. Как же так?",False,,False,,True,687
WORD,S1_001,20466,6,6,думать,думал,"Уходить надо, а то засосет», — трезвея, думал он.",Как же так?,"Но в сознание сочился и другой, ленивый нашепот: «Пускай там воюют, там смерть, а тут — приволье, трава да небо.","Как же так? Уходить надо, а то засосет», — трезвея, думал он. Но в сознание сочился и другой, ленивый нашепот: «Пускай там воюют, там смерть, а тут — приволье, трава да небо.",False,,False,,True,688
WORD,S1_011,20470,0,0,мысль,Мысли,Мысли стали ревниво точить покорную Мишкину успокоенность.,Тебе-то что за дело до остальных?..»,"Это погнало его к людям, и он уже чаще, нежели в первые дни, искал встреч с Солдатовым, гулявшим со своими косяками в районе Дударева пруда, пытался сблизиться с ним.","Тебе-то что за дело до остальных?..» Мысли стали ревниво точить покорную Мишкину успокоенность. Это погнало его к людям, и он уже чаще, нежели в первые дни, искал встреч с Солдатовым, гулявшим со своими косяками в районе Дударева пруда, пытался сблизиться с ним.",False,,False,,True,689
WORD,S1_010,20512,2,2,колебаться,колебался,"Мишка секунду колебался, — ему подумалось, что Солдатов нарочно положил в огонь свежий кизяк, чтобы скрыть выражение своего лица.",Голос Солдатова стал глух и вкрадчив.,"Решившись, заговорил:
— Равноправия всем — вот каких!","Голос Солдатова стал глух и вкрадчив. Мишка секунду колебался, — ему подумалось, что Солдатов нарочно положил в огонь свежий кизяк, чтобы скрыть выражение своего лица. Решившись, заговорил:
— Равноправия всем — вот каких!",False,,False,,True,690
WORD,S1_001,20517,0,0,думать,Думаешь,"— Думаешь, не осилют кадеты?",Этому делу решку наведут.,— Ну да — нет.,"Этому делу решку наведут. — Думаешь, не осилют кадеты? — Ну да — нет.",False,,False,,True,691
WORD,S1_011,20553,3,3,мысль,мысль,"— Мишка похолодел, и мысль его, ища выхода, заметалась отчаянно, как мечется сула в какой-нибудь ямке, отрезанная сбывающей полой водой от реки.",Пропал!»,«Убить его!,"Пропал!» — Мишка похолодел, и мысль его, ища выхода, заметалась отчаянно, как мечется сула в какой-нибудь ямке, отрезанная сбывающей полой водой от реки. «Убить его!",False,,False,,True,692
WORD,S1_011,20557,6,6,мысль,мысль,"И уже подчиняясь этому мгновенному решению, мысль подыскивала оправдания: «Скажу, что кинулся меня бить…",Иначе нельзя…»,"Я его за глотку… нечаянно, мол…","Иначе нельзя…» И уже подчиняясь этому мгновенному решению, мысль подыскивала оправдания: «Скажу, что кинулся меня бить… Я его за глотку… нечаянно, мол…",False,,False,,True,693
WORD,S1_012,20638,3,3,мысленно,мысленно,"Ужасно как постарел!» — мысленно шептал Богаевский, не спуская с Алексеева влажных миндалевидных глаз.",«Как он постарел!,"Еще не успели присутствовавшие усесться за стол, как Деникин, обращаясь к Краснову, заговорил, взволнованно и резко:
— Прежде чем открыть совещание, я должен заявить вам: нас крайне удивляет то обстоятельство, что вы в диспозиции, отданной для овладения Батайском, указываете, что в правой колонне у вас действует немецкий батальон и батарея.","«Как он постарел! Ужасно как постарел!» — мысленно шептал Богаевский, не спуская с Алексеева влажных миндалевидных глаз. Еще не успели присутствовавшие усесться за стол, как Деникин, обращаясь к Краснову, заговорил, взволнованно и резко:
— Прежде чем открыть совещание, я должен заявить вам: нас крайне удивляет то обстоятельство, что вы в диспозиции, отданной для овладения Батайском, указываете, что в правой колонне у вас действует немецкий батальон и батарея.",False,,False,,True,694
WORD,S1_025,20653,2,2,полагать,полагаю,"Но, я полагаю, вам известен тот факт, что Добровольческая армия получала от нас снаряды, проданные нам немцами?..","Вы сказали очень много ответственных слов о нашей якобы измене делу России, об измене союзникам…",— Прошу строго разграничивать явления глубоко различного порядка!,"Вы сказали очень много ответственных слов о нашей якобы измене делу России, об измене союзникам… Но, я полагаю, вам известен тот факт, что Добровольческая армия получала от нас снаряды, проданные нам немцами?.. — Прошу строго разграничивать явления глубоко различного порядка!",False,,False,,True,695
WORD,S1_017,20657,8,8,понять,понять,"Краснов, кончая речь, вскользь, осторожно, но решительно дал понять Деникину, что он не прежний бригадный генерал, каким тот видел его на австро-германском фронте.",— Деникин сердито вздернул плечами.,"Разрушив неловкое молчание, установившееся после речи Краснова, Деникин умно перевел разговор на вопросы слияния Донской и Добровольческой армий и установления единого командования.","— Деникин сердито вздернул плечами. Краснов, кончая речь, вскользь, осторожно, но решительно дал понять Деникину, что он не прежний бригадный генерал, каким тот видел его на австро-германском фронте. Разрушив неловкое молчание, установившееся после речи Краснова, Деникин умно перевел разговор на вопросы слияния Донской и Добровольческой армий и установления единого командования.",False,,False,,True,696
WORD,S1_020,20672,8,8,ясно,ясно,"За скромным обедом вяло перебрасывались незначащими замечаниями, — было ясно, что соглашение достигнуто не будет.","Кубанцы не пойдут из пределов области, не окончательно очищенной от большевиков, а в Добровольческой армии две с половиной тысячи штыков, причем третья часть — вне строя: раненые и больные.","Полковник Ряснянский рассказал о каком-то веселом полуанекдотическом подвиге одного из марковцев, и постепенно, под совместным действием обеда и веселого рассказа, напряженность рассеялась.","Кубанцы не пойдут из пределов области, не окончательно очищенной от большевиков, а в Добровольческой армии две с половиной тысячи штыков, причем третья часть — вне строя: раненые и больные. За скромным обедом вяло перебрасывались незначащими замечаниями, — было ясно, что соглашение достигнуто не будет. Полковник Ряснянский рассказал о каком-то веселом полуанекдотическом подвиге одного из марковцев, и постепенно, под совместным действием обеда и веселого рассказа, напряженность рассеялась.",False,,False,,True,697
WORD,S1_004,20711,16,16,решить,решило,"Согласие всех этих держав имеется, и вновь образуемое государство, в полном согласии со Всевеликим войском Донским, решило не допускать до того, чтобы земли его стали ареной кровавых столкновений, и обязалось держать полный нейтралитет.","Молодому государственному организму, каковым в настоящее время является Донское войско, трудно существовать одному, и поэтому оно заключило тесный союз с главами астраханского и кубанского войска, полковником князем Тундутовым и полковником Филимоновым, с тем чтобы, по очищении земли астраханского войска и Кубанской области от большевиков, составить прочное государственное образование на началах федерации из Всевеликого войска Донского, астраханского войска с калмыками Ставропольской губ., кубанского войска, а также народов Северного Кавказа.","Атаман Зимовой станицы нашей при дворе вашего императорского величества уполномочен мною:
Просить ваше императорское величество признать права Всевеликого войска Донского на самостоятельное существование, а по мере освобождения последних кубанских, астраханских и терских войск и Северного Кавказа — право на самостоятельное существование и всей федерации под именем Доно-Кавказского союза.","Молодому государственному организму, каковым в настоящее время является Донское войско, трудно существовать одному, и поэтому оно заключило тесный союз с главами астраханского и кубанского войска, полковником князем Тундутовым и полковником Филимоновым, с тем чтобы, по очищении земли астраханского войска и Кубанской области от большевиков, составить прочное государственное образование на началах федерации из Всевеликого войска Донского, астраханского войска с калмыками Ставропольской губ., кубанского войска, а также народов Северного Кавказа. Согласие всех этих держав имеется, и вновь образуемое государство, в полном согласии со Всевеликим войском Донским, решило не допускать до того, чтобы земли его стали ареной кровавых столкновений, и обязалось держать полный нейтралитет. Атаман Зимовой станицы нашей при дворе вашего императорского величества уполномочен мною:
Просить ваше императорское величество признать права Всевеликого войска Донского на самостоятельное существование, а по мере освобождения последних кубанских, астраханских и терских войск и Северного Кавказа — право на самостоятельное существование и всей федерации под именем Доно-Кавказского союза.",False,,False,,True,698
PHRASE,PHR_416,20733,8,9,решить остаться,решил остаться,"Как ни велико было желание поехать домой, он решил остаться в Новочеркасске, чтобы отдохнуть, не теряя времени на переезды.","Но в мае, когда Добровольческая армия стала в районе Новочеркасска на короткий отдых, Листницкий почувствовал недомогание, выхлопотал себе двухнедельный отпуск.","Вместе с ним уходил в отпуск его товарищ по взводу, ротмистр Горчаков.","Но в мае, когда Добровольческая армия стала в районе Новочеркасска на короткий отдых, Листницкий почувствовал недомогание, выхлопотал себе двухнедельный отпуск. Как ни велико было желание поехать домой, он решил остаться в Новочеркасске, чтобы отдохнуть, не теряя времени на переезды. Вместе с ним уходил в отпуск его товарищ по взводу, ротмистр Горчаков.",False,,False,,True,699
WORD,S1_004,20733,8,8,решить,решил,"Как ни велико было желание поехать домой, он решил остаться в Новочеркасске, чтобы отдохнуть, не теряя времени на переезды.","Но в мае, когда Добровольческая армия стала в районе Новочеркасска на короткий отдых, Листницкий почувствовал недомогание, выхлопотал себе двухнедельный отпуск.","Вместе с ним уходил в отпуск его товарищ по взводу, ротмистр Горчаков.","Но в мае, когда Добровольческая армия стала в районе Новочеркасска на короткий отдых, Листницкий почувствовал недомогание, выхлопотал себе двухнедельный отпуск. Как ни велико было желание поехать домой, он решил остаться в Новочеркасске, чтобы отдохнуть, не теряя времени на переезды. Вместе с ним уходил в отпуск его товарищ по взводу, ротмистр Горчаков.",True,PHR_416,False,,False,700
WORD,S1_012,20808,20,20,мысленно,мысленно,"После того как их догнал Горчаков, Ольга Николаевна оживилась и повеселела еще больше, но Листницкий приумолк и до самого дома мысленно жестоко издевался над собой.","Листницкий разыграл благородное негодование, но под конец, не выдержав роли, расхохотался вслед за ней.","Ольга Николаевна, при всем своем уме, искренне верила в то, что после объяснения они станут друзьями.","Листницкий разыграл благородное негодование, но под конец, не выдержав роли, расхохотался вслед за ней. После того как их догнал Горчаков, Ольга Николаевна оживилась и повеселела еще больше, но Листницкий приумолк и до самого дома мысленно жестоко издевался над собой. Ольга Николаевна, при всем своем уме, искренне верила в то, что после объяснения они станут друзьями.",False,,False,,True,701
WORD,S1_017,20810,29,29,понять,понял,"Наружно Листницкий поддерживал в ней эту уверенность, но в душе почти возненавидел ее, и через несколько дней, поймав себя на мучительном выискивании отрицательных черт в характере и наружности Ольги, понял, что стоит на грани подлинного, большого чувства.","Ольга Николаевна, при всем своем уме, искренне верила в то, что после объяснения они станут друзьями.","Иссякали дни отпуска, оставляя в сознании невыбродивший осадок.","Ольга Николаевна, при всем своем уме, искренне верила в то, что после объяснения они станут друзьями. Наружно Листницкий поддерживал в ней эту уверенность, но в душе почти возненавидел ее, и через несколько дней, поймав себя на мучительном выискивании отрицательных черт в характере и наружности Ольги, понял, что стоит на грани подлинного, большого чувства. Иссякали дни отпуска, оставляя в сознании невыбродивший осадок.",False,,False,,True,702
WORD,S1_001,20822,14,14,думать,думаю,"Час спустя он, лежа на фурманке, истекая кровью и мочой, говорил Листницкому:
— Я не думаю, что умру…",Его выволокли из цепи.,Мне вот сейчас операцию сделают…,"Его выволокли из цепи. Час спустя он, лежа на фурманке, истекая кровью и мочой, говорил Листницкому:
— Я не думаю, что умру… Мне вот сейчас операцию сделают…",False,,False,,True,703
WORD,S1_001,20826,2,2,думать,думаешь,Как ты думаешь?..,Не стоит умирать.,Но на всякий случай…,Не стоит умирать. Как ты думаешь?.. Но на всякий случай…,False,,False,,True,704
PHRASE,PHR_026,20886,1,3,думать о это,думала об этом,— Я думала об этом…,"Смущенный вид и бессвязная, взволнованная речь Листницкого ее тронули.",Я согласна.,"Смущенный вид и бессвязная, взволнованная речь Листницкого ее тронули. — Я думала об этом… Я согласна.",False,,False,,True,705
WORD,S1_001,20886,1,1,думать,думала,— Я думала об этом…,"Смущенный вид и бессвязная, взволнованная речь Листницкого ее тронули.",Я согласна.,"Смущенный вид и бессвязная, взволнованная речь Листницкого ее тронули. — Я думала об этом… Я согласна.",True,PHR_026,False,,False,706
WORD,S1_021,20896,5,5,рассуждать,рассуждал,"И он наедине с собой рассуждал, как герой классического романа, терпеливо искал в себе какие-то возвышенные чувства, которых никогда и ни к кому не питал, — быть может, желая прикрыть и скрасить ими наготу простого чувственного влечения.",К сказке тянулось уставшее от боевых будней сердце…,"Однако сказка одним крылом касалась действительности: не только половое влечение, но и еще какая-то незримая нить привязывали его к этой, случайно ставшей поперек жизни, женщине.","К сказке тянулось уставшее от боевых будней сердце… И он наедине с собой рассуждал, как герой классического романа, терпеливо искал в себе какие-то возвышенные чувства, которых никогда и ни к кому не питал, — быть может, желая прикрыть и скрасить ими наготу простого чувственного влечения. Однако сказка одним крылом касалась действительности: не только половое влечение, но и еще какая-то незримая нить привязывали его к этой, случайно ставшей поперек жизни, женщине.",False,,False,,True,707
WORD,S1_001,20918,3,3,думать,думал,"До отъезда Евгений думал об Аксинье нехотя, урывками.","Не знал Листницкий или не хотел знать, что разной мерой меряют связывающую их любовь и одной — ненависть.","Он заслонялся от мыслей о ней, как рукой от солнца.","Не знал Листницкий или не хотел знать, что разной мерой меряют связывающую их любовь и одной — ненависть. До отъезда Евгений думал об Аксинье нехотя, урывками. Он заслонялся от мыслей о ней, как рукой от солнца.",False,,False,,True,708
WORD,S1_011,20919,3,3,мысль,мыслей,"Он заслонялся от мыслей о ней, как рукой от солнца.","До отъезда Евгений думал об Аксинье нехотя, урывками.","Но помимо его воли, все настойчивее — полосками света — стали просачиваться, тревожить его воспоминания об этой связи.","До отъезда Евгений думал об Аксинье нехотя, урывками. Он заслонялся от мыслей о ней, как рукой от солнца. Но помимо его воли, все настойчивее — полосками света — стали просачиваться, тревожить его воспоминания об этой связи.",False,,False,,True,709
WORD,S1_002,20921,4,4,подумать,подумал,Одно время он было подумал: «Не буду прерывать с ней отношений.,"Но помимо его воли, все настойчивее — полосками света — стали просачиваться, тревожить его воспоминания об этой связи.",Она согласится».,"Но помимо его воли, все настойчивее — полосками света — стали просачиваться, тревожить его воспоминания об этой связи. Одно время он было подумал: «Не буду прерывать с ней отношений. Она согласится».",False,,False,,True,710
WORD,S1_004,20923,4,4,решить,решил,"Но чувство порядочности осилило, — решил по приезде поговорить и, если представится возможность, расстаться.",Она согласится».,На исходе четвертого дня приехали в Ягодное.,"Она согласится». Но чувство порядочности осилило, — решил по приезде поговорить и, если представится возможность, расстаться. На исходе четвертого дня приехали в Ягодное.",False,,False,,True,711
WORD,S1_017,20948,25,25,понять,понял,"Евгений любовался изысканной, немного устаревшей галантностью отца, глазами спрашивал у Ольги: «Ну как старик?» — и по оживленной улыбке, по теплу, согревшему ее глаза, без слов понял, что отец ей понравился.",И даже со взятой в плен прекрасной невольницей?,Серые полурысистые кони шибко несли коляску под изволок.,"И даже со взятой в плен прекрасной невольницей? Евгений любовался изысканной, немного устаревшей галантностью отца, глазами спрашивал у Ольги: «Ну как старик?» — и по оживленной улыбке, по теплу, согревшему ее глаза, без слов понял, что отец ей понравился. Серые полурысистые кони шибко несли коляску под изволок.",False,,False,,True,712
WORD,S1_001,21000,6,6,думать,думаешь,"Но я хочу знать, как ты думаешь поступить с Аксиньей?",Ты простишь мне вмешательство в твои личные дела.,"Торопливостью, с какой стал закуривать, Евгений выдал себя.","Ты простишь мне вмешательство в твои личные дела. Но я хочу знать, как ты думаешь поступить с Аксиньей? Торопливостью, с какой стал закуривать, Евгений выдал себя.",False,,False,,True,713
WORD,S1_001,21020,6,6,думать,думая,"— Пойдемте, — обрадованно и покорно согласилась она, думая, что это — начало прежних отношений.",Поговорить надо.,"По дороге Евгений вполголоса спросил:
— Ты знаешь, зачем я тебя позвал?","Поговорить надо. — Пойдемте, — обрадованно и покорно согласилась она, думая, что это — начало прежних отношений. По дороге Евгений вполголоса спросил:
— Ты знаешь, зачем я тебя позвал?",False,,False,,True,714
WORD,S1_017,21022,14,14,понять,поняла,"Она, улыбаясь в темноте, схватила его руку, но он рывком освободил ее, и Аксинья поняла все.","По дороге Евгений вполголоса спросил:
— Ты знаешь, зачем я тебя позвал?",Остановилась.,"По дороге Евгений вполголоса спросил:
— Ты знаешь, зачем я тебя позвал? Она, улыбаясь в темноте, схватила его руку, но он рывком освободил ее, и Аксинья поняла все. Остановилась.",False,,False,,True,715
PHRASE,PHR_635,21030,0,2,ты понять,Ты должна понять,— Ты должна понять меня.,"— Евгений спешил, путался в незримой сети слов.","Теперь я не могу с тобой, как раньше…","— Евгений спешил, путался в незримой сети слов. — Ты должна понять меня. Теперь я не могу с тобой, как раньше…",False,,False,,True,716
WORD,S1_017,21030,2,2,понять,понять,— Ты должна понять меня.,"— Евгений спешил, путался в незримой сети слов.","Теперь я не могу с тобой, как раньше…","— Евгений спешил, путался в незримой сети слов. — Ты должна понять меня. Теперь я не могу с тобой, как раньше…",True,PHR_635,False,,False,717
WORD,S1_001,21049,1,1,думать,думаю,"Я думаю, ты согласишься…",Ты должна уехать отсюда.,Мне будет тяжело видеть тебя постоянно.,"Ты должна уехать отсюда. Я думаю, ты согласишься… Мне будет тяжело видеть тебя постоянно.",False,,False,,True,718
WORD,S1_002,21125,5,5,подумать,подумал,"«Чин какой-нибудь едет в станицу», — подумал Мишка, ровняя кобылу с дрожками.",Нюх Мишки остро щекотал незнакомый запах сигары.,"Он искоса глянул под поля шляпы — и полураскрыл рот, чувствуя, как от страха и великого изумления спину его проворно осыпают мурашки: Степан Астахов полулежал на дрожках, нетерпеливо жуя черный ошкамелок сигары, щуря лихие светлые глаза.","Нюх Мишки остро щекотал незнакомый запах сигары. «Чин какой-нибудь едет в станицу», — подумал Мишка, ровняя кобылу с дрожками. Он искоса глянул под поля шляпы — и полураскрыл рот, чувствуя, как от страха и великого изумления спину его проворно осыпают мурашки: Степан Астахов полулежал на дрожках, нетерпеливо жуя черный ошкамелок сигары, щуря лихие светлые глаза.",False,,False,,True,719
WORD,S1_011,21215,5,5,мысль,мыслями,"К далекому фронту тянулись все мыслями, с тревогой и болью ждали черных вестей о казаках.","Хутор жил суетливо, но глухо.","Приезд Степана Астахова взволновал весь хутор: в каждом курене, на каждом гумне об этом только и говорили.","Хутор жил суетливо, но глухо. К далекому фронту тянулись все мыслями, с тревогой и болью ждали черных вестей о казаках. Приезд Степана Астахова взволновал весь хутор: в каждом курене, на каждом гумне об этом только и говорили.",False,,False,,True,720
WORD,S1_014,21244,7,7,вспомнить,вспомнил,— Сказал и досадливо осекся: не ко времени вспомнил.,"— Тебя-то уж отпоминали, как Гришку моего…","Попробовал исправить обмолвку: — Слава богу, живой-здоровый пришел…","— Тебя-то уж отпоминали, как Гришку моего… — Сказал и досадливо осекся: не ко времени вспомнил. Попробовал исправить обмолвку: — Слава богу, живой-здоровый пришел…",False,,False,,True,721
WORD,S1_002,21257,8,8,подумать,подумал,"Пантелей Прокофьевич был заискивающе-ласков, так, что Степан невольно подумал: «За старую обиду старается…»","Аль прожил?» — улыбнулся и, уверенно кинув на голову шляпу, первый вышел на баз.","Ильинична, следуя молчаливым указаниям мужниных глаз, проворно ходила по кухне, торопила Наталью и Дуняшку, сама собирала на стол.","Аль прожил?» — улыбнулся и, уверенно кинув на голову шляпу, первый вышел на баз. Пантелей Прокофьевич был заискивающе-ласков, так, что Степан невольно подумал: «За старую обиду старается…» Ильинична, следуя молчаливым указаниям мужниных глаз, проворно ходила по кухне, торопила Наталью и Дуняшку, сама собирала на стол.",False,,False,,True,722
WORD,S1_001,21273,2,2,думать,думаешь,"Старой жене, думаешь, износу не будет?",Что же — старая…,"Жена — что кобыла: до той поры ездишь, покеда зубы в роте держатся…","Что же — старая… Старой жене, думаешь, износу не будет? Жена — что кобыла: до той поры ездишь, покеда зубы в роте держатся…",False,,False,,True,723
WORD,S1_016,21287,23,23,помнить,помня,"Он все одно как и ученый человек теперя, — восхищался Пантелей Прокофьевич, явно польщенный тем, что Степан его хлебом-солью не побрезговал и, зла не помня, пришел.",К чему-нибудь это пристроено?,"Из разговоров выяснилось, что Степан будет по окончании службы жить на хуторе, дом и хозяйство восстановит.","К чему-нибудь это пристроено? Он все одно как и ученый человек теперя, — восхищался Пантелей Прокофьевич, явно польщенный тем, что Степан его хлебом-солью не побрезговал и, зла не помня, пришел. Из разговоров выяснилось, что Степан будет по окончании службы жить на хуторе, дом и хозяйство восстановит.",False,,False,,True,724
WORD,S1_001,21389,3,3,думать,думал,"Из Германии шел — думал, и там жил — об этом не переставал думать…",— А я вот хочу на хозяйство стать.,"Как же, Аксинья, ты будешь?","— А я вот хочу на хозяйство стать. Из Германии шел — думал, и там жил — об этом не переставал думать… Как же, Аксинья, ты будешь?",False,,False,,True,725
WORD,S1_001,21389,11,11,думать,думать,"Из Германии шел — думал, и там жил — об этом не переставал думать…",— А я вот хочу на хозяйство стать.,"Как же, Аксинья, ты будешь?","— А я вот хочу на хозяйство стать. Из Германии шел — думал, и там жил — об этом не переставал думать… Как же, Аксинья, ты будешь?",False,,False,,True,726
WORD,S1_004,21399,10,10,решить,решила,"— Я к тому говорю, что, может, ты свою жизнь не решила?","— Я не в укор, — испугался Степан.","Ему ты ненадолго нужна, баловство…","— Я не в укор, — испугался Степан. — Я к тому говорю, что, может, ты свою жизнь не решила? Ему ты ненадолго нужна, баловство…",False,,False,,True,727
WORD,S1_001,21408,0,0,думать,Думал,"Думал, сойдемся мы.","Кончится война, справно будем жить.",Я за старое позабыть хочу…,"Кончится война, справно будем жить. Думал, сойдемся мы. Я за старое позабыть хочу…",False,,False,,True,728
WORD,S1_001,21410,5,5,думать,думал,"— Об чем же ты раньше думал, милый друг Степа? — с веселыми слезами, с дрожью заговорила Аксинья и оторвалась от лежанки, в упор подошла к столу.",Я за старое позабыть хочу…,"— Об чем раньше думал, когда жизнь мою молодую в прах затолочил?","Я за старое позабыть хочу… — Об чем же ты раньше думал, милый друг Степа? — с веселыми слезами, с дрожью заговорила Аксинья и оторвалась от лежанки, в упор подошла к столу. — Об чем раньше думал, когда жизнь мою молодую в прах затолочил?",False,,False,,True,729
WORD,S1_001,21411,3,3,думать,думал,"— Об чем раньше думал, когда жизнь мою молодую в прах затолочил?","— Об чем же ты раньше думал, милый друг Степа? — с веселыми слезами, с дрожью заговорила Аксинья и оторвалась от лежанки, в упор подошла к столу.",Ты меня к Гришке пихнул…,"— Об чем же ты раньше думал, милый друг Степа? — с веселыми слезами, с дрожью заговорила Аксинья и оторвалась от лежанки, в упор подошла к столу. — Об чем раньше думал, когда жизнь мою молодую в прах затолочил? Ты меня к Гришке пихнул…",False,,False,,True,730
WORD,S1_016,21414,2,2,помнить,помнишь,"Да ты помнишь, что со мной сделал?",Ты мне сердце высушил…,— Я не считаться пришел…,"Ты мне сердце высушил… Да ты помнишь, что со мной сделал? — Я не считаться пришел…",False,,False,,True,731
WORD,ALEX_008,21418,5,5,вспоминать,вспоминая,"Может, я другую жизню прожил, вспоминая…","Я, может, об этом изболелся весь.","— Степан долго рассматривал свои выкинутые на стол руки, слова вязал медленно, словно выкорчевывал их изо рта.","Я, может, об этом изболелся весь. Может, я другую жизню прожил, вспоминая… — Степан долго рассматривал свои выкинутые на стол руки, слова вязал медленно, словно выкорчевывал их изо рта.",False,,False,,True,732
WORD,S1_001,21420,0,0,думать,Думал,— Думал об тебе…,"— Степан долго рассматривал свои выкинутые на стол руки, слова вязал медленно, словно выкорчевывал их изо рта.",Сердце кровью запеклось…,"— Степан долго рассматривал свои выкинутые на стол руки, слова вязал медленно, словно выкорчевывал их изо рта. — Думал об тебе… Сердце кровью запеклось…",False,,False,,True,733
WORD,S1_001,21445,4,4,думать,думая,"Она редко всхлипывала, смутно думая о том, что не сбылось, — оплакивая свою, вновь по ветру пущенную жизнь.",Бороли ее злые слезы.,"После того как узнала, что Евгению она больше не нужна, услышав о возвращении мужа, решила уйти к нему, чтобы вновь собрать по кусочкам счастье, которого не было…","Бороли ее злые слезы. Она редко всхлипывала, смутно думая о том, что не сбылось, — оплакивая свою, вновь по ветру пущенную жизнь. После того как узнала, что Евгению она больше не нужна, услышав о возвращении мужа, решила уйти к нему, чтобы вновь собрать по кусочкам счастье, которого не было…",False,,False,,True,734
PHRASE,PHR_415,21446,14,15,решить уйти,решила уйти,"После того как узнала, что Евгению она больше не нужна, услышав о возвращении мужа, решила уйти к нему, чтобы вновь собрать по кусочкам счастье, которого не было…","Она редко всхлипывала, смутно думая о том, что не сбылось, — оплакивая свою, вновь по ветру пущенную жизнь.",С этим решением ждала Степана.,"Она редко всхлипывала, смутно думая о том, что не сбылось, — оплакивая свою, вновь по ветру пущенную жизнь. После того как узнала, что Евгению она больше не нужна, услышав о возвращении мужа, решила уйти к нему, чтобы вновь собрать по кусочкам счастье, которого не было… С этим решением ждала Степана.",False,,False,,True,735
WORD,S1_004,21446,14,14,решить,решила,"После того как узнала, что Евгению она больше не нужна, услышав о возвращении мужа, решила уйти к нему, чтобы вновь собрать по кусочкам счастье, которого не было…","Она редко всхлипывала, смутно думая о том, что не сбылось, — оплакивая свою, вновь по ветру пущенную жизнь.",С этим решением ждала Степана.,"Она редко всхлипывала, смутно думая о том, что не сбылось, — оплакивая свою, вновь по ветру пущенную жизнь. После того как узнала, что Евгению она больше не нужна, услышав о возвращении мужа, решила уйти к нему, чтобы вновь собрать по кусочкам счастье, которого не было… С этим решением ждала Степана.",True,PHR_415,False,,False,736
PHRASE,PHR_049,21450,0,3,вспомнить всё,Вспомнила пережитые обиды все,"Вспомнила пережитые обиды, все вспомнила, что перенесла от этого человека, от больших железных рук и, сама не желая разрыва, в душе ужасаясь тому, что делала, задыхалась в колючих словах: «Нет, не пойду к тебе.",Неподвластная ей злая воля направляла слова ее и поступки.,Нет».,"Неподвластная ей злая воля направляла слова ее и поступки. Вспомнила пережитые обиды, все вспомнила, что перенесла от этого человека, от больших железных рук и, сама не желая разрыва, в душе ужасаясь тому, что делала, задыхалась в колючих словах: «Нет, не пойду к тебе. Нет».",False,,False,,True,737
WORD,S1_014,21450,0,0,вспомнить,Вспомнила,"Вспомнила пережитые обиды, все вспомнила, что перенесла от этого человека, от больших железных рук и, сама не желая разрыва, в душе ужасаясь тому, что делала, задыхалась в колючих словах: «Нет, не пойду к тебе.",Неподвластная ей злая воля направляла слова ее и поступки.,Нет».,"Неподвластная ей злая воля направляла слова ее и поступки. Вспомнила пережитые обиды, все вспомнила, что перенесла от этого человека, от больших железных рук и, сама не желая разрыва, в душе ужасаясь тому, что делала, задыхалась в колючих словах: «Нет, не пойду к тебе. Нет».",True,PHR_049,False,,False,738
WORD,S1_014,21450,4,4,вспомнить,вспомнила,"Вспомнила пережитые обиды, все вспомнила, что перенесла от этого человека, от больших железных рук и, сама не желая разрыва, в душе ужасаясь тому, что делала, задыхалась в колючих словах: «Нет, не пойду к тебе.",Неподвластная ей злая воля направляла слова ее и поступки.,Нет».,"Неподвластная ей злая воля направляла слова ее и поступки. Вспомнила пережитые обиды, все вспомнила, что перенесла от этого человека, от больших железных рук и, сама не желая разрыва, в душе ужасаясь тому, что делала, задыхалась в колючих словах: «Нет, не пойду к тебе. Нет».",False,,False,,True,739
WORD,S1_001,21479,13,13,думать,думал,"Затягивали подпруги и опять шли к ручью, наполняли фляжки, пили, и небось каждый думал: «То ли придется еще попить такой воды — светлой, как детская слеза, то ли нет…»",Слово «красные» вмиг вскинуло людей с земли.,"По дороге переехали ручей, остановились.","Слово «красные» вмиг вскинуло людей с земли. Затягивали подпруги и опять шли к ручью, наполняли фляжки, пили, и небось каждый думал: «То ли придется еще попить такой воды — светлой, как детская слеза, то ли нет…» По дороге переехали ручей, остановились.",False,,False,,True,740
WORD,S1_004,21488,13,13,решить,решили,"Сотни вешенцев потеряли связь с шедшим справа 33-м Еланско-Букановским полком, но все же решили дать бой.","Разъезды доносили, что красные, силой приблизительно в тысячу штыков, идут им навстречу.","Перевалив через бугор, спешились.","Разъезды доносили, что красные, силой приблизительно в тысячу штыков, идут им навстречу. Сотни вешенцев потеряли связь с шедшим справа 33-м Еланско-Букановским полком, но все же решили дать бой. Перевалив через бугор, спешились.",False,,False,,True,741
WORD,S1_012,21513,15,15,мысленно,мысленно,"Балка пока маскировала продвижение сотни, но версты через четыре развилом выползала на бугор, и Григорий мысленно определял расстояние и время, когда сотня сможет выровняться с флангом.","За пепельно-сизым островом верб, сбоку от хутора, бугрилась колышущаяся пыль: вторая сотня на рысях шла противнику во фланг.","— Ложи-и-ись! — скомандовал Григорий, круто поворачиваясь, пряча бинокль в чехол.","За пепельно-сизым островом верб, сбоку от хутора, бугрилась колышущаяся пыль: вторая сотня на рысях шла противнику во фланг. Балка пока маскировала продвижение сотни, но версты через четыре развилом выползала на бугор, и Григорий мысленно определял расстояние и время, когда сотня сможет выровняться с флангом. — Ложи-и-ись! — скомандовал Григорий, круто поворачиваясь, пряча бинокль в чехол.",False,,False,,True,742
WORD,S1_017,21579,1,1,понять,понявший,"Григорий, понявший бессмысленность атаки, все же решил поговорить с командиром батареи.","Четыре орудия поочередно слали снаряды туда, за поваленные ряды пшеницы, но, сверх Григорьева ожидания, орудийный огонь не внес заметного замешательства в цепи красных, — они отходили неспешно, организованно и уже выпадали из поля зрения сотни, спускаясь за перевал, в балку.","Он увалисто подошел и, касаясь левой рукой спаленного солнцем, порыжелого курчавого кончика уса, дружелюбно улыбнулся:
— Хотел в атаку пойтить.","Четыре орудия поочередно слали снаряды туда, за поваленные ряды пшеницы, но, сверх Григорьева ожидания, орудийный огонь не внес заметного замешательства в цепи красных, — они отходили неспешно, организованно и уже выпадали из поля зрения сотни, спускаясь за перевал, в балку. Григорий, понявший бессмысленность атаки, все же решил поговорить с командиром батареи. Он увалисто подошел и, касаясь левой рукой спаленного солнцем, порыжелого курчавого кончика уса, дружелюбно улыбнулся:
— Хотел в атаку пойтить.",False,,False,,True,743
WORD,S1_004,21579,6,6,решить,решил,"Григорий, понявший бессмысленность атаки, все же решил поговорить с командиром батареи.","Четыре орудия поочередно слали снаряды туда, за поваленные ряды пшеницы, но, сверх Григорьева ожидания, орудийный огонь не внес заметного замешательства в цепи красных, — они отходили неспешно, организованно и уже выпадали из поля зрения сотни, спускаясь за перевал, в балку.","Он увалисто подошел и, касаясь левой рукой спаленного солнцем, порыжелого курчавого кончика уса, дружелюбно улыбнулся:
— Хотел в атаку пойтить.","Четыре орудия поочередно слали снаряды туда, за поваленные ряды пшеницы, но, сверх Григорьева ожидания, орудийный огонь не внес заметного замешательства в цепи красных, — они отходили неспешно, организованно и уже выпадали из поля зрения сотни, спускаясь за перевал, в балку. Григорий, понявший бессмысленность атаки, все же решил поговорить с командиром батареи. Он увалисто подошел и, касаясь левой рукой спаленного солнцем, порыжелого курчавого кончика уса, дружелюбно улыбнулся:
— Хотел в атаку пойтить.",False,,False,,True,744
WORD,S1_001,21669,4,4,думать,думал,"Ты что же, не думал, что возьмут?","Стрелял, а?",А если за это сейчас в расход?,"Стрелял, а? Ты что же, не думал, что возьмут? А если за это сейчас в расход?",False,,False,,True,745
WORD,S1_001,21671,0,0,думать,Думал,— Думал отстреляться.,А если за это сейчас в расход?,— Разбитые губы поежились в виноватой усмешке.,А если за это сейчас в расход? — Думал отстреляться. — Разбитые губы поежились в виноватой усмешке.,False,,False,,True,746
WORD,S1_001,21705,24,24,думать,думал,"А тут ему приходилось иметь дело с русскими солдатами, с какими-то иными людьми, с теми, какие всей громадой подпирали Советскую власть и стремились, как думал он, к захвату казачьих земель и угодий.","Но тогда он твердо знал обличье своих врагов, — в большинстве они были донские офицеры, казаки.","Еще раз как-то в бою почти в упор натолкнулся он на красноармейцев, неожиданно высыпавших из отножины буерака.","Но тогда он твердо знал обличье своих врагов, — в большинстве они были донские офицеры, казаки. А тут ему приходилось иметь дело с русскими солдатами, с какими-то иными людьми, с теми, какие всей громадой подпирали Советскую власть и стремились, как думал он, к захвату казачьих земель и угодий. Еще раз как-то в бою почти в упор натолкнулся он на красноармейцев, неожиданно высыпавших из отножины буерака.",False,,False,,True,747
WORD,ALEX_008,21723,16,16,вспоминать,вспоминал,"И каждый, глядя на неубранные валы пшеницы, на полегший под копытами нескошенный хлеб, на пустые гумна, вспоминал свои десятины, над которыми хрипели в непосильной работе бабы, и черствел сердцем, зверел.","Всем им казалось, что только по вине большевиков, напиравших на Область, идет эта война.","Григорию иногда в бою казалось, что и враги его — тамбовские, рязанские, саратовские мужики — идут, движимые таким же ревнивым чувством к земле.","Всем им казалось, что только по вине большевиков, напиравших на Область, идет эта война. И каждый, глядя на неубранные валы пшеницы, на полегший под копытами нескошенный хлеб, на пустые гумна, вспоминал свои десятины, над которыми хрипели в непосильной работе бабы, и черствел сердцем, зверел. Григорию иногда в бою казалось, что и враги его — тамбовские, рязанские, саратовские мужики — идут, движимые таким же ревнивым чувством к земле.",False,,False,,True,748
WORD,S1_001,21725,6,6,думать,думал,"«Бьемся за нее, будто за любушку», — думал Григорий.","Григорию иногда в бою казалось, что и враги его — тамбовские, рязанские, саратовские мужики — идут, движимые таким же ревнивым чувством к земле.",Меньше стали брать в плен.,"Григорию иногда в бою казалось, что и враги его — тамбовские, рязанские, саратовские мужики — идут, движимые таким же ревнивым чувством к земле. «Бьемся за нее, будто за любушку», — думал Григорий. Меньше стали брать в плен.",False,,False,,True,749
WORD,S1_001,21894,3,3,думать,думай,Ты об себе думай.,"Я нынче живу, а завтра ноги вытяну…","Скажи на милость, какой богатей нашелся!","Я нынче живу, а завтра ноги вытяну… Ты об себе думай. Скажи на милость, какой богатей нашелся!",False,,False,,True,750
WORD,S1_001,21912,2,2,думать,думал,"Грабленое оберегать», — думал он.","«Для этого и Дарью взял, чертяка старый!",— Степан Астахов объявился.,"«Для этого и Дарью взял, чертяка старый! Грабленое оберегать», — думал он. — Степан Астахов объявился.",False,,False,,True,751
WORD,S1_011,21929,9,9,мысль,мыслях,"— Какие с фронта гостинцы! — тоскливо вздохнул Григорий, а в мыслях был около Аксиньи и Степана.",Гостинца бы послал.,— Винтовкой не разживусь у тебя?,"Гостинца бы послал. — Какие с фронта гостинцы! — тоскливо вздохнул Григорий, а в мыслях был около Аксиньи и Степана. — Винтовкой не разживусь у тебя?",False,,False,,True,752
WORD,S1_021,21993,8,8,рассуждать,рассуждали,"А зараз двоих из сотни поранют, — урон, говорят! — рассуждали фронтовики.","В германскую, бывало, немец как сыпанет из орудий, — полки выкашивал под корень.",Однако и эта игрушечная война раздражала.,"В германскую, бывало, немец как сыпанет из орудий, — полки выкашивал под корень. А зараз двоих из сотни поранют, — урон, говорят! — рассуждали фронтовики. Однако и эта игрушечная война раздражала.",False,,False,,True,753
PHRASE,PHR_046,22029,7,9,решить про себя,решил про себя,"А Григорий, сворачивая курить, с тихим злорадством решил про себя: «Верно!»","Аж возле пупка заноило от дурацкого разговору, — отмахнулся Прохор Зыков.","Он долго сидел в этот вечер за столом, ссутулясь, расстегнув ворот выгоревшей на солнце рубахи с такими же выгоревшими защитными погонами.","Аж возле пупка заноило от дурацкого разговору, — отмахнулся Прохор Зыков. А Григорий, сворачивая курить, с тихим злорадством решил про себя: «Верно!» Он долго сидел в этот вечер за столом, ссутулясь, расстегнув ворот выгоревшей на солнце рубахи с такими же выгоревшими защитными погонами.",False,,False,,True,754
WORD,S1_004,22029,7,7,решить,решил,"А Григорий, сворачивая курить, с тихим злорадством решил про себя: «Верно!»","Аж возле пупка заноило от дурацкого разговору, — отмахнулся Прохор Зыков.","Он долго сидел в этот вечер за столом, ссутулясь, расстегнув ворот выгоревшей на солнце рубахи с такими же выгоревшими защитными погонами.","Аж возле пупка заноило от дурацкого разговору, — отмахнулся Прохор Зыков. А Григорий, сворачивая курить, с тихим злорадством решил про себя: «Верно!» Он долго сидел в этот вечер за столом, ссутулясь, расстегнув ворот выгоревшей на солнце рубахи с такими же выгоревшими защитными погонами.",True,PHR_046,False,,False,755
WORD,S1_001,22033,0,0,думать,Думал,"Думал с тугой, непривычной трудностью и, уже ложась спать, словно отвечая на общий вопрос, сказал:
— Некуда податься!","Он ворочал черной мускулистой шеей, задумчиво покручивал закурчавившийся, порыжелый от солнца кончик уса и напряженно глядел в одну точку похолодевшими за последние годы, злыми глазами.",Всю ночь не спал.,"Он ворочал черной мускулистой шеей, задумчиво покручивал закурчавившийся, порыжелый от солнца кончик уса и напряженно глядел в одну точку похолодевшими за последние годы, злыми глазами. Думал с тугой, непривычной трудностью и, уже ложась спать, словно отвечая на общий вопрос, сказал:
— Некуда податься! Всю ночь не спал.",False,,False,,True,756
WORD,S1_020,22048,1,1,ясно,ясно,"Было ясно, что в таких условиях продолжать войну немыслимо.","Казаки читали их с жадностью, словно письма от родимых.","Полыхали морозы, сменяясь оттепелями и обильными снегопадами.","Казаки читали их с жадностью, словно письма от родимых. Было ясно, что в таких условиях продолжать войну немыслимо. Полыхали морозы, сменяясь оттепелями и обильными снегопадами.",False,,False,,True,757
WORD,S1_004,22092,7,7,решить,решили,"Они неподалеку в речке увязили орудие и решили заночевать, чтобы утром выручить его быками.","В полночь, разбудив хозяев и казаков, вломились трое из прислуги батареи.","Григорий проснулся, долго глядел, как батарейцы, кряхтя, счищая с сапог липкую мерзлую грязь, разуваются и развешивают на боровке подземки мокрые портянки.","В полночь, разбудив хозяев и казаков, вломились трое из прислуги батареи. Они неподалеку в речке увязили орудие и решили заночевать, чтобы утром выручить его быками. Григорий проснулся, долго глядел, как батарейцы, кряхтя, счищая с сапог липкую мерзлую грязь, разуваются и развешивают на боровке подземки мокрые портянки.",False,,False,,True,758
WORD,S1_001,22133,2,2,думать,думаете,"Как вы думаете, господин хорунжий?","Народу все равно, кто им правит.","Григорий, не отвечая, сонно следил за тугими движениями его мясистых плеч и рук, за неприятно-часто мелькавшим в скважине рта красным языком.","Народу все равно, кто им правит. Как вы думаете, господин хорунжий? Григорий, не отвечая, сонно следил за тугими движениями его мясистых плеч и рук, за неприятно-часто мелькавшим в скважине рта красным языком.",False,,False,,True,759
WORD,S1_017,22157,1,1,понять,понял,"Григорий понял, что стремительно разматывающуюся пружину отступления уже ничто не в силах остановить.","Молчаливые грачи, затянутые в блестящее синеватое оперенье, кургузые и неловкие, как пешие кавалеристы, важно и качко расхаживали сбоку от дороги, пропуская мимо себя, как на параде, отступающие казачьи сотни, колонны оборванных пластунов, валки обозов.","И ночью, исполненный радостной решимостью, он самовольно покинул полк.","Молчаливые грачи, затянутые в блестящее синеватое оперенье, кургузые и неловкие, как пешие кавалеристы, важно и качко расхаживали сбоку от дороги, пропуская мимо себя, как на параде, отступающие казачьи сотни, колонны оборванных пластунов, валки обозов. Григорий понял, что стремительно разматывающуюся пружину отступления уже ничто не в силах остановить. И ночью, исполненный радостной решимостью, он самовольно покинул полк.",False,,False,,True,760
WORD,S1_017,22163,0,0,понять,Понял,Понял?,"Григорий поиграл зарозовевшими желваками скул, но ответил весело, с подмигом:
— На кудыкино поле.",И вышел.,"Григорий поиграл зарозовевшими желваками скул, но ответил весело, с подмигом:
— На кудыкино поле. Понял? И вышел.",False,,False,,True,761
WORD,S1_001,22167,15,15,думать,думал,"«Поживу дома, а там услышу, как будут они идтить мимо, и пристану к полку», — отстраненно думал он о тех, с кем сражался вчера бок о бок.",До зари он скакал по дымящимся от ночного заморозка шляхам.,"На другой день к вечеру он уже вводил на отцовский баз сделавшего двухсотверстный пробег, исхудавшего за два дня, шатавшегося от усталости коня.","До зари он скакал по дымящимся от ночного заморозка шляхам. «Поживу дома, а там услышу, как будут они идтить мимо, и пристану к полку», — отстраненно думал он о тех, с кем сражался вчера бок о бок. На другой день к вечеру он уже вводил на отцовский баз сделавшего двухсотверстный пробег, исхудавшего за два дня, шатавшегося от усталости коня.",False,,False,,True,762
WORD,S1_004,22174,14,14,решить,решили,"Представители английской и французской военных миссий на юге России, в целях своеобразной политической рекогносцировки, решили послать в Новочеркасск несколько офицеров.",Спешно нарядили две сотни молодых атаманцев в высокие сапоги и белую ременную амуницию и столь же спешно отправили их в Таганрог совместно с сотней трубачей.,В задачу их входило ознакомиться с положением на Дону и перспективами дальнейшей борьбы с большевиками.,"Спешно нарядили две сотни молодых атаманцев в высокие сапоги и белую ременную амуницию и столь же спешно отправили их в Таганрог совместно с сотней трубачей. Представители английской и французской военных миссий на юге России, в целях своеобразной политической рекогносцировки, решили послать в Новочеркасск несколько офицеров. В задачу их входило ознакомиться с положением на Дону и перспективами дальнейшей борьбы с большевиками.",False,,False,,True,763
WORD,S1_004,22224,9,9,решить,решили,Казаки после тайных переговоров с командованием 15-й Инзенской дивизии решили сняться с фронта и беспрепятственно пропустить через территорию Верхне-Донского округа красные войска.,"Первым обнажил занятый участок находившийся на калачовском направлении 28-й полк, в котором служил Петро Мелехов.","Яков Фомин, недалекий, умственно ограниченный казак, стал во главе мятежного полка, но, по сути, только вывеска была фоминская, а за спиной Фомина правила делами и руководила Фоминым группа большевистски настроенных казаков.","Первым обнажил занятый участок находившийся на калачовском направлении 28-й полк, в котором служил Петро Мелехов. Казаки после тайных переговоров с командованием 15-й Инзенской дивизии решили сняться с фронта и беспрепятственно пропустить через территорию Верхне-Донского округа красные войска. Яков Фомин, недалекий, умственно ограниченный казак, стал во главе мятежного полка, но, по сути, только вывеска была фоминская, а за спиной Фомина правила делами и руководила Фоминым группа большевистски настроенных казаков.",False,,False,,True,764
WORD,S1_017,22301,6,6,понять,понял,"Лукавый, смекалистый тугодум Петро Мелехов давно понял, что ссора с казаком накличет смерть, и с первых же дней заботливо старался уничтожить грань, отделявшую его, офицера, от рядового.","Только в таких частях, как Гундоровский георгиевский полк, спайка была крепка, но в Донской армии их было немного.","Он так же, как и они, говорил в удобной обстановке о никчемности войны; причем говорил это неискренне, с великой натугой, но неискренности этой не замечали; подкрашивался под сочувствующего большевикам и неумеренно стал заискивать в Фомине, с тех пор как увидел, что того выдвигает полк.","Только в таких частях, как Гундоровский георгиевский полк, спайка была крепка, но в Донской армии их было немного. Лукавый, смекалистый тугодум Петро Мелехов давно понял, что ссора с казаком накличет смерть, и с первых же дней заботливо старался уничтожить грань, отделявшую его, офицера, от рядового. Он так же, как и они, говорил в удобной обстановке о никчемности войны; причем говорил это неискренне, с великой натугой, но неискренности этой не замечали; подкрашивался под сочувствующего большевикам и неумеренно стал заискивать в Фомине, с тех пор как увидел, что того выдвигает полк.",False,,False,,True,765
WORD,S1_016,22327,2,2,помнить,помнил,"Он смутно помнил, как на днище опрокинутой посредине плаца бочки вырос приземистый красноармеец в добротной шинели и новехонькой мерлушковой папашке с расстегнутыми мотузками наушников.","Они пронизывали его сквозняком, усугубляли и без того тревожно-растерянное состояние.","Рукой в пуховой перчатке тот поправил обмотанный вокруг шеи дымчато-серый кроличий, казачий с махрами шарф, огляделся.","Они пронизывали его сквозняком, усугубляли и без того тревожно-растерянное состояние. Он смутно помнил, как на днище опрокинутой посредине плаца бочки вырос приземистый красноармеец в добротной шинели и новехонькой мерлушковой папашке с расстегнутыми мотузками наушников. Рукой в пуховой перчатке тот поправил обмотанный вокруг шеи дымчато-серый кроличий, казачий с махрами шарф, огляделся.",False,,False,,True,766
WORD,S1_014,22345,6,6,вспомнить,вспомнил,"А Петро, слушая бессвязную речь Фомина, вспомнил, как в феврале 1917 года, в день, когда к нему приехала Дарья, в первый раз увидел он Фомина на станции по пути к Петрограду.",Около Фомина вьюном вился какой-то молодой парень в студенческой фуражке и щегольском пальто.,"Перед глазами его стоял строгий, влажно мерцающий взгляд широко посаженных глаз дезертира-атаманца, одетого в шинель с истертым номером «52» на урядницких погонах, медвежковатая его поступь.","Около Фомина вьюном вился какой-то молодой парень в студенческой фуражке и щегольском пальто. А Петро, слушая бессвязную речь Фомина, вспомнил, как в феврале 1917 года, в день, когда к нему приехала Дарья, в первый раз увидел он Фомина на станции по пути к Петрограду. Перед глазами его стоял строгий, влажно мерцающий взгляд широко посаженных глаз дезертира-атаманца, одетого в шинель с истертым номером «52» на урядницких погонах, медвежковатая его поступь.",False,,False,,True,767
WORD,S1_001,22348,15,15,думать,думал,"«Дезертир, дурак вроде Христони, и зараз — командир полка, а я в холодке», — горячечно блестя глазами, думал Петро.","«Невтерпеж, братушка!» — слышались Петру невнятные слова.","Казак, опоясанный наперекрест пулеметными лентами, сменил Фомина.","«Невтерпеж, братушка!» — слышались Петру невнятные слова. «Дезертир, дурак вроде Христони, и зараз — командир полка, а я в холодке», — горячечно блестя глазами, думал Петро. Казак, опоясанный наперекрест пулеметными лентами, сменил Фомина.",False,,False,,True,768
WORD,S1_012,22377,7,7,мысленно,мысленно,И по этой перенесенной поземкой дороге многие мысленно возвращались домой.,Трудно рвали от спекшихся сердец казаки жалость к близким.,Много тяжелых думок было передумано по этой дороге…,Трудно рвали от спекшихся сердец казаки жалость к близким. И по этой перенесенной поземкой дороге многие мысленно возвращались домой. Много тяжелых думок было передумано по этой дороге…,False,,False,,True,769
WORD,S1_001,22408,3,3,думать,думаешь,"— Как же ты думаешь? — спросил Григорий, не снимая с головы дочери черножилую руку.","За столом, нянча на коленях племянника, Петро оживился: сдерживая волнение, рассказал об уходе с фронта 28-го полка, о бегстве командного состава, о Фомине и о последнем митинге в Вешенской.",— И думать нечего.,"За столом, нянча на коленях племянника, Петро оживился: сдерживая волнение, рассказал об уходе с фронта 28-го полка, о бегстве командного состава, о Фомине и о последнем митинге в Вешенской. — Как же ты думаешь? — спросил Григорий, не снимая с головы дочери черножилую руку. — И думать нечего.",False,,False,,True,770
WORD,S1_001,22409,1,1,думать,думать,— И думать нечего.,"— Как же ты думаешь? — спросил Григорий, не снимая с головы дочери черножилую руку.","Завтра вот переднюю, а к ночи поеду.","— Как же ты думаешь? — спросил Григорий, не снимая с головы дочери черножилую руку. — И думать нечего. Завтра вот переднюю, а к ночи поеду.",False,,False,,True,771
WORD,S1_001,22420,2,2,думать,думаете,"Может, вы думаете оставаться, а я…",Чтобы мне краснопузые кочан срубили?,"Не, уж я поеду!","Чтобы мне краснопузые кочан срубили? Может, вы думаете оставаться, а я… Не, уж я поеду!",False,,False,,True,772
WORD,S1_004,22553,10,10,решить,решил,"Положение на Северном фронте стало чревато такими осложнениями, что Краснов решил сам выехать в Каргинскую, чтобы оттуда непосредственно направить «карающую десницу» против Фомина и, главное, поднять дух деморализованных казаков.","И телеграф застучал:
«Новочеркасск атаману Краснову точка Катись под такую мать точка Фомин».",С этой целью он и пригласил союзников в поездку по фронту.,"И телеграф застучал:
«Новочеркасск атаману Краснову точка Катись под такую мать точка Фомин». Положение на Северном фронте стало чревато такими осложнениями, что Краснов решил сам выехать в Каргинскую, чтобы оттуда непосредственно направить «карающую десницу» против Фомина и, главное, поднять дух деморализованных казаков. С этой целью он и пригласил союзников в поездку по фронту.",False,,False,,True,773
WORD,S1_010,22581,8,8,колебаться,колеблясь,"Вечером вышел он метать скотине и, уже не колеблясь, надергал сена из худшего прикладка.","XV
Решение не отступать вновь вернуло в глазах Пантелея Прокофьевича силу и значимость вещам.","На темном базу долго со всех сторон охаживал корову, удовлетворенно думая: «Починает, дюже толстая.","XV
Решение не отступать вновь вернуло в глазах Пантелея Прокофьевича силу и значимость вещам. Вечером вышел он метать скотине и, уже не колеблясь, надергал сена из худшего прикладка. На темном базу долго со всех сторон охаживал корову, удовлетворенно думая: «Починает, дюже толстая.",False,,False,,True,774
WORD,S1_001,22582,10,10,думать,думая,"На темном базу долго со всех сторон охаживал корову, удовлетворенно думая: «Починает, дюже толстая.","Вечером вышел он метать скотине и, уже не колеблясь, надергал сена из худшего прикладка.",Уж не двойню ли Господь даст?»,"Вечером вышел он метать скотине и, уже не колеблясь, надергал сена из худшего прикладка. На темном базу долго со всех сторон охаживал корову, удовлетворенно думая: «Починает, дюже толстая. Уж не двойню ли Господь даст?»",False,,False,,True,775
WORD,S1_012,22584,11,11,мысленно,мысленно,"Все ему опять стало родным, близким; все, от чего он уже мысленно отрешился, обрело прежнюю значительность и вес.",Уж не двойню ли Господь даст?»,"Он уже успел за короткий предвечерний час и Дуняшку выругать за то, что мякину просыпала у катуха и не выдолбила льда из корыта, и лаз заделать, пробитый в плетне боровом Степана Астахова.","Уж не двойню ли Господь даст?» Все ему опять стало родным, близким; все, от чего он уже мысленно отрешился, обрело прежнюю значительность и вес. Он уже успел за короткий предвечерний час и Дуняшку выругать за то, что мякину просыпала у катуха и не выдолбила льда из корыта, и лаз заделать, пробитый в плетне боровом Степана Астахова.",False,,False,,True,776
WORD,S1_001,22586,9,9,думать,думает,"Кстати, спросил у Аксиньи, выскочившей закрыть ставни, про Степана — думает ли ехать в отступ?","Он уже успел за короткий предвечерний час и Дуняшку выругать за то, что мякину просыпала у катуха и не выдолбила льда из корыта, и лаз заделать, пробитый в плетне боровом Степана Астахова.","Аксинья, кутаясь в платок, певуче говорила:
— Нет, нет, где уж ему уехать!","Он уже успел за короткий предвечерний час и Дуняшку выругать за то, что мякину просыпала у катуха и не выдолбила льда из корыта, и лаз заделать, пробитый в плетне боровом Степана Астахова. Кстати, спросил у Аксиньи, выскочившей закрыть ставни, про Степана — думает ли ехать в отступ? Аксинья, кутаясь в платок, певуче говорила:
— Нет, нет, где уж ему уехать!",False,,False,,True,777
WORD,S1_001,22628,7,7,думать,думаю,"— Одному, сдается, скучно ехать в отступ, — дай-ка, думаю, заеду за сватами.","Ногайцев, содрав с усов, покидал к порогу сосульки, потопал ногами в огромных, подшитых кожей валенках, не спеша стал раздеваться.","Слух поимел, что обои вы дома.","Ногайцев, содрав с усов, покидал к порогу сосульки, потопал ногами в огромных, подшитых кожей валенках, не спеша стал раздеваться. — Одному, сдается, скучно ехать в отступ, — дай-ка, думаю, заеду за сватами. Слух поимел, что обои вы дома.",False,,False,,True,778
WORD,S1_015,22659,5,5,припомнить,припомним,"Доведется нам вернуться оттель, — мы припомним, какие красным на Дон ворота отворяли, оставались им служить…","Уже одетый, держась за дверную скобку, он значительно покашлял, сказал с потаенной угрозой:
— Может, оно и к лучшему, а тольки всхомянетесь вы посля.",С утра густо посыпал снег.,"Уже одетый, держась за дверную скобку, он значительно покашлял, сказал с потаенной угрозой:
— Может, оно и к лучшему, а тольки всхомянетесь вы посля. Доведется нам вернуться оттель, — мы припомним, какие красным на Дон ворота отворяли, оставались им служить… С утра густо посыпал снег.",False,,False,,True,779
WORD,S1_011,22666,2,2,мысль,мысли,"От этой мысли сдвоило сердце, но, поразмыслив, он успокоил себя.",Неужели красные?»,"Раздерганная толпа приближалась к хутору, далеко обогнув черное, глядевшее в небо жерло полыньи.","Неужели красные?» От этой мысли сдвоило сердце, но, поразмыслив, он успокоил себя. Раздерганная толпа приближалась к хутору, далеко обогнув черное, глядевшее в небо жерло полыньи.",False,,False,,True,780
WORD,S1_011,22715,8,8,мысль,мысль,"Петро подошел, пожевал ус и, словно отвечая на мысль Григория, сказал:
— Кабы все такие были!","Вслед ему Григорий глядел почтительно, с недоверчивым изумлением.",Вот как надо тихий Дон-то оборонять!,"Вслед ему Григорий глядел почтительно, с недоверчивым изумлением. Петро подошел, пожевал ус и, словно отвечая на мысль Григория, сказал:
— Кабы все такие были! Вот как надо тихий Дон-то оборонять!",False,,False,,True,781
WORD,S1_011,22811,8,8,мысль,мысль,"«Как нашкодившая собака перед хозяином», — стыдом ожгла его мысль, и на миг выросло перед глазами: такой же улыбкой щерил черные атласные губы убитый белогрудый кобель, когда он, Григорий, хозяин, вольный и в жизни его и в смерти, подходил к нему и кобель, падая на спину, оголял молодые резцы, бил пушистым рыжим хвостом…","И опять Григорий почувствовал, как, помимо воли, кривит его губы улыбка, виноватая и просящая, и он покраснел от стыда за свое невольное, не подвластное разуму проявление слабости.","Пантелей Прокофьевич все тем же незнакомым Григорию голосом спросил: может, гости хотят вечерять?","И опять Григорий почувствовал, как, помимо воли, кривит его губы улыбка, виноватая и просящая, и он покраснел от стыда за свое невольное, не подвластное разуму проявление слабости. «Как нашкодившая собака перед хозяином», — стыдом ожгла его мысль, и на миг выросло перед глазами: такой же улыбкой щерил черные атласные губы убитый белогрудый кобель, когда он, Григорий, хозяин, вольный и в жизни его и в смерти, подходил к нему и кобель, падая на спину, оголял молодые резцы, бил пушистым рыжим хвостом… Пантелей Прокофьевич все тем же незнакомым Григорию голосом спросил: может, гости хотят вечерять?",False,,False,,True,782
WORD,S1_001,22858,3,3,думать,думай,"Ты, товарищ, не думай, что я родился офицером.",— На войне не считают.,Я им с германской пришел.,"— На войне не считают. Ты, товарищ, не думай, что я родился офицером. Я им с германской пришел.",False,,False,,True,783
WORD,S1_001,22922,10,10,думать,думал,"«Ушли бы мы, — стискивая зубы, прижимаясь сердцем к углу подушки, думал Григорий.","Григорий, закинув руки, лежал молча.","— Ушли бы в отступ, и вот сейчас Наташку распинали бы на этой кровати и тешились над ней, как тогда в Польше над Франей…»","Григорий, закинув руки, лежал молча. «Ушли бы мы, — стискивая зубы, прижимаясь сердцем к углу подушки, думал Григорий. — Ушли бы в отступ, и вот сейчас Наташку распинали бы на этой кровати и тешились над ней, как тогда в Польше над Франей…»",False,,False,,True,784
WORD,ALEX_012,22987,2,2,догадаться,догадался,Но старик догадался раньше их.,"Твой конь, Григорий, из себя видный, видит Бог — возьмут!","На ночь повел Григорий обоих строевых поить, вывел из дверей, увидел: кони улегают на передние.","Твой конь, Григорий, из себя видный, видит Бог — возьмут! Но старик догадался раньше их. На ночь повел Григорий обоих строевых поить, вывел из дверей, увидел: кони улегают на передние.",False,,False,,True,785
WORD,S1_016,23102,3,3,помнить,помни,"Ты иди, не помни зла.","Григорий отказался идти, но Пантелей Прокофьевич посоветовал:
— Пойди, а то скажут: мол, за низкое считает.",Вышли на баз.,"Григорий отказался идти, но Пантелей Прокофьевич посоветовал:
— Пойди, а то скажут: мол, за низкое считает. Ты иди, не помни зла. Вышли на баз.",False,,False,,True,786
WORD,S1_001,23127,9,9,думать,думает,Григорий смотрит от порога на сапоги и галифе и думает: «С офицера добыто…»,"Сапоги на нем хромовые, на одну портянку, галифе — офицерского сукна.","Потом переводит взгляд на лицо: оно исчерно-смугло, лоснится потом, как круп вороного коня, круглые ушные раковины оттопырены, губы толсты и обвислы.","Сапоги на нем хромовые, на одну портянку, галифе — офицерского сукна. Григорий смотрит от порога на сапоги и галифе и думает: «С офицера добыто…» Потом переводит взгляд на лицо: оно исчерно-смугло, лоснится потом, как круп вороного коня, круглые ушные раковины оттопырены, губы толсты и обвислы.",False,,False,,True,787
WORD,S1_005,23129,3,3,решать,решает,"«Жид, а ловкий!» — решает про себя Григорий.","Потом переводит взгляд на лицо: оно исчерно-смугло, лоснится потом, как круп вороного коня, круглые ушные раковины оттопырены, губы толсты и обвислы.",Ему и Петру налили самогонки.,"Потом переводит взгляд на лицо: оно исчерно-смугло, лоснится потом, как круп вороного коня, круглые ушные раковины оттопырены, губы толсты и обвислы. «Жид, а ловкий!» — решает про себя Григорий. Ему и Петру налили самогонки.",False,,False,,True,788
WORD,S1_004,23182,1,1,решить,решил,"Взволнованно-радостно решил: «Нет, живьем вы меня не возьмете!»","— Домой, — не останавливаясь, увлекая его за собой, ответил Григорий.","Курчавый левой рукой держался за локоть Григория; тяжело дыша, ступал рядом.","— Домой, — не останавливаясь, увлекая его за собой, ответил Григорий. Взволнованно-радостно решил: «Нет, живьем вы меня не возьмете!» Курчавый левой рукой держался за локоть Григория; тяжело дыша, ступал рядом.",False,,False,,True,789
WORD,S1_002,23201,5,5,подумать,подумал,"«Как за зверем били! — механически подумал он, опять останавливаясь.","Григория не согрела радость избавления, но чувство равнодушия к пережитому смутило.","— Искать не будут, побоятся в лес идти…","Григория не согрела радость избавления, но чувство равнодушия к пережитому смутило. «Как за зверем били! — механически подумал он, опять останавливаясь. — Искать не будут, побоятся в лес идти…",False,,False,,True,790
WORD,S1_004,23206,1,1,решить,решил,Ночевать решил в брошенной копне сухого чакана.,"Направился к зимним скирдам, но, из опаски, миновал их, долго, как заяц на жировке, вязал петли следов.",Разгреб вершину.,"Направился к зимним скирдам, но, из опаски, миновал их, долго, как заяц на жировке, вязал петли следов. Ночевать решил в брошенной копне сухого чакана. Разгреб вершину.",False,,False,,True,791
WORD,S1_011,23210,0,0,мысль,Мыслей,Мыслей не было.,"Зарылся с головой в гнилостно-пахучий чакан, подрожал.","Краешком, нехотя подумал: «Заседлать завтра и махнуть через фронт к своим?» — но ответа не нашел в себе, притих.","Зарылся с головой в гнилостно-пахучий чакан, подрожал. Мыслей не было. Краешком, нехотя подумал: «Заседлать завтра и махнуть через фронт к своим?» — но ответа не нашел в себе, притих.",False,,False,,True,792
WORD,S1_002,23211,2,2,подумать,подумал,"Краешком, нехотя подумал: «Заседлать завтра и махнуть через фронт к своим?» — но ответа не нашел в себе, притих.",Мыслей не было.,К утру стал зябнуть.,"Мыслей не было. Краешком, нехотя подумал: «Заседлать завтра и махнуть через фронт к своим?» — но ответа не нашел в себе, притих. К утру стал зябнуть.",False,,False,,True,793
WORD,S1_001,23281,1,1,думать,думал,"Я думал, он и справди отступил.",Попрощался и ушел.,"На другой день Мценский полк уже прошел, гляжу — является…","Попрощался и ушел. Я думал, он и справди отступил. На другой день Мценский полк уже прошел, гляжу — является…",False,,False,,True,794
PHRASE,PHR_154,23434,5,6,упорно думать,упорно думал,Петро под разговор о чем-то упорно думал.,"Покурили у печки, погутарили.","Думалось с непривычки трудно, до бисера на лбу.","Покурили у печки, погутарили. Петро под разговор о чем-то упорно думал. Думалось с непривычки трудно, до бисера на лбу.",False,,False,,True,795
WORD,S1_001,23434,6,6,думать,думал,Петро под разговор о чем-то упорно думал.,"Покурили у печки, погутарили.","Думалось с непривычки трудно, до бисера на лбу.","Покурили у печки, погутарили. Петро под разговор о чем-то упорно думал. Думалось с непривычки трудно, до бисера на лбу.",True,PHR_154,False,,False,796
WORD,S1_017,23465,4,4,понять,поймешь,— Да их и не поймешь: кабы они мущинские — были б длиннее.,"— В них теплее и красивше, — мечтательно ответила Дарья.",И кружева…,"— В них теплее и красивше, — мечтательно ответила Дарья. — Да их и не поймешь: кабы они мущинские — были б длиннее. И кружева…",False,,False,,True,797
WORD,S1_017,23489,17,17,понять,поняла,"Под донской, опушенной поречьем шубой и кружева исподней виднелись, и верхняя, шерстяная, была добротна и нова, чтобы поняла вылезшая из грязи в князи фоминская жена, что Дарья не простая казачка, а как-никак офицерша.","И пошла Дарья щеголять, заметать голландским кружевом земляной пол.
Вот и сейчас, отправляясь с мужем на́ гости, была она одета богато и видно.","Петро помахивал кнутом, чмокал губами.","И пошла Дарья щеголять, заметать голландским кружевом земляной пол.
Вот и сейчас, отправляясь с мужем на́ гости, была она одета богато и видно. Под донской, опушенной поречьем шубой и кружева исподней виднелись, и верхняя, шерстяная, была добротна и нова, чтобы поняла вылезшая из грязи в князи фоминская жена, что Дарья не простая казачка, а как-никак офицерша. Петро помахивал кнутом, чмокал губами.",False,,False,,True,798
WORD,S1_002,23532,6,6,подумать,подумай,"— Сдал, конешно, Яков Ефимыч, ты не подумай… я с открытой душой.","Ну чего же ты? — наседал Фомин, перегибаясь через стол.",— С открытой.,"Ну чего же ты? — наседал Фомин, перегибаясь через стол. — Сдал, конешно, Яков Ефимыч, ты не подумай… я с открытой душой. — С открытой.",False,,False,,True,799
WORD,S1_004,23550,4,4,решить,решил,"А на этот раз решил пойти узнать, все ли благополучно, да кстати погоревать вместе о наступивших временах.","Пантелей Прокофьевич ушел, почувствовав себя лишним.",Дохромал он в тот конец хутора не скоро.,"Пантелей Прокофьевич ушел, почувствовав себя лишним. А на этот раз решил пойти узнать, все ли благополучно, да кстати погоревать вместе о наступивших временах. Дохромал он в тот конец хутора не скоро.",False,,False,,True,800
PHRASE,PHR_343,23594,2,5,стать понимать,стал ничего не понимает,"Чисто дите стал, ничего не понимает.",Хучь силом с него сымай.,"— Нехай тешится, недолго уж ему…","Хучь силом с него сымай. Чисто дите стал, ничего не понимает. — Нехай тешится, недолго уж ему…",False,,False,,True,801
WORD,S1_017,23640,2,2,понять,понять,"Молодых вовсе понять нельзя, вроде зажмурки живут.",Об этих делах ноне толковать не со всяким можно…,"Один отступил, другой остался.","Об этих делах ноне толковать не со всяким можно… Молодых вовсе понять нельзя, вроде зажмурки живут. Один отступил, другой остался.",False,,False,,True,802
WORD,S1_016,23665,0,0,помнить,Помнишь,Помнишь небось?,"У нас раньше, я ишо парнем был, восемьдесят шесть лошадей было.","Скакуны были, хучь калмыка догоняй!","У нас раньше, я ишо парнем был, восемьдесят шесть лошадей было. Помнишь небось? Скакуны были, хучь калмыка догоняй!",False,,False,,True,803
WORD,S1_016,23670,2,2,помнить,помню,Как зараз помню.,"Выеду, оседламши, в степь, подыму зайца в бурьянах и сто сажен не отпущу — стопчу конем.",— По лицу Мирона Григорьевича пролегла горячая улыбка.,"Выеду, оседламши, в степь, подыму зайца в бурьянах и сто сажен не отпущу — стопчу конем. Как зараз помню. — По лицу Мирона Григорьевича пролегла горячая улыбка.",False,,False,,True,804
WORD,S1_001,23785,5,5,думать,думал,— Ты раньше будто не так думал.,"Ему, видно, тоже никто по совести не пришелся.","Мишка сказал с целью уязвить Григория, но тот и виду не подал, что замечание его задело.","Ему, видно, тоже никто по совести не пришелся. — Ты раньше будто не так думал. Мишка сказал с целью уязвить Григория, но тот и виду не подал, что замечание его задело.",False,,False,,True,805
WORD,S1_001,23787,7,7,думать,думали,— И я и ты — все мы по-разному думали…,"Мишка сказал с целью уязвить Григория, но тот и виду не подал, что замечание его задело.","Иван Алексеевич хотел, выпроводив Григория, передать Мишке поподробней о своей поездке и беседе с председателем, но разговор начал его волновать.","Мишка сказал с целью уязвить Григория, но тот и виду не подал, что замечание его задело. — И я и ты — все мы по-разному думали… Иван Алексеевич хотел, выпроводив Григория, передать Мишке поподробней о своей поездке и беседе с председателем, но разговор начал его волновать.",False,,False,,True,806
WORD,S1_017,23797,0,0,понять,Понял,Понял?,"Какой есть теперь, с таким и гутарь.","Власти тоже дюже не касайся, потому — я председатель, и мне тут с тобой негоже спорить.","Какой есть теперь, с таким и гутарь. Понял? Власти тоже дюже не касайся, потому — я председатель, и мне тут с тобой негоже спорить.",False,,False,,True,807
WORD,S1_001,23860,2,2,думать,думаю,"Ежли я думаю за власть, так я — контра?",— Не ждал я от тебя…,Кадет?,"— Не ждал я от тебя… Ежли я думаю за власть, так я — контра? Кадет?",False,,False,,True,808
WORD,S1_001,23877,9,9,думать,думал,"Он, в сущности, только высказал вгорячах то, о чем думал эти дни, что копилось в нем и искало выхода.","Григорий шел, испытывая такое чувство, будто перешагнул порог, и то, что казалось неясным, неожиданно встало с предельной яркостью.","И оттого, что стал он на грани в борьбе двух начал, отрицая оба их, — родилось глухое неумолчное раздражение.","Григорий шел, испытывая такое чувство, будто перешагнул порог, и то, что казалось неясным, неожиданно встало с предельной яркостью. Он, в сущности, только высказал вгорячах то, о чем думал эти дни, что копилось в нем и искало выхода. И оттого, что стал он на грани в борьбе двух начал, отрицая оба их, — родилось глухое неумолчное раздражение.",False,,False,,True,809
WORD,S1_014,23883,0,0,вспомнить,Вспомнил,"Вспомнил, сказал с ненавистью:
— Такие, как Гришка, в драке только под ногами болтаются.","Помеха — Григорий, разговор с ним.",Паскуда!,"Помеха — Григорий, разговор с ним. Вспомнил, сказал с ненавистью:
— Такие, как Гришка, в драке только под ногами болтаются. Паскуда!",False,,False,,True,810
WORD,S1_001,23890,5,5,думать,думая,"Мишка только выругался в ответ, думая о чем-то своем.",Как дела?,"Прошли квартал, и Кошевой повернулся к Ивану Алексеевичу, на полных, девичьих губах его блуждала потерявшаяся улыбка.","Как дела? Мишка только выругался в ответ, думая о чем-то своем. Прошли квартал, и Кошевой повернулся к Ивану Алексеевичу, на полных, девичьих губах его блуждала потерявшаяся улыбка.",False,,False,,True,811
WORD,S1_001,23932,7,7,думать,думайте,— И к Петру: — Вы обо мне не думайте.,"Перед тем как выехать, он вскочил в кухню; целуя детишек, торопливо кидал:
— Гостинцев привезу, а вы тут не дурите, матерю слухайте.",Я далеко не поеду.,"Перед тем как выехать, он вскочил в кухню; целуя детишек, торопливо кидал:
— Гостинцев привезу, а вы тут не дурите, матерю слухайте. — И к Петру: — Вы обо мне не думайте. Я далеко не поеду.",False,,False,,True,812
WORD,S1_001,23943,17,17,думать,думал,"«Они воюют, чтобы им лучше жить, а мы за свою хорошую жизнь воевали, — все о том же думал Григорий под равномерный качкий ступ быков, полулежа в санях, кутая зипуном голову.","Около моховского магазина, занятого под продовольственный склад, перегрузили ящики со снарядами, тронулись.",— Одной правды нету в жизни.,"Около моховского магазина, занятого под продовольственный склад, перегрузили ящики со снарядами, тронулись. «Они воюют, чтобы им лучше жить, а мы за свою хорошую жизнь воевали, — все о том же думал Григорий под равномерный качкий ступ быков, полулежа в санях, кутая зипуном голову. — Одной правды нету в жизни.",False,,False,,True,813
WORD,S1_001,24000,2,2,думать,думаю,"Я так думаю, надо нам кое-кого…",Или ты не видишь ничего?,"Григория Мелехова надо взять, старика Болдырева, Матвея Кашулина, Мирона Коршунова.","Или ты не видишь ничего? Я так думаю, надо нам кое-кого… Григория Мелехова надо взять, старика Болдырева, Матвея Кашулина, Мирона Коршунова.",False,,False,,True,814
WORD,S1_001,24071,1,1,думать,думаю,"Если, думаю, жив остался, он будет в Татарском председателем!","Он шагнул к не успевшему встать Ивану Алексеевичу, уверенно обнял его и, целуя, касаясь лица мокрой бородой, сказал:
— Знал!","— Осип Давыдыч, вдарь!..","Он шагнул к не успевшему встать Ивану Алексеевичу, уверенно обнял его и, целуя, касаясь лица мокрой бородой, сказал:
— Знал! Если, думаю, жив остался, он будет в Татарском председателем! — Осип Давыдыч, вдарь!..",False,,False,,True,815
WORD,S1_004,24091,13,13,решить,решил,"Примчал я в Вешенскую, поговорил в ревкоме с народом и в первую очередь решил поехать в Татарский.","Политотдел Восьмой армии направил меня для работы в ваш округ, как некогда жившего здесь, так сказать, знакомого с условиями.","Дай, думаю, поживу у них, поработаю, помогу организовать дело, а потом уеду.","Политотдел Восьмой армии направил меня для работы в ваш округ, как некогда жившего здесь, так сказать, знакомого с условиями. Примчал я в Вешенскую, поговорил в ревкоме с народом и в первую очередь решил поехать в Татарский. Дай, думаю, поживу у них, поработаю, помогу организовать дело, а потом уеду.",False,,False,,True,816
WORD,S1_001,24092,1,1,думать,думаю,"Дай, думаю, поживу у них, поработаю, помогу организовать дело, а потом уеду.","Примчал я в Вешенскую, поговорил в ревкоме с народом и в первую очередь решил поехать в Татарский.","Видишь, старая дружба не забывается?","Примчал я в Вешенскую, поговорил в ревкоме с народом и в первую очередь решил поехать в Татарский. Дай, думаю, поживу у них, поработаю, помогу организовать дело, а потом уеду. Видишь, старая дружба не забывается?",False,,False,,True,817
WORD,S1_001,24124,1,1,думать,думал,"Я думал, им тюрьму дадут, а этак что же…",— Каких отправили мы ноне — расстреляли в Вешках!,Этак мы ничего тут не сделаем!,"— Каких отправили мы ноне — расстреляли в Вешках! Я думал, им тюрьму дадут, а этак что же… Этак мы ничего тут не сделаем!",False,,False,,True,818
WORD,S1_001,24188,1,1,думать,думаю,Я думаю — да!,Была ли необходимость расстреливать в данном случае этих людей?,"Может быть, не всех, но Коршунова, например, незачем исправлять!","Была ли необходимость расстреливать в данном случае этих людей? Я думаю — да! Может быть, не всех, но Коршунова, например, незачем исправлять!",False,,False,,True,819
WORD,S1_020,24190,1,1,ясно,ясно,Это ясно!,"Может быть, не всех, но Коршунова, например, незачем исправлять!","А вот Мелехов хоть и временно, а ускользнул.","Может быть, не всех, но Коршунова, например, незачем исправлять! Это ясно! А вот Мелехов хоть и временно, а ускользнул.",False,,False,,True,820
WORD,ALEX_012,24213,2,2,догадаться,догадался,"Он уже догадался, в чем дело.","Бабы так дружно взревелись, так взвизжались детишки, что Петро, ухватив с печурки кисет, стремглав вылетел в сенцы.","Постоял, покурил на крыльце.","Бабы так дружно взревелись, так взвизжались детишки, что Петро, ухватив с печурки кисет, стремглав вылетел в сенцы. Он уже догадался, в чем дело. Постоял, покурил на крыльце.",False,,False,,True,821
WORD,S1_004,24238,0,0,решить,Решил,Решил заехать в Вешенской к знакомому казаку и при его помощи попытаться выручить труп Мирона Григорьевича.,Петро изжевал усы и под конец согласился.,Выехал он в ночь.,Петро изжевал усы и под конец согласился. Решил заехать в Вешенской к знакомому казаку и при его помощи попытаться выручить труп Мирона Григорьевича. Выехал он в ночь.,False,,False,,True,822
WORD,S1_001,24287,0,0,думать,Думала,"— Думала, войдешь ты на своих ноженьках, хозяин наш, а тебя внесли, — чуть слышались ее шепот и всхлипы, дико похожие на смех.","Лукинична, выплакавшая все слезы, ползала в ногах мужа, опрятно одетых в белые смертные чулки, осиплая, простоволосая.",Петро из горенки вывел под руку деда Гришаку.,"Лукинична, выплакавшая все слезы, ползала в ногах мужа, опрятно одетых в белые смертные чулки, осиплая, простоволосая. — Думала, войдешь ты на своих ноженьках, хозяин наш, а тебя внесли, — чуть слышались ее шепот и всхлипы, дико похожие на смех. Петро из горенки вывел под руку деда Гришаку.",False,,False,,True,823
WORD,S1_017,24395,1,1,понять,понял,"Штокман понял по сдержанному шуму, по оживившимся лицам, что ворохнул речью казачьи сердца.",Чтобы не заглушили роста новой жизни!,Он не ошибся: начался разговор по душам.,"Чтобы не заглушили роста новой жизни! Штокман понял по сдержанному шуму, по оживившимся лицам, что ворохнул речью казачьи сердца. Он не ошибся: начался разговор по душам.",False,,False,,True,824
WORD,S1_001,24419,8,8,думать,думаем,"И я зараз скажу, что́ мы все, казаки, думаем и за что мы на коммунистов держим обиду…","Рубануть уж, так сплеча!","Вот ты, товарищ, рассказывал, что против хлеборобов-казаков вы не идете, какие вам не враги.","Рубануть уж, так сплеча! И я зараз скажу, что́ мы все, казаки, думаем и за что мы на коммунистов держим обиду… Вот ты, товарищ, рассказывал, что против хлеборобов-казаков вы не идете, какие вам не враги.",False,,False,,True,825
WORD,S1_017,24446,21,21,понять,поняли,"Гомон вспух, потопил слова Алешки, но тот переждал время и, не обращая внимания на поднятую руку Штокмана, продолжал выкрикивать:
— И мы поняли, что, может, Советская власть и хороша, но коммунисты, какие на должностях засели, норовят нас в ложке воды утопить!",— Правильна! — одинокий крик сзади.,"Они нам солют за девятьсот пятый год, мы эти слова слыхали от красных солдатов.","— Правильна! — одинокий крик сзади. Гомон вспух, потопил слова Алешки, но тот переждал время и, не обращая внимания на поднятую руку Штокмана, продолжал выкрикивать:
— И мы поняли, что, может, Советская власть и хороша, но коммунисты, какие на должностях засели, норовят нас в ложке воды утопить! Они нам солют за девятьсот пятый год, мы эти слова слыхали от красных солдатов.",False,,False,,True,826
WORD,S1_002,24510,3,3,подумать,подумал,"Веселость нашли!..» — обиженно подумал Кошевой, шагая мимо, и уже с досадой в последний раз хлопнул плеткой по голенищу, без стука вошел в угловую комнату.",«Чудно им!,Иван Алексеевич в распахнутой ватной теплушке сидел за письменным столом.,"«Чудно им! Веселость нашли!..» — обиженно подумал Кошевой, шагая мимо, и уже с досадой в последний раз хлопнул плеткой по голенищу, без стука вошел в угловую комнату. Иван Алексеевич в распахнутой ватной теплушке сидел за письменным столом.",False,,False,,True,827
WORD,S1_001,24522,2,2,думать,думаешь,— Что ты думаешь по этому поводу?,Но к ним я не заходил.,"Штокман сворачивал папироску и изредка вкось поглядывал на Ивана Алексеевича, выжидая ответа.","Но к ним я не заходил. — Что ты думаешь по этому поводу? Штокман сворачивал папироску и изредка вкось поглядывал на Ивана Алексеевича, выжидая ответа.",False,,False,,True,828
WORD,S1_017,24542,0,0,понять,Понял,Понял?,Посадишь его отдельно.,"Кошевой сполз с подоконника, пошел к милиционерам.","Посадишь его отдельно. Понял? Кошевой сполз с подоконника, пошел к милиционерам.",False,,False,,True,829
WORD,ALEX_007,24551,2,2,припоминать,припоминая,"Иван Алексеевич, припоминая, сощурил глаза, улыбнулся:
— Сдали-то они в аккурат, две винтовки и два нагана.","Штокман нахмурился, но сейчас же приподнял брови, спросил скороговоркой:
— Мелеховы что сдали?","Да ты думаешь, это все?","Штокман нахмурился, но сейчас же приподнял брови, спросил скороговоркой:
— Мелеховы что сдали? Иван Алексеевич, припоминая, сощурил глаза, улыбнулся:
— Сдали-то они в аккурат, две винтовки и два нагана. Да ты думаешь, это все?",False,,False,,True,830
WORD,S1_001,24552,2,2,думать,думаешь,"Да ты думаешь, это все?","Иван Алексеевич, припоминая, сощурил глаза, улыбнулся:
— Сдали-то они в аккурат, две винтовки и два нагана.",— Нет?,"Иван Алексеевич, припоминая, сощурил глаза, улыбнулся:
— Сдали-то они в аккурат, две винтовки и два нагана. Да ты думаешь, это все? — Нет?",False,,False,,True,831
WORD,S1_001,24556,3,3,думать,думаю,— Я тоже так думаю.,Нашел дурее себя!,— Штокман тонко поджал губы.,Нашел дурее себя! — Я тоже так думаю. — Штокман тонко поджал губы.,False,,False,,True,832
WORD,S1_001,24560,2,2,думать,думаешь,"Думать-то ты думаешь, а кроме этого, и делать надо.","Ты скажи, между прочим, коменданту-то.",Кошевой вернулся через полчаса.,"Ты скажи, между прочим, коменданту-то. Думать-то ты думаешь, а кроме этого, и делать надо. Кошевой вернулся через полчаса.",False,,False,,True,833
WORD,S1_001,24574,3,3,думать,думали,А вы чего думали?,"Мое дело телячье, — поел да в закут.","— Пятясь от подходившего к нему в упор Штокмана, он уперся спиной в изразцовую боковину печи и рассмеялся: — Не напирай, Осип Давыдович!","Мое дело телячье, — поел да в закут. А вы чего думали? — Пятясь от подходившего к нему в упор Штокмана, он уперся спиной в изразцовую боковину печи и рассмеялся: — Не напирай, Осип Давыдович!",False,,False,,True,834
WORD,S1_004,24612,7,7,решить,решили,"Он, Иван Алексеевич, Емельян, Давыдка и Филька решили оформить свою партийную принадлежность.","XXVII
На второй день после приезда с Сингина Кошевой отправился в Вешенскую узнать, когда будет собрание комячейки.","Мишка вез с собой последнюю партию сданного казаками оружия, найденный в школьном дворе пулемет и письмо Штокмана председателю окружного ревкома.","XXVII
На второй день после приезда с Сингина Кошевой отправился в Вешенскую узнать, когда будет собрание комячейки. Он, Иван Алексеевич, Емельян, Давыдка и Филька решили оформить свою партийную принадлежность. Мишка вез с собой последнюю партию сданного казаками оружия, найденный в школьном дворе пулемет и письмо Штокмана председателю окружного ревкома.",False,,False,,True,835
WORD,S1_016,24653,4,4,помнить,помнил,"Ошарашенный Кошевой сам не помнил, как очутился на площади.","Задрав голову, намётом прошла оседланная, без всадника лошадь.","Он видел, как Фомин, в бурке, черным вихрем вырвался из-за церкви.","Задрав голову, намётом прошла оседланная, без всадника лошадь. Ошарашенный Кошевой сам не помнил, как очутился на площади. Он видел, как Фомин, в бурке, черным вихрем вырвался из-за церкви.",False,,False,,True,836
WORD,S1_011,24658,4,4,мысль,мыслью,«К лошадям!» — было первой мыслью Мишки.,"Фомин, припавший к луке, скрылся под горой, оставив за собой серебряный дымок снежной пыли.","Он, пригибаясь, перебегал перекрестки, ни разу не передохнул.","Фомин, припавший к луке, скрылся под горой, оставив за собой серебряный дымок снежной пыли. «К лошадям!» — было первой мыслью Мишки. Он, пригибаясь, перебегал перекрестки, ни разу не передохнул.",False,,False,,True,837
WORD,S1_016,24718,2,2,помнить,помнил,Дальше Кошевой помнил все как во сне.,"— Вставай, сука!","На него, рыдая, кидался, хватал за грудки Антип:
— Отца моего смерти предал…","— Вставай, сука! Дальше Кошевой помнил все как во сне. На него, рыдая, кидался, хватал за грудки Антип:
— Отца моего смерти предал…",False,,False,,True,838
WORD,S1_002,24749,6,6,подумать,подумал,"«Добьют зараз», — безразлично, как о постороннем, подумал Кошевой.","Кто-то шел в половню, поскрипывая валенками.",Человек стал в темном просторе дверей.,"Кто-то шел в половню, поскрипывая валенками. «Добьют зараз», — безразлично, как о постороннем, подумал Кошевой. Человек стал в темном просторе дверей.",False,,False,,True,839
PHRASE,PHR_082,24766,5,6,решиться на,решившись на,"На другую ночь, чуть смерклось, — решившись на отчаянное, добрел до дома, постучался в окно.","Мишка без ответа нащупал его руку, сунулся в ворох мякины.","Мать открыла ему двери в сенцы, заплакала.","Мишка без ответа нащупал его руку, сунулся в ворох мякины. На другую ночь, чуть смерклось, — решившись на отчаянное, добрел до дома, постучался в окно. Мать открыла ему двери в сенцы, заплакала.",False,,False,,True,840
WORD,S1_017,24778,4,4,понять,понял,"Из короткого рассказа матери понял, что восстали все хутора Обдонья, что Штокман, Иван Алексеевич, Давыдка и милиционеры ускакали, а Фильку и Тимофея убили на площади еще вчера в полдень.",Что творилось в хуторе — не знал.,— Уходи!,"Что творилось в хуторе — не знал. Из короткого рассказа матери понял, что восстали все хутора Обдонья, что Штокман, Иван Алексеевич, Давыдка и милиционеры ускакали, а Фильку и Тимофея убили на площади еще вчера в полдень. — Уходи!",False,,False,,True,841
WORD,S1_017,24815,0,0,понять,Понял,"Понял, куда оно махнуло?","Кубыть, восстала Казанская, Шумилинская, Мигулинская.","У Григория вздулись на лбу и на шее связки вен, зеленоватыми искорками брызнули зрачки.","Кубыть, восстала Казанская, Шумилинская, Мигулинская. Понял, куда оно махнуло? У Григория вздулись на лбу и на шее связки вен, зеленоватыми искорками брызнули зрачки.",False,,False,,True,842
WORD,S1_004,24827,18,18,решить,решили,"Позавчера двадцать еланских коммунов пошли на Кривской и Плешаковский рестовать казаков, а красноярские прослыхали такое дело, собрались и решили: «Докель мы будем терпеть смывание?","Сбоку поспешал хозяин, рассказывая:
— В Еланской первым поднялся Красноярский хутор.","Отцов наших забирают, доберутся и до нас.","Сбоку поспешал хозяин, рассказывая:
— В Еланской первым поднялся Красноярский хутор. Позавчера двадцать еланских коммунов пошли на Кривской и Плешаковский рестовать казаков, а красноярские прослыхали такое дело, собрались и решили: «Докель мы будем терпеть смывание? Отцов наших забирают, доберутся и до нас.",False,,False,,True,843
WORD,S1_004,24888,2,2,решить,решено,"Все было решено и взвешено в томительные дни, когда зверем скрывался он в кизячном логове и по-звериному сторожил каждый звук и голос снаружи.","Ясен, казалось, был его путь отныне, как высветленный месяцем шлях.","Будто и не было за его плечами дней поисков правды, шатаний, переходов и тяжелой внутренней борьбы.","Ясен, казалось, был его путь отныне, как высветленный месяцем шлях. Все было решено и взвешено в томительные дни, когда зверем скрывался он в кизячном логове и по-звериному сторожил каждый звук и голос снаружи. Будто и не было за его плечами дней поисков правды, шатаний, переходов и тяжелой внутренней борьбы.",False,,False,,True,844
WORD,S1_001,24891,3,3,думать,думать,О чем было думать?,"Тенью от тучи проклубились те дни, и теперь казались ему его искания зряшными и пустыми.","Зачем металась душа — как зафлаженный на облаве волк — в поисках выхода, в разрешении противоречий?","Тенью от тучи проклубились те дни, и теперь казались ему его искания зряшными и пустыми. О чем было думать? Зачем металась душа — как зафлаженный на облаве волк — в поисках выхода, в разрешении противоречий?",False,,False,,True,845
WORD,S1_001,24894,24,24,думать,думал,"Теперь ему уже казалось, что извечно не было в ней такой правды, под крылом которой мог бы посогреться всякий, и, до края озлобленный, он думал: у каждого своя правда, своя борозда.","Жизнь оказалась усмешливой, мудро-простой.","За кусок хлеба, за делянку земли, за право на жизнь всегда боролись люди и будут бороться, пока светит им солнце, пока теплая сочится по жилам кровь.","Жизнь оказалась усмешливой, мудро-простой. Теперь ему уже казалось, что извечно не было в ней такой правды, под крылом которой мог бы посогреться всякий, и, до края озлобленный, он думал: у каждого своя правда, своя борозда. За кусок хлеба, за делянку земли, за право на жизнь всегда боролись люди и будут бороться, пока светит им солнце, пока теплая сочится по жилам кровь.",False,,False,,True,846
WORD,S1_001,24906,5,5,думать,думал,"Об этом, опаляемый слепой ненавистью, думал Григорий, пока конь нес его по белогривому покрову Дона.",А теперь — за шашку!,"На миг в нем ворохнулось противоречие: «Богатые с бедными, а не казаки с Русью…","А теперь — за шашку! Об этом, опаляемый слепой ненавистью, думал Григорий, пока конь нес его по белогривому покрову Дона. На миг в нем ворохнулось противоречие: «Богатые с бедными, а не казаки с Русью…",False,,False,,True,847
WORD,S1_011,24909,7,7,мысль,мыслей,Но он со злостью отмахнулся от этих мыслей.,"Мишка Кошевой и Котляров тоже казаки, а насквозь красные…»",Завиднелся Татарский.,"Мишка Кошевой и Котляров тоже казаки, а насквозь красные…» Но он со злостью отмахнулся от этих мыслей. Завиднелся Татарский.",False,,False,,True,848
WORD,S1_001,24934,1,1,думать,думаем,"Погиб, думаем, смертью героя.",Ведь мы тебя вычеркнули из списка живых.,"Мишка вспомнил, как брали его в плен, беззащитность свою, винтовку, оставленную в санях, — мучительно, до слез покраснел.","Ведь мы тебя вычеркнули из списка живых. Погиб, думаем, смертью героя. Мишка вспомнил, как брали его в плен, беззащитность свою, винтовку, оставленную в санях, — мучительно, до слез покраснел.",False,,False,,True,849
WORD,S1_014,24935,1,1,вспомнить,вспомнил,"Мишка вспомнил, как брали его в плен, беззащитность свою, винтовку, оставленную в санях, — мучительно, до слез покраснел.","Погиб, думаем, смертью героя.","XXX
В Татарском в день приезда Григория уже сформировались две сотни казаков.","Погиб, думаем, смертью героя. Мишка вспомнил, как брали его в плен, беззащитность свою, винтовку, оставленную в санях, — мучительно, до слез покраснел. XXX
В Татарском в день приезда Григория уже сформировались две сотни казаков.",False,,False,,True,850
WORD,S1_004,24982,1,1,решить,решил,"Петро решил выслать в направлении хутора Токина сильную разведку, одновременно сообщив в Вешенскую.","На другой день к вечеру стало известно, что из Каргинской идет на подавление восстания карательный отряд красных войск в триста штыков под командой Лихачева, при семи орудиях и двенадцати пулеметах.",Разведка выехала в сумерках.,"На другой день к вечеру стало известно, что из Каргинской идет на подавление восстания карательный отряд красных войск в триста штыков под командой Лихачева, при семи орудиях и двенадцати пулеметах. Петро решил выслать в направлении хутора Токина сильную разведку, одновременно сообщив в Вешенскую. Разведка выехала в сумерках.",False,,False,,True,851
WORD,S1_001,25062,1,1,думать,думал,"Ты думал, казаки на колени попадают?","— На что ты надеялся, как ехал с девятью охранниками?",Прощения будут просить?,"— На что ты надеялся, как ехал с девятью охранниками? Ты думал, казаки на колени попадают? Прощения будут просить?",False,,False,,True,852
WORD,S1_017,25131,5,5,понять,поймем,Мы сами из бумаг твоих поймем.,Не надо.,А нет — красноармейцев из твоей охраны допросим.,Не надо. Мы сами из бумаг твоих поймем. А нет — красноармейцев из твоей охраны допросим.,False,,False,,True,853
WORD,S1_002,25148,1,1,подумать,подумаешь,"— Может, подумаешь? — строго спросил один из сотенных.",Завтра отправим тебя в Казанскую.,"Лихачев рывком поправил накинутый внапашку френч, пошел к стоявшему у двери конвоиру.","Завтра отправим тебя в Казанскую. — Может, подумаешь? — строго спросил один из сотенных. Лихачев рывком поправил накинутый внапашку френч, пошел к стоявшему у двери конвоиру.",False,,True,PARTICLE_PODUMAYESH,True,854
WORD,S1_004,25167,5,5,решить,решили,После долгих споров и толков решили сохранить прежнюю структуру власти.,"Вешенская, как окружная станица, стала центром восстания.","В состав окружного исполкома выбрали наиболее уважаемых казаков, преимущественно молодых.","Вешенская, как окружная станица, стала центром восстания. После долгих споров и толков решили сохранить прежнюю структуру власти. В состав окружного исполкома выбрали наиболее уважаемых казаков, преимущественно молодых.",False,,False,,True,855
WORD,S1_004,25192,3,3,решить,решил,И Петро Мелехов решил выступить со своими двумя сотнями.,В такой обстановке некогда было дожидаться распоряжений из округа.,Он принял командование и над остальными четырьмя сотнями соседних хуторов.,В такой обстановке некогда было дожидаться распоряжений из округа. И Петро Мелехов решил выступить со своими двумя сотнями. Он принял командование и над остальными четырьмя сотнями соседних хуторов.,False,,False,,True,856
WORD,S1_013,25264,0,0,мыслить,Мысля,"— Мысля пришла, товарищ Мелехов!","— Ты чего? — настропалился, сдвигая брови, Петро.","Пошли ты одну сотню низом, к Дону.","— Ты чего? — настропалился, сдвигая брови, Петро. — Мысля пришла, товарищ Мелехов! Пошли ты одну сотню низом, к Дону.",False,,False,,True,857
WORD,S1_013,25271,0,0,мыслить,Мысля,«Мысля» Петру понравилась.,Опять же панику наведут.,"Он скомандовал своей полусотне стрельбу, махнул рукой стоявшему во весь рост Латышеву и валко зашагал к Григорию.","Опять же панику наведут. «Мысля» Петру понравилась. Он скомандовал своей полусотне стрельбу, махнул рукой стоявшему во весь рост Латышеву и валко зашагал к Григорию.",False,,False,,True,858
WORD,S1_002,25418,1,1,подумать,подумал,"«Советуются», — подумал Петро, и снова пот, словно широко разверзлись все поры тела, покатился по спине его, по ложбине груди, лицу…","Оттуда послышались голоса, окрики на лошадь…","— Эй, вы!","Оттуда послышались голоса, окрики на лошадь… «Советуются», — подумал Петро, и снова пот, словно широко разверзлись все поры тела, покатился по спине его, по ложбине груди, лицу… — Эй, вы!",False,,False,,True,859
WORD,S1_022,25447,5,5,сообразить,сообразил,"Руководимый чувством самосохранения, он еще сообразил выкинуть из магазинки патроны, полез по крутому скату.","В нем, как ребенок под сердцем женщины, властно ворохнулась жизнь.","Мутилось у него в глазах, сердце занимало всю грудь.","В нем, как ребенок под сердцем женщины, властно ворохнулась жизнь. Руководимый чувством самосохранения, он еще сообразил выкинуть из магазинки патроны, полез по крутому скату. Мутилось у него в глазах, сердце занимало всю грудь.",False,,False,,True,860
WORD,S1_011,25478,13,13,мысль,мыслями,"Жадно выкуривал папироску и, словно боясь остаться с глазу на глаз со своими мыслями, с тоской по Петру, снова, торопясь, хватался за кисет, — до отказа вдыхая терпкий дым, заводил с дремавшим Христоней посторонние разговоры.",До рассвета просидел он в Христониной хате около пригрубка.,Рассвело.,"До рассвета просидел он в Христониной хате около пригрубка. Жадно выкуривал папироску и, словно боясь остаться с глазу на глаз со своими мыслями, с тоской по Петру, снова, торопясь, хватался за кисет, — до отказа вдыхая терпкий дым, заводил с дремавшим Христоней посторонние разговоры. Рассвело.",False,,False,,True,861
WORD,S1_016,25540,3,3,помнить,помня,"— Уйди, Дашка! — не помня себя, дико закричал он и, не рассчитав, толкнул Дарью в грудь.",У Григория чернь в глазах.,Она упала в сугроб.,"У Григория чернь в глазах. — Уйди, Дашка! — не помня себя, дико закричал он и, не рассчитав, толкнул Дарью в грудь. Она упала в сугроб.",False,,False,,True,862
WORD,S1_012,25563,12,12,мысленно,мысленно,"«Лучше б погиб ты где-нибудь в Пруссии, чем тут, на материных глазах!» — мысленно с укором говорил брату Григорий и, взглянув на труп, вдруг побелел: по щеке Петра к пониклой усине ползла слеза.","А потом придет Дарья, вложит в широкие, ледяные руки, еще вчера обнимавшие ее, ту свечу, которая светила им обоим в церкви, когда они ходили вокруг аналоя, — и готов казак Петро Мелехов к проводам туда, откуда не возвращаются на побывку к родным куреням.","Григорий даже вскочил, но, всмотревшись внимательней, вздохнул облегченно: не мертвая слеза, а капелька с оттаявшего курчавого чуба упала Петру на лоб, медленно скатилась по щеке.","А потом придет Дарья, вложит в широкие, ледяные руки, еще вчера обнимавшие ее, ту свечу, которая светила им обоим в церкви, когда они ходили вокруг аналоя, — и готов казак Петро Мелехов к проводам туда, откуда не возвращаются на побывку к родным куреням. «Лучше б погиб ты где-нибудь в Пруссии, чем тут, на материных глазах!» — мысленно с укором говорил брату Григорий и, взглянув на труп, вдруг побелел: по щеке Петра к пониклой усине ползла слеза. Григорий даже вскочил, но, всмотревшись внимательней, вздохнул облегченно: не мертвая слеза, а капелька с оттаявшего курчавого чуба упала Петру на лоб, медленно скатилась по щеке.",False,,False,,True,863
WORD,S1_002,25589,6,6,подумать,подумал,"«Даже замки не успели попортить», — пренебрежительно подумал он.",Григория радовала захваченная батарея.,Быками выручали застрявшие орудия.,"Григория радовала захваченная батарея. «Даже замки не успели попортить», — пренебрежительно подумал он. Быками выручали застрявшие орудия.",False,,False,,True,864
WORD,S1_017,25639,0,0,понять,Понял,Понял?,— В Вешки прикажи отогнать.,Чтоб ушли не дальше вон энтого кургана!,— В Вешки прикажи отогнать. Понял? Чтоб ушли не дальше вон энтого кургана!,False,,False,,True,865
WORD,S1_002,25642,6,6,подумать,подумал,"«Это им за Петра первый платеж», — подумал он, трогая рысью, и без видимой причины плетью выбил на крупе коня белесый вспухший рубец.","— Он махнул плетью в направлении нависшего над станицей песчаного кургана, тронул коня.","XXXVI
Из Каргинской Григорий повел на Боковскую уже три с половиной тысячи сабель.","— Он махнул плетью в направлении нависшего над станицей песчаного кургана, тронул коня. «Это им за Петра первый платеж», — подумал он, трогая рысью, и без видимой причины плетью выбил на крупе коня белесый вспухший рубец. XXXVI
Из Каргинской Григорий повел на Боковскую уже три с половиной тысячи сабель.",False,,False,,True,866
PHRASE,PHR_484,25722,14,16,про себя проговорить,про себя проговорил,"Ведь испытал же он некоторое злорадное чувство, что-то похожее на удовлетворение, когда с усмешкой про себя проговорил: «Пустим к жене…","Он не мог объяснить себе, почему он вышел и велел отпустить пленного.","Ступай», а сам знал, что сейчас позовет Прохора и прикажет хоперца стукнуть в садах.","Он не мог объяснить себе, почему он вышел и велел отпустить пленного. Ведь испытал же он некоторое злорадное чувство, что-то похожее на удовлетворение, когда с усмешкой про себя проговорил: «Пустим к жене… Ступай», а сам знал, что сейчас позовет Прохора и прикажет хоперца стукнуть в садах.",False,,False,,True,867
WORD,S1_002,25748,1,1,подумать,подумать,Дай подумать.,"Грачевский сотенный так и сказал:
— Погоди трошки, Мелехов!",Это ить не палашом секануть.,"Грачевский сотенный так и сказал:
— Погоди трошки, Мелехов! Дай подумать. Это ить не палашом секануть.",False,,False,,True,868
WORD,S1_021,25774,1,1,рассуждать,рассуждаю,"Я рассуждаю, а ты — орать!",— Ты мне ни горло не наступай!,— Да что и гутарить!,"— Ты мне ни горло не наступай! Я рассуждаю, а ты — орать! — Да что и гутарить!",False,,False,,True,869
WORD,S1_004,25816,4,4,решить,решил,"Используя это преимущество, Григорий решил вести войну «казачьим» способом: охватывать фланги, заходить в тыл, громить обозы, тревожить и деморализовать красных ночными набегами.",Обилие конницы (в отряде Григория она преобладала) было важным преимуществом.,"Но под Свиридовом решил он действовать иначе: крупной рысью вывел на позиции сотни, одну из них оставил в хуторе, приказал спешиться, залечь в левадах в засаду, предварительно отправив коноводов вглубь хутора во дворы, а с двумя остальными выскочил на пригорок в полуверсте от ветряка и помалу ввязался в бой.","Обилие конницы (в отряде Григория она преобладала) было важным преимуществом. Используя это преимущество, Григорий решил вести войну «казачьим» способом: охватывать фланги, заходить в тыл, громить обозы, тревожить и деморализовать красных ночными набегами. Но под Свиридовом решил он действовать иначе: крупной рысью вывел на позиции сотни, одну из них оставил в хуторе, приказал спешиться, залечь в левадах в засаду, предварительно отправив коноводов вглубь хутора во дворы, а с двумя остальными выскочил на пригорок в полуверсте от ветряка и помалу ввязался в бой.",False,,False,,True,870
WORD,S1_004,25817,3,3,решить,решил,"Но под Свиридовом решил он действовать иначе: крупной рысью вывел на позиции сотни, одну из них оставил в хуторе, приказал спешиться, залечь в левадах в засаду, предварительно отправив коноводов вглубь хутора во дворы, а с двумя остальными выскочил на пригорок в полуверсте от ветряка и помалу ввязался в бой.","Используя это преимущество, Григорий решил вести войну «казачьим» способом: охватывать фланги, заходить в тыл, громить обозы, тревожить и деморализовать красных ночными набегами.",Против него было побольше двух эскадронов красной кавалерии.,"Используя это преимущество, Григорий решил вести войну «казачьим» способом: охватывать фланги, заходить в тыл, громить обозы, тревожить и деморализовать красных ночными набегами. Но под Свиридовом решил он действовать иначе: крупной рысью вывел на позиции сотни, одну из них оставил в хуторе, приказал спешиться, залечь в левадах в засаду, предварительно отправив коноводов вглубь хутора во дворы, а с двумя остальными выскочил на пригорок в полуверсте от ветряка и помалу ввязался в бой. Против него было побольше двух эскадронов красной кавалерии.",False,,False,,True,871
WORD,S1_011,25835,5,5,мысль,мысль,«Подведет он меня!» — полохнулась колючая мысль.,"После того как удар шашки взгорячил коня и он, не слушаясь поводьев, захватил в намёт, Григорий внутренне похолодел и даже чуть растерялся.","Но чем дальше и ровнее стлался в машистом намёте конь, чем больше повиновался он еле заметному движению руки, направлявшей его бег, тем увереннее и холоднее становился Григорий.","После того как удар шашки взгорячил коня и он, не слушаясь поводьев, захватил в намёт, Григорий внутренне похолодел и даже чуть растерялся. «Подведет он меня!» — полохнулась колючая мысль. Но чем дальше и ровнее стлался в машистом намёте конь, чем больше повиновался он еле заметному движению руки, направлявшей его бег, тем увереннее и холоднее становился Григорий.",False,,False,,True,872
WORD,S1_001,25843,14,14,думать,думал,"Если бы кто мог посмотреть на Григория со стороны в час атаки, тот, наверно, думал бы, что движениями его управляет холодный, не теряющийся ум. Так были они с виду уверенны, выверенны и расчетливы.","Разум, хладнокровие, расчетливость — все покидало Григория в этот страшный миг, и один звериный инстинкт властно и неделимо вступал в управление его волей.",Расстояние между обеими сторонами сокращалось с облегчающей быстротой.,"Разум, хладнокровие, расчетливость — все покидало Григория в этот страшный миг, и один звериный инстинкт властно и неделимо вступал в управление его волей. Если бы кто мог посмотреть на Григория со стороны в час атаки, тот, наверно, думал бы, что движениями его управляет холодный, не теряющийся ум. Так были они с виду уверенны, выверенны и расчетливы. Расстояние между обеими сторонами сокращалось с облегчающей быстротой.",False,,False,,True,873
WORD,S1_001,25862,4,4,думать,думать,"Побои и ругань, надо думать, возымели действие на малолетнего Гришку.","Жестоко бивал его за это Пантелей Прокофьевич, даже ребятишки-сверстники прозвали его «Гришка-левша».",С десяти лет вместе с кличкой «левша» отпала у него привычка заменять правую руку левой.,"Жестоко бивал его за это Пантелей Прокофьевич, даже ребятишки-сверстники прозвали его «Гришка-левша». Побои и ругань, надо думать, возымели действие на малолетнего Гришку. С десяти лет вместе с кличкой «левша» отпала у него привычка заменять правую руку левой.",False,,False,,True,874
WORD,S1_001,25985,2,2,думать,думаете,Вы-то чего думаете?,"Кудинов, сгорбясь, сидел за письменным столом, вертел в сухих смуглых пальцах кончик своего кавказского ремешка и, не поднимая опухлых, гноящихся от бессонных ночей глаз, спрашивал у казака, сидевшего против него:
— А сами-то вы что?","— Оно и мы, конешно…","Кудинов, сгорбясь, сидел за письменным столом, вертел в сухих смуглых пальцах кончик своего кавказского ремешка и, не поднимая опухлых, гноящихся от бессонных ночей глаз, спрашивал у казака, сидевшего против него:
— А сами-то вы что? Вы-то чего думаете? — Оно и мы, конешно…",False,,False,,True,875
WORD,S1_024,26077,2,2,намереваться,намеревается,И занозой намеревается.,"Хочешь, — говорит, — в два счета голову тебе на черепки поколю?»","Я ему: «Что ты, Иван, я пошутил!»","Хочешь, — говорит, — в два счета голову тебе на черепки поколю?» И занозой намеревается. Я ему: «Что ты, Иван, я пошутил!»",False,,False,,True,876
WORD,S1_025,26118,1,1,полагать,полагаю,Я полагаю…,— …Ослабление активности противника на фронте Первой дивизии и настойчивые попытки его перейти в наступление на линии Мигулинская — Мешковская заставляют нас насторожиться.,"— Подполковник поперхнулся словом «товарищи» и, уже зло жестикулируя женски белой прозрачной рукой, повысил голос: —…что командующий Кудинов при поддержке Сафонова совершает крупнейшую ошибку, принимая маневрирование красных за чистую монету, идя на ослабление участка, занятого Мелеховым.","— …Ослабление активности противника на фронте Первой дивизии и настойчивые попытки его перейти в наступление на линии Мигулинская — Мешковская заставляют нас насторожиться. Я полагаю… — Подполковник поперхнулся словом «товарищи» и, уже зло жестикулируя женски белой прозрачной рукой, повысил голос: —…что командующий Кудинов при поддержке Сафонова совершает крупнейшую ошибку, принимая маневрирование красных за чистую монету, идя на ослабление участка, занятого Мелеховым.",False,,False,,True,877
PHRASE,PHR_063,26135,18,19,стать понятно,стало понятно,"Красный карандаш в его руке пунктиром отметил угрожаемый участок, и, когда головы совещавшихся тесно сомкнулись над картой, всем стало понятно с непреложной ясностью, что удар, подготавливаемый красным командованием, действительно единственно возможен на южном участке, как наиболее приближенном к Донцу и выгодном в отношении сообщения.","Спор, так неожиданно возникший, прекратил подполковник Георгидзе.",Совещание кончилось через час.,"Спор, так неожиданно возникший, прекратил подполковник Георгидзе. Красный карандаш в его руке пунктиром отметил угрожаемый участок, и, когда головы совещавшихся тесно сомкнулись над картой, всем стало понятно с непреложной ясностью, что удар, подготавливаемый красным командованием, действительно единственно возможен на южном участке, как наиболее приближенном к Донцу и выгодном в отношении сообщения. Совещание кончилось через час.",False,,False,,True,878
WORD,S1_001,26143,3,3,думать,думали,"— Мы об этом думали, — раздумчиво проговорил Кудинов.","— Ужаки плавать умеют, а нам и плавать некуда! — хохотнул Богатырев.","— Ну что же, подойдет тугач — бросим всех неспособных носить оружие, бросим семьи и с боем пробьемся к Донцу.","— Ужаки плавать умеют, а нам и плавать некуда! — хохотнул Богатырев. — Мы об этом думали, — раздумчиво проговорил Кудинов. — Ну что же, подойдет тугач — бросим всех неспособных носить оружие, бросим семьи и с боем пробьемся к Донцу.",False,,False,,True,879
WORD,S1_002,26152,9,9,подумать,подумал,"«Говорит, а про себя смеется, гадюка!» — вслушиваясь в интонации, подумал Григорий.","Через дверь слышал, как Георгидзе, шелестя сворачиваемой картой, отвечал:
— Вешенцы, да и вообще все повстанцы, искупят свою вину перед Доном и Россией, если будут так же мужественно бороться с большевиками…","И снова, как вначале, при встрече с этим неожиданно появившимся в Вешенской офицером, Григорий почувствовал какую-то тревогу и беспричинное озлобление.","Через дверь слышал, как Георгидзе, шелестя сворачиваемой картой, отвечал:
— Вешенцы, да и вообще все повстанцы, искупят свою вину перед Доном и Россией, если будут так же мужественно бороться с большевиками… «Говорит, а про себя смеется, гадюка!» — вслушиваясь в интонации, подумал Григорий. И снова, как вначале, при встрече с этим неожиданно появившимся в Вешенской офицером, Григорий почувствовал какую-то тревогу и беспричинное озлобление.",False,,False,,True,880
WORD,S1_001,26189,2,2,думать,думаешь,Али ты думаешь свою республику из десяти станиц организовать?,Так ведь?,Тут же нечего…,Так ведь? Али ты думаешь свою республику из десяти станиц организовать? Тут же нечего…,False,,False,,True,881
WORD,S1_002,26202,33,33,подумать,подумал,"В седле уже, медленно разбирая поводья, поправляя винтовочный погон, все еще пытался он отдать себе отчет в том непонятном чувстве неприязни и настороженности, которое испытал к обнаруженному в штабе подполковнику, и вдруг, ужаснувшись, подумал: «А что, если кадеты нарочно наоставляли у нас этих знающих офицеров, чтоб поднять нас в тылу у красных, чтоб они по-своему, по-ученому руководили нами?»","Григорий вернулся к штабу, знаком подозвал ординарца с лошадьми.","— И сознание с злорадной услужливостью подсунуло догадки и доводы: «Не сказал, какой части… замялся…","Григорий вернулся к штабу, знаком подозвал ординарца с лошадьми. В седле уже, медленно разбирая поводья, поправляя винтовочный погон, все еще пытался он отдать себе отчет в том непонятном чувстве неприязни и настороженности, которое испытал к обнаруженному в штабе подполковнику, и вдруг, ужаснувшись, подумал: «А что, если кадеты нарочно наоставляли у нас этих знающих офицеров, чтоб поднять нас в тылу у красных, чтоб они по-своему, по-ученому руководили нами?» — И сознание с злорадной услужливостью подсунуло догадки и доводы: «Не сказал, какой части… замялся…",False,,False,,True,882
WORD,S1_011,26280,4,4,мысль,мыслям,"Снова вернулся Григорий к мыслям о совещании в Вешенской, о гонце с Хопра и снова, вспомнив подполковника, его чуждую, интеллигентную внешность и манеру говорить, — ощутил неприятное, тягучее волнение.","Искрится на камельке осколок зеркала, лишь в переднем углу темно и тускло отсвечивает посеребренный оклад иконы…","Козленок, взобравшись на шубу, на живот Григорию, долго и глупо всматривался, сучил ушами, потом, осмелев, подпрыгнул раз и два и вдруг раздвинул курчавые ноги.","Искрится на камельке осколок зеркала, лишь в переднем углу темно и тускло отсвечивает посеребренный оклад иконы… Снова вернулся Григорий к мыслям о совещании в Вешенской, о гонце с Хопра и снова, вспомнив подполковника, его чуждую, интеллигентную внешность и манеру говорить, — ощутил неприятное, тягучее волнение. Козленок, взобравшись на шубу, на живот Григорию, долго и глупо всматривался, сучил ушами, потом, осмелев, подпрыгнул раз и два и вдруг раздвинул курчавые ноги.",False,,False,,True,883
WORD,S1_014,26280,15,15,вспомнить,вспомнив,"Снова вернулся Григорий к мыслям о совещании в Вешенской, о гонце с Хопра и снова, вспомнив подполковника, его чуждую, интеллигентную внешность и манеру говорить, — ощутил неприятное, тягучее волнение.","Искрится на камельке осколок зеркала, лишь в переднем углу темно и тускло отсвечивает посеребренный оклад иконы…","Козленок, взобравшись на шубу, на живот Григорию, долго и глупо всматривался, сучил ушами, потом, осмелев, подпрыгнул раз и два и вдруг раздвинул курчавые ноги.","Искрится на камельке осколок зеркала, лишь в переднем углу темно и тускло отсвечивает посеребренный оклад иконы… Снова вернулся Григорий к мыслям о совещании в Вешенской, о гонце с Хопра и снова, вспомнив подполковника, его чуждую, интеллигентную внешность и манеру говорить, — ощутил неприятное, тягучее волнение. Козленок, взобравшись на шубу, на живот Григорию, долго и глупо всматривался, сучил ушами, потом, осмелев, подпрыгнул раз и два и вдруг раздвинул курчавые ноги.",False,,False,,True,884
WORD,S1_016,26398,19,19,помнить,помнить,"А комиссар в Букановской так, к примеру, наворачивал: «Я, дескать, вас расказачу, сукиных сынов, так, что вы век будете помнить!..»","— А к тому, что небось царь ему, хучь он и Длиннорукий, а таких правов не давал.",Так на майдане в Букановской и шумели при всем станнишном сборе.,"— А к тому, что небось царь ему, хучь он и Длиннорукий, а таких правов не давал. А комиссар в Букановской так, к примеру, наворачивал: «Я, дескать, вас расказачу, сукиных сынов, так, что вы век будете помнить!..» Так на майдане в Букановской и шумели при всем станнишном сборе.",False,,False,,True,885
WORD,S1_001,26429,4,4,думать,думаешь,"— А почему же ты думаешь, что комиссара не накажем, если установим его вину?","— Был, был, не отрекусь, — оживленно соглашался казак.",— Милый товарищ!,"— Был, был, не отрекусь, — оживленно соглашался казак. — А почему же ты думаешь, что комиссара не накажем, если установим его вину? — Милый товарищ!",False,,False,,True,886
WORD,S1_017,26434,0,0,понять,Понял,Понял?,— Тем суровей с него будет спрос!,"Советская власть расправляется только с врагами, и тех представителей Советской власти, которые несправедливо обижают трудовое население, мы беспощадно караем.","— Тем суровей с него будет спрос! Понял? Советская власть расправляется только с врагами, и тех представителей Советской власти, которые несправедливо обижают трудовое население, мы беспощадно караем.",False,,False,,True,887
WORD,S1_016,26449,0,0,помнить,Помни,Помни: мы боремся за власть рабочих и крестьян.,А за власть ты не сомневайся.,"И на восстание вас толкнули наши враги — кулаки, атаманы, офицеры.","А за власть ты не сомневайся. Помни: мы боремся за власть рабочих и крестьян. И на восстание вас толкнули наши враги — кулаки, атаманы, офицеры.",False,,False,,True,888
PHRASE,PHR_416,26493,20,21,решить остаться,решил остаться,"Поговорив с начальником штаба, бывшим кадровым офицером, хмурым и издерганным человеком, и с политкомом — московским рабочим с завода Михельсона, Штокман решил остаться в Усть-Хоперской, влившись во 2-й батальон полка.","Дружина временно находилась в Букановской, вместе с ротой Московского полка сдерживая повстанцев, пытавшихся наступать с верховьев речки Еланки и Зимовной.","В чистенькой комнатушке, заваленной мотками обмоток, катушками телефонной проволоки и прочим военным имуществом, Штокман долго говорил с политкомом.","Дружина временно находилась в Букановской, вместе с ротой Московского полка сдерживая повстанцев, пытавшихся наступать с верховьев речки Еланки и Зимовной. Поговорив с начальником штаба, бывшим кадровым офицером, хмурым и издерганным человеком, и с политкомом — московским рабочим с завода Михельсона, Штокман решил остаться в Усть-Хоперской, влившись во 2-й батальон полка. В чистенькой комнатушке, заваленной мотками обмоток, катушками телефонной проволоки и прочим военным имуществом, Штокман долго говорил с политкомом.",False,,False,,True,889
WORD,S1_004,26493,20,20,решить,решил,"Поговорив с начальником штаба, бывшим кадровым офицером, хмурым и издерганным человеком, и с политкомом — московским рабочим с завода Михельсона, Штокман решил остаться в Усть-Хоперской, влившись во 2-й батальон полка.","Дружина временно находилась в Букановской, вместе с ротой Московского полка сдерживая повстанцев, пытавшихся наступать с верховьев речки Еланки и Зимовной.","В чистенькой комнатушке, заваленной мотками обмоток, катушками телефонной проволоки и прочим военным имуществом, Штокман долго говорил с политкомом.","Дружина временно находилась в Букановской, вместе с ротой Московского полка сдерживая повстанцев, пытавшихся наступать с верховьев речки Еланки и Зимовной. Поговорив с начальником штаба, бывшим кадровым офицером, хмурым и издерганным человеком, и с политкомом — московским рабочим с завода Михельсона, Штокман решил остаться в Усть-Хоперской, влившись во 2-й батальон полка. В чистенькой комнатушке, заваленной мотками обмоток, катушками телефонной проволоки и прочим военным имуществом, Штокман долго говорил с политкомом.",True,PHR_416,False,,False,890
WORD,S1_001,26532,23,23,думать,думал,"Полузакрыв глаза, он старался не терять ноги и, испытывая прилив большой внутренней теплоты ко всем этим, вчера еще незнакомым и чужим ему ребятам, думал: «Ну хорошо, почему же они вот сейчас стали мне так особенно милы и жалки?","Оглядываясь, он видел серьезные и равнодушные лица красноармейцев, такие разные и нескончаемо похожие друг на друга, видел качкое движение серых шапок с пятиконечными красными звездами, серых шинелей, желтоватых от старости и шершаво-светлых, которые поновей; слышал хлюпкий и тяжкий походный шаг массы людей, глухой говор, разноголосый кашель, звяк манерок; обонял духовитый запах отсырелых сапог, махорки, ременной амуниции.",Что связующее?,"Оглядываясь, он видел серьезные и равнодушные лица красноармейцев, такие разные и нескончаемо похожие друг на друга, видел качкое движение серых шапок с пятиконечными красными звездами, серых шинелей, желтоватых от старости и шершаво-светлых, которые поновей; слышал хлюпкий и тяжкий походный шаг массы людей, глухой говор, разноголосый кашель, звяк манерок; обонял духовитый запах отсырелых сапог, махорки, ременной амуниции. Полузакрыв глаза, он старался не терять ноги и, испытывая прилив большой внутренней теплоты ко всем этим, вчера еще незнакомым и чужим ему ребятам, думал: «Ну хорошо, почему же они вот сейчас стали мне так особенно милы и жалки? Что связующее?",False,,False,,True,891
WORD,S1_002,26571,9,9,подумать,подумав,"Сосед Штокмана ловко подкинул винтовку, не глядя на Мишку, подумав, ответил:
— Ты еще, братишка, мелко плаваешь в этих делах.",Не такие же люди? — встрял в разговор Мишка.,Мне нельзя трусить.,"Не такие же люди? — встрял в разговор Мишка. Сосед Штокмана ловко подкинул винтовку, не глядя на Мишку, подумав, ответил:
— Ты еще, братишка, мелко плаваешь в этих делах. Мне нельзя трусить.",False,,False,,True,892
WORD,S1_017,26573,3,3,понять,понял,"Сам себе приказал, — понял?",Мне нельзя трусить.,И ты ко мне без чистых рукавичек в душу не лазай…,"Мне нельзя трусить. Сам себе приказал, — понял? И ты ко мне без чистых рукавичек в душу не лазай…",False,,False,,True,893
WORD,S1_002,26587,1,1,подумать,подумал,Я подумал и вызвался.,"Коммунисты — было нас немного — говорят: «Давайте жеребок бросим, кому из нас».","Взял шашки, шнур, спички, попрощался с товарищами, пошел.","Коммунисты — было нас немного — говорят: «Давайте жеребок бросим, кому из нас». Я подумал и вызвался. Взял шашки, шнур, спички, попрощался с товарищами, пошел.",False,,False,,True,894
WORD,S1_016,26592,4,4,помнить,помню,"Из оврага стал выползать, помню, как шарахнет у меня из-под носа какая-то птица.","Полз нескошенной рожью, потом оврагом.",Да-а-а…,"Полз нескошенной рожью, потом оврагом. Из оврага стал выползать, помню, как шарахнет у меня из-под носа какая-то птица. Да-а-а…",False,,False,,True,895
WORD,S1_001,26601,2,2,думать,думаю,"«Пропало все, — думаю.","Скоро рассвет, а у меня руки дрожат, пот глаза заливает.",— Не взорву — застрелюсь!» — думаю.,"Скоро рассвет, а у меня руки дрожат, пот глаза заливает. «Пропало все, — думаю. — Не взорву — застрелюсь!» — думаю.",False,,False,,True,896
WORD,S1_001,26602,3,3,думать,думаю,— Не взорву — застрелюсь!» — думаю.,"«Пропало все, — думаю.","Мучился-мучился, но все-таки кое-как зажег — и ходу.","«Пропало все, — думаю. — Не взорву — застрелюсь!» — думаю. Мучился-мучился, но все-таки кое-как зажег — и ходу.",False,,False,,True,897
WORD,S1_004,26630,9,9,решить,решил,"Григорий Мелехов, прекрасно учитывая стратегическую выгодность позиции под Каргинской, решил ни в коем случае ее не сдавать.","XLI
Станица Каргинская стала опорным пунктом для 1-й повстанческой дивизии.","Горы, тянувшиеся левобережьем реки Чира, были теми командными высотами, которые давали казакам прекрасную возможность обороняться.","XLI
Станица Каргинская стала опорным пунктом для 1-й повстанческой дивизии. Григорий Мелехов, прекрасно учитывая стратегическую выгодность позиции под Каргинской, решил ни в коем случае ее не сдавать. Горы, тянувшиеся левобережьем реки Чира, были теми командными высотами, которые давали казакам прекрасную возможность обороняться.",False,,False,,True,898
WORD,S1_011,26647,3,3,мысль,мысли,"Обходное движение, по мысли Григория, должно было начаться с рассветом, для того чтобы лучше замаскироваться.",На совещании вечером все командиры самостоятельных частей получили точные инструкции и приказы.,"Все было просто, как в игре в шашки.","На совещании вечером все командиры самостоятельных частей получили точные инструкции и приказы. Обходное движение, по мысли Григория, должно было начаться с рассветом, для того чтобы лучше замаскироваться. Все было просто, как в игре в шашки.",False,,False,,True,899
PHRASE,PHR_100,26649,5,7,прикинуть в ум,прикинув в уме,"И Григорий, тщательно проверив и прикинув в уме все возможные случайности, все, что непредвиденно могло помешать осуществлению его плана, выпил два стакана самогонки, не раздеваясь повалился на койку; покрыв голову влажной полой шинели, уснул мертвецки.","Все было просто, как в игре в шашки.",На следующий день около четырех часов утра красные цепи уже занимали Каргинскую.,"Все было просто, как в игре в шашки. И Григорий, тщательно проверив и прикинув в уме все возможные случайности, все, что непредвиденно могло помешать осуществлению его плана, выпил два стакана самогонки, не раздеваясь повалился на койку; покрыв голову влажной полой шинели, уснул мертвецки. На следующий день около четырех часов утра красные цепи уже занимали Каргинскую.",False,,False,,True,900
WORD,S1_004,26689,1,1,решить,решили,Батарейцы решили прийти на помощь пехоте.,"Разбросав ноги в шароварах, заправленных в белые чулки, согнувшись под щитком, одни лежал на крыше; второй карабкался по лестнице, обмотавшись пулеметной лентой.",Место сосредоточения сопротивлявшейся группы красных покрыла очередь шрапнели.,"Разбросав ноги в шароварах, заправленных в белые чулки, согнувшись под щитком, одни лежал на крыше; второй карабкался по лестнице, обмотавшись пулеметной лентой. Батарейцы решили прийти на помощь пехоте. Место сосредоточения сопротивлявшейся группы красных покрыла очередь шрапнели.",False,,False,,True,901
WORD,S1_011,26702,7,7,мысль,мыслей,"В эти дни Григорий, уходя от черных мыслей, пытаясь заглушить сознание, не думать о том, что творилось вокруг и чему он был видным участником, — начал пить.","Оттуда ежедневно утренними зорями слышался орудийный гул, но сообщения о ходе боев приходили с большим опозданием и не давали ясного представления о положении на фронте 2-й дивизии.","Если повстанцы испытывали острую нужду в муке при огромных запасах пшеницы (мельницы не успевали работать на армию, и зачастую казаки питались вареной пшеницей), то в самогоне не было недостатка.","Оттуда ежедневно утренними зорями слышался орудийный гул, но сообщения о ходе боев приходили с большим опозданием и не давали ясного представления о положении на фронте 2-й дивизии. В эти дни Григорий, уходя от черных мыслей, пытаясь заглушить сознание, не думать о том, что творилось вокруг и чему он был видным участником, — начал пить. Если повстанцы испытывали острую нужду в муке при огромных запасах пшеницы (мельницы не успевали работать на армию, и зачастую казаки питались вареной пшеницей), то в самогоне не было недостатка.",False,,False,,True,902
WORD,S1_001,26702,12,12,думать,думать,"В эти дни Григорий, уходя от черных мыслей, пытаясь заглушить сознание, не думать о том, что творилось вокруг и чему он был видным участником, — начал пить.","Оттуда ежедневно утренними зорями слышался орудийный гул, но сообщения о ходе боев приходили с большим опозданием и не давали ясного представления о положении на фронте 2-й дивизии.","Если повстанцы испытывали острую нужду в муке при огромных запасах пшеницы (мельницы не успевали работать на армию, и зачастую казаки питались вареной пшеницей), то в самогоне не было недостатка.","Оттуда ежедневно утренними зорями слышался орудийный гул, но сообщения о ходе боев приходили с большим опозданием и не давали ясного представления о положении на фронте 2-й дивизии. В эти дни Григорий, уходя от черных мыслей, пытаясь заглушить сознание, не думать о том, что творилось вокруг и чему он был видным участником, — начал пить. Если повстанцы испытывали острую нужду в муке при огромных запасах пшеницы (мельницы не успевали работать на армию, и зачастую казаки питались вареной пшеницей), то в самогоне не было недостатка.",False,,False,,True,903
WORD,S1_004,26759,10,10,решить,решили,"К полуночи выпили два ведра самогонки, поели несчетно капусты и решили резать барана.","Безрукий Алешка Шамиль пошел в погреб за соленой капустой, сорвался с лестницы, вылез, принес в полах чекменя черепки разбитой тарелки и ворох мокрой капусты.","Прохор ощупью поймал в катухе ярку-перетоку, а Харлампий Ермаков — тоже рубака не из последних — шашкой отсек ей голову и тут же под сараем освежевал.","Безрукий Алешка Шамиль пошел в погреб за соленой капустой, сорвался с лестницы, вылез, принес в полах чекменя черепки разбитой тарелки и ворох мокрой капусты. К полуночи выпили два ведра самогонки, поели несчетно капусты и решили резать барана. Прохор ощупью поймал в катухе ярку-перетоку, а Харлампий Ермаков — тоже рубака не из последних — шашкой отсек ей голову и тут же под сараем освежевал.",False,,False,,True,904
PHRASE,PHR_048,26833,4,5,вспомнить разговор,вспомнил разговор,"XLII
Наутро, проснувшись, Григорий вспомнил разговор с Ермаковым и Медведевым.","Ронял голову на руки, а через несколько минут, дико озираясь, опять начинал:
Да со служб’цы д’мой!..",Он не был ночью уж настолько пьян и без особого напряжения восстановил в памяти разговоры о замене власти.,"Ронял голову на руки, а через несколько минут, дико озираясь, опять начинал:
Да со служб’цы д’мой!.. XLII
Наутро, проснувшись, Григорий вспомнил разговор с Ермаковым и Медведевым. Он не был ночью уж настолько пьян и без особого напряжения восстановил в памяти разговоры о замене власти.",False,,False,,True,905
WORD,S1_014,26833,4,4,вспомнить,вспомнил,"XLII
Наутро, проснувшись, Григорий вспомнил разговор с Ермаковым и Медведевым.","Ронял голову на руки, а через несколько минут, дико озираясь, опять начинал:
Да со служб’цы д’мой!..",Он не был ночью уж настолько пьян и без особого напряжения восстановил в памяти разговоры о замене власти.,"Ронял голову на руки, а через несколько минут, дико озираясь, опять начинал:
Да со служб’цы д’мой!.. XLII
Наутро, проснувшись, Григорий вспомнил разговор с Ермаковым и Медведевым. Он не был ночью уж настолько пьян и без особого напряжения восстановил в памяти разговоры о замене власти.",True,PHR_048,False,,False,906
PHRASE,PHR_047,26834,11,13,восстановить в память,восстановил в памяти,Он не был ночью уж настолько пьян и без особого напряжения восстановил в памяти разговоры о замене власти.,"XLII
Наутро, проснувшись, Григорий вспомнил разговор с Ермаковым и Медведевым.","Ему стало ясно, что пьянка в Лиховидовом была организована с заведомой целью: подбить его на переворот.","XLII
Наутро, проснувшись, Григорий вспомнил разговор с Ермаковым и Медведевым. Он не был ночью уж настолько пьян и без особого напряжения восстановил в памяти разговоры о замене власти. Ему стало ясно, что пьянка в Лиховидовом была организована с заведомой целью: подбить его на переворот.",False,,False,,True,907
PHRASE,PHR_061,26835,1,2,стать ясно,стало ясно,"Ему стало ясно, что пьянка в Лиховидовом была организована с заведомой целью: подбить его на переворот.",Он не был ночью уж настолько пьян и без особого напряжения восстановил в памяти разговоры о замене власти.,"Против Кудинова, открыто выражавшего желание идти к Донцу и соединиться с Донской армией, плелась интрига лево настроенными казаками, втайне мечтавшими об окончательном отделении от Дона и образовании у себя некоего подобия Советской власти без коммунистов.","Он не был ночью уж настолько пьян и без особого напряжения восстановил в памяти разговоры о замене власти. Ему стало ясно, что пьянка в Лиховидовом была организована с заведомой целью: подбить его на переворот. Против Кудинова, открыто выражавшего желание идти к Донцу и соединиться с Донской армией, плелась интрига лево настроенными казаками, втайне мечтавшими об окончательном отделении от Дона и образовании у себя некоего подобия Советской власти без коммунистов.",False,,False,,True,908
WORD,S1_020,26835,2,2,ясно,ясно,"Ему стало ясно, что пьянка в Лиховидовом была организована с заведомой целью: подбить его на переворот.",Он не был ночью уж настолько пьян и без особого напряжения восстановил в памяти разговоры о замене власти.,"Против Кудинова, открыто выражавшего желание идти к Донцу и соединиться с Донской армией, плелась интрига лево настроенными казаками, втайне мечтавшими об окончательном отделении от Дона и образовании у себя некоего подобия Советской власти без коммунистов.","Он не был ночью уж настолько пьян и без особого напряжения восстановил в памяти разговоры о замене власти. Ему стало ясно, что пьянка в Лиховидовом была организована с заведомой целью: подбить его на переворот. Против Кудинова, открыто выражавшего желание идти к Донцу и соединиться с Донской армией, плелась интрига лево настроенными казаками, втайне мечтавшими об окончательном отделении от Дона и образовании у себя некоего подобия Советской власти без коммунистов.",True,PHR_061,False,,False,909
PHRASE,PHR_035,26838,2,3,мысленно проговорить,мысленно проговорил,"«Ребячья игра», — мысленно проговорил Григорий и легко вскочил с кровати.","Григория же хотели привлечь к себе, не понимая всей гибельности распри внутри повстанческого лагеря, когда каждую минуту красный фронт, будучи поколеблен у Донца, мог без труда смести их вместе с их «междуусобьем».","Одевшись, он разбудил Ермакова и Медведева, позвал их в горницу, плотно притворил дверь.","Григория же хотели привлечь к себе, не понимая всей гибельности распри внутри повстанческого лагеря, когда каждую минуту красный фронт, будучи поколеблен у Донца, мог без труда смести их вместе с их «междуусобьем». «Ребячья игра», — мысленно проговорил Григорий и легко вскочил с кровати. Одевшись, он разбудил Ермакова и Медведева, позвал их в горницу, плотно притворил дверь.",False,,False,,True,910
WORD,S1_012,26838,2,2,мысленно,мысленно,"«Ребячья игра», — мысленно проговорил Григорий и легко вскочил с кровати.","Григория же хотели привлечь к себе, не понимая всей гибельности распри внутри повстанческого лагеря, когда каждую минуту красный фронт, будучи поколеблен у Донца, мог без труда смести их вместе с их «междуусобьем».","Одевшись, он разбудил Ермакова и Медведева, позвал их в горницу, плотно притворил дверь.","Григория же хотели привлечь к себе, не понимая всей гибельности распри внутри повстанческого лагеря, когда каждую минуту красный фронт, будучи поколеблен у Донца, мог без труда смести их вместе с их «междуусобьем». «Ребячья игра», — мысленно проговорил Григорий и легко вскочил с кровати. Одевшись, он разбудил Ермакова и Медведева, позвал их в горницу, плотно притворил дверь.",True,PHR_035,False,,False,911
PHRASE,PHR_107,26840,3,5,выкинуть из голова,выкиньте из головы,"— Вот что, братцы: выкиньте из головы вчерашний разговор и не шуршите, а то погано вам будет!","Одевшись, он разбудил Ермакова и Медведева, позвал их в горницу, плотно притворил дверь.","Не в том дело, кто командующий.","Одевшись, он разбудил Ермакова и Медведева, позвал их в горницу, плотно притворил дверь. — Вот что, братцы: выкиньте из головы вчерашний разговор и не шуршите, а то погано вам будет! Не в том дело, кто командующий.",False,,False,,True,912
PHRASE,PHR_106,26846,1,2,пораскинуть мозг,пораскиньте мозгами,"Вы пораскиньте мозгами и поймите: ежели зачнем браковать командование и устраивать всякие перевороты, — гибель нам.","— Так-то, Кондрат, нечего белым светом мутить!","Надо либо к белым, либо к красным прислоняться.","— Так-то, Кондрат, нечего белым светом мутить! Вы пораскиньте мозгами и поймите: ежели зачнем браковать командование и устраивать всякие перевороты, — гибель нам. Надо либо к белым, либо к красным прислоняться.",False,,False,,True,913
WORD,S1_023,26846,1,1,пораскинуть,пораскиньте,"Вы пораскиньте мозгами и поймите: ежели зачнем браковать командование и устраивать всякие перевороты, — гибель нам.","— Так-то, Кондрат, нечего белым светом мутить!","Надо либо к белым, либо к красным прислоняться.","— Так-то, Кондрат, нечего белым светом мутить! Вы пораскиньте мозгами и поймите: ежели зачнем браковать командование и устраивать всякие перевороты, — гибель нам. Надо либо к белым, либо к красным прислоняться.",True,PHR_106,False,,False,914
WORD,S1_017,26846,4,4,понять,поймите,"Вы пораскиньте мозгами и поймите: ежели зачнем браковать командование и устраивать всякие перевороты, — гибель нам.","— Так-то, Кондрат, нечего белым светом мутить!","Надо либо к белым, либо к красным прислоняться.","— Так-то, Кондрат, нечего белым светом мутить! Вы пораскиньте мозгами и поймите: ежели зачнем браковать командование и устраивать всякие перевороты, — гибель нам. Надо либо к белым, либо к красным прислоняться.",False,,False,,True,915
WORD,S1_001,26860,15,15,думать,думал,"Но к утру, пресытившись любовной горячностью очередной утехи, Григорий трезво и равнодушно, как о постороннем, думал: «Жил и все испытал я за отжитое время.","Бабы и потерявшие девичий цвет девки шли через руки Григория, деля с ним короткую любовь.","Баб и девок перелюбил, на хороших конях… эх!.. потоптал степя, отцовством радовался и людей убивал, сам на смерть ходил, на синее небо красовался.","Бабы и потерявшие девичий цвет девки шли через руки Григория, деля с ним короткую любовь. Но к утру, пресытившись любовной горячностью очередной утехи, Григорий трезво и равнодушно, как о постороннем, думал: «Жил и все испытал я за отжитое время. Баб и девок перелюбил, на хороших конях… эх!.. потоптал степя, отцовством радовался и людей убивал, сам на смерть ходил, на синее небо красовался.",False,,False,,True,916
WORD,S1_011,26871,2,2,мысль,мыслях,"Григорий в мыслях, спутанных, как сетная дель, ворошил пережитое, натыкался в этой ушедшей куда-то в невозвратное жизни на Аксинью, думал: «Любушка!","Память направляла луч воспоминаний на давно забытый, когда-то виденный пейзаж, и вдруг ослепительно возникали перед Григорием — степной простор, летний шлях, арба, отец на передке, быки, пашня в золотистой щетине скошенных хлебов, черная россыпь грачей на дороге…","Незабудняя!» — и брезгливо отодвигался от спавшей рядом с ним женщины, вздыхал, нетерпеливо ждал рассвета и, едва лишь солнце малиновой росшивью, золотым позументом начинало узорить восток, — вскакивал, умывался, спешил к коню.","Память направляла луч воспоминаний на давно забытый, когда-то виденный пейзаж, и вдруг ослепительно возникали перед Григорием — степной простор, летний шлях, арба, отец на передке, быки, пашня в золотистой щетине скошенных хлебов, черная россыпь грачей на дороге… Григорий в мыслях, спутанных, как сетная дель, ворошил пережитое, натыкался в этой ушедшей куда-то в невозвратное жизни на Аксинью, думал: «Любушка! Незабудняя!» — и брезгливо отодвигался от спавшей рядом с ним женщины, вздыхал, нетерпеливо ждал рассвета и, едва лишь солнце малиновой росшивью, золотым позументом начинало узорить восток, — вскакивал, умывался, спешил к коню.",False,,False,,True,917
WORD,S1_001,26871,19,19,думать,думал,"Григорий в мыслях, спутанных, как сетная дель, ворошил пережитое, натыкался в этой ушедшей куда-то в невозвратное жизни на Аксинью, думал: «Любушка!","Память направляла луч воспоминаний на давно забытый, когда-то виденный пейзаж, и вдруг ослепительно возникали перед Григорием — степной простор, летний шлях, арба, отец на передке, быки, пашня в золотистой щетине скошенных хлебов, черная россыпь грачей на дороге…","Незабудняя!» — и брезгливо отодвигался от спавшей рядом с ним женщины, вздыхал, нетерпеливо ждал рассвета и, едва лишь солнце малиновой росшивью, золотым позументом начинало узорить восток, — вскакивал, умывался, спешил к коню.","Память направляла луч воспоминаний на давно забытый, когда-то виденный пейзаж, и вдруг ослепительно возникали перед Григорием — степной простор, летний шлях, арба, отец на передке, быки, пашня в золотистой щетине скошенных хлебов, черная россыпь грачей на дороге… Григорий в мыслях, спутанных, как сетная дель, ворошил пережитое, натыкался в этой ушедшей куда-то в невозвратное жизни на Аксинью, думал: «Любушка! Незабудняя!» — и брезгливо отодвигался от спавшей рядом с ним женщины, вздыхал, нетерпеливо ждал рассвета и, едва лишь солнце малиновой росшивью, золотым позументом начинало узорить восток, — вскакивал, умывался, спешил к коню.",False,,False,,True,918
WORD,S1_017,26974,10,10,понять,поняй,"Командир сотни шепотом сказал Прохору:
— Сажай его на коня и поняй в Гусынку, — он, видать, заболел.",Его отпустили.,"А сам было пошел к коню, скомандовал сотне:
— Сади-и-ись!..","Его отпустили. Командир сотни шепотом сказал Прохору:
— Сажай его на коня и поняй в Гусынку, — он, видать, заболел. А сам было пошел к коню, скомандовал сотне:
— Сади-и-ись!..",False,,False,,True,919
WORD,S1_002,27001,4,4,подумать,подумал,"«Можно с постоянного прицела», — подумал Григорий, с бьющимся сердцем прижимая к плечу приклад винтовки, беря на мушку сторожевого гусака.","Тихий гогот, кряканье, всплески воды доносило от пруда.","После выстрела Григорий вскочил на ноги, оглушенный хлопаньем крыльев, гагаканьем гусиной станицы.","Тихий гогот, кряканье, всплески воды доносило от пруда. «Можно с постоянного прицела», — подумал Григорий, с бьющимся сердцем прижимая к плечу приклад винтовки, беря на мушку сторожевого гусака. После выстрела Григорий вскочил на ноги, оглушенный хлопаньем крыльев, гагаканьем гусиной станицы.",False,,False,,True,920
WORD,S1_001,27100,1,1,думать,думали,"— Мы думали, в тюрьме бунтуются, товарищ Мелехов!",Марш!,"— Писаренок прибег, говорит: «Налетел какой-то черный, замки сбивает!»","Марш! — Мы думали, в тюрьме бунтуются, товарищ Мелехов! — Писаренок прибег, говорит: «Налетел какой-то черный, замки сбивает!»",False,,False,,True,921
WORD,ALEX_008,27236,15,15,вспоминать,вспоминать,"Горючей тоской оденется материнское сердце, слезами изойдут тусклые глаза, и каждодневно, всегда, до смерти будет вспоминать того, которого некогда носила в утробе, родила в крови и бабьих муках, который пал от вражьей руки где-то в безвестной Донщине…","И где-либо в Московской или Вятской губернии, в каком-нибудь затерянном селе великой Советской России мать красноармейца, получив извещение о том, что сын «погиб в борьбе с белогвардейщиной за освобождение трудового народа от ига помещиков и капиталистов…» — запричитает, заплачет…",Шла полусотня дезертировавшей с фронта татарской пехоты.,"И где-либо в Московской или Вятской губернии, в каком-нибудь затерянном селе великой Советской России мать красноармейца, получив извещение о том, что сын «погиб в борьбе с белогвардейщиной за освобождение трудового народа от ига помещиков и капиталистов…» — запричитает, заплачет… Горючей тоской оденется материнское сердце, слезами изойдут тусклые глаза, и каждодневно, всегда, до смерти будет вспоминать того, которого некогда носила в утробе, родила в крови и бабьих муках, который пал от вражьей руки где-то в безвестной Донщине… Шла полусотня дезертировавшей с фронта татарской пехоты.",False,,False,,True,922
WORD,ALEX_008,27241,1,1,вспоминать,вспоминал,"Всяк вспоминал свое кинутое хозяйство, худо́бу, инвентарь.","Через это и кипела слеза у бородачей, через это самое и шли они хмурые.","Ко всему требовались мужские руки, все плакало без хозяйского глаза.","Через это и кипела слеза у бородачей, через это самое и шли они хмурые. Всяк вспоминал свое кинутое хозяйство, худо́бу, инвентарь. Ко всему требовались мужские руки, все плакало без хозяйского глаза.",False,,False,,True,923
WORD,S1_004,27248,11,11,решить,решили,За истраченный по-пустому патрон (что строго воспрещалось приказом командующего повстанческими силами) решили старики виновного наказать.,"Оживились, только когда один из молодых выстрелил по зайцу.","Сорвали на парнишке зло, выпороли.","Оживились, только когда один из молодых выстрелил по зайцу. За истраченный по-пустому патрон (что строго воспрещалось приказом командующего повстанческими силами) решили старики виновного наказать. Сорвали на парнишке зло, выпороли.",False,,False,,True,924
WORD,S1_004,27291,2,2,решить,решили,"После полуднования решили подремать на легком и пьянящем, как вино, вешнем воздухе.","Мало тебя, сукиного сына, ноне пороли!","Легли, подставив солнцу спины, похрапели малость, а потом опять потянули по бурой степи, по прошлогодним жнивьям, минуя дороги, напрямик.","Мало тебя, сукиного сына, ноне пороли! После полуднования решили подремать на легком и пьянящем, как вино, вешнем воздухе. Легли, подставив солнцу спины, похрапели малость, а потом опять потянули по бурой степи, по прошлогодним жнивьям, минуя дороги, напрямик.",False,,False,,True,925
WORD,S1_002,27308,6,6,подумать,подумал,"«Скоро все покачнулось без хозяина», — равнодушно подумал Григорий, обходя коршуновское подворье.",Всюду виднелись следы запустения и разрухи.,Он вернулся в курень.,"Всюду виднелись следы запустения и разрухи. «Скоро все покачнулось без хозяина», — равнодушно подумал Григорий, обходя коршуновское подворье. Он вернулся в курень.",False,,False,,True,926
WORD,S1_019,27430,0,0,уразуметь,Уразумел,"Уразумел, Гришака?","Яко прииде нань язык от севера, той положит землю его в запустение и не будет живяй в ней от человека даже и до скота: подвигнушася отидоша…»","С северу придут и вязы вам, вавилонщикам, посворачивают.","Яко прииде нань язык от севера, той положит землю его в запустение и не будет живяй в ней от человека даже и до скота: подвигнушася отидоша…» Уразумел, Гришака? С северу придут и вязы вам, вавилонщикам, посворачивают.",False,,False,,True,927
WORD,S1_017,27435,1,1,понять,понять,"Как понять? — спросил Григорий, плохо понимавший церковнославянский язык.",— Это к чему же?,"— К тому, поганец, что бегать вам, смутителям, по горам.","— Это к чему же? Как понять? — спросил Григорий, плохо понимавший церковнославянский язык. — К тому, поганец, что бегать вам, смутителям, по горам.",False,,False,,True,928
WORD,S1_017,27452,3,3,понять,понять,"— Как же это понять? — снова спросил Григорий, ощущая легкую досаду.","От гнева Господня не поживут вовек, но будет весь в запустение, и всяк ходяй сквозе Вавилон подивится и позвиждет над всякою язвою его».","Дед Гришака не отвечал, закрыл Библию и прилег на лежанку.","От гнева Господня не поживут вовек, но будет весь в запустение, и всяк ходяй сквозе Вавилон подивится и позвиждет над всякою язвою его». — Как же это понять? — снова спросил Григорий, ощущая легкую досаду. Дед Гришака не отвечал, закрыл Библию и прилег на лежанку.",False,,False,,True,929
WORD,S1_001,27454,5,5,думать,думал,"«И вот сроду люди так, — думал Григорий, выходя из горенки.","Дед Гришака не отвечал, закрыл Библию и прилег на лежанку.","— Смолоду бесются, водку жрут и к другим грехам прикладываются, а под старость, что ни лютей смолоду был, то больше начинает за Бога хорониться.","Дед Гришака не отвечал, закрыл Библию и прилег на лежанку. «И вот сроду люди так, — думал Григорий, выходя из горенки. — Смолоду бесются, водку жрут и к другим грехам прикладываются, а под старость, что ни лютей смолоду был, то больше начинает за Бога хорониться.",False,,False,,True,930
WORD,S1_001,27462,4,4,думать,думая,"Григорий возвращался от тещи, думая о разговоре с дедом Гришакой, о таинственных, непонятных «речениях» Библии.",Я до Библиев не охотник».,Наталья тоже шла молча.,"Я до Библиев не охотник». Григорий возвращался от тещи, думая о разговоре с дедом Гришакой, о таинственных, непонятных «речениях» Библии. Наталья тоже шла молча.",False,,False,,True,931
WORD,S1_004,27467,4,4,решить,решив,"Ночь промолчал и Григорий, решив, что лучше пока не допытываться у нее о причинах столь небывалого в их взаимоотношениях холода…","Но ни единого слова в упрек не сказала, ни о чем не спрашивала.","Они шли молча по безлюдной улице, чужие друг другу больше, чем когда бы то ни было.","Но ни единого слова в упрек не сказала, ни о чем не спрашивала. Ночь промолчал и Григорий, решив, что лучше пока не допытываться у нее о причинах столь небывалого в их взаимоотношениях холода… Они шли молча по безлюдной улице, чужие друг другу больше, чем когда бы то ни было.",False,,False,,True,932
WORD,S1_001,27505,4,4,думать,думать,— Я об ней и думать позабыл.,"— Григорий обнажил в улыбке кипенные зубы, засмеялся.","Какая уж там совесть, когда вся жизня похитнулась…","— Григорий обнажил в улыбке кипенные зубы, засмеялся. — Я об ней и думать позабыл. Какая уж там совесть, когда вся жизня похитнулась…",False,,False,,True,933
PHRASE,PHR_634,27510,1,2,понять ты,поймешь ты,Не поймешь ты!,Да ить как тебе сказать?,"В тебе одна бабья лютость зараз горит, а до того ты не додумаешься, что́ мне сердце точит, кровя пьет.","Да ить как тебе сказать? Не поймешь ты! В тебе одна бабья лютость зараз горит, а до того ты не додумаешься, что́ мне сердце точит, кровя пьет.",False,,False,,True,934
WORD,S1_017,27510,1,1,понять,поймешь,Не поймешь ты!,Да ить как тебе сказать?,"В тебе одна бабья лютость зараз горит, а до того ты не додумаешься, что́ мне сердце точит, кровя пьет.","Да ить как тебе сказать? Не поймешь ты! В тебе одна бабья лютость зараз горит, а до того ты не додумаешься, что́ мне сердце точит, кровя пьет.",True,PHR_634,False,,False,935
WORD,S1_021,27529,6,6,рассуждать,рассуждать,— Вот только так ты и могешь рассуждать.,Теперь твой черед.,На другое твой ум не подымется…,Теперь твой черед. — Вот только так ты и могешь рассуждать. На другое твой ум не подымется…,False,,False,,True,936
WORD,S1_001,27554,1,1,думать,думал,"Григорий думал поработать дней пять, посеять себе и теще, вспахать десятины две под бахчу и подсолнухи, а потом вызвать из сотни отца, чтобы он доканчивал посев.","Ильинична с Дуняшкой, на ночь глядя, затеяли топить печь, чтобы сготовить пахарю к заре харчи.","Из трубы куреня вился сиреневый дымок, по базу бегала взматеревшая в девках Дуняшка, собирая сухой хворост на поджижки.","Ильинична с Дуняшкой, на ночь глядя, затеяли топить печь, чтобы сготовить пахарю к заре харчи. Григорий думал поработать дней пять, посеять себе и теще, вспахать десятины две под бахчу и подсолнухи, а потом вызвать из сотни отца, чтобы он доканчивал посев. Из трубы куреня вился сиреневый дымок, по базу бегала взматеревшая в девках Дуняшка, собирая сухой хворост на поджижки.",False,,False,,True,937
WORD,S1_001,27556,14,14,думать,думал,"Григорий поглядывал на ее округленный стан, на крутые скаты грудей, с грустью и досадой думал: «Эка девнища какая вымахала!","Из трубы куреня вился сиреневый дымок, по базу бегала взматеревшая в девках Дуняшка, собирая сухой хворост на поджижки.","Летит жизня, как резвый конь.","Из трубы куреня вился сиреневый дымок, по базу бегала взматеревшая в девках Дуняшка, собирая сухой хворост на поджижки. Григорий поглядывал на ее округленный стан, на крутые скаты грудей, с грустью и досадой думал: «Эка девнища какая вымахала! Летит жизня, как резвый конь.",False,,False,,True,938
WORD,S1_001,27623,5,5,думать,думал,"«Усчастливился ты, брат Петро, помереть… — думал развеселившийся Григорий.","Дарья скрипнула зубами, захохотала и пошла в курень, оглядываясь на смеющегося и смущенного Григория, поблескивая золотыми серьгами.","— Это не Дарья, а распрочерт!","Дарья скрипнула зубами, захохотала и пошла в курень, оглядываясь на смеющегося и смущенного Григория, поблескивая золотыми серьгами. «Усчастливился ты, брат Петро, помереть… — думал развеселившийся Григорий. — Это не Дарья, а распрочерт!",False,,False,,True,939
WORD,S1_019,27737,11,11,уразуметь,уразуметь,"Он долго тер кулаками глаза, зевал, морщился и никак не мог уразуметь того, что ему говорил сияющий от радости помкомвзвода.",Сотенного насилу растолкали.,— Кто такой?,"Сотенного насилу растолкали. Он долго тер кулаками глаза, зевал, морщился и никак не мог уразуметь того, что ему говорил сияющий от радости помкомвзвода. — Кто такой?",False,,False,,True,940
WORD,S1_017,27838,0,0,понять,Понял,Понял?,"Нам об них и руки поганить нечего, их бабы кольями побьют, ежели дело умело и с умом поставить.","Нам эта политика выгодней: расстреляй их — слух дойдет и до красных, — мол, пленных расстреливают; а этак проще, народ на них натравить, гнев людской спустить, как цепного кобеля.","Нам об них и руки поганить нечего, их бабы кольями побьют, ежели дело умело и с умом поставить. Понял? Нам эта политика выгодней: расстреляй их — слух дойдет и до красных, — мол, пленных расстреливают; а этак проще, народ на них натравить, гнев людской спустить, как цепного кобеля.",False,,False,,True,941
WORD,S1_001,27886,1,1,думать,думаешь,"— Ты думаешь, если ты коммунист, так можешь нам на горло наступать?","Мы вас, таковских, видывали! — вмешался другой, низенький и плотный, как мучной куль.","Смотри, а то мы из тебя выбьем норов!","Мы вас, таковских, видывали! — вмешался другой, низенький и плотный, как мучной куль. — Ты думаешь, если ты коммунист, так можешь нам на горло наступать? Смотри, а то мы из тебя выбьем норов!",False,,False,,True,942
WORD,S1_001,27939,1,1,думать,думаешь,Где думаешь лошадь добыть?,За сколько часов будешь там?,"Мишка, кряхтя, набивал на ноги рыжие ссохшиеся сапоги, с паузами отвечал:
— Лошадь украду… у конных разведчиков, а доеду до Усть-Медведицы… самое многое… за два часа.","За сколько часов будешь там? Где думаешь лошадь добыть? Мишка, кряхтя, набивал на ноги рыжие ссохшиеся сапоги, с паузами отвечал:
— Лошадь украду… у конных разведчиков, а доеду до Усть-Медведицы… самое многое… за два часа.",False,,False,,True,943
WORD,S1_010,28027,1,1,колебаться,колеблетесь,"Вы колеблетесь, когда надо твердой рукой разить врага в самое сердце!",Вы предаете власть народа в самую тяжелую минуту!,"Вы митингуете, когда Советская страна задыхается в кольце врагов!","Вы предаете власть народа в самую тяжелую минуту! Вы колеблетесь, когда надо твердой рукой разить врага в самое сердце! Вы митингуете, когда Советская страна задыхается в кольце врагов!",False,,False,,True,944
WORD,S1_001,28114,0,0,думать,Думаешь,"— Думаешь, и наше отцвело?",Деревцо-то — оно один раз в году цветет…,— А то нет?,"Деревцо-то — оно один раз в году цветет… — Думаешь, и наше отцвело? — А то нет?",False,,False,,True,945
WORD,ALEX_008,28122,7,7,вспоминать,вспоминать,"А вздумаю о тебе иной раз, начну вспоминать, как жили у Листницких… как любились с тобой… и от воспоминаний этих…",Во сне тебя вижу и люблю донынче.,"Иной раз, вспоминаючи всю свою жизнь, глянешь, — а она как порожний карман, вывернутый наизнанку…","Во сне тебя вижу и люблю донынче. А вздумаю о тебе иной раз, начну вспоминать, как жили у Листницких… как любились с тобой… и от воспоминаний этих… Иной раз, вспоминаючи всю свою жизнь, глянешь, — а она как порожний карман, вывернутый наизнанку…",False,,False,,True,946
WORD,S1_016,28129,0,0,помнить,Помнишь,Помнишь?,"— А ить никак наша любовь вот тут, возле этой пристани и зачиналась, Григорий.","Казаков в энтот день в лагеря провожали, — заговорила она, улыбаясь, и в окрепшем голосе ее зазвучали веселые нотки.","— А ить никак наша любовь вот тут, возле этой пристани и зачиналась, Григорий. Помнишь? Казаков в энтот день в лагеря провожали, — заговорила она, улыбаясь, и в окрепшем голосе ее зазвучали веселые нотки.",False,,False,,True,947
WORD,S1_016,28131,1,1,помнить,помню,— Все помню!,"Казаков в энтот день в лагеря провожали, — заговорила она, улыбаясь, и в окрепшем голосе ее зазвучали веселые нотки.","Григорий ввел коня на баз, поставил к яслям.","Казаков в энтот день в лагеря провожали, — заговорила она, улыбаясь, и в окрепшем голосе ее зазвучали веселые нотки. — Все помню! Григорий ввел коня на баз, поставил к яслям.",False,,False,,True,948
WORD,S1_001,28145,5,5,думать,думал,"«Опять ухажи начались, — с тревогой думал старик.","— Краю нет, — согласился старик, но не поверил Григорию, так как несколько минут назад видел со скотиньего база его и Аксинью, разговаривавших на пристаньке.",— Опять как бы не пошло у него с Натальей наперекосяк…,"— Краю нет, — согласился старик, но не поверил Григорию, так как несколько минут назад видел со скотиньего база его и Аксинью, разговаривавших на пристаньке. «Опять ухажи начались, — с тревогой думал старик. — Опять как бы не пошло у него с Натальей наперекосяк…",False,,False,,True,949
WORD,S1_014,28150,20,20,вспомнить,вспомнил,"Пантелей Прокофьевич перестал отесывать топором березовый ствол на дрожину, поглядел в сутулую спину уходившего сына и, наскоро порывшись в памяти, вспомнил, каким сам был смолоду, решил: «В меня, чертяка!",Неужли в меня?»,"Ажник превзошел отца, сучий хвост!","Неужли в меня?» Пантелей Прокофьевич перестал отесывать топором березовый ствол на дрожину, поглядел в сутулую спину уходившего сына и, наскоро порывшись в памяти, вспомнил, каким сам был смолоду, решил: «В меня, чертяка! Ажник превзошел отца, сучий хвост!",False,,False,,True,950
WORD,S1_004,28150,25,25,решить,решил,"Пантелей Прокофьевич перестал отесывать топором березовый ствол на дрожину, поглядел в сутулую спину уходившего сына и, наскоро порывшись в памяти, вспомнил, каким сам был смолоду, решил: «В меня, чертяка!",Неужли в меня?»,"Ажник превзошел отца, сучий хвост!","Неужли в меня?» Пантелей Прокофьевич перестал отесывать топором березовый ствол на дрожину, поглядел в сутулую спину уходившего сына и, наскоро порывшись в памяти, вспомнил, каким сам был смолоду, решил: «В меня, чертяка! Ажник превзошел отца, сучий хвост!",False,,False,,True,951
WORD,S1_003,28154,16,16,задуматься,задумался,"В другое время Пантелей Прокофьевич, доглядев, что Григорий разговаривает с Аксиньей вдвоем, наиздальке от людей, не задумался бы потянуть его вдоль спины чем попадя, а в этот момент — растерялся, ничего не сказал и даже виду не подал, что догадался об истинных причинах, понудивших Григория внезапно отложить отъезд.",Дак как его побить-то?»,"И все это — потому, что теперь Григорий был уже не «Гришкой» — взгальным молодым казаком, а командиром дивизии, хотя и без погонов, но «генералом», которому подчинялись тысячи казаков и которого все называли теперь не иначе как Григорием Пантелеевичем.","Дак как его побить-то?» В другое время Пантелей Прокофьевич, доглядев, что Григорий разговаривает с Аксиньей вдвоем, наиздальке от людей, не задумался бы потянуть его вдоль спины чем попадя, а в этот момент — растерялся, ничего не сказал и даже виду не подал, что догадался об истинных причинах, понудивших Григория внезапно отложить отъезд. И все это — потому, что теперь Григорий был уже не «Гришкой» — взгальным молодым казаком, а командиром дивизии, хотя и без погонов, но «генералом», которому подчинялись тысячи казаков и которого все называли теперь не иначе как Григорием Пантелеевичем.",False,,False,,True,952
WORD,ALEX_012,28154,38,38,догадаться,догадался,"В другое время Пантелей Прокофьевич, доглядев, что Григорий разговаривает с Аксиньей вдвоем, наиздальке от людей, не задумался бы потянуть его вдоль спины чем попадя, а в этот момент — растерялся, ничего не сказал и даже виду не подал, что догадался об истинных причинах, понудивших Григория внезапно отложить отъезд.",Дак как его побить-то?»,"И все это — потому, что теперь Григорий был уже не «Гришкой» — взгальным молодым казаком, а командиром дивизии, хотя и без погонов, но «генералом», которому подчинялись тысячи казаков и которого все называли теперь не иначе как Григорием Пантелеевичем.","Дак как его побить-то?» В другое время Пантелей Прокофьевич, доглядев, что Григорий разговаривает с Аксиньей вдвоем, наиздальке от людей, не задумался бы потянуть его вдоль спины чем попадя, а в этот момент — растерялся, ничего не сказал и даже виду не подал, что догадался об истинных причинах, понудивших Григория внезапно отложить отъезд. И все это — потому, что теперь Григорий был уже не «Гришкой» — взгальным молодым казаком, а командиром дивизии, хотя и без погонов, но «генералом», которому подчинялись тысячи казаков и которого все называли теперь не иначе как Григорием Пантелеевичем.",False,,False,,True,953
WORD,ALEX_008,28180,7,7,вспоминать,вспоминала,"Не о нем ли все эти годы вспоминала она ежедневно, ежечасно, в навязчивых мыслях возвращаясь все к нему же?",Он ли не был ей дорог?,"И о чем бы ни думала, что бы ни делала, всегда неизменно, неотрывно в думках своих была около Григория.","Он ли не был ей дорог? Не о нем ли все эти годы вспоминала она ежедневно, ежечасно, в навязчивых мыслях возвращаясь все к нему же? И о чем бы ни думала, что бы ни делала, всегда неизменно, неотрывно в думках своих была около Григория.",False,,False,,True,954
WORD,S1_011,28180,13,13,мысль,мыслях,"Не о нем ли все эти годы вспоминала она ежедневно, ежечасно, в навязчивых мыслях возвращаясь все к нему же?",Он ли не был ей дорог?,"И о чем бы ни думала, что бы ни делала, всегда неизменно, неотрывно в думках своих была около Григория.","Он ли не был ей дорог? Не о нем ли все эти годы вспоминала она ежедневно, ежечасно, в навязчивых мыслях возвращаясь все к нему же? И о чем бы ни думала, что бы ни делала, всегда неизменно, неотрывно в думках своих была около Григория.",False,,False,,True,955
WORD,S1_001,28181,5,5,думать,думала,"И о чем бы ни думала, что бы ни делала, всегда неизменно, неотрывно в думках своих была около Григория.","Не о нем ли все эти годы вспоминала она ежедневно, ежечасно, в навязчивых мыслях возвращаясь все к нему же?","Так ходит по кругу в чигире слепая лошадь, вращая вокруг оси поливальное колесо…","Не о нем ли все эти годы вспоминала она ежедневно, ежечасно, в навязчивых мыслях возвращаясь все к нему же? И о чем бы ни думала, что бы ни делала, всегда неизменно, неотрывно в думках своих была около Григория. Так ходит по кругу в чигире слепая лошадь, вращая вокруг оси поливальное колесо…",False,,False,,True,956
WORD,S1_002,28238,2,2,подумать,подумать,Наталья могет подумать…,"— Нет, нет…",Неловко…,"— Нет, нет… Наталья могет подумать… Неловко…",False,,False,,True,957
WORD,S1_002,28246,13,13,подумать,подумал,"Поведу ее на гумно, завяжу над головою юбку и выпорю, как суку!» — озлобленно подумал Григорий, все это время хмуро принимавший ухаживанья невестки.","«Ежели она мною покойного Петра хочет заменить и зараз что-нибудь скажет про это, — побью!","Но, вылезши из-за стола и закурив, он не спеша пошел к выходу.","«Ежели она мною покойного Петра хочет заменить и зараз что-нибудь скажет про это, — побью! Поведу ее на гумно, завяжу над головою юбку и выпорю, как суку!» — озлобленно подумал Григорий, все это время хмуро принимавший ухаживанья невестки. Но, вылезши из-за стола и закурив, он не спеша пошел к выходу.",False,,False,,True,958
WORD,S1_017,28272,16,16,понять,понял,"Заметно было в ней некое колебание, но в глазах посвечивала скрытность, и Григорий так и не понял — поверила или нет.",Наталья больше ни о чем не спросила.,Он наскоро позавтракал.,"Наталья больше ни о чем не спросила. Заметно было в ней некое колебание, но в глазах посвечивала скрытность, и Григорий так и не понял — поверила или нет. Он наскоро позавтракал.",False,,False,,True,959
PHRASE,PHR_060,28275,2,3,не забывать,не забывай,"Бога, сынок, не забывай!","Пантелей Прокофьевич пошел седлать коня, а Ильинична, крестя и целуя Григория, зашептала скороговоркой:
— Ты Бога-то…","Слухом пользовались мы, что ты каких-то матросов порубил…","Пантелей Прокофьевич пошел седлать коня, а Ильинична, крестя и целуя Григория, зашептала скороговоркой:
— Ты Бога-то… Бога, сынок, не забывай! Слухом пользовались мы, что ты каких-то матросов порубил…",False,,False,,True,960
WORD,S1_002,28288,9,9,подумать,подумал,"Придерживая стремя ногой, держась за жесткую конскую гриву, почему-то подумал: «Ну вот, опять по-новому завернулась жизня, а на сердце все так же холодновато и пусто…","Попрощался с детишками, вышел…","Видно, и Аксютка зараз не сумеет заслонить эту пустоту…»","Попрощался с детишками, вышел… Придерживая стремя ногой, держась за жесткую конскую гриву, почему-то подумал: «Ну вот, опять по-новому завернулась жизня, а на сердце все так же холодновато и пусто… Видно, и Аксютка зараз не сумеет заслонить эту пустоту…»",False,,False,,True,961
WORD,ALEX_012,28295,2,2,догадаться,догадался,"«Битых везут», — догадался Григорий, поглядывая на бычиную подводу.",В верховых узнал Антипа Бреховича и Стремянникова — молодого черненького и бойкого казачишку с верхнего конца хутора.,"Еще не поравнявшись с казаками, спросил:
— Кого везете?","В верховых узнал Антипа Бреховича и Стремянникова — молодого черненького и бойкого казачишку с верхнего конца хутора. «Битых везут», — догадался Григорий, поглядывая на бычиную подводу. Еще не поравнявшись с казаками, спросил:
— Кого везете?",False,,False,,True,962
WORD,S1_004,28440,26,26,решить,решил,"Наутро принял от него командование над разбросанными по хуторам частями своей 1-й дивизии и, прочитав последние присланные из штаба сводки, посоветовавшись со своим начштадивом Михаилом Копыловым, решил наступать на юг до слободы Астахово.","Через Чир переправился вброд; на стойле, около казачьей слободки, разыскал Рябчикова.",В частях ощущалась острая нехватка патронов.,"Через Чир переправился вброд; на стойле, около казачьей слободки, разыскал Рябчикова. Наутро принял от него командование над разбросанными по хуторам частями своей 1-й дивизии и, прочитав последние присланные из штаба сводки, посоветовавшись со своим начштадивом Михаилом Копыловым, решил наступать на юг до слободы Астахово. В частях ощущалась острая нехватка патронов.",False,,False,,True,963
WORD,S1_004,28443,9,9,решить,решил,"Это и было основной целью того наступления, которое Григорий решил предпринять.",Необходимо было с боем добыть их.,К вечеру в Каргинскую было стянуто три полка конницы и полк пехоты.,"Необходимо было с боем добыть их. Это и было основной целью того наступления, которое Григорий решил предпринять. К вечеру в Каргинскую было стянуто три полка конницы и полк пехоты.",False,,False,,True,964
WORD,S1_004,28445,10,10,решить,решено,"Из двадцати двух ручных и станковых пулеметов, имевшихся в дивизии, решено было взять только шесть: на остальные не было лент.",К вечеру в Каргинскую было стянуто три полка конницы и полк пехоты.,Утром дивизия пошла в наступление.,"К вечеру в Каргинскую было стянуто три полка конницы и полк пехоты. Из двадцати двух ручных и станковых пулеметов, имевшихся в дивизии, решено было взять только шесть: на остальные не было лент. Утром дивизия пошла в наступление.",False,,False,,True,965
WORD,S1_001,28488,10,10,думать,думал,"Кровь легла промеж нас, но ить не чужие ж мы?!» — думал Григорий, бешено охаживая коня плетью, намётом спускаясь с бугра.",Выручить…,"LII
Как только повстанческие сотни вошли в Усть-Хоперскую и окружили митинговавших сердобцев, командир 6-й бригады Богатырев с Вороновским и Волковым удалились на совещание.","Выручить… Кровь легла промеж нас, но ить не чужие ж мы?!» — думал Григорий, бешено охаживая коня плетью, намётом спускаясь с бугра. LII
Как только повстанческие сотни вошли в Усть-Хоперскую и окружили митинговавших сердобцев, командир 6-й бригады Богатырев с Вороновским и Волковым удалились на совещание.",False,,False,,True,966
WORD,ALEX_011,28528,12,12,осознавать,осознавая,"Лицо Богатырева черной лапой испятнил гнев, комбриг хотел что-то сказать, но, уже осознавая, что сильно переборщил, сдержался и тотчас же круто переменил обращение.",Я сейчас окончу разговор с этим… с этим господином Богатыревым и приду на площадь.,"Рывком нахлобучив фуражку, все еще люто поигрывая махорчатой плетью, заговорил, и в голосе его появились неожиданная мягкость и предупредительность:
— Господа, вы не так меня изволили понять.","Я сейчас окончу разговор с этим… с этим господином Богатыревым и приду на площадь. Лицо Богатырева черной лапой испятнил гнев, комбриг хотел что-то сказать, но, уже осознавая, что сильно переборщил, сдержался и тотчас же круто переменил обращение. Рывком нахлобучив фуражку, все еще люто поигрывая махорчатой плетью, заговорил, и в голосе его появились неожиданная мягкость и предупредительность:
— Господа, вы не так меня изволили понять.",False,,False,,True,967
WORD,S1_017,28529,25,25,понять,понять,"Рывком нахлобучив фуражку, все еще люто поигрывая махорчатой плетью, заговорил, и в голосе его появились неожиданная мягкость и предупредительность:
— Господа, вы не так меня изволили понять.","Лицо Богатырева черной лапой испятнил гнев, комбриг хотел что-то сказать, но, уже осознавая, что сильно переборщил, сдержался и тотчас же круто переменил обращение.","Я, конечно, воспитаниев не получал особых таких, в юнкерских школах не проходил наук и, может, не так объяснялся, ну да ить оно и не всякое лыко должно быть в строку.","Лицо Богатырева черной лапой испятнил гнев, комбриг хотел что-то сказать, но, уже осознавая, что сильно переборщил, сдержался и тотчас же круто переменил обращение. Рывком нахлобучив фуражку, все еще люто поигрывая махорчатой плетью, заговорил, и в голосе его появились неожиданная мягкость и предупредительность:
— Господа, вы не так меня изволили понять. Я, конечно, воспитаниев не получал особых таких, в юнкерских школах не проходил наук и, может, не так объяснялся, ну да ить оно и не всякое лыко должно быть в строку.",False,,False,,True,968
PHRASE,PHR_023,28539,11,14,продолжать думать,продолжал Мы сами думали,"— Вороновский пожал плечами и уже миролюбивей, но с оттенком неостывшего негодования продолжал: — Мы сами думали, что колеблющихся, неустойчивых надо обезоружить и передать в ваше распоряжение…","И потом, согласитесь, что ваш вызывающий тон, все ваше поведение…",— Вот-вот!,"И потом, согласитесь, что ваш вызывающий тон, все ваше поведение… — Вороновский пожал плечами и уже миролюбивей, но с оттенком неостывшего негодования продолжал: — Мы сами думали, что колеблющихся, неустойчивых надо обезоружить и передать в ваше распоряжение… — Вот-вот!",False,,False,,True,969
WORD,S1_001,28539,14,14,думать,думали,"— Вороновский пожал плечами и уже миролюбивей, но с оттенком неостывшего негодования продолжал: — Мы сами думали, что колеблющихся, неустойчивых надо обезоружить и передать в ваше распоряжение…","И потом, согласитесь, что ваш вызывающий тон, все ваше поведение…",— Вот-вот!,"И потом, согласитесь, что ваш вызывающий тон, все ваше поведение… — Вороновский пожал плечами и уже миролюбивей, но с оттенком неостывшего негодования продолжал: — Мы сами думали, что колеблющихся, неустойчивых надо обезоружить и передать в ваше распоряжение… — Вот-вот!",True,PHR_023,False,,False,970
WORD,S1_010,28539,16,16,колебаться,колеблющихся,"— Вороновский пожал плечами и уже миролюбивей, но с оттенком неостывшего негодования продолжал: — Мы сами думали, что колеблющихся, неустойчивых надо обезоружить и передать в ваше распоряжение…","И потом, согласитесь, что ваш вызывающий тон, все ваше поведение…",— Вот-вот!,"И потом, согласитесь, что ваш вызывающий тон, все ваше поведение… — Вороновский пожал плечами и уже миролюбивей, но с оттенком неостывшего негодования продолжал: — Мы сами думали, что колеблющихся, неустойчивых надо обезоружить и передать в ваше распоряжение… — Вот-вот!",False,,False,,True,971
WORD,S1_004,28542,8,8,решить,решили,"— Так ведь и я же говорю, что мы решили сами их обезоружить.",Это самое!,"А что касается нашего боевого ядра, то мы его сохраним.","Это самое! — Так ведь и я же говорю, что мы решили сами их обезоружить. А что касается нашего боевого ядра, то мы его сохраним.",False,,False,,True,972
WORD,S1_018,28563,4,4,осознать,осознать,"Но и Богатырев успел осознать, что Вороновский — надежный и абсолютно безопасный человек, которому теперь попятиться назад уже нельзя.","По имевшимся у него сведениям, из Усть-Медведицы уже двигались и с часу на час должны были прибыть силы, брошенные штабармом на разоружение мятежного Сердобского полка.","Комбриг, на свою ответственность, согласился на сформирование из надежной части полка самостоятельной боевой единицы.","По имевшимся у него сведениям, из Усть-Медведицы уже двигались и с часу на час должны были прибыть силы, брошенные штабармом на разоружение мятежного Сердобского полка. Но и Богатырев успел осознать, что Вороновский — надежный и абсолютно безопасный человек, которому теперь попятиться назад уже нельзя. Комбриг, на свою ответственность, согласился на сформирование из надежной части полка самостоятельной боевой единицы.",False,,False,,True,973
WORD,S1_004,28594,3,3,решить,решил,"Против Блинова и решил Богатырев выставить батальон Вороновского, опробовать стойкость его в боевом крещении…","Одну из них, спешно выставленную каким-то хутором Усть-Хоперского юрта, искрошили в дым.","Остальные сердобцы, восемьсот с лишним человек, были направлены пешим порядком по-над Доном в Вешенскую — так, как в письме на имя Богатырева в свое время приказывал командующий повстанческими силами Кудинов.","Одну из них, спешно выставленную каким-то хутором Усть-Хоперского юрта, искрошили в дым. Против Блинова и решил Богатырев выставить батальон Вороновского, опробовать стойкость его в боевом крещении… Остальные сердобцы, восемьсот с лишним человек, были направлены пешим порядком по-над Доном в Вешенскую — так, как в письме на имя Богатырева в свое время приказывал командующий повстанческими силами Кудинов.",False,,False,,True,974
WORD,S1_001,28684,5,5,думать,думать,О побеге нельзя было и думать.,"LIV
Двадцать пять коммунистов, выданных повстанцам Сердобским полком, под усиленным конвоем выступили из Усть-Хоперской.","Иван Алексеевич, хромая в середине толпы пленных, с тоскою и ненавистью оглядывал окаменевшие в злобе лица казаков-конвоиров, думал: «Наведут нам концы!","LIV
Двадцать пять коммунистов, выданных повстанцам Сердобским полком, под усиленным конвоем выступили из Усть-Хоперской. О побеге нельзя было и думать. Иван Алексеевич, хромая в середине толпы пленных, с тоскою и ненавистью оглядывал окаменевшие в злобе лица казаков-конвоиров, думал: «Наведут нам концы!",False,,False,,True,975
WORD,S1_001,28685,17,17,думать,думал,"Иван Алексеевич, хромая в середине толпы пленных, с тоскою и ненавистью оглядывал окаменевшие в злобе лица казаков-конвоиров, думал: «Наведут нам концы!",О побеге нельзя было и думать.,Если не будет суда — пропадем!»,"О побеге нельзя было и думать. Иван Алексеевич, хромая в середине толпы пленных, с тоскою и ненавистью оглядывал окаменевшие в злобе лица казаков-конвоиров, думал: «Наведут нам концы! Если не будет суда — пропадем!»",False,,False,,True,976
WORD,S1_001,28701,4,4,думать,думаешь,"— Судить нас будут, как думаешь? — шепнул шагавший рядом с Иваном Алексеевичем один из еланских коммунистов.","Плотные, красивые здоровяки, с крупными руками, раздавленными тяжелым физическим трудом, широкоплечие и грудастые, по внешнему виду они резко отличались от сгорбленных стариков-конвоиров.",— Едва ли…,"Плотные, красивые здоровяки, с крупными руками, раздавленными тяжелым физическим трудом, широкоплечие и грудастые, по внешнему виду они резко отличались от сгорбленных стариков-конвоиров. — Судить нас будут, как думаешь? — шепнул шагавший рядом с Иваном Алексеевичем один из еланских коммунистов. — Едва ли…",False,,False,,True,977
WORD,S1_016,28706,3,3,помнить,помнишь,"Казаки так говорили, помнишь?",— Да ведь у них же нет расстрелов?,"Иван Алексеевич промолчал, но и у него искрой на ветру схватилась надежда: «А ить верно!","— Да ведь у них же нет расстрелов? Казаки так говорили, помнишь? Иван Алексеевич промолчал, но и у него искрой на ветру схватилась надежда: «А ить верно!",False,,False,,True,978
WORD,S1_017,28748,12,12,понять,понял,"При первом взгляде на бежавших навстречу им казаков и баб Иван Алексеевич понял, что это — смерть.","Верховой скрылся в хуторе, и не успели пленные дойти до первых базов, как им навстречу уже высыпали толпы народа.",Поняли и все остальные.,"Верховой скрылся в хуторе, и не успели пленные дойти до первых базов, как им навстречу уже высыпали толпы народа. При первом взгляде на бежавших навстречу им казаков и баб Иван Алексеевич понял, что это — смерть. Поняли и все остальные.",False,,False,,True,979
WORD,S1_017,28749,0,0,понять,Поняли,Поняли и все остальные.,"При первом взгляде на бежавших навстречу им казаков и баб Иван Алексеевич понял, что это — смерть.",— Товарищи!,"При первом взгляде на бежавших навстречу им казаков и баб Иван Алексеевич понял, что это — смерть. Поняли и все остальные. — Товарищи!",False,,False,,True,980
WORD,S1_016,28769,4,4,помнить,помнить,Об одном мы должны помнить до последнего выдоха.,"Завидя бежавших навстречу им казаков и баб, наспех попрощался с ближним из товарищей, вполголоса сказал:
— Что же, братцы, умели мы воевать, надо суметь и помереть с гордостью…","Одна нам остается мысленная утеха, что хотя нас и уколотят, но ить Советскую власть колом не убьешь!","Завидя бежавших навстречу им казаков и баб, наспех попрощался с ближним из товарищей, вполголоса сказал:
— Что же, братцы, умели мы воевать, надо суметь и помереть с гордостью… Об одном мы должны помнить до последнего выдоха. Одна нам остается мысленная утеха, что хотя нас и уколотят, но ить Советскую власть колом не убьешь!",False,,False,,True,981
WORD,S1_014,28784,1,1,вспомнить,вспомнил,"— Детей вспомнил, идолов гад?",Цыц!,Крест вынул?,"Цыц! — Детей вспомнил, идолов гад? Крест вынул?",False,,False,,True,982
WORD,ALEX_008,28787,8,8,вспоминать,вспоминал,"А наших небось расстреливал, казнил, про Бога не вспоминал? — с придыханием спросил у него ударивший его два раза курносый старик с серьгой в ухе.",Всхомянулся?,"И, не дождавшись ответа, снова размахнулся, целя в голову.","Всхомянулся? А наших небось расстреливал, казнил, про Бога не вспоминал? — с придыханием спросил у него ударивший его два раза курносый старик с серьгой в ухе. И, не дождавшись ответа, снова размахнулся, целя в голову.",False,,False,,True,983
WORD,S1_004,28828,8,8,решить,решено,"LV
На секретном совещании верховного командования повстанческими силами решено было просить донское правительство, атамана Богаевского, о помощи.","Окрыленное ветром, с искрящимся, белым, как парус, надвершием, оно стремительно плыло на север, и в далекой излучине Дона отражалась его опаловая тень.","Кудинову было поручено написать письмо с изъявлением раскаяния и сожаления о том, что в конце 1918 года верхнедонцы пошли на переговоры с красными, бросили фронт.","Окрыленное ветром, с искрящимся, белым, как парус, надвершием, оно стремительно плыло на север, и в далекой излучине Дона отражалась его опаловая тень. LV
На секретном совещании верховного командования повстанческими силами решено было просить донское правительство, атамана Богаевского, о помощи. Кудинову было поручено написать письмо с изъявлением раскаяния и сожаления о том, что в конце 1918 года верхнедонцы пошли на переговоры с красными, бросили фронт.",False,,False,,True,984
WORD,S1_004,28843,37,37,решить,решили,"Им в этот день надо было выходить, но они прослышали о том, что в Вешенскую гонят пленных коммунистов, среди которых находятся и Мишка Кошевой с Иваном Алексеевичем, что пленные вот-вот должны прибыть в Татарский, — а поэтому и решили подождать.","Их перебросили на правую сторону Дона на помощь еланским сотням, с трудом удерживавшим натиск красной конницы, и татарцы по пути на позиции всею сотнею зашли в хутор, чтобы проведать родных и подживиться харчишками.","Особенно настаивали на встрече с Кошевым и Иваном Алексеевичем казаки, доводившиеся роднею убитым в первом бою вместе с Петром Мелеховым.","Их перебросили на правую сторону Дона на помощь еланским сотням, с трудом удерживавшим натиск красной конницы, и татарцы по пути на позиции всею сотнею зашли в хутор, чтобы проведать родных и подживиться харчишками. Им в этот день надо было выходить, но они прослышали о том, что в Вешенскую гонят пленных коммунистов, среди которых находятся и Мишка Кошевой с Иваном Алексеевичем, что пленные вот-вот должны прибыть в Татарский, — а поэтому и решили подождать. Особенно настаивали на встрече с Кошевым и Иваном Алексеевичем казаки, доводившиеся роднею убитым в первом бою вместе с Петром Мелеховым.",False,,False,,True,985
WORD,S1_017,28874,2,2,понять,понял,"Он уже понял, что дальше Татарского ему не уйти, что здесь он умрет, и не хотел, чтобы родные видели его смерть, а самую смерть ждал со все возраставшим жадным нетерпением.","Он затравленно озирался, разыскивая и боясь найти взглядом жену или своего маленького сынишку, хотел обратиться к кому-нибудь с просьбой, чтобы их увели отсюда, если они тут.","Ссутулясь, медленно и трудно поворачивая голову, обводил он взглядом знакомые лица хуторян и ни в одном встречном взгляде не прочитал сожаления или сочувствия, — исподлобны и люты были взгляды казаков и баб.","Он затравленно озирался, разыскивая и боясь найти взглядом жену или своего маленького сынишку, хотел обратиться к кому-нибудь с просьбой, чтобы их увели отсюда, если они тут. Он уже понял, что дальше Татарского ему не уйти, что здесь он умрет, и не хотел, чтобы родные видели его смерть, а самую смерть ждал со все возраставшим жадным нетерпением. Ссутулясь, медленно и трудно поворачивая голову, обводил он взглядом знакомые лица хуторян и ни в одном встречном взгляде не прочитал сожаления или сочувствия, — исподлобны и люты были взгляды казаков и баб.",False,,False,,True,986
WORD,S1_017,28879,27,27,понять,понять,"Задыхаясь от подступившей к горлу ненависти, от жалости и томительного ожидания чего-то страшного, что должно было совершиться вот-вот, сейчас, смотрела в лицо ему и никак не могла понять: видит ли он ее и узнает ли?",Дарья стояла против него.,"А Иван Алексеевич все так же тревожно, взволнованно шарил по толпе одним дико блестевшим глазом (другой затянула опухоль) и вдруг, остановившись взглядом на лице Дарьи, бывшей от него в нескольких шагах, неверно, как сильно пьяный, шагнул вперед.","Дарья стояла против него. Задыхаясь от подступившей к горлу ненависти, от жалости и томительного ожидания чего-то страшного, что должно было совершиться вот-вот, сейчас, смотрела в лицо ему и никак не могла понять: видит ли он ее и узнает ли? А Иван Алексеевич все так же тревожно, взволнованно шарил по толпе одним дико блестевшим глазом (другой затянула опухоль) и вдруг, остановившись взглядом на лице Дарьи, бывшей от него в нескольких шагах, неверно, как сильно пьяный, шагнул вперед.",False,,False,,True,987
WORD,S1_016,28916,6,6,помнить,помнила,"Впоследствии Дарья говорила, что она не помнила, как и откуда в руках ее очутился кавалерийский карабин, кто ей его подсунул.","И снова, накаляя и без того накаленную атмосферу, раздались истерические бабьи всхлипы, крик и голошенье по мертвому «дурным голосом»…","Но когда заголосили бабы, она ощутила в руках своих присутствие постороннего предмета, не глядя, на ощупь догадалась, что это — винтовка.","И снова, накаляя и без того накаленную атмосферу, раздались истерические бабьи всхлипы, крик и голошенье по мертвому «дурным голосом»… Впоследствии Дарья говорила, что она не помнила, как и откуда в руках ее очутился кавалерийский карабин, кто ей его подсунул. Но когда заголосили бабы, она ощутила в руках своих присутствие постороннего предмета, не глядя, на ощупь догадалась, что это — винтовка.",False,,False,,True,988
WORD,ALEX_012,28917,16,16,догадаться,догадалась,"Но когда заголосили бабы, она ощутила в руках своих присутствие постороннего предмета, не глядя, на ощупь догадалась, что это — винтовка.","Впоследствии Дарья говорила, что она не помнила, как и откуда в руках ее очутился кавалерийский карабин, кто ей его подсунул.","Она схватила ее сначала за ствол, чтобы ударить Ивана Алексеевича прикладом, но в ладонь ее больно вонзилась мушка, и она перехватила пальцами накладку, а потом повернула, вскинула винтовку и даже взяла на мушку левую сторону груди Ивана Алексеевича.","Впоследствии Дарья говорила, что она не помнила, как и откуда в руках ее очутился кавалерийский карабин, кто ей его подсунул. Но когда заголосили бабы, она ощутила в руках своих присутствие постороннего предмета, не глядя, на ощупь догадалась, что это — винтовка. Она схватила ее сначала за ствол, чтобы ударить Ивана Алексеевича прикладом, но в ладонь ее больно вонзилась мушка, и она перехватила пальцами накладку, а потом повернула, вскинула винтовку и даже взяла на мушку левую сторону груди Ивана Алексеевича.",False,,False,,True,989
WORD,S1_001,28923,84,84,думать,думать,"И, подталкиваемая зверино-настороженным ожиданием толпы, сосредоточенными на ней взглядами, желанием отомстить за смерть мужа и отчасти тщеславием, внезапно появившимся оттого, что вот сейчас она совсем не такая, как остальные бабы, что на нее с удивлением и даже со страхом смотрят и ждут развязки казаки, что она должна поэтому сделать что-то необычное, особенное, могущее устрашить всех, — движимая одновременно всеми этими разнородными чувствами, с пугающей быстротой приближаясь к чему-то предрешенному в глубине ее сознания, о чем она не хотела, да и не могла в этот момент думать, она помедлила, осторожно нащупывая спуск, и вдруг, неожиданно для самой себя, с силой нажала его.","Погоди, не стреляй!»","Отдача заставила ее резко качнуться, звук выстрела оглушил, но сквозь суженные прорези глаз она увидела, как мгновенно — страшно и непоправимо — изменилось дрогнувшее лицо Ивана Алексеевича, как он развел и сложил руки, словно собираясь прыгнуть с большой высоты в воду, а потом упал навзничь, и с лихорадочной быстротой задергалась у него голова, зашевелились, старательно заскребли землю пальцы раскинутых рук…","Погоди, не стреляй!» И, подталкиваемая зверино-настороженным ожиданием толпы, сосредоточенными на ней взглядами, желанием отомстить за смерть мужа и отчасти тщеславием, внезапно появившимся оттого, что вот сейчас она совсем не такая, как остальные бабы, что на нее с удивлением и даже со страхом смотрят и ждут развязки казаки, что она должна поэтому сделать что-то необычное, особенное, могущее устрашить всех, — движимая одновременно всеми этими разнородными чувствами, с пугающей быстротой приближаясь к чему-то предрешенному в глубине ее сознания, о чем она не хотела, да и не могла в этот момент думать, она помедлила, осторожно нащупывая спуск, и вдруг, неожиданно для самой себя, с силой нажала его. Отдача заставила ее резко качнуться, звук выстрела оглушил, но сквозь суженные прорези глаз она увидела, как мгновенно — страшно и непоправимо — изменилось дрогнувшее лицо Ивана Алексеевича, как он развел и сложил руки, словно собираясь прыгнуть с большой высоты в воду, а потом упал навзничь, и с лихорадочной быстротой задергалась у него голова, зашевелились, старательно заскребли землю пальцы раскинутых рук…",False,,False,,True,990
WORD,S1_018,28928,3,3,осознать,осознала,"И только тогда осознала, что это стонет Иван Алексеевич, принявший смерть от ее руки.","Она оглянулась, не понимая, о ком и что это такое говорят, услышала глубокий, исходивший не из горла, а откуда-то словно бы из самого нутра, протяжный на одной ноте стон, прерываемый предсмертной икотой.","Быстро и легко пошла она мимо амбара, направляясь на площадь, провожаемая редкими взглядами.","Она оглянулась, не понимая, о ком и что это такое говорят, услышала глубокий, исходивший не из горла, а откуда-то словно бы из самого нутра, протяжный на одной ноте стон, прерываемый предсмертной икотой. И только тогда осознала, что это стонет Иван Алексеевич, принявший смерть от ее руки. Быстро и легко пошла она мимо амбара, направляясь на площадь, провожаемая редкими взглядами.",False,,False,,True,991
WORD,S1_017,28971,13,13,понять,понял,"Белки Дуняшкиных глаз сверкнули слезами, и по страху, застывшему в ее зрачках, Григорий понял, что он не ослышался.","— Чего ты мелешь? — испуганно хватая сестру за ворот расшитой рубахи, вскричал Григорий.",— А Мишка Кошевой?,"— Чего ты мелешь? — испуганно хватая сестру за ворот расшитой рубахи, вскричал Григорий. Белки Дуняшкиных глаз сверкнули слезами, и по страху, застывшему в ее зрачках, Григорий понял, что он не ослышался. — А Мишка Кошевой?",False,,False,,True,992
WORD,S1_011,28998,1,1,мысль,мысли,"По мысли генерала Полякова, группа совместно с частями генерала Фицхелаурова должна была ударить в направлении слободы Макеевки, сбить 12-ю красную дивизию и, действуя во фланги и тыл 13-й и Уральской дивизиям, прорваться на территорию Верхне-Донского округа, чтобы соединиться с повстанческой армией, а затем уже идти в Хоперский округ «оздоровлять» заболевших большевизмом казаков.","По грубому подсчету, силы этой ударной группы состояли из шестнадцати тысяч штыков и сабель при двадцати четырех орудиях и ста пятидесяти пулеметах.","Около Донца велась интенсивная подготовка к наступлению, к прорыву.","По грубому подсчету, силы этой ударной группы состояли из шестнадцати тысяч штыков и сабель при двадцати четырех орудиях и ста пятидесяти пулеметах. По мысли генерала Полякова, группа совместно с частями генерала Фицхелаурова должна была ударить в направлении слободы Макеевки, сбить 12-ю красную дивизию и, действуя во фланги и тыл 13-й и Уральской дивизиям, прорваться на территорию Верхне-Донского округа, чтобы соединиться с повстанческой армией, а затем уже идти в Хоперский округ «оздоровлять» заболевших большевизмом казаков. Около Донца велась интенсивная подготовка к наступлению, к прорыву.",False,,False,,True,993
WORD,S1_005,29011,8,8,решать,решавшие,"А в это время у Донца разыгрывались события, решавшие успех наступления Красной Армии в 1919 году.","Английские и французские офицеры-инструкторы, прибывшие на Дон и Кубань обучать казачьих офицеров и офицеров Добровольческой армии искусству вождения танков, стрельбы из английских орудий, уже предвкушали торжества вступления в Москву…","Несомненно, что основной причиной неудавшегося наступления Красной Армии было восстание верхнедонцев.","Английские и французские офицеры-инструкторы, прибывшие на Дон и Кубань обучать казачьих офицеров и офицеров Добровольческой армии искусству вождения танков, стрельбы из английских орудий, уже предвкушали торжества вступления в Москву… А в это время у Донца разыгрывались события, решавшие успех наступления Красной Армии в 1919 году. Несомненно, что основной причиной неудавшегося наступления Красной Армии было восстание верхнедонцев.",False,,False,,True,994
WORD,S1_004,29055,3,3,решить,решил,"Воспользовавшись этим, Григорий решил обыденкой съездить в Вешенскую, так как Кудинов неотступно просил его приехать на совещание.",Казанцы на некоторое время задержали наступление шедшей напролом 33-й Кубанской дивизии.,"LVIII
В Вешенскую он прибыл рано утром.","Казанцы на некоторое время задержали наступление шедшей напролом 33-й Кубанской дивизии. Воспользовавшись этим, Григорий решил обыденкой съездить в Вешенскую, так как Кудинов неотступно просил его приехать на совещание. LVIII
В Вешенскую он прибыл рано утром.",False,,False,,True,995
WORD,S1_017,29079,13,13,понять,поняли,"Или там наши дюже пихают красных и рвут им фронт, или же они поняли, что мы им — весь корень зла, и норовят нас взять в тисы.",Что-то такое делается около Донца.,— А что слышно про кадетов?,"Что-то такое делается около Донца. Или там наши дюже пихают красных и рвут им фронт, или же они поняли, что мы им — весь корень зла, и норовят нас взять в тисы. — А что слышно про кадетов?",False,,False,,True,996
WORD,S1_012,29098,23,23,мысленно,мысленно,"Изо дня в день, как лошадь, влачащая молотильный каток по гуменному посаду, ходил он в думках вокруг все этого же вопроса и наконец мысленно махнул рукой: «С Советской властью нас зараз не помиришь, дюже крови много она нам, а мы ей пустили, а кадетская власть зараз гладит, а потом будет против шерсти драть.",Его это как-то не волновало.,Черт с ним!,"Его это как-то не волновало. Изо дня в день, как лошадь, влачащая молотильный каток по гуменному посаду, ходил он в думках вокруг все этого же вопроса и наконец мысленно махнул рукой: «С Советской властью нас зараз не помиришь, дюже крови много она нам, а мы ей пустили, а кадетская власть зараз гладит, а потом будет против шерсти драть. Черт с ним!",False,,False,,True,997
WORD,S1_014,29102,13,13,вспомнить,вспомнив,"— С кем это ты совет держал, с князем, что ли? — перебил его Григорий, вспомнив совещание, происходившее в этой же комнате зимой, и подполковника-кавказца.","Кудинов развернул карту; все так же не глядя в глаза Григорию, сказал:
— Мы тут без тебя держали совет и порешили…","Кудинов нахмурился, потускнел.","Кудинов развернул карту; все так же не глядя в глаза Григорию, сказал:
— Мы тут без тебя держали совет и порешили… — С кем это ты совет держал, с князем, что ли? — перебил его Григорий, вспомнив совещание, происходившее в этой же комнате зимой, и подполковника-кавказца. Кудинов нахмурился, потускнел.",False,,False,,True,998
WORD,S1_017,29143,0,0,понять,Понял,"Понял я, что убили казаки, поехал туда и погутарил с ними по душам.",— Нечего рассказывать!,"Так и сказал: «За старое баловство взялись, сукины сыны?","— Нечего рассказывать! Понял я, что убили казаки, поехал туда и погутарил с ними по душам. Так и сказал: «За старое баловство взялись, сукины сыны?",False,,False,,True,999
WORD,S1_004,29161,0,0,решить,Решено,"Решено, как и раньше говорили, всею тридцатитысячной армией идти на прорыв.","Вот в чем дело: если наши от Донца фронт не порвут, то нам тут не удержаться.",Если тебя собьют — отступай до самого Дона.,"Вот в чем дело: если наши от Донца фронт не порвут, то нам тут не удержаться. Решено, как и раньше говорили, всею тридцатитысячной армией идти на прорыв. Если тебя собьют — отступай до самого Дона.",False,,False,,True,1000
PHRASE,PHR_416,29283,25,27,решить остаться,решил Наталья останется,"Вот и сейчас, возвращаясь из штаба, он вспомнил о ней, подумал: «Пойдем мы на прорыв, а она как же? — и без колебаний и долгих размышлений решил: — Наталья останется с детьми, с матерью, а Аксютку возьму.","Одна она манила его к себе, как манит путника в знобящую черную осеннюю ночь далекий трепетный огонек костра в степи.","Дам ей коня, и пущай при моем штабе едет».","Одна она манила его к себе, как манит путника в знобящую черную осеннюю ночь далекий трепетный огонек костра в степи. Вот и сейчас, возвращаясь из штаба, он вспомнил о ней, подумал: «Пойдем мы на прорыв, а она как же? — и без колебаний и долгих размышлений решил: — Наталья останется с детьми, с матерью, а Аксютку возьму. Дам ей коня, и пущай при моем штабе едет».",False,,False,,True,1001
WORD,S1_014,29283,7,7,вспомнить,вспомнил,"Вот и сейчас, возвращаясь из штаба, он вспомнил о ней, подумал: «Пойдем мы на прорыв, а она как же? — и без колебаний и долгих размышлений решил: — Наталья останется с детьми, с матерью, а Аксютку возьму.","Одна она манила его к себе, как манит путника в знобящую черную осеннюю ночь далекий трепетный огонек костра в степи.","Дам ей коня, и пущай при моем штабе едет».","Одна она манила его к себе, как манит путника в знобящую черную осеннюю ночь далекий трепетный огонек костра в степи. Вот и сейчас, возвращаясь из штаба, он вспомнил о ней, подумал: «Пойдем мы на прорыв, а она как же? — и без колебаний и долгих размышлений решил: — Наталья останется с детьми, с матерью, а Аксютку возьму. Дам ей коня, и пущай при моем штабе едет».",False,,False,,True,1002
WORD,S1_002,29283,10,10,подумать,подумал,"Вот и сейчас, возвращаясь из штаба, он вспомнил о ней, подумал: «Пойдем мы на прорыв, а она как же? — и без колебаний и долгих размышлений решил: — Наталья останется с детьми, с матерью, а Аксютку возьму.","Одна она манила его к себе, как манит путника в знобящую черную осеннюю ночь далекий трепетный огонек костра в степи.","Дам ей коня, и пущай при моем штабе едет».","Одна она манила его к себе, как манит путника в знобящую черную осеннюю ночь далекий трепетный огонек костра в степи. Вот и сейчас, возвращаясь из штаба, он вспомнил о ней, подумал: «Пойдем мы на прорыв, а она как же? — и без колебаний и долгих размышлений решил: — Наталья останется с детьми, с матерью, а Аксютку возьму. Дам ей коня, и пущай при моем штабе едет».",False,,False,,True,1003
WORD,S1_004,29283,25,25,решить,решил,"Вот и сейчас, возвращаясь из штаба, он вспомнил о ней, подумал: «Пойдем мы на прорыв, а она как же? — и без колебаний и долгих размышлений решил: — Наталья останется с детьми, с матерью, а Аксютку возьму.","Одна она манила его к себе, как манит путника в знобящую черную осеннюю ночь далекий трепетный огонек костра в степи.","Дам ей коня, и пущай при моем штабе едет».","Одна она манила его к себе, как манит путника в знобящую черную осеннюю ночь далекий трепетный огонек костра в степи. Вот и сейчас, возвращаясь из штаба, он вспомнил о ней, подумал: «Пойдем мы на прорыв, а она как же? — и без колебаний и долгих размышлений решил: — Наталья останется с детьми, с матерью, а Аксютку возьму. Дам ей коня, и пущай при моем штабе едет».",True,PHR_416,False,,False,1004
WORD,S1_017,29290,0,0,понять,Понял,Понял?,"Да так передай, чтобы… ну, к примеру, из наших кто не доглядел, из моей семьи.",Лучше ночью занеси и отдай ей.,"Да так передай, чтобы… ну, к примеру, из наших кто не доглядел, из моей семьи. Понял? Лучше ночью занеси и отдай ей.",False,,False,,True,1005
WORD,S1_004,29324,11,11,решить,решил,"Прохора что-то не потянуло ехать туда, где возгорался бой, и он решил добраться до Базков, там обождать, пока к Дону подойдет Григорий со своей 1-й дивизией.","Но орудийный гул, глухо докатываясь до Обдонья, звучал еще как будто где-то по Чиру.","Всю дорогу до самого Громка Прохор ехал, обгоняемый подводами беженцев.","Но орудийный гул, глухо докатываясь до Обдонья, звучал еще как будто где-то по Чиру. Прохора что-то не потянуло ехать туда, где возгорался бой, и он решил добраться до Базков, там обождать, пока к Дону подойдет Григорий со своей 1-й дивизией. Всю дорогу до самого Громка Прохор ехал, обгоняемый подводами беженцев.",False,,False,,True,1006
WORD,S1_002,29425,4,4,подумать,подумал,«Светопреставление будет возля парома!» — подумал Прохор.,"Подвод было не меньше двухсот, всадников, ехавших враздробь, — человек сорок.",Догнал подводы.,"Подвод было не меньше двухсот, всадников, ехавших враздробь, — человек сорок. «Светопреставление будет возля парома!» — подумал Прохор. Догнал подводы.",False,,False,,True,1007
WORD,S1_004,29456,4,4,решить,решил,"«Побросали частя и бегут», — решил Прохор, поглядывая на казаков.","Некоторые, привязав к повозкам строевых лошадей, лежали на арбах, переговариваясь с бабами, нянча детишек, другие ехали верхами, не снимая ни винтовок, ни шашек.","Пахло конским и бычьим потом, нагретым деревом бричек, домашней утварью, коломазью.","Некоторые, привязав к повозкам строевых лошадей, лежали на арбах, переговариваясь с бабами, нянча детишек, другие ехали верхами, не снимая ни винтовок, ни шашек. «Побросали частя и бегут», — решил Прохор, поглядывая на казаков. Пахло конским и бычьим потом, нагретым деревом бричек, домашней утварью, коломазью.",False,,False,,True,1008
WORD,S1_010,29470,8,8,колебаться,колеблющейся,"Садкие, бухающие звуки выстрелов сливались, в душном воздухе колеблющейся октавой стоял раскатистый, громовитый гул.",Канонада разрасталась.,"— Господи Исусе! — крестилась на арбе молодая баба, вырывая изо рта ребенка коричнево-розовый, блестящий от молока сосок, запихивая в рубаху тугую желтоватую кормящую грудь.","Канонада разрасталась. Садкие, бухающие звуки выстрелов сливались, в душном воздухе колеблющейся октавой стоял раскатистый, громовитый гул. — Господи Исусе! — крестилась на арбе молодая баба, вырывая изо рта ребенка коричнево-розовый, блестящий от молока сосок, запихивая в рубаху тугую желтоватую кормящую грудь.",False,,False,,True,1009
PHRASE,PHR_016,29548,3,4,долго думать,долго думая,"Тогда казачок, не долго думая, выхватил из-под полы американский винчестер, вскинул его к плечу.","Двое дружинников схватили лошадей под уздцы, остановили уже на той стороне моста.",— Дороги!..,"Двое дружинников схватили лошадей под уздцы, остановили уже на той стороне моста. Тогда казачок, не долго думая, выхватил из-под полы американский винчестер, вскинул его к плечу. — Дороги!..",False,,False,,True,1010
WORD,S1_001,29548,4,4,думать,думая,"Тогда казачок, не долго думая, выхватил из-под полы американский винчестер, вскинул его к плечу.","Двое дружинников схватили лошадей под уздцы, остановили уже на той стороне моста.",— Дороги!..,"Двое дружинников схватили лошадей под уздцы, остановили уже на той стороне моста. Тогда казачок, не долго думая, выхватил из-под полы американский винчестер, вскинул его к плечу. — Дороги!..",True,PHR_016,False,,False,1011
WORD,S1_004,29596,13,13,решить,решил,"Прохор Зыков, узнав о том, что конные части 1-й дивизии еще не прибыли, решил дождаться своей сотни на Базках.",С рассветом они должны были начать переправу.,"С трудом провел он коня в поводу мимо повозок, сплошняком сбитых к изгороди базковской больницы, не расседлывая, привязал к грядушке чьей-то арбы, разнуздал, а сам пошел между повозками искать знакомых.","С рассветом они должны были начать переправу. Прохор Зыков, узнав о том, что конные части 1-й дивизии еще не прибыли, решил дождаться своей сотни на Базках. С трудом провел он коня в поводу мимо повозок, сплошняком сбитых к изгороди базковской больницы, не расседлывая, привязал к грядушке чьей-то арбы, разнуздал, а сам пошел между повозками искать знакомых.",False,,False,,True,1012
WORD,S1_001,29627,6,6,думать,думаю,"— А я было погрешил на тебя, думаю: не от дурной ли хворости нос осел?","Ишо с малютки дюже от простуды хварывал, через это и попортился.",Как бы не набраться этой чепухи! — чистосердечно признался Прохор.,"Ишо с малютки дюже от простуды хварывал, через это и попортился. — А я было погрешил на тебя, думаю: не от дурной ли хворости нос осел? Как бы не набраться этой чепухи! — чистосердечно признался Прохор.",False,,False,,True,1013
WORD,S1_015,29665,3,3,припомнить,припомнить,Никак не мог припомнить: была на нем шапка или нет?,"Сделав еще несколько неверных шагов, остановился.","Привязанный к бричке гнедой белолобый мерин учуял овес, потянулся к чувалу, куснул угол.","Сделав еще несколько неверных шагов, остановился. Никак не мог припомнить: была на нем шапка или нет? Привязанный к бричке гнедой белолобый мерин учуял овес, потянулся к чувалу, куснул угол.",False,,False,,True,1014
WORD,S1_011,29847,30,30,мысль,мысли,"Кружилинская, Максаево-Сингинская, Каргинская пешая, Латышевская, Лиховидовская и Грачевская сотни заняли промежутки между Пегаревкой, Вешенской, Лебяжинским, Красноярским, остальные отошли в тыл, на хутора Задонья — Дубровку, Черный, Гороховцу — и должны были, по мысли Сафонова, составить тот резерв, который понадобился бы командованию в случае прорыва.","Туда, где между хуторами были интервалы, штаб перебросил сотни из казаков степной полосы побережья.","По левой стороне Дона, от крайних к западу хуторов Казанской станицы до Усть-Хопра, на сто пятьдесят верст протянулся повстанческий фронт.","Туда, где между хуторами были интервалы, штаб перебросил сотни из казаков степной полосы побережья. Кружилинская, Максаево-Сингинская, Каргинская пешая, Латышевская, Лиховидовская и Грачевская сотни заняли промежутки между Пегаревкой, Вешенской, Лебяжинским, Красноярским, остальные отошли в тыл, на хутора Задонья — Дубровку, Черный, Гороховцу — и должны были, по мысли Сафонова, составить тот резерв, который понадобился бы командованию в случае прорыва. По левой стороне Дона, от крайних к западу хуторов Казанской станицы до Усть-Хопра, на сто пятьдесят верст протянулся повстанческий фронт.",False,,False,,True,1015
WORD,S1_001,29916,3,3,думать,думай,"И ты не думай, Кудинов, что красные командиры дурее нас с тобой.",Пулеметы на таком голом берегу выкосят всех до единого!,Середь них есть побашковитей нас!,"Пулеметы на таком голом берегу выкосят всех до единого! И ты не думай, Кудинов, что красные командиры дурее нас с тобой. Середь них есть побашковитей нас!",False,,False,,True,1016
WORD,S1_004,29940,1,1,решить,решено,"Было решено из имевшихся в самой Вешенской пулеметов выделить несколько штук для передачи Белогорской, Меркуловской и Громковской сотням, на участках которых переправа была всего возможней.","Кудинов стал на сторону Григория, решительно поддержав его предложение об усиленной охране наиболее подходящих для переправы мест и сосредоточении в непосредственной близости от угрожаемых участков резервных частей.","Предположение Григория о том, что красные не будут предпринимать попыток к переправе против Вешенской, а изберут для этого более удобное место, подтвердилось на другой же день.","Кудинов стал на сторону Григория, решительно поддержав его предложение об усиленной охране наиболее подходящих для переправы мест и сосредоточении в непосредственной близости от угрожаемых участков резервных частей. Было решено из имевшихся в самой Вешенской пулеметов выделить несколько штук для передачи Белогорской, Меркуловской и Громковской сотням, на участках которых переправа была всего возможней. Предположение Григория о том, что красные не будут предпринимать попыток к переправе против Вешенской, а изберут для этого более удобное место, подтвердилось на другой же день.",False,,False,,True,1017
WORD,S1_004,29965,27,27,решить,решил,"Можно было дождаться вечерних сумерек, чтобы пересечь ровное полотнище луга затемно, но Григорий, не любивший ожидания, всегда говаривавший, что «хуже всего на свете — это дожидаться и догонять», решил ехать сейчас же.",Ехать к траншеям лугом — значило подвергнуться обстрелу.,"«Ахну намётом во всю конскую резвость, небось не попадут!» — подумал он, выезжая из кустов.","Ехать к траншеям лугом — значило подвергнуться обстрелу. Можно было дождаться вечерних сумерек, чтобы пересечь ровное полотнище луга затемно, но Григорий, не любивший ожидания, всегда говаривавший, что «хуже всего на свете — это дожидаться и догонять», решил ехать сейчас же. «Ахну намётом во всю конскую резвость, небось не попадут!» — подумал он, выезжая из кустов.",False,,False,,True,1018
WORD,S1_002,29966,9,9,подумать,подумал,"«Ахну намётом во всю конскую резвость, небось не попадут!» — подумал он, выезжая из кустов.","Можно было дождаться вечерних сумерек, чтобы пересечь ровное полотнище луга затемно, но Григорий, не любивший ожидания, всегда говаривавший, что «хуже всего на свете — это дожидаться и догонять», решил ехать сейчас же.","Выбрал зеленую гривку верб, отножиной выходившую из придонского леса, поднял плеть.","Можно было дождаться вечерних сумерек, чтобы пересечь ровное полотнище луга затемно, но Григорий, не любивший ожидания, всегда говаривавший, что «хуже всего на свете — это дожидаться и догонять», решил ехать сейчас же. «Ахну намётом во всю конскую резвость, небось не попадут!» — подумал он, выезжая из кустов. Выбрал зеленую гривку верб, отножиной выходившую из придонского леса, поднял плеть.",False,,False,,True,1019
WORD,S1_002,29975,2,2,подумать,подумал,"«Увышал, дядя!» — подумал Григорий, стискивая конские бока, пуская поводья, касаясь щекой вихрившейся под встречным ветром конской гривы.",Тью!» — по-сурчиному засвистали пули.,"И, словно угадав его мысль, красный пулеметчик, лежавший за зеленым щитком станкового пулемета где-то на беломысом бугре, взял прицел с упреждением, резанул струею пулеметного огня ниже, и уже под передними копытами коня смачно зачмокали, по-змеиному зашипели накаленные в полете пули.","Тью!» — по-сурчиному засвистали пули. «Увышал, дядя!» — подумал Григорий, стискивая конские бока, пуская поводья, касаясь щекой вихрившейся под встречным ветром конской гривы. И, словно угадав его мысль, красный пулеметчик, лежавший за зеленым щитком станкового пулемета где-то на беломысом бугре, взял прицел с упреждением, резанул струею пулеметного огня ниже, и уже под передними копытами коня смачно зачмокали, по-змеиному зашипели накаленные в полете пули.",False,,False,,True,1020
WORD,S1_011,29976,4,4,мысль,мысль,"И, словно угадав его мысль, красный пулеметчик, лежавший за зеленым щитком станкового пулемета где-то на беломысом бугре, взял прицел с упреждением, резанул струею пулеметного огня ниже, и уже под передними копытами коня смачно зачмокали, по-змеиному зашипели накаленные в полете пули.","«Увышал, дядя!» — подумал Григорий, стискивая конские бока, пуская поводья, касаясь щекой вихрившейся под встречным ветром конской гривы.","Они вгрызались во влажную, еще не просохшую от полой воды почву, брызгали горячей грязью…","«Увышал, дядя!» — подумал Григорий, стискивая конские бока, пуская поводья, касаясь щекой вихрившейся под встречным ветром конской гривы. И, словно угадав его мысль, красный пулеметчик, лежавший за зеленым щитком станкового пулемета где-то на беломысом бугре, взял прицел с упреждением, резанул струею пулеметного огня ниже, и уже под передними копытами коня смачно зачмокали, по-змеиному зашипели накаленные в полете пули. Они вгрызались во влажную, еще не просохшую от полой воды почву, брызгали горячей грязью…",False,,False,,True,1021
WORD,S1_001,30012,2,2,думать,думаю,"Ноне ночью думаю вызвать охотников, чтобы переплыли да поглядели, что они там выстраивают.",— И то глядим.,— А почему этой ночью не послал?,"— И то глядим. Ноне ночью думаю вызвать охотников, чтобы переплыли да поглядели, что они там выстраивают. — А почему этой ночью не послал?",False,,False,,True,1022
WORD,S1_002,30034,29,29,подумать,подумать,"Если бы не злобное тарахтенье пулемета за Доном, не гулкое буханье орудий, доносившееся по воде откуда-то сверху, не то с Мигулинского, не то с Казанского юртов, можно было бы подумать, что у Дона станом стали косари, — так мирен был вид пребывавшей на линии огня Громковской повстанческой сотни.","Он дремал, удобно лежа на боку, а жена проворно искала его, била на деревянном зубчатом гребне черноспинных головных вшей, отгоняла мух, садившихся на лицо ее престарелого «дружечки».",Впервые за пять лет войны Григорий видел столь необычайную позиционную картину.,"Он дремал, удобно лежа на боку, а жена проворно искала его, била на деревянном зубчатом гребне черноспинных головных вшей, отгоняла мух, садившихся на лицо ее престарелого «дружечки». Если бы не злобное тарахтенье пулемета за Доном, не гулкое буханье орудий, доносившееся по воде откуда-то сверху, не то с Мигулинского, не то с Казанского юртов, можно было бы подумать, что у Дона станом стали косари, — так мирен был вид пребывавшей на линии огня Громковской повстанческой сотни. Впервые за пять лет войны Григорий видел столь необычайную позиционную картину.",False,,False,,True,1023
WORD,S1_001,30055,12,12,думать,думала,"«Вызвал в Вешки, сулил — вместе будем, а сам лытает черт-те где!» — озлобленно думала она, лежа в горнице на сундуке, покусывая яркие, но уже блекнущие губы.","Первый день она разыскивала Григория, но его еще не было в Вешенской, а на следующий день допоздна по улицам и переулкам свистали пули, рвались снаряды, и Аксинья не решилась выйти из хаты.","Старуха-тетка сидела у окна, вязала чулок, после каждого орудийного выстрела крестилась.","Первый день она разыскивала Григория, но его еще не было в Вешенской, а на следующий день допоздна по улицам и переулкам свистали пули, рвались снаряды, и Аксинья не решилась выйти из хаты. «Вызвал в Вешки, сулил — вместе будем, а сам лытает черт-те где!» — озлобленно думала она, лежа в горнице на сундуке, покусывая яркие, но уже блекнущие губы. Старуха-тетка сидела у окна, вязала чулок, после каждого орудийного выстрела крестилась.",False,,False,,True,1024
WORD,S1_001,30129,3,3,думать,думал,А про себя думал: «Сызнова склещились…,Все у вас как-то не по-людски…,"Ну, зараз их и сам черт не растянет!","Все у вас как-то не по-людски… А про себя думал: «Сызнова склещились… Ну, зараз их и сам черт не растянет!",False,,False,,True,1025
WORD,S1_002,30362,3,3,подумать,подумал,"Вот я и подумал: «Может, наш комдив с милушкой забавляется, а от нас хоронится?»","Позавчера никак всю станицу я перерыл, тебя искал, и вот приходит один посыльный, говорит: «На квартире Мелехова не оказалось, а ко мне из горенки вышла какая-то дюже красивая баба и сказала: „Уехал Григорий Пантелевич“, — а у самой глаза припухлые».",Григорий поморщился.,"Позавчера никак всю станицу я перерыл, тебя искал, и вот приходит один посыльный, говорит: «На квартире Мелехова не оказалось, а ко мне из горенки вышла какая-то дюже красивая баба и сказала: „Уехал Григорий Пантелевич“, — а у самой глаза припухлые». Вот я и подумал: «Может, наш комдив с милушкой забавляется, а от нас хоронится?» Григорий поморщился.",False,,False,,True,1026
WORD,S1_001,30372,2,2,думать,думаешь,Как ты думаешь?,"Может, даже на Громок переправиться, чтобы им паники нагнать, а?","Григорий помолчал, потом ответил:
— Дело неплохое.","Может, даже на Громок переправиться, чтобы им паники нагнать, а? Как ты думаешь? Григорий помолчал, потом ответил:
— Дело неплохое.",False,,False,,True,1027
WORD,S1_007,30379,3,3,раздумывать,раздумывая,"Польщенный Григорий, не раздумывая, согласился:
— Поведу, конечно!","С переправой можно так засыпаться, что ни один не возвернется!","— Мы тут плановали и надумали так, — оживленно заговорил Кудинов, встав с табурета, расхаживая по скрипучим половицам горницы.","С переправой можно так засыпаться, что ни один не возвернется! Польщенный Григорий, не раздумывая, согласился:
— Поведу, конечно! — Мы тут плановали и надумали так, — оживленно заговорил Кудинов, встав с табурета, расхаживая по скрипучим половицам горницы.",False,,False,,True,1028
WORD,S1_002,30384,3,3,подумать,подумай,"Так вот, ты подумай, а завтра бери любых казаков на выбор и бузуй.",Верно?,"Мы так и порешили: окромя Мелехова, некому это проделать!","Верно? Так вот, ты подумай, а завтра бери любых казаков на выбор и бузуй. Мы так и порешили: окромя Мелехова, некому это проделать!",False,,False,,True,1029
PHRASE,PHR_635,30400,0,3,ты понять,Ты не так понял,"— Ты не так понял, Мелехов!",— …Плюю!,— Все я понял!,"— …Плюю! — Ты не так понял, Мелехов! — Все я понял!",False,,False,,True,1030
WORD,S1_017,30400,3,3,понять,понял,"— Ты не так понял, Мелехов!",— …Плюю!,— Все я понял!,"— …Плюю! — Ты не так понял, Мелехов! — Все я понял!",True,PHR_635,False,,False,1031
WORD,S1_017,30401,2,2,понять,понял,— Все я понял!,"— Ты не так понял, Мелехов!",— Григорий разом вздохнул и снова сел на табурет.,"— Ты не так понял, Мелехов! — Все я понял! — Григорий разом вздохнул и снова сел на табурет.",False,,False,,True,1032
WORD,S1_004,30409,8,8,решить,решили,"Положение у нас зараз дюже сурьезное, поэтому и решили им тревоги наделать, не дать приготовиться к переправе.","Хочешь — веди, не хочешь — как хочешь.",А про повышение я же шутейно сказал!,"Хочешь — веди, не хочешь — как хочешь. Положение у нас зараз дюже сурьезное, поэтому и решили им тревоги наделать, не дать приготовиться к переправе. А про повышение я же шутейно сказал!",False,,False,,True,1033
WORD,S1_015,30412,5,5,припомнить,припомнил,"И про бабу шутейно тебе припомнил, а потом вижу — ты чегой-то лютуешь, дай, думаю, ишо его распалю!",Как ты шуток не понимаешь?,"Ить я-то знаю, что ты недоделанный большевик и чины всякие не любишь.","Как ты шуток не понимаешь? И про бабу шутейно тебе припомнил, а потом вижу — ты чегой-то лютуешь, дай, думаю, ишо его распалю! Ить я-то знаю, что ты недоделанный большевик и чины всякие не любишь.",False,,False,,True,1034
WORD,S1_001,30412,13,13,думать,думаю,"И про бабу шутейно тебе припомнил, а потом вижу — ты чегой-то лютуешь, дай, думаю, ишо его распалю!",Как ты шуток не понимаешь?,"Ить я-то знаю, что ты недоделанный большевик и чины всякие не любишь.","Как ты шуток не понимаешь? И про бабу шутейно тебе припомнил, а потом вижу — ты чегой-то лютуешь, дай, думаю, ишо его распалю! Ить я-то знаю, что ты недоделанный большевик и чины всякие не любишь.",False,,False,,True,1035
WORD,S1_002,30414,2,2,подумать,подумал,"А ты подумал, что я это сурьезно? — изворачивался Кудинов и смеялся так натурально, что у Григория на миг даже ворохнулась мыслишка: «А может, он и на самом деле дурковал?»","Ить я-то знаю, что ты недоделанный большевик и чины всякие не любишь.","— Нет, это ты… х-х-хо-хо-хо!.. по-го-ря-чился, браток!","Ить я-то знаю, что ты недоделанный большевик и чины всякие не любишь. А ты подумал, что я это сурьезно? — изворачивался Кудинов и смеялся так натурально, что у Григория на миг даже ворохнулась мыслишка: «А может, он и на самом деле дурковал?» — Нет, это ты… х-х-хо-хо-хо!.. по-го-ря-чился, браток!",False,,False,,True,1036
WORD,S1_017,30489,14,14,понять,Поняй,"Командир разъезда тронул своего вислозадого вороного коня, отъехал, но потом полуобернулся на седле, посоветовал:
— Поняй з намы, а то колы б тоби «секим башка» не зробилы.",— А то вже як знаешь.,Мишка охотно пристал к разъезду.,"— А то вже як знаешь. Командир разъезда тронул своего вислозадого вороного коня, отъехал, но потом полуобернулся на седле, посоветовал:
— Поняй з намы, а то колы б тоби «секим башка» не зробилы. Мишка охотно пристал к разъезду.",False,,False,,True,1037
WORD,S1_007,30502,3,3,раздумывать,раздумывал,"Он уже не раздумывал, не прислушивался к невнятному голосу жалости, когда в руки ему попадался пленный казак-повстанец.","После убийства Штокмана, после того, как до Мишки дошел слух о гибели Ивана Алексеевича и еланских коммунистов, жгучей ненавистью к казакам оделось Мишкино сердце.",Ни к одному из них с той поры он не относился со снисхождением.,"После убийства Штокмана, после того, как до Мишки дошел слух о гибели Ивана Алексеевича и еланских коммунистов, жгучей ненавистью к казакам оделось Мишкино сердце. Он уже не раздумывал, не прислушивался к невнятному голосу жалости, когда в руки ему попадался пленный казак-повстанец. Ни к одному из них с той поры он не относился со снисхождением.",False,,False,,True,1038
WORD,S1_012,30514,2,2,мысленно,мысленно,"Он уже мысленно составил список тех, кого надо сжечь, а на случай, если б его часть пошла с Чира левее Вешенской, Мишка решил ночью самовольно отлучиться и побывать-таки в родном хуторе.","Хотел он во что бы то ни стало попасть в Татарский, чтобы отомстить хуторянам за смерть Ивана Алексеевича и еланских коммунистов, выжечь полхутора.","Была и другая причина, понуждавшая его ехать в Татарский…","Хотел он во что бы то ни стало попасть в Татарский, чтобы отомстить хуторянам за смерть Ивана Алексеевича и еланских коммунистов, выжечь полхутора. Он уже мысленно составил список тех, кого надо сжечь, а на случай, если б его часть пошла с Чира левее Вешенской, Мишка решил ночью самовольно отлучиться и побывать-таки в родном хуторе. Была и другая причина, понуждавшая его ехать в Татарский…",False,,False,,True,1039
WORD,S1_004,30514,22,22,решить,решил,"Он уже мысленно составил список тех, кого надо сжечь, а на случай, если б его часть пошла с Чира левее Вешенской, Мишка решил ночью самовольно отлучиться и побывать-таки в родном хуторе.","Хотел он во что бы то ни стало попасть в Татарский, чтобы отомстить хуторянам за смерть Ивана Алексеевича и еланских коммунистов, выжечь полхутора.","Была и другая причина, понуждавшая его ехать в Татарский…","Хотел он во что бы то ни стало попасть в Татарский, чтобы отомстить хуторянам за смерть Ивана Алексеевича и еланских коммунистов, выжечь полхутора. Он уже мысленно составил список тех, кого надо сжечь, а на случай, если б его часть пошла с Чира левее Вешенской, Мишка решил ночью самовольно отлучиться и побывать-таки в родном хуторе. Была и другая причина, понуждавшая его ехать в Татарский…",False,,False,,True,1040
WORD,S1_014,30584,0,0,вспомнить,Вспомнив,"Вспомнив это, Мишка подошел к половице.",Мать Мишки имела обыкновение прятать там от детворы сушеные яблоки.,«Неужели мамаша не ждала меня?,"Мать Мишки имела обыкновение прятать там от детворы сушеные яблоки. Вспомнив это, Мишка подошел к половице. «Неужели мамаша не ждала меня?",False,,False,,True,1041
WORD,S1_002,30586,5,5,подумать,подумал,"Может, она тут чего прихоронила?» — подумал он.",«Неужели мамаша не ждала меня?,"И, обнажив шашку, концом ее поддел половицу.","«Неужели мамаша не ждала меня? Может, она тут чего прихоронила?» — подумал он. И, обнажив шашку, концом ее поддел половицу.",False,,False,,True,1042
WORD,S1_002,30602,9,9,подумать,подумал,"И так небось за меня трясли ее, как грушу…» — подумал он и, помедлив, вышел.","«Убоялась оставаться, да оно и лучше, а то казаки все одно убили бы.","Отвязал коня, но ехать к Мелеховым не решился: баз их был над самым Доном, а из-за Дона какой-нибудь искусный стрелок мог легко пометить Мишку свинцовой безоболочной повстанческой пулей.","«Убоялась оставаться, да оно и лучше, а то казаки все одно убили бы. И так небось за меня трясли ее, как грушу…» — подумал он и, помедлив, вышел. Отвязал коня, но ехать к Мелеховым не решился: баз их был над самым Доном, а из-за Дона какой-нибудь искусный стрелок мог легко пометить Мишку свинцовой безоболочной повстанческой пулей.",False,,False,,True,1043
WORD,S1_004,30604,2,2,решить,решил,"И Мишка решил поехать к Коршуновым, а в сумерках вернуться на плац и под прикрытием темноты запалить моховский и остальные купеческие и поповские дома.","Отвязал коня, но ехать к Мелеховым не решился: баз их был над самым Доном, а из-за Дона какой-нибудь искусный стрелок мог легко пометить Мишку свинцовой безоболочной повстанческой пулей.","По забазьям прискакал он к просторному коршуновскому подворью, въехал в распахнутые ворота, привязал к перилам коня и только что хотел идти в курень, как на крыльцо вышел дед Гришака.","Отвязал коня, но ехать к Мелеховым не решился: баз их был над самым Доном, а из-за Дона какой-нибудь искусный стрелок мог легко пометить Мишку свинцовой безоболочной повстанческой пулей. И Мишка решил поехать к Коршуновым, а в сумерках вернуться на плац и под прикрытием темноты запалить моховский и остальные купеческие и поповские дома. По забазьям прискакал он к просторному коршуновскому подворью, въехал в распахнутые ворота, привязал к перилам коня и только что хотел идти в курень, как на крыльцо вышел дед Гришака.",False,,False,,True,1044
WORD,S1_010,30780,12,12,колебаться,колеблющихся,"Щуря слезящиеся, опухшие от бессонницы глаза, недоверчиво оглядел взлохмаченную, ослепительно яркую листву колеблющихся деревьев, вздыбленные ветром белогривые облака, послушал ропщущий лесной шум и пошел мимо землянок разыскивать Аникушку.","А потом прослышал, что сотенный командир посылает Аникушку в Вешенскую за патронами, и впервые за двое суток вышел из землянки.","При казаках не стал говорить, а отвел его в сторону, попросил:
— Разыщи в Вешках Аксинью и моим словом скажи, чтобы пришла меня проведать.","А потом прослышал, что сотенный командир посылает Аникушку в Вешенскую за патронами, и впервые за двое суток вышел из землянки. Щуря слезящиеся, опухшие от бессонницы глаза, недоверчиво оглядел взлохмаченную, ослепительно яркую листву колеблющихся деревьев, вздыбленные ветром белогривые облака, послушал ропщущий лесной шум и пошел мимо землянок разыскивать Аникушку. При казаках не стал говорить, а отвел его в сторону, попросил:
— Разыщи в Вешках Аксинью и моим словом скажи, чтобы пришла меня проведать.",False,,False,,True,1045
PHRASE,PHR_099,30794,6,7,сообразить что,сообразила что,"И уж после того, как ответила, сообразила, что получается так, будто Мелеховы ей не чужие, а свои.","Аксинья сухо ответила, что переправиться с чужими не было возможности, а просить Мелеховых не захотела.","И смутилась оттого, что и Степан мог так понять ее.","Аксинья сухо ответила, что переправиться с чужими не было возможности, а просить Мелеховых не захотела. И уж после того, как ответила, сообразила, что получается так, будто Мелеховы ей не чужие, а свои. И смутилась оттого, что и Степан мог так понять ее.",False,,False,,True,1046
WORD,S1_022,30794,6,6,сообразить,сообразила,"И уж после того, как ответила, сообразила, что получается так, будто Мелеховы ей не чужие, а свои.","Аксинья сухо ответила, что переправиться с чужими не было возможности, а просить Мелеховых не захотела.","И смутилась оттого, что и Степан мог так понять ее.","Аксинья сухо ответила, что переправиться с чужими не было возможности, а просить Мелеховых не захотела. И уж после того, как ответила, сообразила, что получается так, будто Мелеховы ей не чужие, а свои. И смутилась оттого, что и Степан мог так понять ее.",True,PHR_099,False,,False,1047
WORD,S1_017,30795,8,8,понять,понять,"И смутилась оттого, что и Степан мог так понять ее.","И уж после того, как ответила, сообразила, что получается так, будто Мелеховы ей не чужие, а свои.","А он, вероятно, так и понял.","И уж после того, как ответила, сообразила, что получается так, будто Мелеховы ей не чужие, а свои. И смутилась оттого, что и Степан мог так понять ее. А он, вероятно, так и понял.",False,,False,,True,1048
WORD,S1_017,30796,5,5,понять,понял,"А он, вероятно, так и понял.","И смутилась оттого, что и Степан мог так понять ее.","Что-то дрогнуло у него под бровями, и по лицу словно прошла тень.","И смутилась оттого, что и Степан мог так понять ее. А он, вероятно, так и понял. Что-то дрогнуло у него под бровями, и по лицу словно прошла тень.",False,,False,,True,1049
WORD,S1_001,30817,1,1,думать,думала,"Неотвязно думала о Григории, об их последней размолвке, предшествовавшей поездке его в сотню.","Согнутой в локте полной и смуглой рукой она проводила по лицу, отгоняя комаров.","«Может, он зараз уже ищет меня?","Согнутой в локте полной и смуглой рукой она проводила по лицу, отгоняя комаров. Неотвязно думала о Григории, об их последней размолвке, предшествовавшей поездке его в сотню. «Может, он зараз уже ищет меня?",False,,False,,True,1050
WORD,S1_004,30819,7,7,решить,решила,"Нынче же ночью вернусь в станицу!» — бесповоротно решила Аксинья и улыбнулась своим мыслям о том, как она встретится с Григорием и каким скорым будет примирение.","«Может, он зараз уже ищет меня?","И диковинно: последнее время, думая о Григории, она почему-то не представляла его внешнего облика таким, каким он был на самом деле.","«Может, он зараз уже ищет меня? Нынче же ночью вернусь в станицу!» — бесповоротно решила Аксинья и улыбнулась своим мыслям о том, как она встретится с Григорием и каким скорым будет примирение. И диковинно: последнее время, думая о Григории, она почему-то не представляла его внешнего облика таким, каким он был на самом деле.",False,,False,,True,1051
WORD,S1_011,30819,12,12,мысль,мыслям,"Нынче же ночью вернусь в станицу!» — бесповоротно решила Аксинья и улыбнулась своим мыслям о том, как она встретится с Григорием и каким скорым будет примирение.","«Может, он зараз уже ищет меня?","И диковинно: последнее время, думая о Григории, она почему-то не представляла его внешнего облика таким, каким он был на самом деле.","«Может, он зараз уже ищет меня? Нынче же ночью вернусь в станицу!» — бесповоротно решила Аксинья и улыбнулась своим мыслям о том, как она встретится с Григорием и каким скорым будет примирение. И диковинно: последнее время, думая о Григории, она почему-то не представляла его внешнего облика таким, каким он был на самом деле.",False,,False,,True,1052
WORD,S1_001,30820,4,4,думать,думая,"И диковинно: последнее время, думая о Григории, она почему-то не представляла его внешнего облика таким, каким он был на самом деле.","Нынче же ночью вернусь в станицу!» — бесповоротно решила Аксинья и улыбнулась своим мыслям о том, как она встретится с Григорием и каким скорым будет примирение.","Перед глазами ее возникал не теперешний Григорий, большой, мужественный, поживший и много испытавший казачина с усталым прижмуром глаз, с порыжелыми кончиками черных усов, с преждевременной сединой на висках и жесткими морщинами на лбу — неистребимыми следами пережитых за годы войны лишений, — а тот прежний Гришка Мелехов, по-юношески грубоватый и неумелый в ласках, с юношески круглой и тонкой шеей и беспечным складом постоянно улыбающихся губ.","Нынче же ночью вернусь в станицу!» — бесповоротно решила Аксинья и улыбнулась своим мыслям о том, как она встретится с Григорием и каким скорым будет примирение. И диковинно: последнее время, думая о Григории, она почему-то не представляла его внешнего облика таким, каким он был на самом деле. Перед глазами ее возникал не теперешний Григорий, большой, мужественный, поживший и много испытавший казачина с усталым прижмуром глаз, с порыжелыми кончиками черных усов, с преждевременной сединой на висках и жесткими морщинами на лбу — неистребимыми следами пережитых за годы войны лишений, — а тот прежний Гришка Мелехов, по-юношески грубоватый и неумелый в ласках, с юношески круглой и тонкой шеей и беспечным складом постоянно улыбающихся губ.",False,,False,,True,1053
PHRASE,PHR_047,30823,6,8,восстановить в память,восстановив в памяти,"Вот и теперь: с предельной ясностью восстановив в памяти черты бесконечно дорогого лица, она тяжело задышала, заулыбалась, выпрямилась и, кинув под ноги недостиранную рубаху мужа и ощущая в горле горячий комок внезапно подступивших сладких рыданий, шепнула:
— Вошел ты в меня, проклятый, на всю жизнь!",И от этого Аксинья испытывала к нему еще бо́льшую любовь и почти материнскую нежность.,"Слезы облегчили ее, но после этого голубой утренний мир вокруг нее словно бы поблек.","И от этого Аксинья испытывала к нему еще бо́льшую любовь и почти материнскую нежность. Вот и теперь: с предельной ясностью восстановив в памяти черты бесконечно дорогого лица, она тяжело задышала, заулыбалась, выпрямилась и, кинув под ноги недостиранную рубаху мужа и ощущая в горле горячий комок внезапно подступивших сладких рыданий, шепнула:
— Вошел ты в меня, проклятый, на всю жизнь! Слезы облегчили ее, но после этого голубой утренний мир вокруг нее словно бы поблек.",False,,False,,True,1054
WORD,S1_001,30828,1,1,думать,думаешь,"— Ты думаешь, стало быть, что красные не будут переправляться на эту сторону?","Проснувшийся Христоня сидел около выхода, шевелил узловатыми, искривленными пальцами ног, настойчиво заговаривал со Степаном, а тот, лежа на полсти, молча курил, упорно не отвечая на Христонины вопросы.",Молчишь?,"Проснувшийся Христоня сидел около выхода, шевелил узловатыми, искривленными пальцами ног, настойчиво заговаривал со Степаном, а тот, лежа на полсти, молча курил, упорно не отвечая на Христонины вопросы. — Ты думаешь, стало быть, что красные не будут переправляться на эту сторону? Молчишь?",False,,False,,True,1055
WORD,S1_001,30831,2,2,думать,думаю,"А я думаю, что не иначе будут они силоваться на бродах перейтить…",Ну и молчи.,Беспременно на бродах!,"Ну и молчи. А я думаю, что не иначе будут они силоваться на бродах перейтить… Беспременно на бродах!",False,,False,,True,1056
WORD,S1_001,30834,1,1,думать,думаешь,"Или, думаешь, могут конницу вплынь пустить?",Окромя им негде.,"Чего же ты молчишь, Степан?","Окромя им негде. Или, думаешь, могут конницу вплынь пустить? Чего же ты молчишь, Степан?",False,,False,,True,1057
WORD,S1_002,30868,7,7,подумать,подумала,"«Сейчас скажу ему, что пойду в Вешки», — подумала она и тотчас вспомнила, что еще не сняла высохшее Степаново белье.",Минут через десять Аксинья встала.,"Долго чинила сопревшие от пота рубахи и исподники мужа, сидя у входа в землянку, часто поглядывая на свернувшее с полдня солнце.
…В этот день она так и не ушла.","Минут через десять Аксинья встала. «Сейчас скажу ему, что пойду в Вешки», — подумала она и тотчас вспомнила, что еще не сняла высохшее Степаново белье. Долго чинила сопревшие от пота рубахи и исподники мужа, сидя у входа в землянку, часто поглядывая на свернувшее с полдня солнце.
…В этот день она так и не ушла.",False,,False,,True,1058
WORD,S1_014,30868,11,11,вспомнить,вспомнила,"«Сейчас скажу ему, что пойду в Вешки», — подумала она и тотчас вспомнила, что еще не сняла высохшее Степаново белье.",Минут через десять Аксинья встала.,"Долго чинила сопревшие от пота рубахи и исподники мужа, сидя у входа в землянку, часто поглядывая на свернувшее с полдня солнце.
…В этот день она так и не ушла.","Минут через десять Аксинья встала. «Сейчас скажу ему, что пойду в Вешки», — подумала она и тотчас вспомнила, что еще не сняла высохшее Степаново белье. Долго чинила сопревшие от пота рубахи и исподники мужа, сидя у входа в землянку, часто поглядывая на свернувшее с полдня солнце.
…В этот день она так и не ушла.",False,,False,,True,1059
WORD,S1_001,30872,26,26,думать,думаешь,"Степан пробовал удержать ее, просил погостить еще денек, но она так настойчиво отклоняла его просьбы, что он не стал уговаривать, только спросил перед расставанием:
— В Вешках думаешь жить?","А наутро, едва взошло солнце, стала собираться.",— Пока в Вешках.,"А наутро, едва взошло солнце, стала собираться. Степан пробовал удержать ее, просил погостить еще денек, но она так настойчиво отклоняла его просьбы, что он не стал уговаривать, только спросил перед расставанием:
— В Вешках думаешь жить? — Пока в Вешках.",False,,False,,True,1060
WORD,S1_017,30878,20,20,понять,пойму,"Он летел издалека, приустал за ночь, но к утру все же донес горячий накал закаспийских пустынь и, свалившись на луговую пойму левобережья, иссушил росу, разметал туман, розовой душной мглою окутал меловые отроги придонских гор.
Аксинья сняла чирики и, захватив левой рукой подол юбки (в лесу на траве еще лежала роса), легко шла по лесной заброшенной дороге.",Дул сильный юго-восточный ветер.,"Босые ноги приятно холодила влажная земля, а оголенные полные икры и шею ищущими горячими губами целовал суховей.","Дул сильный юго-восточный ветер. Он летел издалека, приустал за ночь, но к утру все же донес горячий накал закаспийских пустынь и, свалившись на луговую пойму левобережья, иссушил росу, разметал туман, розовой душной мглою окутал меловые отроги придонских гор.
Аксинья сняла чирики и, захватив левой рукой подол юбки (в лесу на траве еще лежала роса), легко шла по лесной заброшенной дороге. Босые ноги приятно холодила влажная земля, а оголенные полные икры и шею ищущими горячими губами целовал суховей.",False,,False,,True,1061
WORD,S1_001,30931,4,4,думать,думая,"Пусти! — просила она, задыхаясь, думая этой наивной хитростью избавиться от приставанья.",Я больная дурной болезнью…,— Это… чья болезня старше!.. — уже сквозь зубы бормотнул казак и вдруг легко приподнял Аксинью.,"Я больная дурной болезнью… Пусти! — просила она, задыхаясь, думая этой наивной хитростью избавиться от приставанья. — Это… чья болезня старше!.. — уже сквозь зубы бормотнул казак и вдруг легко приподнял Аксинью.",False,,False,,True,1062
WORD,S1_018,30933,1,1,осознать,осознав,"Вмиг осознав, что шутка кончилась и дело принимает дурной оборот, она изо всей силы ударила кулаком по коричневому от загара носу и вырвалась из цепко державших ее рук.",— Это… чья болезня старше!.. — уже сквозь зубы бормотнул казак и вдруг легко приподнял Аксинью.,— Я жена Григория Мелехова!,"— Это… чья болезня старше!.. — уже сквозь зубы бормотнул казак и вдруг легко приподнял Аксинью. Вмиг осознав, что шутка кончилась и дело принимает дурной оборот, она изо всей силы ударила кулаком по коричневому от загара носу и вырвалась из цепко державших ее рук. — Я жена Григория Мелехова!",False,,False,,True,1063
PHRASE,PHR_076,30966,4,5,принять решение,принял решение,"Руководивший наступлением командир бригады принял решение прекратить преследование до рассвета, с тем чтобы к утру подтянуть резервы, сосредоточиться на подступах к Вешенской и после артиллерийской подготовки вести дальнейшее наступление.","Продвижение их было крайне затруднено тем, что никто из красноармейцев не знал местности, части не имели проводников и, двигаясь вслепую, все время натыкались в ночной темноте на озера и налитые полой водой глубокие протоки, перейти которые вброд было невозможно.",Но в Вешенской уже принимались спешные меры для ликвидации прорыва.,"Продвижение их было крайне затруднено тем, что никто из красноармейцев не знал местности, части не имели проводников и, двигаясь вслепую, все время натыкались в ночной темноте на озера и налитые полой водой глубокие протоки, перейти которые вброд было невозможно. Руководивший наступлением командир бригады принял решение прекратить преследование до рассвета, с тем чтобы к утру подтянуть резервы, сосредоточиться на подступах к Вешенской и после артиллерийской подготовки вести дальнейшее наступление. Но в Вешенской уже принимались спешные меры для ликвидации прорыва.",False,,False,,True,1064
WORD,S1_024,30971,77,77,намереваться,намереваясь,"Он бросил на хутор Еринский триста сабель, с расчетом, чтобы они укрепили левый фланг и помогли Татарской и Лебяженской сотням сдержать напор противника, в случае если он устремится в обход Вешенской с востока; с запада, вниз по течению Дона, направил в помощь Базковской сотне Вешенскую иногороднюю дружину и одну из Чирских пеших сотен; на угрожаемых участках расставил восемь пулеметов, а сам с двумя конными сотнями — часов около двух ночи — разместился на опушке Горелого леса, дожидаясь рассвета и намереваясь атаковать красноармейцев в конном строю.",Общее руководство операцией взял на себя Григорий Мелехов.,"Еще не погасли Стожары, когда Вешенская иногородняя дружина, пробиравшаяся по лесу к базковскому колену, столкнулась с отступавшими базковцами и, приняв их за противника, после короткой перестрелки бежала.","Общее руководство операцией взял на себя Григорий Мелехов. Он бросил на хутор Еринский триста сабель, с расчетом, чтобы они укрепили левый фланг и помогли Татарской и Лебяженской сотням сдержать напор противника, в случае если он устремится в обход Вешенской с востока; с запада, вниз по течению Дона, направил в помощь Базковской сотне Вешенскую иногороднюю дружину и одну из Чирских пеших сотен; на угрожаемых участках расставил восемь пулеметов, а сам с двумя конными сотнями — часов около двух ночи — разместился на опушке Горелого леса, дожидаясь рассвета и намереваясь атаковать красноармейцев в конном строю. Еще не погасли Стожары, когда Вешенская иногородняя дружина, пробиравшаяся по лесу к базковскому колену, столкнулась с отступавшими базковцами и, приняв их за противника, после короткой перестрелки бежала.",False,,False,,True,1065
WORD,S1_001,31007,4,4,думать,думал,Но Христоня и не думал останавливаться.,"Стой, говорят тебе!.. — тщетно кричал Григорий.","Он еще больше убыстрил бег, перейдя на какой-то разнузданный верблюжий галоп.","Стой, говорят тебе!.. — тщетно кричал Григорий. Но Христоня и не думал останавливаться. Он еще больше убыстрил бег, перейдя на какой-то разнузданный верблюжий галоп.",False,,False,,True,1066
WORD,S1_002,31159,10,10,подумать,подумал,"Запропала где-то, — ответил Прохор, позевывая, и тотчас же со страхом подумал: «Не дай бог, опять заставит ее разыскивать…",— Нет.,"Вот скочетались, черти, на мою голову!»","— Нет. Запропала где-то, — ответил Прохор, позевывая, и тотчас же со страхом подумал: «Не дай бог, опять заставит ее разыскивать… Вот скочетались, черти, на мою голову!»",False,,False,,True,1067
WORD,S1_002,31216,4,4,подумать,подумал,"Чем черт не шутит», — подумал Григорий и не спеша повернул домой.",«А и в самом деле могут накинуть.,"В этот день Кудинов, обойдя приглашением Мелехова, созвал в штабе строго секретное совещание.","«А и в самом деле могут накинуть. Чем черт не шутит», — подумал Григорий и не спеша повернул домой. В этот день Кудинов, обойдя приглашением Мелехова, созвал в штабе строго секретное совещание.",False,,False,,True,1068
WORD,ALEX_012,31325,16,16,догадаться,догадалась,"Она заметно волновалась, и по тому, как она одевалась, как хранила грустное и строгое молчание, — Ильинична догадалась, что сноха пойдет на могилку деда Гришаки.","На другой день она проснулась чуть свет, встала тихонько, чтобы не разбудить детей, — умылась, достала из сундука чистую юбку, кофточку и белый зонтовый платок.","— Куда это собралась? — спросила Ильинична, чтобы убедиться в верности своих предположений.","На другой день она проснулась чуть свет, встала тихонько, чтобы не разбудить детей, — умылась, достала из сундука чистую юбку, кофточку и белый зонтовый платок. Она заметно волновалась, и по тому, как она одевалась, как хранила грустное и строгое молчание, — Ильинична догадалась, что сноха пойдет на могилку деда Гришаки. — Куда это собралась? — спросила Ильинична, чтобы убедиться в верности своих предположений.",False,,False,,True,1069
PHRASE,PHR_080,31341,4,5,решить идти,решила идти,"Видя, что сноха твердо решила идти, Ильинична посоветовала:
— Иди лучше над Доном, огородами.","Прийду, тогда поем.",Там тебя не так видно будет.,"Прийду, тогда поем. Видя, что сноха твердо решила идти, Ильинична посоветовала:
— Иди лучше над Доном, огородами. Там тебя не так видно будет.",False,,False,,True,1070
WORD,S1_004,31341,4,4,решить,решила,"Видя, что сноха твердо решила идти, Ильинична посоветовала:
— Иди лучше над Доном, огородами.","Прийду, тогда поем.",Там тебя не так видно будет.,"Прийду, тогда поем. Видя, что сноха твердо решила идти, Ильинична посоветовала:
— Иди лучше над Доном, огородами. Там тебя не так видно будет.",True,PHR_080,False,,False,1071
WORD,S1_016,31401,0,0,помнить,Помнишь,Помнишь?,Вот этот самый и зарезал нашего кочета!,"Красноармеец снял защитного цвета фуражку, поцокал языком, улыбнулся:
— Узнал, шельмец!","Вот этот самый и зарезал нашего кочета! Помнишь? Красноармеец снял защитного цвета фуражку, поцокал языком, улыбнулся:
— Узнал, шельмец!",False,,False,,True,1072
WORD,ALEX_008,31403,6,6,вспоминать,вспоминать,И охота тебе про этого петуха вспоминать?,"Красноармеец снял защитного цвета фуражку, поцокал языком, улыбнулся:
— Узнал, шельмец!","Однако, хозяюшка, вот какое дело: не можешь ли ты выпечь нам хлеба?","Красноармеец снял защитного цвета фуражку, поцокал языком, улыбнулся:
— Узнал, шельмец! И охота тебе про этого петуха вспоминать? Однако, хозяюшка, вот какое дело: не можешь ли ты выпечь нам хлеба?",False,,False,,True,1073
WORD,S1_014,31415,0,0,вспомнить,Вспомнит,"Вспомнит же, что́ не надо!",— Это дите глупое…,"— Однако скупой ты, паренек… — добродушно улыбался словоохотливый гость, обращаясь к Мишатке.","— Это дите глупое… Вспомнит же, что́ не надо! — Однако скупой ты, паренек… — добродушно улыбался словоохотливый гость, обращаясь к Мишатке.",False,,False,,True,1074
WORD,S1_004,31486,4,4,решить,решила,"«Значит, верно: уходят!» — облегченно решила Наталья.","На горизонте — окутанные сиреневой дымкой пыли — на рысях шли двуколки, скакали одиночные всадники.","Не успела она войти в сенцы, как где-то далеко за горою раскатисто и глухо загремели орудийные выстрелы и, точно перекликаясь с ними, поплыл над Доном радостный колокольный трезвон двух вешенских церквей.","На горизонте — окутанные сиреневой дымкой пыли — на рысях шли двуколки, скакали одиночные всадники. «Значит, верно: уходят!» — облегченно решила Наталья. Не успела она войти в сенцы, как где-то далеко за горою раскатисто и глухо загремели орудийные выстрелы и, точно перекликаясь с ними, поплыл над Доном радостный колокольный трезвон двух вешенских церквей.",False,,False,,True,1075
WORD,S1_001,31554,10,10,думать,думает,"Бык, он ведь всегда так: сначала шагнет, а потом стоит, думает.","Хорунжий продолжал издевательски отчитывать:
— Ум у вас оказался бычиный.",Промашка вышла!,"Хорунжий продолжал издевательски отчитывать:
— Ум у вас оказался бычиный. Бык, он ведь всегда так: сначала шагнет, а потом стоит, думает. Промашка вышла!",False,,False,,True,1076
WORD,S1_001,31556,7,7,думать,думали,"А осенью, когда фронт открыли, о чем думали!",Промашка вышла!,Комиссарами хотели быть!,"Промашка вышла! А осенью, когда фронт открыли, о чем думали! Комиссарами хотели быть!",False,,False,,True,1077
WORD,S1_002,31606,9,9,подумать,подумал,"«Будто в плен сдаются!» — с тревогой и неосознанной тоской подумал Григорий, глядя, как медленно, как бы нехотя, спускается колонна в суходол, а навстречу ей прямо по зеленям на рысях идет конная группа секретевцев.","Кликнув Прохора, Григорий повернул в сторону Ягодного и, когда отъехал с полверсты, увидел, как над головной сотней взвилось и заполоскалось по ветру белое полотнище, предусмотрительно захваченное кем-то из казаков.","Грустью и запустением пахнуло на Григория, когда через поваленные ворота въехал он на заросший лебедою двор имения.","Кликнув Прохора, Григорий повернул в сторону Ягодного и, когда отъехал с полверсты, увидел, как над головной сотней взвилось и заполоскалось по ветру белое полотнище, предусмотрительно захваченное кем-то из казаков. «Будто в плен сдаются!» — с тревогой и неосознанной тоской подумал Григорий, глядя, как медленно, как бы нехотя, спускается колонна в суходол, а навстречу ей прямо по зеленям на рысях идет конная группа секретевцев. Грустью и запустением пахнуло на Григория, когда через поваленные ворота въехал он на заросший лебедою двор имения.",False,,False,,True,1078
WORD,S1_001,31631,0,0,думать,Думала,"— Думала, опять они приехали!..","Не дай и не приведи… — начала причитать Лукерья, вытирая щеки грязной холстинной завеской.","Ох, Гришенька, что тут было…","Не дай и не приведи… — начала причитать Лукерья, вытирая щеки грязной холстинной завеской. — Думала, опять они приехали!.. Ох, Гришенька, что тут было…",False,,False,,True,1079
WORD,S1_016,31651,4,4,помнить,помнишь,"Вороного жеребца Вихоря — может, помнишь? — взяли на провесне красные.","Как началась восстания, брали их и казаки и красные.",Насилу заседлали.,"Как началась восстания, брали их и казаки и красные. Вороного жеребца Вихоря — может, помнишь? — взяли на провесне красные. Насилу заседлали.",False,,False,,True,1080
WORD,S1_016,31681,0,0,помнить,Помнишь,Помнишь небось?,"Пану — и тому, бывало, не смолчит.","— Что же он, так и не дал? — вмешался в рассказ Прохор.","Пану — и тому, бывало, не смолчит. Помнишь небось? — Что же он, так и не дал? — вмешался в рассказ Прохор.",False,,False,,True,1081
WORD,S1_001,31699,0,0,думать,Думаешь,— Думаешь похоронить его? — спросил Прохор.,"— Дай две лопаты и рядно, — попросил Григорий.",— Да.,"— Дай две лопаты и рядно, — попросил Григорий. — Думаешь похоронить его? — спросил Прохор. — Да.",False,,False,,True,1082
WORD,ALEX_008,31836,1,1,вспоминать,вспоминаю,"Я вспоминаю о прошлом не для того, чтобы попрекнуть вас вашими грехами…",Попросту — спасая свои и бычиные шкуры.,Это не в обиду вам говорится.,"Попросту — спасая свои и бычиные шкуры. Я вспоминаю о прошлом не для того, чтобы попрекнуть вас вашими грехами… Это не в обиду вам говорится.",False,,False,,True,1083
WORD,S1_002,31850,3,3,подумать,подумал,"Должно, из добровольцев», — подумал Григорий.",«Какой-то идейный.,"Пил войсковой старшина, как лошадь.","«Какой-то идейный. Должно, из добровольцев», — подумал Григорий. Пил войсковой старшина, как лошадь.",False,,False,,True,1084
WORD,S1_002,31881,9,9,подумать,подумал,«Ну и мы вам послужим постольку-поскольку!» — с холодным бешенством подумал опьяневший Григорий и встал.,"Пусть это зарубят себе на носу все, кто переметнулся осенью к красным…","Не надевая фуражки, вышел на крыльцо, с облегчением, всей грудью вдохнул свежий ночной воздух.","Пусть это зарубят себе на носу все, кто переметнулся осенью к красным… «Ну и мы вам послужим постольку-поскольку!» — с холодным бешенством подумал опьяневший Григорий и встал. Не надевая фуражки, вышел на крыльцо, с облегчением, всей грудью вдохнул свежий ночной воздух.",False,,False,,True,1085
WORD,S1_001,31891,5,5,думать,думал,А ить я так и думал…,Куда ни кинь — везде клин.,Так оно и должно было получиться.,Куда ни кинь — везде клин. А ить я так и думал… Так оно и должно было получиться.,False,,False,,True,1086
WORD,S1_001,31894,7,7,думать,думал,"Отвыкли козырять да тянуться перед их благородиями», — думал Григорий, сходя с крыльца и ощупью пробираясь к калитке.",То-то казаки теперь носами закрутят!,"Спирт подействовал и на него: кружилась голова, движения обретали неуверенную тяжеловесность.","То-то казаки теперь носами закрутят! Отвыкли козырять да тянуться перед их благородиями», — думал Григорий, сходя с крыльца и ощупью пробираясь к калитке. Спирт подействовал и на него: кружилась голова, движения обретали неуверенную тяжеловесность.",False,,False,,True,1087
WORD,S1_017,32018,8,8,понять,Понял,"Прохор свистнул и подмигнул сидевшему на кровати хозяину:
— Понял, дед?","— Был, а потом ушел оттуда домой.","Зафитилил, значит, к своей жалечке…","— Был, а потом ушел оттуда домой. Прохор свистнул и подмигнул сидевшему на кровати хозяину:
— Понял, дед? Зафитилил, значит, к своей жалечке…",False,,False,,True,1088
WORD,S1_002,32025,4,4,подумать,подумал,«Вот это я нарвался! — подумал Прохор.,"Не торопясь, подошел Прохор к знакомой хатенке, вошел в сени и только что взялся за дверную скобу, — услышал басистый Степанов голос.","— Спросит, зачем пришел?","Не торопясь, подошел Прохор к знакомой хатенке, вошел в сени и только что взялся за дверную скобу, — услышал басистый Степанов голос. «Вот это я нарвался! — подумал Прохор. — Спросит, зачем пришел?",False,,False,,True,1089
PHRASE,PHR_080,32047,2,4,решить идти,решил не идти,"Поразмыслив, Григорий решил не идти, чтобы дать Степану высказаться.",Потом вошел Прохор.,"— Пойди туда и скажи, что не нашел меня.","Потом вошел Прохор. Поразмыслив, Григорий решил не идти, чтобы дать Степану высказаться. — Пойди туда и скажи, что не нашел меня.",False,,False,,True,1090
WORD,S1_004,32047,2,2,решить,решил,"Поразмыслив, Григорий решил не идти, чтобы дать Степану высказаться.",Потом вошел Прохор.,"— Пойди туда и скажи, что не нашел меня.","Потом вошел Прохор. Поразмыслив, Григорий решил не идти, чтобы дать Степану высказаться. — Пойди туда и скажи, что не нашел меня.",True,PHR_080,False,,False,1091
WORD,S1_017,32049,0,0,понять,Понял,Понял? — обратился он к Прохору.,"— Пойди туда и скажи, что не нашел меня.",— Понять-то понял.,"— Пойди туда и скажи, что не нашел меня. Понял? — обратился он к Прохору. — Понять-то понял.",False,,False,,True,1092
WORD,S1_017,32050,1,1,понять,понял,— Понять-то понял.,Понял? — обратился он к Прохору.,"Только лучше бы тебе, Пантелевич, сходить туда.","Понял? — обратился он к Прохору. — Понять-то понял. Только лучше бы тебе, Пантелевич, сходить туда.",False,,False,,True,1093
WORD,S1_011,32072,2,2,мысль,мыслях,"Восстанавливая в мыслях встречу со Степаном, равнодушно подумал: «Ну что ж, теперь он знает.","Григорий присел к плетню, закурил.",Лишь бы не бил Аксинью».,"Григорий присел к плетню, закурил. Восстанавливая в мыслях встречу со Степаном, равнодушно подумал: «Ну что ж, теперь он знает. Лишь бы не бил Аксинью».",False,,False,,True,1094
WORD,S1_002,32072,7,7,подумать,подумал,"Восстанавливая в мыслях встречу со Степаном, равнодушно подумал: «Ну что ж, теперь он знает.","Григорий присел к плетню, закурил.",Лишь бы не бил Аксинью».,"Григорий присел к плетню, закурил. Восстанавливая в мыслях встречу со Степаном, равнодушно подумал: «Ну что ж, теперь он знает. Лишь бы не бил Аксинью».",False,,False,,True,1095
WORD,S1_017,32082,19,19,понять,понял,"А Наталья молча обнимала своего единственного, прижималась к нему всем телом, и по тому, как вздрагивали ее плечи, Григорий понял, что она плачет.","При виде Григория заспанные глаза ее вспыхнули таким ярким брызжущим светом радости, что у Григория дрогнуло сердце и мгновенно и неожиданно увлажнились глаза.","Он вошел в дом, перецеловал стариков и спавших в горнице детишек, стал посреди кухни.","При виде Григория заспанные глаза ее вспыхнули таким ярким брызжущим светом радости, что у Григория дрогнуло сердце и мгновенно и неожиданно увлажнились глаза. А Наталья молча обнимала своего единственного, прижималась к нему всем телом, и по тому, как вздрагивали ее плечи, Григорий понял, что она плачет. Он вошел в дом, перецеловал стариков и спавших в горнице детишек, стал посреди кухни.",False,,False,,True,1096
WORD,S1_002,32104,0,0,подумать,Подумать,Подумать только!,За одним столом с настоящим генералом!,"— И Пантелей Прокофьевич, умиленно глядя на сына, с восхищением поцокал языком.","За одним столом с настоящим генералом! Подумать только! — И Пантелей Прокофьевич, умиленно глядя на сына, с восхищением поцокал языком.",False,,False,,True,1097
WORD,S1_009,32124,3,3,сомнение,сомнение,"Тут его настигло сомнение:
— А ты могешь дать освобождение?","Несколько раз проковылял он от стола до печки, улыбаясь и потирая руки.",— Конечно могу.,"Несколько раз проковылял он от стола до печки, улыбаясь и потирая руки. Тут его настигло сомнение:
— А ты могешь дать освобождение? — Конечно могу.",False,,False,,True,1098
WORD,S1_001,32134,2,2,думать,думаешь,Сам-то когда думаешь ехать?,— Дай бог тебе здоровья!,— Завтра.,— Дай бог тебе здоровья! Сам-то когда думаешь ехать? — Завтра.,False,,False,,True,1099
WORD,S1_001,32175,13,13,думать,думать,Только вот что я тебе скажу: о Мишке Кошевом с нонешнего дня и думать позабудь.,"Мне стареть, тебе в пору входить, жениха искать…","Ежли услышу, что ты и после этого об нем сохнуть будешь, — на одну ногу наступлю, а за другую возьмусь — так и раздеру, как лягушонка!","Мне стареть, тебе в пору входить, жениха искать… Только вот что я тебе скажу: о Мишке Кошевом с нонешнего дня и думать позабудь. Ежли услышу, что ты и после этого об нем сохнуть будешь, — на одну ногу наступлю, а за другую возьмусь — так и раздеру, как лягушонка!",False,,False,,True,1100
WORD,S1_017,32177,0,0,понять,Поняла,Поняла?,"Ежли услышу, что ты и после этого об нем сохнуть будешь, — на одну ногу наступлю, а за другую возьмусь — так и раздеру, как лягушонка!","Дуняшка вспыхнула, как маков цвет, — сквозь слезы посмотрела на Григория.","Ежли услышу, что ты и после этого об нем сохнуть будешь, — на одну ногу наступлю, а за другую возьмусь — так и раздеру, как лягушонка! Поняла? Дуняшка вспыхнула, как маков цвет, — сквозь слезы посмотрела на Григория.",False,,False,,True,1101
WORD,S1_002,32183,7,7,подумать,подумала,"«Не тебе бы, сынок, об этом гутарить…» — подумала Ильинична.","— Вырвать надо такое сердце, какое тебя слухаться не будет, — холодно посоветовал Григорий.",Но тут в разговор вступил Пантелей Прокофьевич.,"— Вырвать надо такое сердце, какое тебя слухаться не будет, — холодно посоветовал Григорий. «Не тебе бы, сынок, об этом гутарить…» — подумала Ильинична. Но тут в разговор вступил Пантелей Прокофьевич.",False,,False,,True,1102
WORD,S1_001,32200,8,8,думать,думать,И Григорий правильно сказал: об таком подлеце будешь думать — так тебя и убить мало!,Отцовским словом тебе говорю!,Нашла присуху!,Отцовским словом тебе говорю! И Григорий правильно сказал: об таком подлеце будешь думать — так тебя и убить мало! Нашла присуху!,False,,False,,True,1103
WORD,S1_001,32281,5,5,думать,думаю,"— Я, парень, и сам так думаю, — подавив вздох, согласился старик.",Одни горелые пеньки на базу!,И разговора о хозяйстве больше не заводил.,"Одни горелые пеньки на базу! — Я, парень, и сам так думаю, — подавив вздох, согласился старик. И разговора о хозяйстве больше не заводил.",False,,False,,True,1104
WORD,S1_018,32286,5,5,осознать,осознал,"Как видно, только теперь старик осознал всю тщетность своих усилий наладить жизнь по-старому…",Не век же им стоять!,"Пред закатом солнца Григорий бросил работу, пошел в дом.","Не век же им стоять! Как видно, только теперь старик осознал всю тщетность своих усилий наладить жизнь по-старому… Пред закатом солнца Григорий бросил работу, пошел в дом.",False,,False,,True,1105
WORD,S1_003,32328,2,2,задуматься,задумавшись,"Григорий молчал, задумавшись.","Маманя рассказывала: как только застреляли в хуторе, он прямо со стойла переплыл Дон, в луке и спасался все время.",Почему у нее такие печальные глаза?,"Маманя рассказывала: как только застреляли в хуторе, он прямо со стойла переплыл Дон, в луке и спасался все время. Григорий молчал, задумавшись. Почему у нее такие печальные глаза?",False,,False,,True,1106
PHRASE,PHR_019,32365,11,12,молча думать,молча думая,"Они еще долго сидели в горнице на сундуке, взявшись за руки, молча думая о своем.",Ничего-то ты не понимаешь!,"Потом, когда смерклось и лиловые густые тени от построек легли на остывшую землю, — пошли в кухню вечерять.","Ничего-то ты не понимаешь! Они еще долго сидели в горнице на сундуке, взявшись за руки, молча думая о своем. Потом, когда смерклось и лиловые густые тени от построек легли на остывшую землю, — пошли в кухню вечерять.",False,,False,,True,1107
WORD,S1_001,32365,12,12,думать,думая,"Они еще долго сидели в горнице на сундуке, взявшись за руки, молча думая о своем.",Ничего-то ты не понимаешь!,"Потом, когда смерклось и лиловые густые тени от построек легли на остывшую землю, — пошли в кухню вечерять.","Ничего-то ты не понимаешь! Они еще долго сидели в горнице на сундуке, взявшись за руки, молча думая о своем. Потом, когда смерклось и лиловые густые тени от построек легли на остывшую землю, — пошли в кухню вечерять.",True,PHR_019,False,,False,1108
WORD,S1_001,32400,2,2,думать,думаешь,— А ты думаешь — как? — усмехнулся Прохор.,"Стал быть, чуть чего — и долой погоны?","Григорий, улыбаясь, сказал отцу:
— Видал, батя, каким вестовым я раздобылся?","Стал быть, чуть чего — и долой погоны? — А ты думаешь — как? — усмехнулся Прохор. Григорий, улыбаясь, сказал отцу:
— Видал, батя, каким вестовым я раздобылся?",False,,False,,True,1109
WORD,S1_016,32420,2,2,помнить,помнил,"Он крепко помнил дедовы слова, что казаки никогда не плачут, что казакам плакать — великий стыд.",И вовсе там не всех убивают!,"Но когда отец, уже сидя на коне, поднял его на седло и поцеловал, с удивлением заметил, что у отца мокрые ресницы.","И вовсе там не всех убивают! Он крепко помнил дедовы слова, что казаки никогда не плачут, что казакам плакать — великий стыд. Но когда отец, уже сидя на коне, поднял его на седло и поцеловал, с удивлением заметил, что у отца мокрые ресницы.",False,,False,,True,1110
WORD,S1_001,32442,15,15,думать,думал,"И — в конце концов — не все ли равно, где кинет его на землю вражеская пуля? — думал он.","Были бои по Чиру, прошли по Дону, а потом загремят по Хопру, по Медведице, по Бузулуку.","IX
Бой шел на подступах к станице Усть-Медведицкой.","Были бои по Чиру, прошли по Дону, а потом загремят по Хопру, по Медведице, по Бузулуку. И — в конце концов — не все ли равно, где кинет его на землю вражеская пуля? — думал он. IX
Бой шел на подступах к станице Усть-Медведицкой.",False,,False,,True,1111
WORD,S1_001,32488,10,10,думать,думавший,"Снова выехали на бугор, и тут Прохор, напряженно о чем-то думавший, спросил:
— А что, Пантелевич, не хватит кровицу-то наземь цедить?","Прохор так спешил, что насилу попал носком сапога в стремя.",— Почти что.,"Прохор так спешил, что насилу попал носком сапога в стремя. Снова выехали на бугор, и тут Прохор, напряженно о чем-то думавший, спросил:
— А что, Пантелевич, не хватит кровицу-то наземь цедить? — Почти что.",False,,False,,True,1112
WORD,S1_002,32507,1,1,подумать,подумал,"Григорий подумал, что в комнатах никого нет, но, войдя в коридор, услышал глухой оживленный говор.","В доме, занятом под штаб, ставни были наглухо закрыты.","После ночной темноты свет большой лампы, висевшей в горнице под потолком, ослепил его, в ноздри ударил густой и горький запах махорочного дыма.","В доме, занятом под штаб, ставни были наглухо закрыты. Григорий подумал, что в комнатах никого нет, но, войдя в коридор, услышал глухой оживленный говор. После ночной темноты свет большой лампы, висевшей в горнице под потолком, ослепил его, в ноздри ударил густой и горький запах махорочного дыма.",False,,False,,True,1113
WORD,S1_001,32575,27,27,думать,думал,"Григорий вначале относился к новому начальнику штаба не без предвзятости, но за два месяца узнал его ближе и однажды после боя сказал напрямик: «Я о тебе погано думал, Копылов, зараз вижу, что ошибался, так ты вот чего, извиняй уж как-нибудь».","Он так же добросовестно просиживал в штабе над разработкой операций, как когда-то над исправлением ученических тетрадей, однако, в случае необходимости, по первому слову Григория бросал штаб, садился на коня и, приняв командование полком, вел его в бой.","Копылов улыбнулся, промолчал, но грубоватым этим признанием был очевидно польщен.","Он так же добросовестно просиживал в штабе над разработкой операций, как когда-то над исправлением ученических тетрадей, однако, в случае необходимости, по первому слову Григория бросал штаб, садился на коня и, приняв командование полком, вел его в бой. Григорий вначале относился к новому начальнику штаба не без предвзятости, но за два месяца узнал его ближе и однажды после боя сказал напрямик: «Я о тебе погано думал, Копылов, зараз вижу, что ошибался, так ты вот чего, извиняй уж как-нибудь». Копылов улыбнулся, промолчал, но грубоватым этим признанием был очевидно польщен.",False,,False,,True,1114
PHRASE,PHR_029,32578,6,7,размышлять о,размышлял о,"Вот и сейчас он вовсе не размышлял о том, как развернутся операции по овладению Усть-Медведицкой, а вспоминал домашних, родную станицу и думал, что было бы неплохо закатиться домой в отпуск, месяца на полтора…","Лишенный честолюбия и устойчивых политических взглядов, к войне Копылов относился как к неизбежному злу и не чаял ее окончания.","Григорий долго смотрел на Копылова, потом встал.","Лишенный честолюбия и устойчивых политических взглядов, к войне Копылов относился как к неизбежному злу и не чаял ее окончания. Вот и сейчас он вовсе не размышлял о том, как развернутся операции по овладению Усть-Медведицкой, а вспоминал домашних, родную станицу и думал, что было бы неплохо закатиться домой в отпуск, месяца на полтора… Григорий долго смотрел на Копылова, потом встал.",False,,False,,True,1115
WORD,S1_006,32578,6,6,размышлять,размышлял,"Вот и сейчас он вовсе не размышлял о том, как развернутся операции по овладению Усть-Медведицкой, а вспоминал домашних, родную станицу и думал, что было бы неплохо закатиться домой в отпуск, месяца на полтора…","Лишенный честолюбия и устойчивых политических взглядов, к войне Копылов относился как к неизбежному злу и не чаял ее окончания.","Григорий долго смотрел на Копылова, потом встал.","Лишенный честолюбия и устойчивых политических взглядов, к войне Копылов относился как к неизбежному злу и не чаял ее окончания. Вот и сейчас он вовсе не размышлял о том, как развернутся операции по овладению Усть-Медведицкой, а вспоминал домашних, родную станицу и думал, что было бы неплохо закатиться домой в отпуск, месяца на полтора… Григорий долго смотрел на Копылова, потом встал.",True,PHR_029,False,,False,1116
WORD,ALEX_008,32578,16,16,вспоминать,вспоминал,"Вот и сейчас он вовсе не размышлял о том, как развернутся операции по овладению Усть-Медведицкой, а вспоминал домашних, родную станицу и думал, что было бы неплохо закатиться домой в отпуск, месяца на полтора…","Лишенный честолюбия и устойчивых политических взглядов, к войне Копылов относился как к неизбежному злу и не чаял ее окончания.","Григорий долго смотрел на Копылова, потом встал.","Лишенный честолюбия и устойчивых политических взглядов, к войне Копылов относился как к неизбежному злу и не чаял ее окончания. Вот и сейчас он вовсе не размышлял о том, как развернутся операции по овладению Усть-Медведицкой, а вспоминал домашних, родную станицу и думал, что было бы неплохо закатиться домой в отпуск, месяца на полтора… Григорий долго смотрел на Копылова, потом встал.",False,,False,,True,1117
WORD,S1_001,32578,21,21,думать,думал,"Вот и сейчас он вовсе не размышлял о том, как развернутся операции по овладению Усть-Медведицкой, а вспоминал домашних, родную станицу и думал, что было бы неплохо закатиться домой в отпуск, месяца на полтора…","Лишенный честолюбия и устойчивых политических взглядов, к войне Копылов относился как к неизбежному злу и не чаял ее окончания.","Григорий долго смотрел на Копылова, потом встал.","Лишенный честолюбия и устойчивых политических взглядов, к войне Копылов относился как к неизбежному злу и не чаял ее окончания. Вот и сейчас он вовсе не размышлял о том, как развернутся операции по овладению Усть-Медведицкой, а вспоминал домашних, родную станицу и думал, что было бы неплохо закатиться домой в отпуск, месяца на полтора… Григорий долго смотрел на Копылова, потом встал.",False,,False,,True,1118
WORD,S1_001,32582,5,5,думать,думать,За нас теперича генералы будут думать и решать.,"Нам нечего голову морочить об том, как брать Усть-Медведицу.","Поедем завтра к Фицхелаурову, нехай нас, горемык, уму-разуму поучит…","Нам нечего голову морочить об том, как брать Усть-Медведицу. За нас теперича генералы будут думать и решать. Поедем завтра к Фицхелаурову, нехай нас, горемык, уму-разуму поучит…",False,,False,,True,1119
WORD,S1_005,32582,7,7,решать,решать,За нас теперича генералы будут думать и решать.,"Нам нечего голову морочить об том, как брать Усть-Медведицу.","Поедем завтра к Фицхелаурову, нехай нас, горемык, уму-разуму поучит…","Нам нечего голову морочить об том, как брать Усть-Медведицу. За нас теперича генералы будут думать и решать. Поедем завтра к Фицхелаурову, нехай нас, горемык, уму-разуму поучит…",False,,False,,True,1120
WORD,S1_001,32584,4,4,думать,думаю,"А всчет Второго полка думаю так: пока наша власть — нынче же командира полка Дударева надобно разжаловать, лишить всех чинов-орденов…","Поедем завтра к Фицхелаурову, нехай нас, горемык, уму-разуму поучит…","— И порции каши, — вставил Ермаков.","Поедем завтра к Фицхелаурову, нехай нас, горемык, уму-разуму поучит… А всчет Второго полка думаю так: пока наша власть — нынче же командира полка Дударева надобно разжаловать, лишить всех чинов-орденов… — И порции каши, — вставил Ермаков.",False,,False,,True,1121
WORD,S1_016,32622,6,6,помнить,помнил,"За такую обувку другой бы век помнил, а у тебя и на цигарку не выблазнишь!",Сволочь ты!,Звякнули и загремели на конских зубах удила.,"Сволочь ты! За такую обувку другой бы век помнил, а у тебя и на цигарку не выблазнишь! Звякнули и загремели на конских зубах удила.",False,,False,,True,1122
PHRASE,PHR_038,32626,6,7,мысленно повторить,мысленно повторил,"Надоела ты нам, службица, надоскучила», — улыбаясь, мысленно повторил Григорий и тотчас заснул.",«Все об этом гутарют…,"И как только заснул — увидел сон, снившийся ему и прежде: по бурому полю, по высокой стерне идут цепи красноармейцев.","«Все об этом гутарют… Надоела ты нам, службица, надоскучила», — улыбаясь, мысленно повторил Григорий и тотчас заснул. И как только заснул — увидел сон, снившийся ему и прежде: по бурому полю, по высокой стерне идут цепи красноармейцев.",False,,False,,True,1123
WORD,S1_012,32626,6,6,мысленно,мысленно,"Надоела ты нам, службица, надоскучила», — улыбаясь, мысленно повторил Григорий и тотчас заснул.",«Все об этом гутарют…,"И как только заснул — увидел сон, снившийся ему и прежде: по бурому полю, по высокой стерне идут цепи красноармейцев.","«Все об этом гутарют… Надоела ты нам, службица, надоскучила», — улыбаясь, мысленно повторил Григорий и тотчас заснул. И как только заснул — увидел сон, снившийся ему и прежде: по бурому полю, по высокой стерне идут цепи красноармейцев.",True,PHR_038,False,,False,1124
WORD,S1_010,32643,31,31,колебаться,колеблющееся,"Какой-то миг Григорий рассматривает подбегающего врага, видит его блестящие глаза и бледные щеки, поросшие молодой курчавой бородкой, видит короткие широкие голенища сапог, черный глазок чуть опущенного винтовочного дула и над ним колеблющееся в такт бега острие темного штыка.","Он бежит легко, почти не касаясь ногами земли, брови его сдвинуты, шапка на затылке, полы шинели подоткнуты.",Непостижимый страх охватывает Григория.,"Он бежит легко, почти не касаясь ногами земли, брови его сдвинуты, шапка на затылке, полы шинели подоткнуты. Какой-то миг Григорий рассматривает подбегающего врага, видит его блестящие глаза и бледные щеки, поросшие молодой курчавой бородкой, видит короткие широкие голенища сапог, черный глазок чуть опущенного винтовочного дула и над ним колеблющееся в такт бега острие темного штыка. Непостижимый страх охватывает Григория.",False,,False,,True,1125
WORD,S1_012,32660,8,8,мысленно,мысленно,"Затем поворачивается на бок, с головой укутывается шинелью, мысленно говорит: «Надо было подпустить его, отвести удар, сшибить прикладом, а потом уж убегать…»","«Фу-ты, черт!» — говорит он сипло, с удовольствием вслушиваясь в собственный голос и еще не веря, что все только что испытанное им — сон.","Минуту он размышляет о приснившемся вторично сне, испытывая радостное волнение оттого, что все это — только скверный сон и в действительности пока ничто ему не угрожает.","«Фу-ты, черт!» — говорит он сипло, с удовольствием вслушиваясь в собственный голос и еще не веря, что все только что испытанное им — сон. Затем поворачивается на бок, с головой укутывается шинелью, мысленно говорит: «Надо было подпустить его, отвести удар, сшибить прикладом, а потом уж убегать…» Минуту он размышляет о приснившемся вторично сне, испытывая радостное волнение оттого, что все это — только скверный сон и в действительности пока ничто ему не угрожает.",False,,False,,True,1126
PHRASE,PHR_029,32661,2,3,размышлять о,размышляет о,"Минуту он размышляет о приснившемся вторично сне, испытывая радостное волнение оттого, что все это — только скверный сон и в действительности пока ничто ему не угрожает.","Затем поворачивается на бок, с головой укутывается шинелью, мысленно говорит: «Надо было подпустить его, отвести удар, сшибить прикладом, а потом уж убегать…»","«Диковинно, почему во сне это в десять раз страшнее, чем наяву?","Затем поворачивается на бок, с головой укутывается шинелью, мысленно говорит: «Надо было подпустить его, отвести удар, сшибить прикладом, а потом уж убегать…» Минуту он размышляет о приснившемся вторично сне, испытывая радостное волнение оттого, что все это — только скверный сон и в действительности пока ничто ему не угрожает. «Диковинно, почему во сне это в десять раз страшнее, чем наяву?",False,,False,,True,1127
WORD,S1_006,32661,2,2,размышлять,размышляет,"Минуту он размышляет о приснившемся вторично сне, испытывая радостное волнение оттого, что все это — только скверный сон и в действительности пока ничто ему не угрожает.","Затем поворачивается на бок, с головой укутывается шинелью, мысленно говорит: «Надо было подпустить его, отвести удар, сшибить прикладом, а потом уж убегать…»","«Диковинно, почему во сне это в десять раз страшнее, чем наяву?","Затем поворачивается на бок, с головой укутывается шинелью, мысленно говорит: «Надо было подпустить его, отвести удар, сшибить прикладом, а потом уж убегать…» Минуту он размышляет о приснившемся вторично сне, испытывая радостное волнение оттого, что все это — только скверный сон и в действительности пока ничто ему не угрожает. «Диковинно, почему во сне это в десять раз страшнее, чем наяву?",True,PHR_029,False,,False,1128
WORD,S1_001,32663,13,13,думать,думает,"Сроду в жизни не испытывал такого страха, сколько ни приходилось бывать в переплетах!» — думает он, засыпая и с наслаждением вытягивая затекшие ноги.","«Диковинно, почему во сне это в десять раз страшнее, чем наяву?","X
На рассвете его разбудил Копылов:
— Вставай, пора собираться, ехать!","«Диковинно, почему во сне это в десять раз страшнее, чем наяву? Сроду в жизни не испытывал такого страха, сколько ни приходилось бывать в переплетах!» — думает он, засыпая и с наслаждением вытягивая затекшие ноги. X
На рассвете его разбудил Копылов:
— Вставай, пора собираться, ехать!",False,,False,,True,1129
WORD,S1_002,32669,8,8,подумать,подумал,"Григорий критически осмотрел его с ног до головы, подумал: «Ишь как выщелкнулся!",Но во всем его облике была видна какая-то ранее несвойственная ему щеголеватая подтянутость.,Не хочет к генералу явиться абы в чем!..»,"Но во всем его облике была видна какая-то ранее несвойственная ему щеголеватая подтянутость. Григорий критически осмотрел его с ног до головы, подумал: «Ишь как выщелкнулся! Не хочет к генералу явиться абы в чем!..»",False,,False,,True,1130
WORD,S1_011,32671,5,5,мысль,мыслей,"Словно следя за ходом его мыслей, Копылов сказал:
— Неудобно являться неряхой.",Не хочет к генералу явиться абы в чем!..»,Советую и тебе привести себя в порядок.,"Не хочет к генералу явиться абы в чем!..» Словно следя за ходом его мыслей, Копылов сказал:
— Неудобно являться неряхой. Советую и тебе привести себя в порядок.",False,,False,,True,1131
WORD,S1_002,32682,23,23,подумать,подумать,"Тот яростно потер концом рушника кирпично-красное, обожженное холодной водой лицо, сказал подошедшему Копылову:
— Оно-то так, только господам генералам надо бы вот о чем подумать: народ другой стал с революции, как, скажи, заново народился!","Хозяйка бегом бросилась в дом, вынесла чистый расшитый рушник, с поклоном подала Григорию.",А они все старым аршином меряют.,"Хозяйка бегом бросилась в дом, вынесла чистый расшитый рушник, с поклоном подала Григорию. Тот яростно потер концом рушника кирпично-красное, обожженное холодной водой лицо, сказал подошедшему Копылову:
— Оно-то так, только господам генералам надо бы вот о чем подумать: народ другой стал с революции, как, скажи, заново народился! А они все старым аршином меряют.",False,,False,,True,1132
WORD,S1_017,32706,3,3,понять,понять,"— Не хотят они понять того, что все старое рухнулось к едреной бабушке! — уже тише сказал Григорий.",На смуглом лице его резко белел не тронутый загаром лоб.,"— Они думают, что мы из другого теста деланные, что неученый человек, какой из простых, вроде скотины.","На смуглом лице его резко белел не тронутый загаром лоб. — Не хотят они понять того, что все старое рухнулось к едреной бабушке! — уже тише сказал Григорий. — Они думают, что мы из другого теста деланные, что неученый человек, какой из простых, вроде скотины.",False,,False,,True,1133
WORD,S1_001,32707,1,1,думать,думают,"— Они думают, что мы из другого теста деланные, что неученый человек, какой из простых, вроде скотины.","— Не хотят они понять того, что все старое рухнулось к едреной бабушке! — уже тише сказал Григорий.","Они думают, что в военном деле я или такой, как я, меньше их понимаем.","— Не хотят они понять того, что все старое рухнулось к едреной бабушке! — уже тише сказал Григорий. — Они думают, что мы из другого теста деланные, что неученый человек, какой из простых, вроде скотины. Они думают, что в военном деле я или такой, как я, меньше их понимаем.",False,,False,,True,1134
WORD,S1_001,32708,1,1,думать,думают,"Они думают, что в военном деле я или такой, как я, меньше их понимаем.","— Они думают, что мы из другого теста деланные, что неученый человек, какой из простых, вроде скотины.",А кто у красных командирами?,"— Они думают, что мы из другого теста деланные, что неученый человек, какой из простых, вроде скотины. Они думают, что в военном деле я или такой, как я, меньше их понимаем. А кто у красных командирами?",False,,False,,True,1135
PHRASE,PHR_635,32735,12,13,ты понять,тебя понять,"Но я вот давно к тебе приглядываюсь, Григорий Пантелеевич, и не могу тебя понять…",В числе этих усмирителей и мы с тобой.,— Потом поймешь.,"В числе этих усмирителей и мы с тобой. Но я вот давно к тебе приглядываюсь, Григорий Пантелеевич, и не могу тебя понять… — Потом поймешь.",False,,False,,True,1136
WORD,S1_017,32735,13,13,понять,понять,"Но я вот давно к тебе приглядываюсь, Григорий Пантелеевич, и не могу тебя понять…",В числе этих усмирителей и мы с тобой.,— Потом поймешь.,"В числе этих усмирителей и мы с тобой. Но я вот давно к тебе приглядываюсь, Григорий Пантелеевич, и не могу тебя понять… — Потом поймешь.",True,PHR_635,False,,False,1137
WORD,S1_017,32736,1,1,понять,поймешь,— Потом поймешь.,"Но я вот давно к тебе приглядываюсь, Григорий Пантелеевич, и не могу тебя понять…","Давай ехать, — бросил Григорий и направился к сараю.","Но я вот давно к тебе приглядываюсь, Григорий Пантелеевич, и не могу тебя понять… — Потом поймешь. Давай ехать, — бросил Григорий и направился к сараю.",False,,False,,True,1138
PHRASE,PHR_635,32764,20,22,ты понять,ты не поймешь,"Прохор и трое остальных ординарцев приотстали, и Григорий, ехавший рядом с Копыловым, продолжая начатый разговор, насмешливо спросил:
— Ну так чего ты не поймешь?","Езжай пять шагов сзади! — приказал Григорий, выезжая из ворот.","Может, я тебе растолкую?","Езжай пять шагов сзади! — приказал Григорий, выезжая из ворот. Прохор и трое остальных ординарцев приотстали, и Григорий, ехавший рядом с Копыловым, продолжая начатый разговор, насмешливо спросил:
— Ну так чего ты не поймешь? Может, я тебе растолкую?",False,,False,,True,1139
WORD,S1_017,32764,22,22,понять,поймешь,"Прохор и трое остальных ординарцев приотстали, и Григорий, ехавший рядом с Копыловым, продолжая начатый разговор, насмешливо спросил:
— Ну так чего ты не поймешь?","Езжай пять шагов сзади! — приказал Григорий, выезжая из ворот.","Может, я тебе растолкую?","Езжай пять шагов сзади! — приказал Григорий, выезжая из ворот. Прохор и трое остальных ординарцев приотстали, и Григорий, ехавший рядом с Копыловым, продолжая начатый разговор, насмешливо спросил:
— Ну так чего ты не поймешь? Может, я тебе растолкую?",True,PHR_635,False,,False,1140
WORD,S1_017,32766,13,13,понять,пойму,"Не замечая насмешки в тоне и в форме вопроса, Копылов ответил:
— А не пойму я твоей позиции в этом деле, вот что!","Может, я тебе растолкую?","С одной стороны, ты — борец за старое, а с другой — какое-то, извини меня за резкость, какое-то подобие большевика.","Может, я тебе растолкую? Не замечая насмешки в тоне и в форме вопроса, Копылов ответил:
— А не пойму я твоей позиции в этом деле, вот что! С одной стороны, ты — борец за старое, а с другой — какое-то, извини меня за резкость, какое-то подобие большевика.",False,,False,,True,1141
PHRASE,PHR_612,32777,8,9,надо понять,надо понять,"Но они правы со своей точки зрения, это надо понять.","Он оглянулся на ординарцев, что-то оживленно обсуждавших, заговорил громче: — Тебя обижает то, что они не принимают тебя в свою среду как равноправного, что они относятся к тебе свысока.","Правда, ты офицер, но офицер абсолютно случайный в среде офицерства.","Он оглянулся на ординарцев, что-то оживленно обсуждавших, заговорил громче: — Тебя обижает то, что они не принимают тебя в свою среду как равноправного, что они относятся к тебе свысока. Но они правы со своей точки зрения, это надо понять. Правда, ты офицер, но офицер абсолютно случайный в среде офицерства.",False,,False,,True,1142
WORD,S1_017,32777,9,9,понять,понять,"Но они правы со своей точки зрения, это надо понять.","Он оглянулся на ординарцев, что-то оживленно обсуждавших, заговорил громче: — Тебя обижает то, что они не принимают тебя в свою среду как равноправного, что они относятся к тебе свысока.","Правда, ты офицер, но офицер абсолютно случайный в среде офицерства.","Он оглянулся на ординарцев, что-то оживленно обсуждавших, заговорил громче: — Тебя обижает то, что они не принимают тебя в свою среду как равноправного, что они относятся к тебе свысока. Но они правы со своей точки зрения, это надо понять. Правда, ты офицер, но офицер абсолютно случайный в среде офицерства.",True,PHR_612,False,,False,1143
WORD,S1_016,32782,3,3,помнить,помнишь,"Или еще лучше: помнишь, зимой как-то в Каргинской разговаривал ты при мне с одной интеллигентной женщиной, у которой мужа арестовали казаки, и в ее присутствии застегивал штаны…","Например: вместо того чтобы пользоваться носовым платком, как это делают все культурные люди, ты сморкаешься при помощи двух пальцев, во время еды руки вытираешь то о голенища сапог, то о волосы, после умывания не брезгаешь вытереть лицо лошадиной попонкой, ногти на руках либо обкусываешь, либо срезаешь кончиком шашки.","— Стал быть, было лучше, если б я штаны оставил расстегнутыми? — хмуро улыбаясь, спросил Григорий.","Например: вместо того чтобы пользоваться носовым платком, как это делают все культурные люди, ты сморкаешься при помощи двух пальцев, во время еды руки вытираешь то о голенища сапог, то о волосы, после умывания не брезгаешь вытереть лицо лошадиной попонкой, ногти на руках либо обкусываешь, либо срезаешь кончиком шашки. Или еще лучше: помнишь, зимой как-то в Каргинской разговаривал ты при мне с одной интеллигентной женщиной, у которой мужа арестовали казаки, и в ее присутствии застегивал штаны… — Стал быть, было лучше, если б я штаны оставил расстегнутыми? — хмуро улыбаясь, спросил Григорий.",False,,False,,True,1144
WORD,S1_016,32787,10,10,помнить,помню,"Ты даже кителя на плечи не накинул, я это отлично помню!","— Но как ты вообще мог принять женщину, будучи в одних брюках, босиком?","Все это, конечно, мелочи, но они характеризуют тебя как человека…","— Но как ты вообще мог принять женщину, будучи в одних брюках, босиком? Ты даже кителя на плечи не накинул, я это отлично помню! Все это, конечно, мелочи, но они характеризуют тебя как человека…",False,,False,,True,1145
WORD,S1_020,32799,5,5,ясно,ясно,"И так тебе должно быть ясно, что ты с этой стороны неблагополучен.","— Слушай, чего ж разделывать-то?","И после этого ты еще обижаешься, что офицеры к тебе относятся не как к равному.","— Слушай, чего ж разделывать-то? И так тебе должно быть ясно, что ты с этой стороны неблагополучен. И после этого ты еще обижаешься, что офицеры к тебе относятся не как к равному.",False,,False,,True,1146
WORD,S1_018,32839,8,8,осознать,осознать,"Мы переходим в планомерное наступление, пора все это осознать и безоговорочно подчиняться приказам высшего командования.",Они вливаются в Донскую армию.,"Почему, извольте ответить, вчера ваш пехотный полк не поддержал наступление штурмового батальона?","Они вливаются в Донскую армию. Мы переходим в планомерное наступление, пора все это осознать и безоговорочно подчиняться приказам высшего командования. Почему, извольте ответить, вчера ваш пехотный полк не поддержал наступление штурмового батальона?",False,,False,,True,1147
WORD,S1_005,32866,6,6,решать,решать,"— Вы вызвали нас для того, чтобы решать…",— Прошу на меня не орать! — громче повторил Григорий.,"— На секунду смолк, опустил глаза и, не отрывая взгляда от рук Фицхелаурова, сбавил голос почти до шепота: — Ежли вы, ваше превосходительство, спробуете тронуть меня хоть пальцем — зарублю на месте!","— Прошу на меня не орать! — громче повторил Григорий. — Вы вызвали нас для того, чтобы решать… — На секунду смолк, опустил глаза и, не отрывая взгляда от рук Фицхелаурова, сбавил голос почти до шепота: — Ежли вы, ваше превосходительство, спробуете тронуть меня хоть пальцем — зарублю на месте!",False,,False,,True,1148
WORD,S1_002,32917,0,0,подумать,Подумал,"— Подумал и добавил: — А то боюсь, как бы вас мои казаки не потрепали…",И пока не трожьте меня.,"— Пинком отворил дверь, гремя шашкой, размашисто зашагал в сенцы.","И пока не трожьте меня. — Подумал и добавил: — А то боюсь, как бы вас мои казаки не потрепали… — Пинком отворил дверь, гремя шашкой, размашисто зашагал в сенцы.",False,,False,,True,1149
WORD,S1_001,32946,0,0,думать,Думал,"Думал небось, что тебя чаем угощать будут?","Григорий насмешливо оглядел Копылова, спросил:
— Ты из-за чего наряжался-то?",К столу под белы руки поведут?,"Григорий насмешливо оглядел Копылова, спросил:
— Ты из-за чего наряжался-то? Думал небось, что тебя чаем угощать будут? К столу под белы руки поведут?",False,,False,,True,1150
WORD,S1_007,32992,9,9,раздумывать,раздумывая,"Григорий не нашелся что ответить, долго ехал молча, мучительно раздумывая, потом сказал, и в голосе его зазвучала нескрываемая досада:
— Вот вы, ученые люди, всегда так…","— А этих, по-твоему, силою сюда тянули?","Скидок наделаете, как зайцы на снегу!","— А этих, по-твоему, силою сюда тянули? Григорий не нашелся что ответить, долго ехал молча, мучительно раздумывая, потом сказал, и в голосе его зазвучала нескрываемая досада:
— Вот вы, ученые люди, всегда так… Скидок наделаете, как зайцы на снегу!",False,,False,,True,1151
WORD,S1_004,33024,1,1,решить,решил,Он решил сам вести в атаку 2-й пехотный полк.,Следом за ним пошел Григорий.,"Около крайнего орудия, искусно замаскированного ветками боярышника, его задержал командир батареи:
— Полюбуйся, Григорий Пантелевич, на английскую работу.","Следом за ним пошел Григорий. Он решил сам вести в атаку 2-й пехотный полк. Около крайнего орудия, искусно замаскированного ветками боярышника, его задержал командир батареи:
— Полюбуйся, Григорий Пантелевич, на английскую работу.",False,,False,,True,1152
WORD,S1_001,33063,10,10,думать,думая,"Григорий провожал глазами бесстрашно скакавшего под выстрелами Ермакова, с тревогой думая: «И чего его черт понес напрямки?","— А я тебе не это говорил? — укоризненно сказал Ермаков, садясь на своего разгоряченного скачкой и стрельбой коня.",Скосят пулеметом!,"— А я тебе не это говорил? — укоризненно сказал Ермаков, садясь на своего разгоряченного скачкой и стрельбой коня. Григорий провожал глазами бесстрашно скакавшего под выстрелами Ермакова, с тревогой думая: «И чего его черт понес напрямки? Скосят пулеметом!",False,,False,,True,1153
WORD,S1_017,33067,1,1,понять,понял,"«Значит, понял!","Ермаков бешеным карьером доскакал до лощины, нырнул в нее и на той стороне не показался.","Теперь доберется», — облегченно решил Григорий и прилег возле кургана, не спеша свернул цигарку.","Ермаков бешеным карьером доскакал до лощины, нырнул в нее и на той стороне не показался. «Значит, понял! Теперь доберется», — облегченно решил Григорий и прилег возле кургана, не спеша свернул цигарку.",False,,False,,True,1154
WORD,S1_004,33068,3,3,решить,решил,"Теперь доберется», — облегченно решил Григорий и прилег возле кургана, не спеша свернул цигарку.","«Значит, понял!",Странное равнодушие овладело им!,"«Значит, понял! Теперь доберется», — облегченно решил Григорий и прилег возле кургана, не спеша свернул цигарку. Странное равнодушие овладело им!",False,,False,,True,1155
PHRASE,PHR_080,33079,31,34,решить идти,решил больше не идти,"Разговор ли с Копыловым, или стычка с Фицхелауровым, а может быть, то и другое, вместе взятое, было причиной того настроения, которое так неожиданно сложилось у него, но только под огонь он решил больше не идти.",Еще никогда до этого не чувствовал он с такой предельной ясностью всю никчемность происходившего.,"Он неясно думал о том, что казаков с большевиками ему не примирить, да и сам в душе не мог примириться, а защищать чуждых по духу, враждебно настроенных к нему людей, всех этих фицхелауровых, которые глубоко его презирали и которых не менее глубоко презирал он сам, — он тоже больше не хотел и не мог.","Еще никогда до этого не чувствовал он с такой предельной ясностью всю никчемность происходившего. Разговор ли с Копыловым, или стычка с Фицхелауровым, а может быть, то и другое, вместе взятое, было причиной того настроения, которое так неожиданно сложилось у него, но только под огонь он решил больше не идти. Он неясно думал о том, что казаков с большевиками ему не примирить, да и сам в душе не мог примириться, а защищать чуждых по духу, враждебно настроенных к нему людей, всех этих фицхелауровых, которые глубоко его презирали и которых не менее глубоко презирал он сам, — он тоже больше не хотел и не мог.",False,,False,,True,1156
WORD,S1_004,33079,31,31,решить,решил,"Разговор ли с Копыловым, или стычка с Фицхелауровым, а может быть, то и другое, вместе взятое, было причиной того настроения, которое так неожиданно сложилось у него, но только под огонь он решил больше не идти.",Еще никогда до этого не чувствовал он с такой предельной ясностью всю никчемность происходившего.,"Он неясно думал о том, что казаков с большевиками ему не примирить, да и сам в душе не мог примириться, а защищать чуждых по духу, враждебно настроенных к нему людей, всех этих фицхелауровых, которые глубоко его презирали и которых не менее глубоко презирал он сам, — он тоже больше не хотел и не мог.","Еще никогда до этого не чувствовал он с такой предельной ясностью всю никчемность происходившего. Разговор ли с Копыловым, или стычка с Фицхелауровым, а может быть, то и другое, вместе взятое, было причиной того настроения, которое так неожиданно сложилось у него, но только под огонь он решил больше не идти. Он неясно думал о том, что казаков с большевиками ему не примирить, да и сам в душе не мог примириться, а защищать чуждых по духу, враждебно настроенных к нему людей, всех этих фицхелауровых, которые глубоко его презирали и которых не менее глубоко презирал он сам, — он тоже больше не хотел и не мог.",True,PHR_080,False,,False,1157
WORD,S1_001,33080,2,2,думать,думал,"Он неясно думал о том, что казаков с большевиками ему не примирить, да и сам в душе не мог примириться, а защищать чуждых по духу, враждебно настроенных к нему людей, всех этих фицхелауровых, которые глубоко его презирали и которых не менее глубоко презирал он сам, — он тоже больше не хотел и не мог.","Разговор ли с Копыловым, или стычка с Фицхелауровым, а может быть, то и другое, вместе взятое, было причиной того настроения, которое так неожиданно сложилось у него, но только под огонь он решил больше не идти.",И снова со всей беспощадностью встали перед ним прежние противоречия.,"Разговор ли с Копыловым, или стычка с Фицхелауровым, а может быть, то и другое, вместе взятое, было причиной того настроения, которое так неожиданно сложилось у него, но только под огонь он решил больше не идти. Он неясно думал о том, что казаков с большевиками ему не примирить, да и сам в душе не мог примириться, а защищать чуждых по духу, враждебно настроенных к нему людей, всех этих фицхелауровых, которые глубоко его презирали и которых не менее глубоко презирал он сам, — он тоже больше не хотел и не мог. И снова со всей беспощадностью встали перед ним прежние противоречия.",False,,False,,True,1158
WORD,S1_001,33085,3,3,думать,думал,"С меня хватит!» — думал он и, мысленно вернувшись к спору с Копыловым, поймал себя на том, что ищет оправдания красным.",Как только возьмут у меня дивизию — буду проситься из строя в тыл.,"«Китайцы идут к красным с голыми руками, поступают к ним и за хреновое солдатское жалованье каждый день рискуют жизнью.","Как только возьмут у меня дивизию — буду проситься из строя в тыл. С меня хватит!» — думал он и, мысленно вернувшись к спору с Копыловым, поймал себя на том, что ищет оправдания красным. «Китайцы идут к красным с голыми руками, поступают к ним и за хреновое солдатское жалованье каждый день рискуют жизнью.",False,,False,,True,1159
WORD,S1_012,33085,6,6,мысленно,мысленно,"С меня хватит!» — думал он и, мысленно вернувшись к спору с Копыловым, поймал себя на том, что ищет оправдания красным.",Как только возьмут у меня дивизию — буду проситься из строя в тыл.,"«Китайцы идут к красным с голыми руками, поступают к ним и за хреновое солдатское жалованье каждый день рискуют жизнью.","Как только возьмут у меня дивизию — буду проситься из строя в тыл. С меня хватит!» — думал он и, мысленно вернувшись к спору с Копыловым, поймал себя на том, что ищет оправдания красным. «Китайцы идут к красным с голыми руками, поступают к ним и за хреновое солдатское жалованье каждый день рискуют жизнью.",False,,False,,True,1160
WORD,S1_001,33105,1,1,думать,думать,"Надо думать, что неплохо жилось ему в отступлении, за Донцом; легкий защитный френч так и распирали широченные Митькины плечи, на тугой стоячий воротник набегали жирные складки розовой кожи, сшитые в обтяжку синие диагоналевые штаны с лампасами чуть не лопались сзади…","Видно, немалую службу сослужил Митька Войску Донскому, будучи в карательном отряде: за зиму был он произведен в вахмистры, а затем в подхорунжии и в хутор приехал во всей красе новой офицерской формы.","Быть бы Митьке по его наружным достоинствам лейб-гвардии атаманцем, жить бы при дворце и охранять священную особу его императорского величества, если бы не эта окаянная революция.","Видно, немалую службу сослужил Митька Войску Донскому, будучи в карательном отряде: за зиму был он произведен в вахмистры, а затем в подхорунжии и в хутор приехал во всей красе новой офицерской формы. Надо думать, что неплохо жилось ему в отступлении, за Донцом; легкий защитный френч так и распирали широченные Митькины плечи, на тугой стоячий воротник набегали жирные складки розовой кожи, сшитые в обтяжку синие диагоналевые штаны с лампасами чуть не лопались сзади… Быть бы Митьке по его наружным достоинствам лейб-гвардии атаманцем, жить бы при дворце и охранять священную особу его императорского величества, если бы не эта окаянная революция.",False,,False,,True,1161
WORD,S1_001,33153,2,2,думать,думал,"— А ты думал, одним твоим сынам белые погоны носить? — самодовольно сказал Митька, подавая старику длинную жилистую руку.",Да ты никак уж в офицерах ходишь?,"— Мои до них не дюже охочи были, — с улыбкой ответил Пантелей Прокофьевич и пошел вперед, чтобы указать место, куда поставить лошадей.","Да ты никак уж в офицерах ходишь? — А ты думал, одним твоим сынам белые погоны носить? — самодовольно сказал Митька, подавая старику длинную жилистую руку. — Мои до них не дюже охочи были, — с улыбкой ответил Пантелей Прокофьевич и пошел вперед, чтобы указать место, куда поставить лошадей.",False,,False,,True,1162
PHRASE,PHR_016,33159,5,6,долго думать,Долго думаешь,"Провожая их, Пантелей Прокофьевич спросил:
— Долго думаешь прогостить в хуторе?",Гости вскоре засобирались.,— Да так дня два-три.,"Гости вскоре засобирались. Провожая их, Пантелей Прокофьевич спросил:
— Долго думаешь прогостить в хуторе? — Да так дня два-три.",False,,False,,True,1163
WORD,S1_001,33159,6,6,думать,думаешь,"Провожая их, Пантелей Прокофьевич спросил:
— Долго думаешь прогостить в хуторе?",Гости вскоре засобирались.,— Да так дня два-три.,"Гости вскоре засобирались. Провожая их, Пантелей Прокофьевич спросил:
— Долго думаешь прогостить в хуторе? — Да так дня два-три.",True,PHR_016,False,,False,1164
PHRASE,PHR_099,33179,2,3,сообразить что,сообразила что,"Дуняшка первая сообразила, что отец боится черных вестей о Григории, поспешно сказала:
— Нет, батенька, это не об Грише весть.","— И, словно обессилевший от крика, опустился на лавку, поглаживая трясущиеся ноги.",Митрий Кошевых побил.,"— И, словно обессилевший от крика, опустился на лавку, поглаживая трясущиеся ноги. Дуняшка первая сообразила, что отец боится черных вестей о Григории, поспешно сказала:
— Нет, батенька, это не об Грише весть. Митрий Кошевых побил.",False,,False,,True,1165
WORD,S1_022,33179,2,2,сообразить,сообразила,"Дуняшка первая сообразила, что отец боится черных вестей о Григории, поспешно сказала:
— Нет, батенька, это не об Грише весть.","— И, словно обессилевший от крика, опустился на лавку, поглаживая трясущиеся ноги.",Митрий Кошевых побил.,"— И, словно обессилевший от крика, опустился на лавку, поглаживая трясущиеся ноги. Дуняшка первая сообразила, что отец боится черных вестей о Григории, поспешно сказала:
— Нет, батенька, это не об Грише весть. Митрий Кошевых побил.",True,PHR_099,False,,False,1166
WORD,S1_001,33185,2,2,думать,думаю,"Я и думаю: телок дальше ветряка не уйдет, — очередь пасть телят была…","Аникушкина жена, прибежавшая с новостями, сбиваясь, начала рассказывать:
— Ходила я, дяденька, телка искать и вот иду мимо Кошевых, а Митрий и с ним ишо двое служивых подъехали к базу и пошли в дома.",— Да на черта мне твой телок! — гневно прервал Пантелей Прокофьевич.,"Аникушкина жена, прибежавшая с новостями, сбиваясь, начала рассказывать:
— Ходила я, дяденька, телка искать и вот иду мимо Кошевых, а Митрий и с ним ишо двое служивых подъехали к базу и пошли в дома. Я и думаю: телок дальше ветряка не уйдет, — очередь пасть телят была… — Да на черта мне твой телок! — гневно прервал Пантелей Прокофьевич.",False,,False,,True,1167
WORD,S1_001,33188,3,3,думать,думаю,"«Не с добром, думаю, они сюда приехали».","— …И пошли они в дома, — захлебываясь, продолжала баба, — а я стою, жду.","И начался там крик, и слышно — бьют.","— …И пошли они в дома, — захлебываясь, продолжала баба, — а я стою, жду. «Не с добром, думаю, они сюда приехали». И начался там крик, и слышно — бьют.",False,,False,,True,1168
WORD,S1_001,33273,5,5,думать,думал,"«Луснули мои бычки!» — не раз думал он, просыпаясь среди ночи, тяжело вздыхая.","Снарядить-то снарядил, да и прожил всю неделю в великой тревоге и душевном беспокойстве.",Дарья приехала на одиннадцатые сутки утром.,"Снарядить-то снарядил, да и прожил всю неделю в великой тревоге и душевном беспокойстве. «Луснули мои бычки!» — не раз думал он, просыпаясь среди ночи, тяжело вздыхая. Дарья приехала на одиннадцатые сутки утром.",False,,False,,True,1169
WORD,S1_002,33304,10,10,подумать,подумала,"«Разлучилась в дороге с каким-нибудь милым, через это и злая», — подумала Наталья.",— Дарья отвечала нехотя и была мрачнее ночи.,Она всегда относилась к Дарье и к ее нечистоплотным любовным увлечениям с чувством сожаления и брезгливости.,"— Дарья отвечала нехотя и была мрачнее ночи. «Разлучилась в дороге с каким-нибудь милым, через это и злая», — подумала Наталья. Она всегда относилась к Дарье и к ее нечистоплотным любовным увлечениям с чувством сожаления и брезгливости.",False,,False,,True,1170
WORD,S1_017,33311,0,0,понять,Понял,Понял?,"Нынче приезжает к нам сам командующий всей Донской армией, сам генерал Сидорин.","Зараз получил с нарочным бумажку от станичного атамана, приказывает стариков и баб всех до одного собрать на сходку.","Нынче приезжает к нам сам командующий всей Донской армией, сам генерал Сидорин. Понял? Зараз получил с нарочным бумажку от станичного атамана, приказывает стариков и баб всех до одного собрать на сходку.",False,,False,,True,1171
WORD,ALEX_012,33364,1,1,догадаться,догадался,"Он догадался, что именно эти скромно одетые люди и есть генералы, а те, которые шли позади и были по виду наряднее, — попросту чины сопровождающей их свиты.","Они шли прямо на Пантелея Прокофьевича, а тот как стал навытяжку, так и замер.","Старик смотрел на приближающихся гостей не мигая, и во взгляде его все больше отражалось нескрываемое изумление.","Они шли прямо на Пантелея Прокофьевича, а тот как стал навытяжку, так и замер. Он догадался, что именно эти скромно одетые люди и есть генералы, а те, которые шли позади и были по виду наряднее, — попросту чины сопровождающей их свиты. Старик смотрел на приближающихся гостей не мигая, и во взгляде его все больше отражалось нескрываемое изумление.",False,,False,,True,1172
WORD,S1_001,33394,7,7,думать,думал,"Полковник немного знал историю; рассматривая казаков, он думал о том, что не только этим варварам, но и внукам их не придется идти в Индию под командованием какого-нибудь нового Платова.","С истинно британским высокомерием смотрел он на разнохарактерные смуглые лица этих воинственных сынов степей, поражаясь тому расовому смешению, которое всегда бросается в глаза при взгляде на казачью толпу: рядом с белокурым казаком-славянином стоял типичный монгол, а по соседству с ним черный, как вороново крыло, молодой казак, с рукою на грязной перевязи, вполголоса беседовал с седым библейским патриархом — и можно было биться об заклад, что в жилах этого патриарха, опирающегося на посох, одетого в старомодный казачий чекмень, течет чистейшая кровь кавказских горцев…","После победы над большевиками обескровленная Гражданской войной Россия надолго выйдет из строя великих держав, и в течение ближайших десятилетий восточным владениям Британии уже ничто не будет угрожать.","С истинно британским высокомерием смотрел он на разнохарактерные смуглые лица этих воинственных сынов степей, поражаясь тому расовому смешению, которое всегда бросается в глаза при взгляде на казачью толпу: рядом с белокурым казаком-славянином стоял типичный монгол, а по соседству с ним черный, как вороново крыло, молодой казак, с рукою на грязной перевязи, вполголоса беседовал с седым библейским патриархом — и можно было биться об заклад, что в жилах этого патриарха, опирающегося на посох, одетого в старомодный казачий чекмень, течет чистейшая кровь кавказских горцев… Полковник немного знал историю; рассматривая казаков, он думал о том, что не только этим варварам, но и внукам их не придется идти в Индию под командованием какого-нибудь нового Платова. После победы над большевиками обескровленная Гражданской войной Россия надолго выйдет из строя великих держав, и в течение ближайших десятилетий восточным владениям Британии уже ничто не будет угрожать.",False,,False,,True,1173
WORD,S1_017,33425,3,3,понять,поняла,"Дарья не все поняла из того, что ей говорил генерал.",Они сочувствуют вам в вашем горе.,"Она поблагодарила кивком головы, взяла из рук адъютанта деньги и тоже, молча улыбаясь, посмотрела прямо в глаза нестарому генералу.","Они сочувствуют вам в вашем горе. Дарья не все поняла из того, что ей говорил генерал. Она поблагодарила кивком головы, взяла из рук адъютанта деньги и тоже, молча улыбаясь, посмотрела прямо в глаза нестарому генералу.",False,,False,,True,1174
WORD,S1_001,33429,10,10,думать,думала,"А генералик ничего из себя, подходящий», — со свойственным ей цинизмом думала она в этот момент.","«Дешево расценили моего Петра, не дороже пары быков…","Сидорин ждал, что она вот-вот отойдет, но Дарья что-то медлила.","«Дешево расценили моего Петра, не дороже пары быков… А генералик ничего из себя, подходящий», — со свойственным ей цинизмом думала она в этот момент. Сидорин ждал, что она вот-вот отойдет, но Дарья что-то медлила.",False,,False,,True,1175
WORD,S1_017,33459,1,1,понять,пойму,"Не пойму, накажи господь!",Какая же тут геройства?,"Другой старик, подслеповатый и немощный, отставил ногу, не спеша достал из кармана свернутый в трубку матерчатый кисет, сказал:
— Им, начальству, виднее из Черкасскова.","Какая же тут геройства? Не пойму, накажи господь! Другой старик, подслеповатый и немощный, отставил ногу, не спеша достал из кармана свернутый в трубку матерчатый кисет, сказал:
— Им, начальству, виднее из Черкасскова.",False,,False,,True,1176
PHRASE,PHR_096,33461,3,4,рассудить так,рассудили так,"Стало быть, там рассудили так: надо и бабам приманку сделать, чтоб духом все поднялись, чтобы дюжей воевали.","Другой старик, подслеповатый и немощный, отставил ногу, не спеша достал из кармана свернутый в трубку матерчатый кисет, сказал:
— Им, начальству, виднее из Черкасскова.","Тут медаль, а тут по пятисот деньгами, — какая баба супротив такой чести устоит?","Другой старик, подслеповатый и немощный, отставил ногу, не спеша достал из кармана свернутый в трубку матерчатый кисет, сказал:
— Им, начальству, виднее из Черкасскова. Стало быть, там рассудили так: надо и бабам приманку сделать, чтоб духом все поднялись, чтобы дюжей воевали. Тут медаль, а тут по пятисот деньгами, — какая баба супротив такой чести устоит?",False,,False,,True,1177
WORD,S1_001,33463,10,10,думать,думал,"Иной из казаков и не схотел бы выступать на фронт, думал бы прихорониться от войны, да разве зараз смогет он усидеть?","Тут медаль, а тут по пятисот деньгами, — какая баба супротив такой чести устоит?",Ему баба все уши прожужжит!,"Тут медаль, а тут по пятисот деньгами, — какая баба супротив такой чести устоит? Иной из казаков и не схотел бы выступать на фронт, думал бы прихорониться от войны, да разве зараз смогет он усидеть? Ему баба все уши прожужжит!",False,,False,,True,1178
WORD,S1_001,33466,3,3,думать,думать,"И каждая будет думать: «Может, и мне медаль навесют?»","Ночная кукушка, она всегда перекукует!","— Это ты зря так говоришь, кум Федор! — возразил третий.","Ночная кукушка, она всегда перекукует! И каждая будет думать: «Может, и мне медаль навесют?» — Это ты зря так говоришь, кум Федор! — возразил третий.",False,,False,,True,1179
WORD,S1_012,33496,0,0,мысленно,Мысленно,"Мысленно он махнул на все рукой, — будь что будет!","Прошла она над его жизнью, как буря над деляной пшеницы, но пшеница и после бури встает и красуется под солнцем, а старик подняться уже не мог.","Получив из рук генерала Сидорина награду, Дарья повеселела.","Прошла она над его жизнью, как буря над деляной пшеницы, но пшеница и после бури встает и красуется под солнцем, а старик подняться уже не мог. Мысленно он махнул на все рукой, — будь что будет! Получив из рук генерала Сидорина награду, Дарья повеселела.",False,,False,,True,1180
WORD,S1_001,33560,4,4,думать,думала,"О замужестве она не думала, иная у нее на сердце была забота…",У Дарьи и в помыслах не было выходить замуж.,Весь этот день Дарья была общительной и веселой.,"У Дарьи и в помыслах не было выходить замуж. О замужестве она не думала, иная у нее на сердце была забота… Весь этот день Дарья была общительной и веселой.",False,,False,,True,1181
PHRASE,PHR_634,33572,6,8,понять ты,пойму где ты,"А то я уж и не пойму, где ты брешешь, а где правду говоришь.","Не бреши, ради Христа!",Ты рассказывай сурьезно.,"Не бреши, ради Христа! А то я уж и не пойму, где ты брешешь, а где правду говоришь. Ты рассказывай сурьезно.",False,,False,,True,1182
WORD,S1_017,33572,6,6,понять,пойму,"А то я уж и не пойму, где ты брешешь, а где правду говоришь.","Не бреши, ради Христа!",Ты рассказывай сурьезно.,"Не бреши, ради Христа! А то я уж и не пойму, где ты брешешь, а где правду говоришь. Ты рассказывай сурьезно.",True,PHR_634,False,,False,1183
PHRASE,PHR_086,33598,7,8,собраться идти,собралась идти,На четвертые сутки Дарья прямо с поля собралась идти в станицу.,"Потом установилось вёдро, подул восточный ветер, в степи снова застрекотали косилки, от почерневших копен понесло сладковато-прогорклым запахом плесени, степь окуталась паром, и сквозь голубоватую дымку чуть-чуть наметились неясные очертания сторожевых курганов, синеющие русла балок и зеленые шапки верб над далекими прудами.","Она заявила об этом, когда сели на стану полудновать.","Потом установилось вёдро, подул восточный ветер, в степи снова застрекотали косилки, от почерневших копен понесло сладковато-прогорклым запахом плесени, степь окуталась паром, и сквозь голубоватую дымку чуть-чуть наметились неясные очертания сторожевых курганов, синеющие русла балок и зеленые шапки верб над далекими прудами. На четвертые сутки Дарья прямо с поля собралась идти в станицу. Она заявила об этом, когда сели на стану полудновать.",False,,False,,True,1184
WORD,S1_001,33665,0,0,думать,Думала,"Думала спервоначалу: может, это так что…","— Наталья расширившимися глазами смотрела на Дарью, а та, овладев собой, глядя себе под ноги, уже спокойнее продолжала:
— Видишь, я ишо в дороге за собой стала примечать…","У нас, сама знаешь, по бабьему делу бывает всякое…","— Наталья расширившимися глазами смотрела на Дарью, а та, овладев собой, глядя себе под ноги, уже спокойнее продолжала:
— Видишь, я ишо в дороге за собой стала примечать… Думала спервоначалу: может, это так что… У нас, сама знаешь, по бабьему делу бывает всякое…",False,,False,,True,1185
WORD,S1_001,33686,4,4,думать,думала,"Я шла из станицы — думала, прикидывала…","Дарья смотрела на него с жадностью и изумлением, словно впервые видела этот простенький и невзрачный цветок; понюхала его, широко раздувая вздрагивающие ноздри, потом бережно положила на взрыхленную, высушенную ветрами землю, сказала:
— Как я буду, спрашиваешь?","Руки на себя наложу, вот как буду!","Дарья смотрела на него с жадностью и изумлением, словно впервые видела этот простенький и невзрачный цветок; понюхала его, широко раздувая вздрагивающие ноздри, потом бережно положила на взрыхленную, высушенную ветрами землю, сказала:
— Как я буду, спрашиваешь? Я шла из станицы — думала, прикидывала… Руки на себя наложу, вот как буду!",False,,False,,True,1186
WORD,S1_021,33693,5,5,рассуждать,рассуждала,"— Она говорила так, как будто рассуждала сама с собой, и на протестующее движение Натальи не обратила внимания.","Нет, не хочу!","— Я думала, как ишо в станицу не ходила, ежли это у меня дурная болезня — буду лечиться.","Нет, не хочу! — Она говорила так, как будто рассуждала сама с собой, и на протестующее движение Натальи не обратила внимания. — Я думала, как ишо в станицу не ходила, ежли это у меня дурная болезня — буду лечиться.",False,,False,,True,1187
WORD,S1_001,33694,1,1,думать,думала,"— Я думала, как ишо в станицу не ходила, ежли это у меня дурная болезня — буду лечиться.","— Она говорила так, как будто рассуждала сама с собой, и на протестующее движение Натальи не обратила внимания.","Через это и деньги отцу не отдала, думала — они мне пригодятся фершалам платить…","— Она говорила так, как будто рассуждала сама с собой, и на протестующее движение Натальи не обратила внимания. — Я думала, как ишо в станицу не ходила, ежли это у меня дурная болезня — буду лечиться. Через это и деньги отцу не отдала, думала — они мне пригодятся фершалам платить…",False,,False,,True,1188
WORD,S1_001,33695,7,7,думать,думала,"Через это и деньги отцу не отдала, думала — они мне пригодятся фершалам платить…","— Я думала, как ишо в станицу не ходила, ежли это у меня дурная болезня — буду лечиться.",А зараз иначе решила.,"— Я думала, как ишо в станицу не ходила, ежли это у меня дурная болезня — буду лечиться. Через это и деньги отцу не отдала, думала — они мне пригодятся фершалам платить… А зараз иначе решила.",False,,False,,True,1189
WORD,S1_004,33696,3,3,решить,решила,А зараз иначе решила.,"Через это и деньги отцу не отдала, думала — они мне пригодятся фершалам платить…",И надоело мне все!,"Через это и деньги отцу не отдала, думала — они мне пригодятся фершалам платить… А зараз иначе решила. И надоело мне все!",False,,False,,True,1190
WORD,S1_017,33716,20,20,понять,поняла,"Болезня моя прилипчивая, фершал сказал, да я и сама про нее слыхала, и как бы они от меня не заразились, поняла, глупая?","Я пришла сказать тебе про свое горе и предупредить, чтобы ты ко мне с нонешнего дня ребят своих не подпускала.","И старухе ты скажи, у меня совести не хватает.","Я пришла сказать тебе про свое горе и предупредить, чтобы ты ко мне с нонешнего дня ребят своих не подпускала. Болезня моя прилипчивая, фершал сказал, да я и сама про нее слыхала, и как бы они от меня не заразились, поняла, глупая? И старухе ты скажи, у меня совести не хватает.",False,,False,,True,1191
WORD,S1_001,33718,9,9,думать,думай,"А я… я не сразу в петлю полезу, не думай, с этим успеется…","И старухе ты скажи, у меня совести не хватает.","Поживу, порадуюсь на белый свет, попрощаюсь с ним.","И старухе ты скажи, у меня совести не хватает. А я… я не сразу в петлю полезу, не думай, с этим успеется… Поживу, порадуюсь на белый свет, попрощаюсь с ним.",False,,False,,True,1192
WORD,S1_002,33730,5,5,подумать,подумать,"Оно и мне нелегко, ежли подумать…",Часа два лежала на песке.,"— Поднялась с земли, отряхнула юбку, привычным движением поправила платок на голове.","Часа два лежала на песке. Оно и мне нелегко, ежли подумать… — Поднялась с земли, отряхнула юбку, привычным движением поправила платок на голове.",False,,False,,True,1193
WORD,S1_004,33746,2,2,решить,решил,Пантелей Прокофьевич решил с обеда начинать возку сена.,"XIV
На другой день вернулись с поля косари.","Дуняшка погнала к Дону быков, а Ильинична и Наталья проворно накрыли на стол.","XIV
На другой день вернулись с поля косари. Пантелей Прокофьевич решил с обеда начинать возку сена. Дуняшка погнала к Дону быков, а Ильинична и Наталья проворно накрыли на стол.",False,,False,,True,1194
WORD,S1_003,33787,3,3,задуматься,задумавшись,"Та, о чем-то задумавшись, смотрела на закат; на спокойном чистом лице ее бродили медно-красные отблески.","Дарья лежала на покачивающемся возу вниз лицом, опираясь на локти, изредка взглядывая на Наталью.","«Вот Наташка счастливая, у нее и муж и дети, ничего ей не надо, в семье ее любят, а я — конченый человек.","Дарья лежала на покачивающемся возу вниз лицом, опираясь на локти, изредка взглядывая на Наталью. Та, о чем-то задумавшись, смотрела на закат; на спокойном чистом лице ее бродили медно-красные отблески. «Вот Наташка счастливая, у нее и муж и дети, ничего ей не надо, в семье ее любят, а я — конченый человек.",False,,False,,True,1195
WORD,S1_001,33789,6,6,думать,думала,"Издохну — никто и ох не скажет», — думала Дарья, и у нее вдруг шевельнулось желание как-нибудь огорчить Наталью, причинить и ей боль.","«Вот Наташка счастливая, у нее и муж и дети, ничего ей не надо, в семье ее любят, а я — конченый человек.","Почему только она, Дарья, должна биться в припадках отчаяния, беспрестанно думать о своей пропащей жизни и так жестоко страдать?","«Вот Наташка счастливая, у нее и муж и дети, ничего ей не надо, в семье ее любят, а я — конченый человек. Издохну — никто и ох не скажет», — думала Дарья, и у нее вдруг шевельнулось желание как-нибудь огорчить Наталью, причинить и ей боль. Почему только она, Дарья, должна биться в припадках отчаяния, беспрестанно думать о своей пропащей жизни и так жестоко страдать?",False,,False,,True,1196
WORD,S1_001,33790,10,10,думать,думать,"Почему только она, Дарья, должна биться в припадках отчаяния, беспрестанно думать о своей пропащей жизни и так жестоко страдать?","Издохну — никто и ох не скажет», — думала Дарья, и у нее вдруг шевельнулось желание как-нибудь огорчить Наталью, причинить и ей боль.","Она еще раз бегло взглянула на Наталью, сказала, стараясь придать голосу задушевность:
— Хочу, Наталья, повиниться перед тобою…","Издохну — никто и ох не скажет», — думала Дарья, и у нее вдруг шевельнулось желание как-нибудь огорчить Наталью, причинить и ей боль. Почему только она, Дарья, должна биться в припадках отчаяния, беспрестанно думать о своей пропащей жизни и так жестоко страдать? Она еще раз бегло взглянула на Наталью, сказала, стараясь придать голосу задушевность:
— Хочу, Наталья, повиниться перед тобою…",False,,False,,True,1197
WORD,S1_014,33793,1,1,вспомнить,вспомнила,"Она вспомнила, глядя на закат, как когда-то давно, когда она была еще невестой Григория, приезжал он ее проведать, и она вышла проводить его за ворота, и тогда так же горел закат, малиновое зарево вставало на западе, кричали в вербах грачи…",Наталья отозвалась не сразу.,"Григорий отъезжал, полуобернувшись на седле, и она смотрела ему вслед со слезами взволнованной радости и, прижав к острой девичьей груди руки, ощущала стремительное биение сердца…","Наталья отозвалась не сразу. Она вспомнила, глядя на закат, как когда-то давно, когда она была еще невестой Григория, приезжал он ее проведать, и она вышла проводить его за ворота, и тогда так же горел закат, малиновое зарево вставало на западе, кричали в вербах грачи… Григорий отъезжал, полуобернувшись на седле, и она смотрела ему вслед со слезами взволнованной радости и, прижав к острой девичьей груди руки, ощущала стремительное биение сердца…",False,,False,,True,1198
WORD,S1_016,33797,0,0,помнить,Помнишь,"Помнишь, весной приезжал Григорий с фронта на побывку?",— Был такой грех…,"Вечером в энтот день, помнится, я доила корову.","— Был такой грех… Помнишь, весной приезжал Григорий с фронта на побывку? Вечером в энтот день, помнится, я доила корову.",False,,False,,True,1199
WORD,S1_016,33804,0,0,помнить,Помнишь,"Помнишь, он говорил, будто Кудинов приезжал и он с ним просидел?",Он тогда всю ночь…,Брехня!,"Он тогда всю ночь… Помнишь, он говорил, будто Кудинов приезжал и он с ним просидел? Брехня!",False,,False,,True,1200
WORD,S1_002,33812,9,9,подумать,подумала,"Уже перед въездом в хутор, досадуя на себя, Дарья подумала: «И черт меня дернул расквелить ее.","Так неожиданно и велико было снова поразившее ее горе, что она не нашла в себе сил ответить что-либо Дарье и только отворачивалась, пряча свое искаженное страданием лицо.",Теперь будет целый месяц слезы точить!,"Так неожиданно и велико было снова поразившее ее горе, что она не нашла в себе сил ответить что-либо Дарье и только отворачивалась, пряча свое искаженное страданием лицо. Уже перед въездом в хутор, досадуя на себя, Дарья подумала: «И черт меня дернул расквелить ее. Теперь будет целый месяц слезы точить!",False,,False,,True,1201
WORD,S1_001,33828,1,1,думать,думаешь,"Ты думаешь — это легко? — блеснув глазами, заикаясь от волнения, сказала Наталья.",— Боялась правду узнать…,— Это ты так… с Петром жили…,"— Боялась правду узнать… Ты думаешь — это легко? — блеснув глазами, заикаясь от волнения, сказала Наталья. — Это ты так… с Петром жили…",False,,False,,True,1202
PHRASE,PHR_049,33830,3,6,вспомнить всё,вспомню как вспомню все,"А мне, как вспомню… как вспомню все, что пришлось… пришлось пережить…",— Это ты так… с Петром жили…,И зараз страшно!,"— Это ты так… с Петром жили… А мне, как вспомню… как вспомню все, что пришлось… пришлось пережить… И зараз страшно!",False,,False,,True,1203
WORD,S1_014,33830,3,3,вспомнить,вспомню,"А мне, как вспомню… как вспомню все, что пришлось… пришлось пережить…",— Это ты так… с Петром жили…,И зараз страшно!,"— Это ты так… с Петром жили… А мне, как вспомню… как вспомню все, что пришлось… пришлось пережить… И зараз страшно!",True,PHR_049,False,,False,1204
WORD,S1_014,33830,5,5,вспомнить,вспомню,"А мне, как вспомню… как вспомню все, что пришлось… пришлось пережить…",— Это ты так… с Петром жили…,И зараз страшно!,"— Это ты так… с Петром жили… А мне, как вспомню… как вспомню все, что пришлось… пришлось пережить… И зараз страшно!",True,PHR_049,False,,False,1205
WORD,S1_016,33894,1,1,помнить,помнишь,— Приказ помнишь?,"Да ты в уме, Григорий Пантелевич?","— Это насчет того, чтобы…","Да ты в уме, Григорий Пантелевич? — Приказ помнишь? — Это насчет того, чтобы…",False,,False,,True,1206
WORD,S1_016,33897,2,2,помнить,помню,"— Как же, помню.","— Да-да, это насчет того самого!..",Наизусть помню!,"— Да-да, это насчет того самого!.. — Как же, помню. Наизусть помню!",False,,False,,True,1207
WORD,S1_016,33898,1,1,помнить,помню,Наизусть помню!,"— Как же, помню.","Как стишок, какие в школе, бывалоча, разучивали.","— Как же, помню. Наизусть помню! Как стишок, какие в школе, бывалоча, разучивали.",False,,False,,True,1208
WORD,S1_001,33941,6,6,думать,думает,"Врет дико, наивно, как гимназистишка, и думает, что ему поверят, а у самого попросту не хватает гражданского мужества сознаться в том, что предал родину…","Попался и сочиняет, будто у красных он случайно, будто его мобилизовали.","Боится, мерзавец!","Попался и сочиняет, будто у красных он случайно, будто его мобилизовали. Врет дико, наивно, как гимназистишка, и думает, что ему поверят, а у самого попросту не хватает гражданского мужества сознаться в том, что предал родину… Боится, мерзавец!",False,,False,,True,1209
WORD,S1_002,33950,6,6,подумать,подумал,"«Здорово ощипал он полковничка!» — с удовольствием подумал Григорий и не без злорадства глянул на мясистые, багровые щеки Андреянова, подергивавшиеся от нервного тика.","Не обмолвившийся ни словом Григорий присел к столу, с сочувственной улыбкой смотрел на бледного от негодования, бесстрашно огрызавшегося пленника.",Своего начальника штаба Григорий невзлюбил с первой же встречи.,"Не обмолвившийся ни словом Григорий присел к столу, с сочувственной улыбкой смотрел на бледного от негодования, бесстрашно огрызавшегося пленника. «Здорово ощипал он полковничка!» — с удовольствием подумал Григорий и не без злорадства глянул на мясистые, багровые щеки Андреянова, подергивавшиеся от нервного тика. Своего начальника штаба Григорий невзлюбил с первой же встречи.",False,,False,,True,1210
WORD,S1_001,33961,21,21,думать,думал,"Григорий ложился на спину, закрывал глаза и, стиснув зубы, слушал, потом неучтиво поворачивался к неугомонному рассказчику спиной, с головой укрывался шинелью, думал с немой яростью: «Как только получу приказ о переводе — лупану его чем-нибудь тяжелым по голове: может, после этого он хоть на неделю языка лишится!»","Эй, кто там, принесите мой чемодан и постель сюда!»","— «Вы спите, сотник?» — спрашивал Андреянов.","Эй, кто там, принесите мой чемодан и постель сюда!» Григорий ложился на спину, закрывал глаза и, стиснув зубы, слушал, потом неучтиво поворачивался к неугомонному рассказчику спиной, с головой укрывался шинелью, думал с немой яростью: «Как только получу приказ о переводе — лупану его чем-нибудь тяжелым по голове: может, после этого он хоть на неделю языка лишится!» — «Вы спите, сотник?» — спрашивал Андреянов.",False,,False,,True,1211
WORD,S1_001,33966,3,3,думать,думал,Сквозь сон Григорий думал: «Нарочно подсунули мне этого балабона.,И рассказ продолжался.,"Должно, Фицхелауров постарался.","И рассказ продолжался. Сквозь сон Григорий думал: «Нарочно подсунули мне этого балабона. Должно, Фицхелауров постарался.",False,,False,,True,1212
PHRASE,PHR_060,33973,15,16,не забывать,не забывайте,"— Я приказал привести вас ко мне не для того, чтобы пикироваться с вами, вы этого не забывайте!","— Слушайте, вы, ублюдок! — сказал он охрипшим от волнения голосом.","Понимаете ли вы, что вам не отвертеться?","— Слушайте, вы, ублюдок! — сказал он охрипшим от волнения голосом. — Я приказал привести вас ко мне не для того, чтобы пикироваться с вами, вы этого не забывайте! Понимаете ли вы, что вам не отвертеться?",False,,False,,True,1213
WORD,S1_001,33983,2,2,думать,думаете,"— А вы думаете, в моих интересах ее затягивать?",— Я вижу — вы хотите ускорить развязку?,"Не пугайте меня, не выйдет!","— Я вижу — вы хотите ускорить развязку? — А вы думаете, в моих интересах ее затягивать? Не пугайте меня, не выйдет!",False,,False,,True,1214
WORD,S1_001,34051,5,5,думать,думал,"Тогда об офицерской чести не думал, сукин сын, когда нанимался к большевикам…","Видите ли, офицерская честь не позволяет ему выдавать противнику военную тайну.","Полагаю, что его и еще двух из командного состава надо без шума расстрелять.","Видите ли, офицерская честь не позволяет ему выдавать противнику военную тайну. Тогда об офицерской чести не думал, сукин сын, когда нанимался к большевикам… Полагаю, что его и еще двух из командного состава надо без шума расстрелять.",False,,False,,True,1215
WORD,S1_025,34052,0,0,полагать,Полагаю,"Полагаю, что его и еще двух из командного состава надо без шума расстрелять.","Тогда об офицерской чести не думал, сукин сын, когда нанимался к большевикам…","В смысле получения интересующих нас сведений — они все безнадежны: закоренелые и непоправимые негодяи, следовательно — и щадить их незачем.","Тогда об офицерской чести не думал, сукин сын, когда нанимался к большевикам… Полагаю, что его и еще двух из командного состава надо без шума расстрелять. В смысле получения интересующих нас сведений — они все безнадежны: закоренелые и непоправимые негодяи, следовательно — и щадить их незачем.",False,,False,,True,1216
WORD,S1_025,34057,1,1,полагать,полагаю,"— Я полагаю, надо расстрелять этого красноармейца, а командиров оставить!",— Выдал один из его же красноармейцев.,— Григорий выжидающе взглянул на Андреянова.,"— Выдал один из его же красноармейцев. — Я полагаю, надо расстрелять этого красноармейца, а командиров оставить! — Григорий выжидающе взглянул на Андреянова.",False,,False,,True,1217
WORD,S1_016,34066,6,6,помнить,помните,"Я с вами был целиком согласный, помните?","Вчера, когда мы ложились спать, вы, господин полковник, дюже толково рассказывали, какие порядки надо будет заводить в армии после того, как разобьем большевиков, — чтобы вытравить из молодежи красную заразу.","— Григорий поглаживал усы, следя за меняющимся выражением лица полковника, рассудительно говорил: — А зараз вы что предлагаете?","Вчера, когда мы ложились спать, вы, господин полковник, дюже толково рассказывали, какие порядки надо будет заводить в армии после того, как разобьем большевиков, — чтобы вытравить из молодежи красную заразу. Я с вами был целиком согласный, помните? — Григорий поглаживал усы, следя за меняющимся выражением лица полковника, рассудительно говорил: — А зараз вы что предлагаете?",False,,False,,True,1218
WORD,S1_001,34094,3,3,думать,думаю,"— Я тоже так думаю, — равнодушно ответил Григорий.","А за обедом Андреянов взволнованно сказал:
— Очевидно, не сработаемся мы с вами…","Не замечая улыбки Сулина, он пальцами достал из тарелки кусок вареной баранины, начал с таким волчьим хрустом дробить зубами твердоватый хрящ, что Сулин сморщился, как от сильной боли, и даже глаза на секунду закрыл.","А за обедом Андреянов взволнованно сказал:
— Очевидно, не сработаемся мы с вами… — Я тоже так думаю, — равнодушно ответил Григорий. Не замечая улыбки Сулина, он пальцами достал из тарелки кусок вареной баранины, начал с таким волчьим хрустом дробить зубами твердоватый хрящ, что Сулин сморщился, как от сильной боли, и даже глаза на секунду закрыл.",False,,False,,True,1219
PHRASE,PHR_021,34124,3,4,думать крепко,думать крепко,"Ими ишо прийдется думать, крепко думать, как дальше быть…","У нас они, головы, хотя и дурные, но зря подставлять их под пули не надо.","Казаки подавленно молчали, потом загомонили все сразу, разноголосо и глухо:
— Опять старинка зачинается?","У нас они, головы, хотя и дурные, но зря подставлять их под пули не надо. Ими ишо прийдется думать, крепко думать, как дальше быть… Казаки подавленно молчали, потом загомонили все сразу, разноголосо и глухо:
— Опять старинка зачинается?",False,,False,,True,1220
WORD,S1_001,34124,3,3,думать,думать,"Ими ишо прийдется думать, крепко думать, как дальше быть…","У нас они, головы, хотя и дурные, но зря подставлять их под пули не надо.","Казаки подавленно молчали, потом загомонили все сразу, разноголосо и глухо:
— Опять старинка зачинается?","У нас они, головы, хотя и дурные, но зря подставлять их под пули не надо. Ими ишо прийдется думать, крепко думать, как дальше быть… Казаки подавленно молчали, потом загомонили все сразу, разноголосо и глухо:
— Опять старинка зачинается?",True,PHR_021,False,,False,1221
WORD,S1_001,34124,5,5,думать,думать,"Ими ишо прийдется думать, крепко думать, как дальше быть…","У нас они, головы, хотя и дурные, но зря подставлять их под пули не надо.","Казаки подавленно молчали, потом загомонили все сразу, разноголосо и глухо:
— Опять старинка зачинается?","У нас они, головы, хотя и дурные, но зря подставлять их под пули не надо. Ими ишо прийдется думать, крепко думать, как дальше быть… Казаки подавленно молчали, потом загомонили все сразу, разноголосо и глухо:
— Опять старинка зачинается?",False,,False,,True,1222
WORD,ALEX_012,34190,3,3,догадаться,догадалась,"Лукавая Прохорова жененка догадалась, зачем пришла к ней Наталья, и отвечала сдержанно, сухо.","— Наталья перевела разговор на недавнее отступление за Дон, осторожно начала выспрашивать, как жили служивые в Вешенской и кто был с ними из хуторных.","Со слов мужа она все знала о Григории, но, хотя язык у нее и чесался, рассказывать побоялась, памятуя Прохорово наставление: «Так и знай: скажешь об этом кому хоть слово — положу тебя головой на дровосеку, язык твой поганый на аршин вытяну и отрублю.","— Наталья перевела разговор на недавнее отступление за Дон, осторожно начала выспрашивать, как жили служивые в Вешенской и кто был с ними из хуторных. Лукавая Прохорова жененка догадалась, зачем пришла к ней Наталья, и отвечала сдержанно, сухо. Со слов мужа она все знала о Григории, но, хотя язык у нее и чесался, рассказывать побоялась, памятуя Прохорово наставление: «Так и знай: скажешь об этом кому хоть слово — положу тебя головой на дровосеку, язык твой поганый на аршин вытяну и отрублю.",False,,False,,True,1223
WORD,S1_017,34194,0,0,понять,Поняла,Поняла?,"А мне одна ты осточертела, а жизня пока ишо нет.","Ну и молчи, как дохлая!»","А мне одна ты осточертела, а жизня пока ишо нет. Поняла? Ну и молчи, как дохлая!»",False,,False,,True,1224
WORD,S1_017,34211,10,10,понять,поняла,"Такая глубокая, нескрываемая тревога прозвучала в Аксиньином вопросе, что Наталья поняла все.",С Григорием Пантелеевичем беда случилась?,"В одной фразе сказалась вся Аксинья, открылось все, чем она жила и чего боялась.","С Григорием Пантелеевичем беда случилась? Такая глубокая, нескрываемая тревога прозвучала в Аксиньином вопросе, что Наталья поняла все. В одной фразе сказалась вся Аксинья, открылось все, чем она жила и чего боялась.",False,,False,,True,1225
WORD,S1_016,34247,15,15,помнить,помнишь,"Всю жизню ты мне поперек стоишь, но зараз уж я просить не буду, как тогда, помнишь?","Не замечая насмешки, Наталья подошла к Аксинье, тронула ее за рукав:
— Аксинья!","Тогда я помоложе была, поглупее, думала — упрошу ее, она пожалеет, смилуется и откажется от Гриши.","Не замечая насмешки, Наталья подошла к Аксинье, тронула ее за рукав:
— Аксинья! Всю жизню ты мне поперек стоишь, но зараз уж я просить не буду, как тогда, помнишь? Тогда я помоложе была, поглупее, думала — упрошу ее, она пожалеет, смилуется и откажется от Гриши.",False,,False,,True,1226
WORD,S1_001,34248,5,5,думать,думала,"Тогда я помоложе была, поглупее, думала — упрошу ее, она пожалеет, смилуется и откажется от Гриши.","Всю жизню ты мне поперек стоишь, но зараз уж я просить не буду, как тогда, помнишь?",Зараз не буду!,"Всю жизню ты мне поперек стоишь, но зараз уж я просить не буду, как тогда, помнишь? Тогда я помоложе была, поглупее, думала — упрошу ее, она пожалеет, смилуется и откажется от Гриши. Зараз не буду!",False,,False,,True,1227
WORD,S1_001,34276,2,2,думать,думала,"Она меньше думала, равномерно опуская мотыгу на высушенные солнцем, рассыпающиеся в прах комки песчаного суглинка, изредка выпрямляясь, чтобы отдохнуть, вытереть пот с лица и напиться.",В работе ей было легче.,По синему небу плыли и таяли изорванные ветром белые облака.,"В работе ей было легче. Она меньше думала, равномерно опуская мотыгу на высушенные солнцем, рассыпающиеся в прах комки песчаного суглинка, изредка выпрямляясь, чтобы отдохнуть, вытереть пот с лица и напиться. По синему небу плыли и таяли изорванные ветром белые облака.",False,,False,,True,1228
WORD,S1_007,34296,2,2,раздумывать,раздумывая,"Ильинична помолчала, раздумывая.",— Да.,На морщинистом лице ее в углах губ легли строгие складки.,"— Да. Ильинична помолчала, раздумывая. На морщинистом лице ее в углах губ легли строгие складки.",False,,False,,True,1229
PHRASE,PHR_060,34306,5,6,не забывать,не забывает,"Наполовину седой стал, а старое не забывает…","— Наталья горько улыбнулась, чуть слышно добавила: — Он не Мишатка, чтобы его сдержать.","Ильинична вымыла и вытерла ложки, ополоснула чашку, прибрала посуду в сумку и только тогда спросила:
— Это вся и беда?","— Наталья горько улыбнулась, чуть слышно добавила: — Он не Мишатка, чтобы его сдержать. Наполовину седой стал, а старое не забывает… Ильинична вымыла и вытерла ложки, ополоснула чашку, прибрала посуду в сумку и только тогда спросила:
— Это вся и беда?",False,,False,,True,1230
WORD,S1_001,34316,4,4,думать,думала,"— Смолоду и я так думала, — со вздохом сказала Ильинична.",Помучилась я и так достаточно.,— Мой-то тоже был кобелем не из последних.,"Помучилась я и так достаточно. — Смолоду и я так думала, — со вздохом сказала Ильинична. — Мой-то тоже был кобелем не из последних.",False,,False,,True,1231
WORD,S1_023,34320,0,0,пораскинуть,Пораскинь,Пораскинь умом — сама увидишь.,"Только уйтить от родного мужа нелегко, да и не к чему.","Да и детишков от отца забирать, как это так?","Только уйтить от родного мужа нелегко, да и не к чему. Пораскинь умом — сама увидишь. Да и детишков от отца забирать, как это так?",False,,False,,True,1232
PHRASE,PHR_026,34323,2,4,думать о это,думай об этом,"И не думай об этом, не велю!","Нет, это ты зря гутаришь.","— Нет, маманя, жить я с ним не буду, и слов не теряйте.","Нет, это ты зря гутаришь. И не думай об этом, не велю! — Нет, маманя, жить я с ним не буду, и слов не теряйте.",False,,False,,True,1233
WORD,S1_001,34323,2,2,думать,думай,"И не думай об этом, не велю!","Нет, это ты зря гутаришь.","— Нет, маманя, жить я с ним не буду, и слов не теряйте.","Нет, это ты зря гутаришь. И не думай об этом, не велю! — Нет, маманя, жить я с ним не буду, и слов не теряйте.",True,PHR_026,False,,False,1234
PHRASE,PHR_107,34329,2,4,выкинуть из голова,выкинь из головы,"Сказано тебе: выкинь из головы, стало быть — и все тут.","И ты мне, матери, старухе, такие слова говоришь?",Ишь выдумала: «Уйду из дому!»,"И ты мне, матери, старухе, такие слова говоришь? Сказано тебе: выкинь из головы, стало быть — и все тут. Ишь выдумала: «Уйду из дому!»",False,,False,,True,1235
WORD,S1_008,34403,5,5,обдумывать,обдумывая,"Наталья долго шла, молча что-то обдумывая, потом сказала:
— Маманя, я об этом больше не хочу гутарить.","Приворожила она его, не иначе.","Григорий приедет, там видно будет, куда мне деваться…","Приворожила она его, не иначе. Наталья долго шла, молча что-то обдумывая, потом сказала:
— Маманя, я об этом больше не хочу гутарить. Григорий приедет, там видно будет, куда мне деваться…",False,,False,,True,1236
PHRASE,PHR_026,34408,9,11,думать о это,думай об этом,"Он ни за что тебя не выгонит, и не думай об этом!","— Бог даст, все уладится.","Так он любит и тебя и детишков, да чтобы помыслил такое?","— Бог даст, все уладится. Он ни за что тебя не выгонит, и не думай об этом! Так он любит и тебя и детишков, да чтобы помыслил такое?",False,,False,,True,1237
WORD,S1_001,34408,9,9,думать,думай,"Он ни за что тебя не выгонит, и не думай об этом!","— Бог даст, все уладится.","Так он любит и тебя и детишков, да чтобы помыслил такое?","— Бог даст, все уладится. Он ни за что тебя не выгонит, и не думай об этом! Так он любит и тебя и детишков, да чтобы помыслил такое?",True,PHR_026,False,,False,1238
WORD,S1_012,34444,18,18,мысленно,мысленно,"* * *
После обеда Ильинична хотела поговорить с Натальей, доказать ей, что нет нужды избавляться от беременности; моя посуду, она мысленно подыскивала, по ее мнению, наиболее убедительные доводы, думала даже о том, чтобы о решении Натальи поставить в известность старика и при его помощи отговорить от неразумного поступка взбесившуюся с горя сноху, но, пока она управлялась с делами, Наталья тихонько собралась и ушла.","— Вот спасибо, Агевич, а то мы уж уморились осклизаться, — довольно проговорила Ильинична и первая села на просторные дроги.",— Где Наталья? — спросила Ильинична у Дуняшки.,"— Вот спасибо, Агевич, а то мы уж уморились осклизаться, — довольно проговорила Ильинична и первая села на просторные дроги. * * *
После обеда Ильинична хотела поговорить с Натальей, доказать ей, что нет нужды избавляться от беременности; моя посуду, она мысленно подыскивала, по ее мнению, наиболее убедительные доводы, думала даже о том, чтобы о решении Натальи поставить в известность старика и при его помощи отговорить от неразумного поступка взбесившуюся с горя сноху, но, пока она управлялась с делами, Наталья тихонько собралась и ушла. — Где Наталья? — спросила Ильинична у Дуняшки.",False,,False,,True,1239
WORD,S1_001,34444,26,26,думать,думала,"* * *
После обеда Ильинична хотела поговорить с Натальей, доказать ей, что нет нужды избавляться от беременности; моя посуду, она мысленно подыскивала, по ее мнению, наиболее убедительные доводы, думала даже о том, чтобы о решении Натальи поставить в известность старика и при его помощи отговорить от неразумного поступка взбесившуюся с горя сноху, но, пока она управлялась с делами, Наталья тихонько собралась и ушла.","— Вот спасибо, Агевич, а то мы уж уморились осклизаться, — довольно проговорила Ильинична и первая села на просторные дроги.",— Где Наталья? — спросила Ильинична у Дуняшки.,"— Вот спасибо, Агевич, а то мы уж уморились осклизаться, — довольно проговорила Ильинична и первая села на просторные дроги. * * *
После обеда Ильинична хотела поговорить с Натальей, доказать ей, что нет нужды избавляться от беременности; моя посуду, она мысленно подыскивала, по ее мнению, наиболее убедительные доводы, думала даже о том, чтобы о решении Натальи поставить в известность старика и при его помощи отговорить от неразумного поступка взбесившуюся с горя сноху, но, пока она управлялась с делами, Наталья тихонько собралась и ушла. — Где Наталья? — спросила Ильинична у Дуняшки.",False,,False,,True,1240
WORD,S1_004,34465,1,1,решить,решила,"Старику решила не говорить, боясь попреков и нареканий.",С величайшей тревогой Ильинична ждала возвращения Натальи.,На закате солнца со степи пришел табун.,"С величайшей тревогой Ильинична ждала возвращения Натальи. Старику решила не говорить, боясь попреков и нареканий. На закате солнца со степи пришел табун.",False,,False,,True,1241
PHRASE,PHR_486,34582,7,9,про себя подумать,про себя подумала,"— Что не видно, — успокоила ее старуха, а про себя подумала: «Значит, не выживет!","За полночь она открыла глаза, спросила:
— Скоро зачнет светать?","Боится, что обеспамятеет и не увидит детей…»","За полночь она открыла глаза, спросила:
— Скоро зачнет светать? — Что не видно, — успокоила ее старуха, а про себя подумала: «Значит, не выживет! Боится, что обеспамятеет и не увидит детей…»",False,,False,,True,1242
WORD,S1_002,34582,9,9,подумать,подумала,"— Что не видно, — успокоила ее старуха, а про себя подумала: «Значит, не выживет!","За полночь она открыла глаза, спросила:
— Скоро зачнет светать?","Боится, что обеспамятеет и не увидит детей…»","За полночь она открыла глаза, спросила:
— Скоро зачнет светать? — Что не видно, — успокоила ее старуха, а про себя подумала: «Значит, не выживет! Боится, что обеспамятеет и не увидит детей…»",True,PHR_486,False,,False,1243
PHRASE,PHR_268,34648,29,32,стать казаться,стали тоньше и казалось,"Сутки назад была она, как молодая яблоня в цвету, — красивая, здоровая, сильная, а сейчас щеки ее выглядели белее мела с обдонской горы, нос заострился, губы утратили недавнюю яркую свежесть, стали тоньше и, казалось, с трудом прикрывали раздвинутые подковки зубов.",Как страшно переменилась Наталья за одну ночь!,"Одни глаза Натальи сохранили прежний блеск, но выражение их было уже иное.","Как страшно переменилась Наталья за одну ночь! Сутки назад была она, как молодая яблоня в цвету, — красивая, здоровая, сильная, а сейчас щеки ее выглядели белее мела с обдонской горы, нос заострился, губы утратили недавнюю яркую свежесть, стали тоньше и, казалось, с трудом прикрывали раздвинутые подковки зубов. Одни глаза Натальи сохранили прежний блеск, но выражение их было уже иное.",False,,False,,True,1244
WORD,S1_001,34689,0,0,думать,Думала,"Думала — всё мне, концы…",А я уж испужалась…,Да что это ребята так долго спят?,"А я уж испужалась… Думала — всё мне, концы… Да что это ребята так долго спят?",False,,False,,True,1245
WORD,ALEX_012,34697,6,6,догадаться,догадавшись,"Грипашка незаметно толкнула мать, и та, догадавшись, проворно вытерла глаза, успокаивающе сказала:
— Что ты, дочушка, это я так, сдуру слезу сронила.","Ну, на самом деле, чего вы плачете?","Сердце защемило, как глянула на тебя…","Ну, на самом деле, чего вы плачете? Грипашка незаметно толкнула мать, и та, догадавшись, проворно вытерла глаза, успокаивающе сказала:
— Что ты, дочушка, это я так, сдуру слезу сронила. Сердце защемило, как глянула на тебя…",False,,False,,True,1246
WORD,S1_014,34722,3,3,вспомнить,вспомнив,"— Потом, словно что-то вспомнив, резко приподнялась на кровати.","Наталья закрыла глаза, сказала, как бы в забытьи:
— Так я его и не увижу…",— Верните Мишатку!,"Наталья закрыла глаза, сказала, как бы в забытьи:
— Так я его и не увижу… — Потом, словно что-то вспомнив, резко приподнялась на кровати. — Верните Мишатку!",False,,False,,True,1247
WORD,S1_014,34737,4,4,вспомнить,вспомнил,"XVII
Многое передумал и вспомнил Григорий за двое суток пути от фронта до родного хутора…",В полдень она умерла.,"Чтобы не оставаться в степи одному со своим горем, с неотступными мыслями о Наталье, он взял с собою Прохора Зыкова.","В полдень она умерла. XVII
Многое передумал и вспомнил Григорий за двое суток пути от фронта до родного хутора… Чтобы не оставаться в степи одному со своим горем, с неотступными мыслями о Наталье, он взял с собою Прохора Зыкова.",False,,False,,True,1248
WORD,S1_011,34738,11,11,мысль,мыслями,"Чтобы не оставаться в степи одному со своим горем, с неотступными мыслями о Наталье, он взял с собою Прохора Зыкова.","XVII
Многое передумал и вспомнил Григорий за двое суток пути от фронта до родного хутора…","Как только выехали с места стоянки сотни, Григорий завел разговор о войне, вспомнил, как служил в 12-м полку на австрийском фронте, как ходили в Румынию, как бились с немцами.","XVII
Многое передумал и вспомнил Григорий за двое суток пути от фронта до родного хутора… Чтобы не оставаться в степи одному со своим горем, с неотступными мыслями о Наталье, он взял с собою Прохора Зыкова. Как только выехали с места стоянки сотни, Григорий завел разговор о войне, вспомнил, как служил в 12-м полку на австрийском фронте, как ходили в Румынию, как бились с немцами.",False,,False,,True,1249
WORD,S1_014,34739,12,12,вспомнить,вспомнил,"Как только выехали с места стоянки сотни, Григорий завел разговор о войне, вспомнил, как служил в 12-м полку на австрийском фронте, как ходили в Румынию, как бились с немцами.","Чтобы не оставаться в степи одному со своим горем, с неотступными мыслями о Наталье, он взял с собою Прохора Зыкова.","Говорил он без умолку, вспоминал всякие потешные истории, происходившие с их однополчанами, смеялся…","Чтобы не оставаться в степи одному со своим горем, с неотступными мыслями о Наталье, он взял с собою Прохора Зыкова. Как только выехали с места стоянки сотни, Григорий завел разговор о войне, вспомнил, как служил в 12-м полку на австрийском фронте, как ходили в Румынию, как бились с немцами. Говорил он без умолку, вспоминал всякие потешные истории, происходившие с их однополчанами, смеялся…",False,,False,,True,1250
WORD,ALEX_008,34740,4,4,вспоминать,вспоминал,"Говорил он без умолку, вспоминал всякие потешные истории, происходившие с их однополчанами, смеялся…","Как только выехали с места стоянки сотни, Григорий завел разговор о войне, вспомнил, как служил в 12-м полку на австрийском фронте, как ходили в Румынию, как бились с немцами.","Простоватый Прохор вначале недоуменно косился на Григория, дивясь его необычайной разговорчивости, а потом все же догадался, что Григорий воспоминаниями о давнишних днях хочет отвлечь себя от тяжелых думок, — и стал поддерживать разговор, и быть может, даже с излишним старанием.","Как только выехали с места стоянки сотни, Григорий завел разговор о войне, вспомнил, как служил в 12-м полку на австрийском фронте, как ходили в Румынию, как бились с немцами. Говорил он без умолку, вспоминал всякие потешные истории, происходившие с их однополчанами, смеялся… Простоватый Прохор вначале недоуменно косился на Григория, дивясь его необычайной разговорчивости, а потом все же догадался, что Григорий воспоминаниями о давнишних днях хочет отвлечь себя от тяжелых думок, — и стал поддерживать разговор, и быть может, даже с излишним старанием.",False,,False,,True,1251
WORD,ALEX_012,34741,15,15,догадаться,догадался,"Простоватый Прохор вначале недоуменно косился на Григория, дивясь его необычайной разговорчивости, а потом все же догадался, что Григорий воспоминаниями о давнишних днях хочет отвлечь себя от тяжелых думок, — и стал поддерживать разговор, и быть может, даже с излишним старанием.","Говорил он без умолку, вспоминал всякие потешные истории, происходившие с их однополчанами, смеялся…","Со всеми подробностями рассказывая о том, как пришлось ему когда-то лежать в черниговском госпитале, Прохор случайно взглянул на Григория, увидел, как по смуглым щекам его обильно текут слезы…","Говорил он без умолку, вспоминал всякие потешные истории, происходившие с их однополчанами, смеялся… Простоватый Прохор вначале недоуменно косился на Григория, дивясь его необычайной разговорчивости, а потом все же догадался, что Григорий воспоминаниями о давнишних днях хочет отвлечь себя от тяжелых думок, — и стал поддерживать разговор, и быть может, даже с излишним старанием. Со всеми подробностями рассказывая о том, как пришлось ему когда-то лежать в черниговском госпитале, Прохор случайно взглянул на Григория, увидел, как по смуглым щекам его обильно текут слезы…",False,,False,,True,1252
WORD,S1_001,34753,17,17,думать,думал,"Доскачется, дьявол, что придется до самого Татарского из такой дали пеши пороть либо на обывательских тянуться!» — раздраженно думал Прохор.","Ему хорошо, черту, он своего загонит и в любой момент себе другого под седло достанет, а я откуда возьму?","Наутро следующего дня возле одного из хуторов Федосеевской станицы он не стерпел, сказал, обращаясь к Григорию:
— Скажи как ты хозяином сроду не был…","Ему хорошо, черту, он своего загонит и в любой момент себе другого под седло достанет, а я откуда возьму? Доскачется, дьявол, что придется до самого Татарского из такой дали пеши пороть либо на обывательских тянуться!» — раздраженно думал Прохор. Наутро следующего дня возле одного из хуторов Федосеевской станицы он не стерпел, сказал, обращаясь к Григорию:
— Скажи как ты хозяином сроду не был…",False,,False,,True,1253
WORD,ALEX_008,34806,5,5,вспоминать,вспоминают,"Зараз — как уговорились, и не вспоминают об ней при нас, а нынче ночью слыхала — Мишатка кричал потихоньку… залез под подушку головой, чтобы его не слыхать было…","— В первый день дюже кричали, особливо Полюшка…","Я подошла, спрашиваю: «Ты чего, родненький?","— В первый день дюже кричали, особливо Полюшка… Зараз — как уговорились, и не вспоминают об ней при нас, а нынче ночью слыхала — Мишатка кричал потихоньку… залез под подушку головой, чтобы его не слыхать было… Я подошла, спрашиваю: «Ты чего, родненький?",False,,False,,True,1254
WORD,S1_002,34826,11,11,подумать,подумал,"Он сошел с крыльца, испуганно прижимая к левой стороне груди ладонь, подумал: «Видно, укатали сивку крутые горки…»",На лбу у него выступила испарина.,Дуняшка вываживала по двору коня.,"На лбу у него выступила испарина. Он сошел с крыльца, испуганно прижимая к левой стороне груди ладонь, подумал: «Видно, укатали сивку крутые горки…» Дуняшка вываживала по двору коня.",False,,False,,True,1255
WORD,S1_001,34840,2,2,думать,думала,"— А ты думала — как? — задыхаясь, ответил Григорий.",Горюешь?,"Движимая чувством сострадания, Дуняшка поцеловала его в плечо и, отчего-то смутившись до слез, быстро отвернулась, повела коня к скотиньему базу.","Горюешь? — А ты думала — как? — задыхаясь, ответил Григорий. Движимая чувством сострадания, Дуняшка поцеловала его в плечо и, отчего-то смутившись до слез, быстро отвернулась, повела коня к скотиньему базу.",False,,False,,True,1256
WORD,S1_001,34852,2,2,думать,думаю,Завтра вот думаю жита́ ехать косить.,Ишо прыгаю помаленьку.,Ты надолго прибег?,Ишо прыгаю помаленьку. Завтра вот думаю жита́ ехать косить. Ты надолго прибег?,False,,False,,True,1257
WORD,S1_002,34858,4,4,подумать,подумал,— Я уж и сам подумал об этом.,В работе оно тебе легше будет…,"Старик бросил вилы, рукавом вытер пот с лица, с сокровенными нотками в голосе сказал:
— Пойдем в курень, пообедаешь.","В работе оно тебе легше будет… — Я уж и сам подумал об этом. Старик бросил вилы, рукавом вытер пот с лица, с сокровенными нотками в голосе сказал:
— Пойдем в курень, пообедаешь.",False,,False,,True,1258
WORD,S1_002,34864,3,3,подумать,подумал,"И опять Григорий подумал: «Бывало, Наталья угощала…»","Ильинична собрала на стол, подала чистый рушник.","Чтобы не выдать волнения, он проворно стал есть.","Ильинична собрала на стол, подала чистый рушник. И опять Григорий подумал: «Бывало, Наталья угощала…» Чтобы не выдать волнения, он проворно стал есть.",False,,False,,True,1259
WORD,S1_011,34872,19,19,мысль,мысли,"Он выпил второй стакан залпом, долго жевал кусок вяленой рыбы, все ждал, когда хмель ударит в голову, заглушит неотвязные мысли.","— Давай об этом не гутарить, батя! — попросил Григорий.",— Житá нонешний год хороши!,"— Давай об этом не гутарить, батя! — попросил Григорий. Он выпил второй стакан залпом, долго жевал кусок вяленой рыбы, все ждал, когда хмель ударит в голову, заглушит неотвязные мысли. — Житá нонешний год хороши!",False,,False,,True,1260
WORD,S1_001,34884,3,3,думать,думай,"Но ты не думай, у нас и без нынешнего урожая года на два хлеба хватит.","Как пододвинется фронт — товарищи все выметут, как вылижут.","У нас, слава богу, и в закромах его по ноздри; да ишо кое-где есть…","Как пододвинется фронт — товарищи все выметут, как вылижут. Но ты не думай, у нас и без нынешнего урожая года на два хлеба хватит. У нас, слава богу, и в закромах его по ноздри; да ишо кое-где есть…",False,,False,,True,1261
WORD,S1_001,34889,23,23,думать,думаешь,"— Старик пьяно засмеялся своей шутке, но спустя немного с достоинством расправил бороду и уже деловито и серьезно сказал: — Может, ты об теще чего думаешь, так я тебе скажу так: ее я не забыл и нужде ихней помог.","Нас эта проклятая жизня трошки прибеднила, а то ить мы тоже хозяевами были…","Не успела она как-то и словом заикнуться, а я на другой день воз хлеба, не мерямши, насыпал и отвез.","Нас эта проклятая жизня трошки прибеднила, а то ить мы тоже хозяевами были… — Старик пьяно засмеялся своей шутке, но спустя немного с достоинством расправил бороду и уже деловито и серьезно сказал: — Может, ты об теще чего думаешь, так я тебе скажу так: ее я не забыл и нужде ихней помог. Не успела она как-то и словом заикнуться, а я на другой день воз хлеба, не мерямши, насыпал и отвез.",False,,False,,True,1262
WORD,S1_002,34908,12,12,подумать,подумал,"Бесцельно бродя по двору, он осмотрел скотиний баз, конюшню; глядя на коня, подумал: «Надо бы искупать его», потом зашел под навес сарая.","— Ильинична метнулась к печке, но Григорий уже хлопнул дверью.","Около приготовленной к покосу лобогрейки увидел валявшиеся на земле сосновые щепки, стружки, косой обрезок доски.","— Ильинична метнулась к печке, но Григорий уже хлопнул дверью. Бесцельно бродя по двору, он осмотрел скотиний баз, конюшню; глядя на коня, подумал: «Надо бы искупать его», потом зашел под навес сарая. Около приготовленной к покосу лобогрейки увидел валявшиеся на земле сосновые щепки, стружки, косой обрезок доски.",False,,False,,True,1263
WORD,S1_004,34910,4,4,решить,решил,"«Гроб Наталье отец делал», — решил Григорий.","Около приготовленной к покосу лобогрейки увидел валявшиеся на земле сосновые щепки, стружки, косой обрезок доски.",И торопливо зашагал к крыльцу.,"Около приготовленной к покосу лобогрейки увидел валявшиеся на земле сосновые щепки, стружки, косой обрезок доски. «Гроб Наталье отец делал», — решил Григорий. И торопливо зашагал к крыльцу.",False,,False,,True,1264
WORD,ALEX_008,34915,16,16,вспоминать,вспоминала,"Но со слов Ильиничны он знал, что Наталья простила ему все, что она любила его и вспоминала о нем до последней минуты.","Если бы при жизни Наталья осуществила свою угрозу — взяла детей и ушла жить к матери; если бы она умерла там, ожесточенная в ненависти к неверному мужу и непримирившаяся, Григорий, пожалуй, не с такой силой испытывал бы тяжесть утраты и, уж наверное, раскаяние не терзало бы его столь яростно.","Это увеличивало его страдания, отягчало совесть немолкнущим укором, заставляло по-новому осмысливать прошлое и свое поведение в нем…","Если бы при жизни Наталья осуществила свою угрозу — взяла детей и ушла жить к матери; если бы она умерла там, ожесточенная в ненависти к неверному мужу и непримирившаяся, Григорий, пожалуй, не с такой силой испытывал бы тяжесть утраты и, уж наверное, раскаяние не терзало бы его столь яростно. Но со слов Ильиничны он знал, что Наталья простила ему все, что она любила его и вспоминала о нем до последней минуты. Это увеличивало его страдания, отягчало совесть немолкнущим укором, заставляло по-новому осмысливать прошлое и свое поведение в нем…",False,,False,,True,1265
WORD,S1_001,34925,7,7,думать,думал,"После разрыва с Аксиньей Григорий никогда не думал всерьез о том, чтобы разойтись с женой; никогда, даже вновь сойдясь с Аксиньей, он не думал, чтобы она когда-нибудь заменила мать его детям.","Детская любовь возбудила и у Григория ответное чувство, и это чувство, как огонек, перебросилось на Наталью.","Он не прочь был жить с ними с обеими, любя каждую из них по-разному, но, потеряв жену, вдруг почувствовал и к Аксинье какую-то отчужденность, потом глухую злобу за то, что она выдала их отношения и — тем самым — толкнула Наталью на смерть.","Детская любовь возбудила и у Григория ответное чувство, и это чувство, как огонек, перебросилось на Наталью. После разрыва с Аксиньей Григорий никогда не думал всерьез о том, чтобы разойтись с женой; никогда, даже вновь сойдясь с Аксиньей, он не думал, чтобы она когда-нибудь заменила мать его детям. Он не прочь был жить с ними с обеими, любя каждую из них по-разному, но, потеряв жену, вдруг почувствовал и к Аксинье какую-то отчужденность, потом глухую злобу за то, что она выдала их отношения и — тем самым — толкнула Наталью на смерть.",False,,False,,True,1266
WORD,S1_001,34925,23,23,думать,думал,"После разрыва с Аксиньей Григорий никогда не думал всерьез о том, чтобы разойтись с женой; никогда, даже вновь сойдясь с Аксиньей, он не думал, чтобы она когда-нибудь заменила мать его детям.","Детская любовь возбудила и у Григория ответное чувство, и это чувство, как огонек, перебросилось на Наталью.","Он не прочь был жить с ними с обеими, любя каждую из них по-разному, но, потеряв жену, вдруг почувствовал и к Аксинье какую-то отчужденность, потом глухую злобу за то, что она выдала их отношения и — тем самым — толкнула Наталью на смерть.","Детская любовь возбудила и у Григория ответное чувство, и это чувство, как огонек, перебросилось на Наталью. После разрыва с Аксиньей Григорий никогда не думал всерьез о том, чтобы разойтись с женой; никогда, даже вновь сойдясь с Аксиньей, он не думал, чтобы она когда-нибудь заменила мать его детям. Он не прочь был жить с ними с обеими, любя каждую из них по-разному, но, потеряв жену, вдруг почувствовал и к Аксинье какую-то отчужденность, потом глухую злобу за то, что она выдала их отношения и — тем самым — толкнула Наталью на смерть.",False,,False,,True,1267
WORD,S1_011,34927,12,12,мысль,мыслях,"Как ни старался Григорий, уехав в поле, забыть о своем горе, в мыслях он неизбежно возвращался к этому.","Он не прочь был жить с ними с обеими, любя каждую из них по-разному, но, потеряв жену, вдруг почувствовал и к Аксинье какую-то отчужденность, потом глухую злобу за то, что она выдала их отношения и — тем самым — толкнула Наталью на смерть.","Он изнурял себя работой, часами не слезая с лобогрейки, и все же вспоминал Наталью; память настойчиво воскрешала давно минувшее, различные, зачастую незначительные эпизоды совместной жизни, разговоры.","Он не прочь был жить с ними с обеими, любя каждую из них по-разному, но, потеряв жену, вдруг почувствовал и к Аксинье какую-то отчужденность, потом глухую злобу за то, что она выдала их отношения и — тем самым — толкнула Наталью на смерть. Как ни старался Григорий, уехав в поле, забыть о своем горе, в мыслях он неизбежно возвращался к этому. Он изнурял себя работой, часами не слезая с лобогрейки, и все же вспоминал Наталью; память настойчиво воскрешала давно минувшее, различные, зачастую незначительные эпизоды совместной жизни, разговоры.",False,,False,,True,1268
WORD,ALEX_008,34928,12,12,вспоминать,вспоминал,"Он изнурял себя работой, часами не слезая с лобогрейки, и все же вспоминал Наталью; память настойчиво воскрешала давно минувшее, различные, зачастую незначительные эпизоды совместной жизни, разговоры.","Как ни старался Григорий, уехав в поле, забыть о своем горе, в мыслях он неизбежно возвращался к этому.","Стоило на минуту снять узду с услужливой памяти, и перед глазами его вставала живая, улыбающаяся Наталья.","Как ни старался Григорий, уехав в поле, забыть о своем горе, в мыслях он неизбежно возвращался к этому. Он изнурял себя работой, часами не слезая с лобогрейки, и все же вспоминал Наталью; память настойчиво воскрешала давно минувшее, различные, зачастую незначительные эпизоды совместной жизни, разговоры. Стоило на минуту снять узду с услужливой памяти, и перед глазами его вставала живая, улыбающаяся Наталья.",False,,False,,True,1269
WORD,ALEX_008,34930,1,1,вспоминать,вспоминал,"Он вспоминал ее фигуру, походку, манеру поправлять волосы, ее улыбку, интонации голоса…","Стоило на минуту снять узду с услужливой памяти, и перед глазами его вставала живая, улыбающаяся Наталья.",На третий день начали косить ячмень.,"Стоило на минуту снять узду с услужливой памяти, и перед глазами его вставала живая, улыбающаяся Наталья. Он вспоминал ее фигуру, походку, манеру поправлять волосы, ее улыбку, интонации голоса… На третий день начали косить ячмень.",False,,False,,True,1270
WORD,ALEX_012,34966,4,4,догадаться,догадавшись,"Христоня проявил некоторую сообразительность, догадавшись, что в его сочувствии Григорий не нуждается, и стал охотно, но медлительно рассказывать о взятии Балашова, о своем ранении.","Григорий обрадовался новому человеку, возможности поговорить о чем-то постороннем, что не касалось его переживаний.","Дымя огромной цигаркой, он густо басил:
— Шли в пешем строго по подсолнухам.","Григорий обрадовался новому человеку, возможности поговорить о чем-то постороннем, что не касалось его переживаний. Христоня проявил некоторую сообразительность, догадавшись, что в его сочувствии Григорий не нуждается, и стал охотно, но медлительно рассказывать о взятии Балашова, о своем ранении. Дымя огромной цигаркой, он густо басил:
— Шли в пешем строго по подсолнухам.",False,,False,,True,1271
WORD,S1_001,34974,0,0,думать,Думаю,"Думаю: шутки дурные, к едреной матери с такими шутками!","Ну, я их помял пальцами и упал, стал быть.","Лучше уж лежать, а то другая прилетит, какая порезвей, и наскрозь пронижет.","Ну, я их помял пальцами и упал, стал быть. Думаю: шутки дурные, к едреной матери с такими шутками! Лучше уж лежать, а то другая прилетит, какая порезвей, и наскрозь пронижет.",False,,False,,True,1272
WORD,S1_001,34979,4,4,думать,думаю,"Ну, я и испужался, думаю: что — как они, подлюки, в живот провалются, тогда что?","Они всё там, одна вблизи другой.","Будут там промеж кишков кататься, как их доктора разыщут?","Они всё там, одна вблизи другой. Ну, я и испужался, думаю: что — как они, подлюки, в живот провалются, тогда что? Будут там промеж кишков кататься, как их доктора разыщут?",False,,False,,True,1273
WORD,S1_001,34993,2,2,думать,думаю,"Ну, тогда, думаю, не дамся их вырезать!","— «Нет, говорит, не могут».",Знаю я эти шутки!,"— «Нет, говорит, не могут». Ну, тогда, думаю, не дамся их вырезать! Знаю я эти шутки!",False,,False,,True,1274
WORD,S1_004,35020,6,6,решить,решил,"Проводив Христоню, Григорий после короткого размышления решил: «Поживу с неделю и уеду на фронт.","Гутарили так, что дальше Хоперского округа не пойдут…",Тут с тоски пропадешь».,"Гутарили так, что дальше Хоперского округа не пойдут… Проводив Христоню, Григорий после короткого размышления решил: «Поживу с неделю и уеду на фронт. Тут с тоски пропадешь».",False,,False,,True,1275
WORD,S1_014,35023,0,0,вспомнить,Вспомнил,"Вспомнил детство и смастерил Мишатке ветряную мельницу из камышинок, ссучил из конского волоса силки для ловли воробьев, дочери искусно сделал крохотную коляску с вращающимися колесами и причудливо изукрашенным дышлом, пробовал даже свернуть из лоскутков куклу, но тут у него ничего не вышло; кукла была сделана при помощи Дуняшки.",До вечера он был дома.,"Дети, к которым Григорий никогда прежде не проявлял такого внимания, вначале отнеслись к его затеям с недоверием, но потом уже ни на минуту не отходили от него, и под вечер, когда Григорий собрался ехать в поле, Мишатка, сдерживая слезы, заявил:
— Ты сроду такой!","До вечера он был дома. Вспомнил детство и смастерил Мишатке ветряную мельницу из камышинок, ссучил из конского волоса силки для ловли воробьев, дочери искусно сделал крохотную коляску с вращающимися колесами и причудливо изукрашенным дышлом, пробовал даже свернуть из лоскутков куклу, но тут у него ничего не вышло; кукла была сделана при помощи Дуняшки. Дети, к которым Григорий никогда прежде не проявлял такого внимания, вначале отнеслись к его затеям с недоверием, но потом уже ни на минуту не отходили от него, и под вечер, когда Григорий собрался ехать в поле, Мишатка, сдерживая слезы, заявил:
— Ты сроду такой!",False,,False,,True,1276
WORD,S1_004,35028,13,13,решить,решим,"Григорий взял в свои большие руки маленькие ручонки сына, сказал:
— Ежели так — давай решим: ты — казак, вот и поедем со мной нá поля, будем ячмень косить, копнить, на косилке будешь с дедом сидеть, коней будешь погонять.",Мне не нужно!,Сколько там кузнецов в траве!,"Мне не нужно! Григорий взял в свои большие руки маленькие ручонки сына, сказал:
— Ежели так — давай решим: ты — казак, вот и поедем со мной нá поля, будем ячмень косить, копнить, на косилке будешь с дедом сидеть, коней будешь погонять. Сколько там кузнецов в траве!",False,,False,,True,1277
PHRASE,PHR_099,35052,6,7,сообразить что,сообразила что,"Женским чутьем она распознала его настроение, сообразила, что всякое неосторожное и несвоевременное проявление ее чувств к нему может вооружить его против нее, кинуть какое-то пятно на их взаимоотношения.","Она, с присущим ей умом и тактом, избегала встреч, понимая, что лучше ей не попадаться Григорию на глаза.","Она ждала, когда Григорий сам заговорит с ней.","Она, с присущим ей умом и тактом, избегала встреч, понимая, что лучше ей не попадаться Григорию на глаза. Женским чутьем она распознала его настроение, сообразила, что всякое неосторожное и несвоевременное проявление ее чувств к нему может вооружить его против нее, кинуть какое-то пятно на их взаимоотношения. Она ждала, когда Григорий сам заговорит с ней.",False,,False,,True,1278
WORD,S1_022,35052,6,6,сообразить,сообразила,"Женским чутьем она распознала его настроение, сообразила, что всякое неосторожное и несвоевременное проявление ее чувств к нему может вооружить его против нее, кинуть какое-то пятно на их взаимоотношения.","Она, с присущим ей умом и тактом, избегала встреч, понимая, что лучше ей не попадаться Григорию на глаза.","Она ждала, когда Григорий сам заговорит с ней.","Она, с присущим ей умом и тактом, избегала встреч, понимая, что лучше ей не попадаться Григорию на глаза. Женским чутьем она распознала его настроение, сообразила, что всякое неосторожное и несвоевременное проявление ее чувств к нему может вооружить его против нее, кинуть какое-то пятно на их взаимоотношения. Она ждала, когда Григорий сам заговорит с ней.",True,PHR_099,False,,False,1279
WORD,S1_014,35080,5,5,вспомнить,вспомнить,"— Здравствуй! — ответил Григорий, тщетно пытаясь вспомнить, где он встречался с этим рыжебородым, мрачным на вид казаком.","— Здорово живешь, Григорий Пантелевич! — приветствовал он Григория.","Его, как видно, недавно произвели в подхорунжии, и он, чтобы не сойти за простого казака, нашил новенькие погоны прямо на зипун.","— Здорово живешь, Григорий Пантелевич! — приветствовал он Григория. — Здравствуй! — ответил Григорий, тщетно пытаясь вспомнить, где он встречался с этим рыжебородым, мрачным на вид казаком. Его, как видно, недавно произвели в подхорунжии, и он, чтобы не сойти за простого казака, нашил новенькие погоны прямо на зипун.",False,,False,,True,1280
WORD,S1_015,35094,3,3,припомнить,припомнил,"Григорий с трудом припомнил, при каких обстоятельствах виделся с рыжим подхорунжим, вспомнил и кличку его: Семак, и отзыв о нем Кудинова: «Стреляет, проклятый, без промаху!","Езжайте помаленьку, я догоню! — крикнул бородач приостановившимся неподалеку казакам.","Зайцев на бегу из винтовки бьет, и в бою лихой, и разведчик хороший, а умом — малое дите».","Езжайте помаленьку, я догоню! — крикнул бородач приостановившимся неподалеку казакам. Григорий с трудом припомнил, при каких обстоятельствах виделся с рыжим подхорунжим, вспомнил и кличку его: Семак, и отзыв о нем Кудинова: «Стреляет, проклятый, без промаху! Зайцев на бегу из винтовки бьет, и в бою лихой, и разведчик хороший, а умом — малое дите».",False,,False,,True,1281
WORD,S1_014,35094,11,11,вспомнить,вспомнил,"Григорий с трудом припомнил, при каких обстоятельствах виделся с рыжим подхорунжим, вспомнил и кличку его: Семак, и отзыв о нем Кудинова: «Стреляет, проклятый, без промаху!","Езжайте помаленьку, я догоню! — крикнул бородач приостановившимся неподалеку казакам.","Зайцев на бегу из винтовки бьет, и в бою лихой, и разведчик хороший, а умом — малое дите».","Езжайте помаленьку, я догоню! — крикнул бородач приостановившимся неподалеку казакам. Григорий с трудом припомнил, при каких обстоятельствах виделся с рыжим подхорунжим, вспомнил и кличку его: Семак, и отзыв о нем Кудинова: «Стреляет, проклятый, без промаху! Зайцев на бегу из винтовки бьет, и в бою лихой, и разведчик хороший, а умом — малое дите».",False,,False,,True,1282
WORD,S1_016,35100,2,2,помнить,помню,"Я добро помню, Григорий Пантелевич!","Чудок, верст полтораста, кругу дал, заезжал в Слащевскую, там у меня — сродствие.","Не откажи в милости, хочу угостить тебя, а?","Чудок, верст полтораста, кругу дал, заезжал в Слащевскую, там у меня — сродствие. Я добро помню, Григорий Пантелевич! Не откажи в милости, хочу угостить тебя, а?",False,,False,,True,1283
WORD,S1_001,35129,2,2,думать,думаешь,"А ты думаешь, за это когда-нибудь не спустят шкуры и с вас, и с вашего полковника?",Новое рукомесло приобрели!,— За что же это?,"Новое рукомесло приобрели! А ты думаешь, за это когда-нибудь не спустят шкуры и с вас, и с вашего полковника? — За что же это?",False,,False,,True,1284
WORD,S1_014,35146,3,3,вспомнить,вспомню,"Нет, замстило, не вспомню!","Чей же он, дай бог памяти?","Да ты зря ругаешься, Григорий Пантелевич.","Чей же он, дай бог памяти? Нет, замстило, не вспомню! Да ты зря ругаешься, Григорий Пантелевич.",False,,False,,True,1285
WORD,S1_014,35195,11,11,вспомнить,вспомнит,"И небось у каждого из вас мать есть, и небось как вспомнит про сына, что он на войне гибнет, так слезьми и обольется…",До чего же вы хорошо да жалостно поете!,"— Блеснув на поздоровавшегося Григория желтыми белками, она вдруг злобно сказала: — И таких цветков ты, ваше благородие, на смерть водишь?","До чего же вы хорошо да жалостно поете! И небось у каждого из вас мать есть, и небось как вспомнит про сына, что он на войне гибнет, так слезьми и обольется… — Блеснув на поздоровавшегося Григория желтыми белками, она вдруг злобно сказала: — И таких цветков ты, ваше благородие, на смерть водишь?",False,,False,,True,1286
WORD,S1_017,35483,7,7,понять,понять,"Где-то далеко погромыхивало, и Григорий не мог понять — гром это или орудийный гул.",В ставни барабанил частый дождь.,"Кэмпбелл, окутанный синим облаком сигарного дыма, цедил коньяк.","В ставни барабанил частый дождь. Где-то далеко погромыхивало, и Григорий не мог понять — гром это или орудийный гул. Кэмпбелл, окутанный синим облаком сигарного дыма, цедил коньяк.",False,,False,,True,1287
WORD,S1_017,35503,0,0,понять,Понял,Понял?,В наши дела незачем вам мешаться.,"Езжай, пожалуйста, а то тебе тут накостыляют!","В наши дела незачем вам мешаться. Понял? Езжай, пожалуйста, а то тебе тут накостыляют!",False,,False,,True,1288
WORD,S1_014,35597,4,4,вспомнить,вспомнив,"И после долго еще, вспомнив каменную холодность Дарьиных грудей и живота, упругость окостеневших членов, Дуняшка вся содрогалась и старалась поскорее забыть все это.","В волосах ее серебром искрился речной песок, на щеках зеленели влажные нити прилипшей тины-шелковицы, а в раскинутых, безвольно свисавших с лавки руках была такая страшная успокоенность, что Дуняшка, взглянув, поспешно отходила от нее, дивясь и ужасаясь тому, как не похожа мертвая Дарья на ту, что еще так недавно шутила и смеялась и так любила жизнь.","Она боялась, что мертвая Дарья будет ей сниться по ночам, неделю спала на одной кровати с Ильиничной и, перед тем как лечь, — молилась Богу, мысленно просила: «Господи!","В волосах ее серебром искрился речной песок, на щеках зеленели влажные нити прилипшей тины-шелковицы, а в раскинутых, безвольно свисавших с лавки руках была такая страшная успокоенность, что Дуняшка, взглянув, поспешно отходила от нее, дивясь и ужасаясь тому, как не похожа мертвая Дарья на ту, что еще так недавно шутила и смеялась и так любила жизнь. И после долго еще, вспомнив каменную холодность Дарьиных грудей и живота, упругость окостеневших членов, Дуняшка вся содрогалась и старалась поскорее забыть все это. Она боялась, что мертвая Дарья будет ей сниться по ночам, неделю спала на одной кровати с Ильиничной и, перед тем как лечь, — молилась Богу, мысленно просила: «Господи!",False,,False,,True,1289
WORD,S1_012,35598,24,24,мысленно,мысленно,"Она боялась, что мертвая Дарья будет ей сниться по ночам, неделю спала на одной кровати с Ильиничной и, перед тем как лечь, — молилась Богу, мысленно просила: «Господи!","И после долго еще, вспомнив каменную холодность Дарьиных грудей и живота, упругость окостеневших членов, Дуняшка вся содрогалась и старалась поскорее забыть все это.","Сделай так, чтобы она мне не снилась!","И после долго еще, вспомнив каменную холодность Дарьиных грудей и живота, упругость окостеневших членов, Дуняшка вся содрогалась и старалась поскорее забыть все это. Она боялась, что мертвая Дарья будет ей сниться по ночам, неделю спала на одной кровати с Ильиничной и, перед тем как лечь, — молилась Богу, мысленно просила: «Господи! Сделай так, чтобы она мне не снилась!",False,,False,,True,1290
WORD,S1_001,35628,12,12,думать,думал,"Старик рыл могилу, часто бросал лопату, присаживался на влажную глинистую землю, курил, думал о смерти.","Место было действительно веселое, сухое…","Но, видно, не такое наступило время, чтобы старикам можно было тихо помирать в родных куренях и покоиться там, где нашли себе последний приют их отцы и деды…","Место было действительно веселое, сухое… Старик рыл могилу, часто бросал лопату, присаживался на влажную глинистую землю, курил, думал о смерти. Но, видно, не такое наступило время, чтобы старикам можно было тихо помирать в родных куренях и покоиться там, где нашли себе последний приют их отцы и деды…",False,,False,,True,1291
WORD,S1_004,35717,3,3,решить,решила,"Тогда же Ильинична решила поговорить с Аксиньей и твердо заявить ей, чтобы она оставила Мишатку в покое и не снискивала его расположения ни подарками, ни рассказыванием сказок.","— Опять… — растерянно проговорил Мишатка и тотчас добавил: — Я больше не буду, бабунюшка, ты только не ругайся…","«Свела со света Наталью, а зараз норовит, проклятая, к детям подобраться, чтобы через них потом Гришку опутать.","— Опять… — растерянно проговорил Мишатка и тотчас добавил: — Я больше не буду, бабунюшка, ты только не ругайся… Тогда же Ильинична решила поговорить с Аксиньей и твердо заявить ей, чтобы она оставила Мишатку в покое и не снискивала его расположения ни подарками, ни рассказыванием сказок. «Свела со света Наталью, а зараз норовит, проклятая, к детям подобраться, чтобы через них потом Гришку опутать.",False,,False,,True,1292
WORD,S1_001,35722,8,8,думать,думала,Да разве ее Гришка после такого греха возьмет?» — думала старуха.,Только не выйдет ее дело!,"От ее проницательного и ревнивого материнского взора не скрылось то обстоятельство, что Григорий, будучи дома, избегал встреч с Аксиньей.","Только не выйдет ее дело! Да разве ее Гришка после такого греха возьмет?» — думала старуха. От ее проницательного и ревнивого материнского взора не скрылось то обстоятельство, что Григорий, будучи дома, избегал встреч с Аксиньей.",False,,False,,True,1293
WORD,S1_001,35732,2,2,думать,думаешь,Ты что думаешь — без матери за ним догляду нету?,Кто тебя просил зашивать ему рубашонку и задаривать его всякими гостинцами?,Что без тебя не обойдутся?,Кто тебя просил зашивать ему рубашонку и задаривать его всякими гостинцами? Ты что думаешь — без матери за ним догляду нету? Что без тебя не обойдутся?,False,,False,,True,1294
WORD,S1_002,35759,0,0,подумать,Подумаешь,"Подумаешь, задаривала я его!","Детей у меня, вы сами знаете, нету, на чужих радуюсь, и то легче, вот и зазвала его…","Грудку сахару дала дитю, так это и задариванье!","Детей у меня, вы сами знаете, нету, на чужих радуюсь, и то легче, вот и зазвала его… Подумаешь, задаривала я его! Грудку сахару дала дитю, так это и задариванье!",False,,True,PARTICLE_PODUMAYESH,True,1295
WORD,S1_001,35769,2,2,думать,думай,"И не думай, что этим ты милее станешь Григорию.","— Ну как бы то ни было, а больше не смей мальчонку заманывать к себе.","Женой его тебе не бывать, так и знай!","— Ну как бы то ни было, а больше не смей мальчонку заманывать к себе. И не думай, что этим ты милее станешь Григорию. Женой его тебе не бывать, так и знай!",False,,False,,True,1296
WORD,S1_017,35802,4,4,понять,пойму,"— Слыхать слышу, да не пойму, что это такое.",— А вот что на одних басах играет.,— Скоро поймешь.,"— А вот что на одних басах играет. — Слыхать слышу, да не пойму, что это такое. — Скоро поймешь.",False,,False,,True,1297
WORD,S1_017,35803,1,1,понять,поймешь,— Скоро поймешь.,"— Слыхать слышу, да не пойму, что это такое.",Вот как зачнут с энтой стороны по хутору кидать — сразу поймешь!,"— Слыхать слышу, да не пойму, что это такое. — Скоро поймешь. Вот как зачнут с энтой стороны по хутору кидать — сразу поймешь!",False,,False,,True,1298
PHRASE,PHR_068,35804,9,10,сразу понять,сразу поймешь,Вот как зачнут с энтой стороны по хутору кидать — сразу поймешь!,— Скоро поймешь.,Это из орудиев бьют.,— Скоро поймешь. Вот как зачнут с энтой стороны по хутору кидать — сразу поймешь! Это из орудиев бьют.,False,,False,,True,1299
WORD,S1_017,35804,10,10,понять,поймешь,Вот как зачнут с энтой стороны по хутору кидать — сразу поймешь!,— Скоро поймешь.,Это из орудиев бьют.,— Скоро поймешь. Вот как зачнут с энтой стороны по хутору кидать — сразу поймешь! Это из орудиев бьют.,True,PHR_068,False,,False,1300
WORD,ALEX_008,35811,10,10,вспоминать,вспоминая,"На гумнах на минуту приостанавливалась работа, бабы крестились, тяжело вздыхали, вспоминая родных, шепча молитвы, а потом снова начинали глухо погромыхивать на токах каменные катки, понукали лошадей и быков мальчишки-погонычи, гремели веялки, трудовой день вступал в свои неотъемлемые права.","Но когда дул северо-восточный ветер, гром отдаленных боев слышался и среди дня.",Конец августа был погожий и сухой на диво.,"Но когда дул северо-восточный ветер, гром отдаленных боев слышался и среди дня. На гумнах на минуту приостанавливалась работа, бабы крестились, тяжело вздыхали, вспоминая родных, шепча молитвы, а потом снова начинали глухо погромыхивать на токах каменные катки, понукали лошадей и быков мальчишки-погонычи, гремели веялки, трудовой день вступал в свои неотъемлемые права. Конец августа был погожий и сухой на диво.",False,,False,,True,1301
WORD,S1_004,35826,4,4,решить,решила,"На всякий случай Ильинична решила так: отправить с кем-нибудь из хуторных Дуняшку с детьми и наиболее ценным имуществом, а самой оставаться, даже в том случае, если красные займут хутор.","Перед отъездом на фронт Пантелей Прокофьевич говорил о молотьбе, о зяби, о скоте, но ни словом не обмолвился о том, как им быть, если фронт приблизится к Татарскому.",В ночь на 17 сентября неожиданно явился домой Пантелей Прокофьевич.,"Перед отъездом на фронт Пантелей Прокофьевич говорил о молотьбе, о зяби, о скоте, но ни словом не обмолвился о том, как им быть, если фронт приблизится к Татарскому. На всякий случай Ильинична решила так: отправить с кем-нибудь из хуторных Дуняшку с детьми и наиболее ценным имуществом, а самой оставаться, даже в том случае, если красные займут хутор. В ночь на 17 сентября неожиданно явился домой Пантелей Прокофьевич.",False,,False,,True,1302
WORD,S1_001,35832,2,2,думать,думала,"— А ты думала — ел, старая дура?","Как, скажи, ты три дня не ел!",Трое суток в аккурат маковой росинки во рту не было!,"Как, скажи, ты три дня не ел! — А ты думала — ел, старая дура? Трое суток в аккурат маковой росинки во рту не было!",False,,False,,True,1303
WORD,S1_001,35856,2,2,думать,думала,"— А ты думала, что на игрища буду бегать али по гостям ходить?","— Да ты что же, хорониться будешь?","Тьфу, бестолочь идолова!","— Да ты что же, хорониться будешь? — А ты думала, что на игрища буду бегать али по гостям ходить? Тьфу, бестолочь идолова!",False,,False,,True,1304
WORD,S1_004,35875,4,4,решить,решили,"Ночью на семейном совете решили: Ильиничне и Пантелею Прокофьевичу с детишками оставаться дома до последнего, оберегать имущество, обмолоченный хлеб зарыть, а Дуняшку на паре старых быков отправить с сундуками к родне, на Чир, в хутор Латышев.","Ильинична знала об этом, а потому и спорить о качестве зипуна не стала.",Планам этим не суждено было осуществиться в полной мере.,"Ильинична знала об этом, а потому и спорить о качестве зипуна не стала. Ночью на семейном совете решили: Ильиничне и Пантелею Прокофьевичу с детишками оставаться дома до последнего, оберегать имущество, обмолоченный хлеб зарыть, а Дуняшку на паре старых быков отправить с сундуками к родне, на Чир, в хутор Латышев. Планам этим не суждено было осуществиться в полной мере.",False,,False,,True,1305
WORD,S1_001,35920,2,2,думать,думал,"А ты думал, тебе за бегство из части крест дадут? — прервал его безрукий хорунжий.","— Мы и стариков учим, как надо служить.",Углы рта у него нервически подергивались.,"— Мы и стариков учим, как надо служить. А ты думал, тебе за бегство из части крест дадут? — прервал его безрукий хорунжий. Углы рта у него нервически подергивались.",False,,False,,True,1306
WORD,S1_016,35944,1,1,помнить,помня,"Не помня себя от радости, Пантелей Прокофьевич вышел, перекрестился на церковный купол и… через бугор бездорожно направился домой.",Ступай!,«Ну уж зараз я не так прихоронюсь!,"Ступай! Не помня себя от радости, Пантелей Прокофьевич вышел, перекрестился на церковный купол и… через бугор бездорожно направился домой. «Ну уж зараз я не так прихоронюсь!",False,,False,,True,1307
WORD,S1_001,35946,10,10,думать,думал,"Черта с два найдут, нехай хучь три сотни калмыков присылают!» — думал он, хромая по заросшей брицей стерне.",«Ну уж зараз я не так прихоронюсь!,"В степи он решил, что лучше идти по дороге, чтобы не привлекать внимания проезжавших.","«Ну уж зараз я не так прихоронюсь! Черта с два найдут, нехай хучь три сотни калмыков присылают!» — думал он, хромая по заросшей брицей стерне. В степи он решил, что лучше идти по дороге, чтобы не привлекать внимания проезжавших.",False,,False,,True,1308
PHRASE,PHR_080,35947,3,6,решить идти,решил что лучше идти,"В степи он решил, что лучше идти по дороге, чтобы не привлекать внимания проезжавших.","Черта с два найдут, нехай хучь три сотни калмыков присылают!» — думал он, хромая по заросшей брицей стерне.","«Как раз ишо подумают, что я — дезертир.","Черта с два найдут, нехай хучь три сотни калмыков присылают!» — думал он, хромая по заросшей брицей стерне. В степи он решил, что лучше идти по дороге, чтобы не привлекать внимания проезжавших. «Как раз ишо подумают, что я — дезертир.",False,,False,,True,1309
WORD,S1_004,35947,3,3,решить,решил,"В степи он решил, что лучше идти по дороге, чтобы не привлекать внимания проезжавших.","Черта с два найдут, нехай хучь три сотни калмыков присылают!» — думал он, хромая по заросшей брицей стерне.","«Как раз ишо подумают, что я — дезертир.","Черта с два найдут, нехай хучь три сотни калмыков присылают!» — думал он, хромая по заросшей брицей стерне. В степи он решил, что лучше идти по дороге, чтобы не привлекать внимания проезжавших. «Как раз ишо подумают, что я — дезертир.",True,PHR_080,False,,False,1310
WORD,S1_002,35948,3,3,подумать,подумают,"«Как раз ишо подумают, что я — дезертир.","В степи он решил, что лучше идти по дороге, чтобы не привлекать внимания проезжавших.","Нарвешься на каких-нибудь службистов — и без суда плетей ввалют», — вслух рассуждал он, сворачивая с пашни на заросший подорожником, брошенный летник и уже почему-то не считая себя дезертиром.","В степи он решил, что лучше идти по дороге, чтобы не привлекать внимания проезжавших. «Как раз ишо подумают, что я — дезертир. Нарвешься на каких-нибудь службистов — и без суда плетей ввалют», — вслух рассуждал он, сворачивая с пашни на заросший подорожником, брошенный летник и уже почему-то не считая себя дезертиром.",False,,False,,True,1311
WORD,S1_021,35949,10,10,рассуждать,рассуждал,"Нарвешься на каких-нибудь службистов — и без суда плетей ввалют», — вслух рассуждал он, сворачивая с пашни на заросший подорожником, брошенный летник и уже почему-то не считая себя дезертиром.","«Как раз ишо подумают, что я — дезертир.","Чем ближе подвигался он к Дону, тем чаще встречались ему подводы беженцев.","«Как раз ишо подумают, что я — дезертир. Нарвешься на каких-нибудь службистов — и без суда плетей ввалют», — вслух рассуждал он, сворачивая с пашни на заросший подорожником, брошенный летник и уже почему-то не считая себя дезертиром. Чем ближе подвигался он к Дону, тем чаще встречались ему подводы беженцев.",False,,False,,True,1312
PHRASE,PHR_061,35968,5,6,стать ясно,стало ясно,"Татарский был брошен жителями, это стало ясно Пантелею Прокофьевичу.","Приблизившись, Пантелей Прокофьевич без труда распознал вооруженных казаков, вытаскивавших и переносивших в хутор баркасы.","Осторожно войдя в свой проулок, он зашагал к дому.","Приблизившись, Пантелей Прокофьевич без труда распознал вооруженных казаков, вытаскивавших и переносивших в хутор баркасы. Татарский был брошен жителями, это стало ясно Пантелею Прокофьевичу. Осторожно войдя в свой проулок, он зашагал к дому.",False,,False,,True,1313
WORD,S1_020,35968,6,6,ясно,ясно,"Татарский был брошен жителями, это стало ясно Пантелею Прокофьевичу.","Приблизившись, Пантелей Прокофьевич без труда распознал вооруженных казаков, вытаскивавших и переносивших в хутор баркасы.","Осторожно войдя в свой проулок, он зашагал к дому.","Приблизившись, Пантелей Прокофьевич без труда распознал вооруженных казаков, вытаскивавших и переносивших в хутор баркасы. Татарский был брошен жителями, это стало ясно Пантелею Прокофьевичу. Осторожно войдя в свой проулок, он зашагал к дому.",True,PHR_061,False,,False,1314
WORD,S1_004,36007,10,10,решить,решили,"И ночь на 19-е казаки-хоперцы, бывшие в заставе против Вешенской, решили разведать о столь странном поведении противника; один голосистый казак сложил трубою руку, крикнул:
— Эй, краснопузые!","Им казалось, что после восстания красные должны бы выжечь дотла все повстанческие хутора и станицы; они ждали, что оставшаяся часть населения, во всяком случае мужская его половина, будет беспощадно истреблена, но по достоверным сведениям — красные никого из мирных жителей не трогали и, судя по всему, даже и не помышляли о мщении.",Чего же вы дома наши не жгете?,"Им казалось, что после восстания красные должны бы выжечь дотла все повстанческие хутора и станицы; они ждали, что оставшаяся часть населения, во всяком случае мужская его половина, будет беспощадно истреблена, но по достоверным сведениям — красные никого из мирных жителей не трогали и, судя по всему, даже и не помышляли о мщении. И ночь на 19-е казаки-хоперцы, бывшие в заставе против Вешенской, решили разведать о столь странном поведении противника; один голосистый казак сложил трубою руку, крикнул:
— Эй, краснопузые! Чего же вы дома наши не жгете?",False,,False,,True,1315
WORD,S1_004,36034,17,17,решить,решили,"Поражение Добровольческой армии в генеральном сражении на орловско-кромском направлении и блестящие действия буденновской конницы на воронежском участке решили исход борьбы: в ноябре Добровольческая армия покатилась на юг, обнажая левый фланг Донской армии, увлекая и ее в своем отступлении.",Вскоре обстановка на Южном фронте резко изменилась.,"XXIV
Две с половиной недели Пантелей Прокофьевич благополучно прожил с семьей в хуторе Латышевом и, как только услышал, что красные отступили от Дона, собрался ехать домой.","Вскоре обстановка на Южном фронте резко изменилась. Поражение Добровольческой армии в генеральном сражении на орловско-кромском направлении и блестящие действия буденновской конницы на воронежском участке решили исход борьбы: в ноябре Добровольческая армия покатилась на юг, обнажая левый фланг Донской армии, увлекая и ее в своем отступлении. XXIV
Две с половиной недели Пантелей Прокофьевич благополучно прожил с семьей в хуторе Латышевом и, как только услышал, что красные отступили от Дона, собрался ехать домой.",False,,False,,True,1316
WORD,S1_001,36112,6,6,думать,думаешь,"Абы кому не дадут, ты как думаешь?",— То-то и есть!,— Само собой.,"— То-то и есть! Абы кому не дадут, ты как думаешь? — Само собой.",False,,False,,True,1317
WORD,S1_001,36132,1,1,думать,думаешь,— А думаешь — заберут?,"— Ежли зараз Мо́скву у них не заберут, они явются сюда, это ты верно говоришь.","— Должны бы забрать, а там — как Бог даст.","— Ежли зараз Мо́скву у них не заберут, они явются сюда, это ты верно говоришь. — А думаешь — заберут? — Должны бы забрать, а там — как Бог даст.",False,,False,,True,1318
WORD,S1_001,36169,6,6,думать,думая,"Какой казачина-то был… — горестно проговорил он, думая о Христоне, вспоминая, как вместе с ним они недавно отправлялись из Татарского на сборный пункт.",— Царство небесное им!,Работать он больше не мог.,"— Царство небесное им! Какой казачина-то был… — горестно проговорил он, думая о Христоне, вспоминая, как вместе с ним они недавно отправлялись из Татарского на сборный пункт. Работать он больше не мог.",False,,False,,True,1319
WORD,ALEX_008,36169,9,9,вспоминать,вспоминая,"Какой казачина-то был… — горестно проговорил он, думая о Христоне, вспоминая, как вместе с ним они недавно отправлялись из Татарского на сборный пункт.",— Царство небесное им!,Работать он больше не мог.,"— Царство небесное им! Какой казачина-то был… — горестно проговорил он, думая о Христоне, вспоминая, как вместе с ним они недавно отправлялись из Татарского на сборный пункт. Работать он больше не мог.",False,,False,,True,1320
WORD,S1_001,36191,11,11,думать,думал,"Он тихо ступал меж кустов, разгребая ногами влажный покров опавшей листвы, думал: «Вот она какая, жизня: недавно были живые, а нынче уж обмывают их.","Молчаливая, строгая красота леса умиротворяюще подействовала на Пантелея Прокофьевича.",Какого казака-то свалили!,"Молчаливая, строгая красота леса умиротворяюще подействовала на Пантелея Прокофьевича. Он тихо ступал меж кустов, разгребая ногами влажный покров опавшей листвы, думал: «Вот она какая, жизня: недавно были живые, а нынче уж обмывают их. Какого казака-то свалили!",False,,False,,True,1321
PHRASE,PHR_047,36197,9,11,восстановить в память,восстановив в памяти,"Пантелей Прокофьевич вспомнил Дуняшкины слова и, с неожиданной яркостью восстановив в памяти улыбающееся, безусое, скопцеватое лицо Аникушки, никак не мог представить себе теперешнего Аникушку — бездыханного, с размозженной головой.","И Аникушка… какой веселый был, любил выпить, посмеяться, а зараз уж все, покойничек…»","«Зря я гневил Бога — хвалился Григорием, — укорил себя Пантелей Прокофьевич, припомнив разговор с Бесхлебновым.","И Аникушка… какой веселый был, любил выпить, посмеяться, а зараз уж все, покойничек…» Пантелей Прокофьевич вспомнил Дуняшкины слова и, с неожиданной яркостью восстановив в памяти улыбающееся, безусое, скопцеватое лицо Аникушки, никак не мог представить себе теперешнего Аникушку — бездыханного, с размозженной головой. «Зря я гневил Бога — хвалился Григорием, — укорил себя Пантелей Прокофьевич, припомнив разговор с Бесхлебновым.",False,,False,,True,1322
WORD,S1_014,36197,2,2,вспомнить,вспомнил,"Пантелей Прокофьевич вспомнил Дуняшкины слова и, с неожиданной яркостью восстановив в памяти улыбающееся, безусое, скопцеватое лицо Аникушки, никак не мог представить себе теперешнего Аникушку — бездыханного, с размозженной головой.","И Аникушка… какой веселый был, любил выпить, посмеяться, а зараз уж все, покойничек…»","«Зря я гневил Бога — хвалился Григорием, — укорил себя Пантелей Прокофьевич, припомнив разговор с Бесхлебновым.","И Аникушка… какой веселый был, любил выпить, посмеяться, а зараз уж все, покойничек…» Пантелей Прокофьевич вспомнил Дуняшкины слова и, с неожиданной яркостью восстановив в памяти улыбающееся, безусое, скопцеватое лицо Аникушки, никак не мог представить себе теперешнего Аникушку — бездыханного, с размозженной головой. «Зря я гневил Бога — хвалился Григорием, — укорил себя Пантелей Прокофьевич, припомнив разговор с Бесхлебновым.",False,,False,,True,1323
WORD,S1_015,36198,10,10,припомнить,припомнив,"«Зря я гневил Бога — хвалился Григорием, — укорил себя Пантелей Прокофьевич, припомнив разговор с Бесхлебновым.","Пантелей Прокофьевич вспомнил Дуняшкины слова и, с неожиданной яркостью восстановив в памяти улыбающееся, безусое, скопцеватое лицо Аникушки, никак не мог представить себе теперешнего Аникушку — бездыханного, с размозженной головой.","— Может, и Григорий теперь лежит где-нибудь, проклеванный пулями?","Пантелей Прокофьевич вспомнил Дуняшкины слова и, с неожиданной яркостью восстановив в памяти улыбающееся, безусое, скопцеватое лицо Аникушки, никак не мог представить себе теперешнего Аникушку — бездыханного, с размозженной головой. «Зря я гневил Бога — хвалился Григорием, — укорил себя Пантелей Прокофьевич, припомнив разговор с Бесхлебновым. — Может, и Григорий теперь лежит где-нибудь, проклеванный пулями?",False,,False,,True,1324
WORD,S1_001,36205,6,6,думать,думать,"Работая, старался ни о чем не думать.","Около небольшой музги облюбовал несколько кустов хвороста, принялся рубить.","За один год смерть сразила столько родных и знакомых, что при одной мысли о них на душе его становилось тяжко и весь мир тускнел и словно одевался какой-то черной пеленой.","Около небольшой музги облюбовал несколько кустов хвороста, принялся рубить. Работая, старался ни о чем не думать. За один год смерть сразила столько родных и знакомых, что при одной мысли о них на душе его становилось тяжко и весь мир тускнел и словно одевался какой-то черной пеленой.",False,,False,,True,1325
PHRASE,PHR_015,36206,11,12,один мысль,одной мысли,"За один год смерть сразила столько родных и знакомых, что при одной мысли о них на душе его становилось тяжко и весь мир тускнел и словно одевался какой-то черной пеленой.","Работая, старался ни о чем не думать.",— Вот этот куст надо повалить.,"Работая, старался ни о чем не думать. За один год смерть сразила столько родных и знакомых, что при одной мысли о них на душе его становилось тяжко и весь мир тускнел и словно одевался какой-то черной пеленой. — Вот этот куст надо повалить.",False,,False,,True,1326
WORD,S1_011,36206,12,12,мысль,мысли,"За один год смерть сразила столько родных и знакомых, что при одной мысли о них на душе его становилось тяжко и весь мир тускнел и словно одевался какой-то черной пеленой.","Работая, старался ни о чем не думать.",— Вот этот куст надо повалить.,"Работая, старался ни о чем не думать. За один год смерть сразила столько родных и знакомых, что при одной мысли о них на душе его становилось тяжко и весь мир тускнел и словно одевался какой-то черной пеленой. — Вот этот куст надо повалить.",True,PHR_015,False,,False,1327
WORD,S1_011,36209,15,15,мысль,мыслей,"Самое на плетни годится, — вслух разговаривал он сам с собою, чтобы отвлечь себя от мрачных мыслей.",Хороший хворост!,"Наработавшись, Пантелей Прокофьевич снял куртку, присел на ворох нарубленного хвороста и, жадно вдыхая терпкий запах увядшей листвы, долго глядел на далекий горизонт, повитый голубой дымкой, на дальние перелески, вызолоченные осенью, блещущие последней красотой.","Хороший хворост! Самое на плетни годится, — вслух разговаривал он сам с собою, чтобы отвлечь себя от мрачных мыслей. Наработавшись, Пантелей Прокофьевич снял куртку, присел на ворох нарубленного хвороста и, жадно вдыхая терпкий запах увядшей листвы, долго глядел на далекий горизонт, повитый голубой дымкой, на дальние перелески, вызолоченные осенью, блещущие последней красотой.",False,,False,,True,1328
WORD,S1_011,36224,5,5,мысль,мысли,"Ловля развлекла его, отогнала мрачные мысли.",Неожиданно поймать почти пуд рыбы не всякому придется!,"Он надежно спрятал кошелку, с намерением прийти доловить оставшуюся рыбу, — опасливо оглянулся: не видел ли кто, как он выбрасывал на берег золотистых и толстых, словно поросята, сазанов, — и лишь после этого поднял вязанку хвороста и нанизанных на хворостину рыб, не спеша направился к Дону.","Неожиданно поймать почти пуд рыбы не всякому придется! Ловля развлекла его, отогнала мрачные мысли. Он надежно спрятал кошелку, с намерением прийти доловить оставшуюся рыбу, — опасливо оглянулся: не видел ли кто, как он выбрасывал на берег золотистых и толстых, словно поросята, сазанов, — и лишь после этого поднял вязанку хвороста и нанизанных на хворостину рыб, не спеша направился к Дону.",False,,False,,True,1329
WORD,S1_014,36240,8,8,вспомнить,вспомнить,Только развередят людям сердце да заставят лишний раз вспомнить о смерти.,И что проку от этого звона?,"А о ней осенью и без этого все напоминает: и падающий лист, и с криком пролетающие в голубом небе станицы гусей, и мертвенно полегшая трава…","И что проку от этого звона? Только развередят людям сердце да заставят лишний раз вспомнить о смерти. А о ней осенью и без этого все напоминает: и падающий лист, и с криком пролетающие в голубом небе станицы гусей, и мертвенно полегшая трава…",False,,False,,True,1330
WORD,ALEX_012,36256,18,18,догадаться,догадался,"И только тогда Прохор, поглядев на ее мокрое от слез лицо, на безмолвно стоявшего на крыльце Пантелея Прокофьевича, догадался сказать:
— Не пужайтесь, не пужайтесь!","Братунюшка! — заламывая руки, простонала Дуняшка.",Он живой.,"Братунюшка! — заламывая руки, простонала Дуняшка. И только тогда Прохор, поглядев на ее мокрое от слез лицо, на безмолвно стоявшего на крыльце Пантелея Прокофьевича, догадался сказать:
— Не пужайтесь, не пужайтесь! Он живой.",False,,False,,True,1331
WORD,ALEX_012,36276,5,5,догадаться,догадался,— И как это я не догадался послать вперед кого-нибудь предупредить вас?,"— Ты, видать, от ума отошел с перепугу, — сожалеюще сказал Прохор.","Оказался дурак я, право слово — дурак!","— Ты, видать, от ума отошел с перепугу, — сожалеюще сказал Прохор. — И как это я не догадался послать вперед кого-нибудь предупредить вас? Оказался дурак я, право слово — дурак!",False,,False,,True,1332
WORD,S1_001,36283,0,0,думать,Думал,Думал — убитый…,— Что-то у меня ноги отнялись…,Слава богу…,— Что-то у меня ноги отнялись… Думал — убитый… Слава богу…,False,,False,,True,1333
WORD,S1_001,36362,2,2,думать,думала,"— А я думала, что она когда-нибудь соскучится по нас и прийдет… — чуть слышно прошептала Полюшка.",Конечно мертвая.,"— Ты об ней не думай, моя ро́дная, не надо, — глухо сказал Григорий.","Конечно мертвая. — А я думала, что она когда-нибудь соскучится по нас и прийдет… — чуть слышно прошептала Полюшка. — Ты об ней не думай, моя ро́дная, не надо, — глухо сказал Григорий.",False,,False,,True,1334
WORD,S1_001,36363,4,4,думать,думай,"— Ты об ней не думай, моя ро́дная, не надо, — глухо сказал Григорий.","— А я думала, что она когда-нибудь соскучится по нас и прийдет… — чуть слышно прошептала Полюшка.",— Как же об ней не думать?,"— А я думала, что она когда-нибудь соскучится по нас и прийдет… — чуть слышно прошептала Полюшка. — Ты об ней не думай, моя ро́дная, не надо, — глухо сказал Григорий. — Как же об ней не думать?",False,,False,,True,1335
WORD,S1_001,36364,5,5,думать,думать,— Как же об ней не думать?,"— Ты об ней не думай, моя ро́дная, не надо, — глухо сказал Григорий.",А они и проведывать не приходют?,"— Ты об ней не думай, моя ро́дная, не надо, — глухо сказал Григорий. — Как же об ней не думать? А они и проведывать не приходют?",False,,False,,True,1336
WORD,S1_012,36401,1,1,мысленно,мысленно,"Григорий мысленно перебирал в памяти убитых за две войны казаков своего хутора, и оказалось, что нет в Татарском ни одного двора, где бы не было покойника.",В боях под Грибановкой и Кардаилом были убиты еще двое татарцев; привезли раненого Герасима Ахваткина; умер болевший тифом Дмитрий Голощеков.,"Григорий еще не выходил из дома, а уж хуторской атаман принес распоряжение станичного атамана, предписывавшее уведомить сотника Мелехова о незамедлительной явке на врачебную комиссию для переосвидетельствования.","В боях под Грибановкой и Кардаилом были убиты еще двое татарцев; привезли раненого Герасима Ахваткина; умер болевший тифом Дмитрий Голощеков. Григорий мысленно перебирал в памяти убитых за две войны казаков своего хутора, и оказалось, что нет в Татарском ни одного двора, где бы не было покойника. Григорий еще не выходил из дома, а уж хуторской атаман принес распоряжение станичного атамана, предписывавшее уведомить сотника Мелехова о незамедлительной явке на врачебную комиссию для переосвидетельствования.",False,,False,,True,1337
WORD,S1_022,36452,7,7,сообразить,сообразишь,Неужели ты такую простую штуку сама не сообразишь?,"Даже безмен Пантелей Прокофьевич брал с собой и на вопрос Ильиничны, зачем ему понадобится безмен в дороге, укоризненно сказал:
— Ты, бабка, чем ни больше стареешь, тем больше дуреешь.",Сено-то али мякину в отступе мне прийдется на вес покупать?,"Даже безмен Пантелей Прокофьевич брал с собой и на вопрос Ильиничны, зачем ему понадобится безмен в дороге, укоризненно сказал:
— Ты, бабка, чем ни больше стареешь, тем больше дуреешь. Неужели ты такую простую штуку сама не сообразишь? Сено-то али мякину в отступе мне прийдется на вес покупать?",False,,False,,True,1338
WORD,S1_001,36466,3,3,думать,думал,"Вначале Пантелей Прокофьевич думал даже повозку везти на санях, чтобы весною не тратиться на покупку и ехать на своей, но потом, пораздумав, отказался от этой пагубной мысли.","Видал я их, чертей безрогих, знаю отлично!",Начал собираться и Григорий.,"Видал я их, чертей безрогих, знаю отлично! Вначале Пантелей Прокофьевич думал даже повозку везти на санях, чтобы весною не тратиться на покупку и ехать на своей, но потом, пораздумав, отказался от этой пагубной мысли. Начал собираться и Григорий.",False,,False,,True,1339
WORD,S1_011,36466,26,26,мысль,мысли,"Вначале Пантелей Прокофьевич думал даже повозку везти на санях, чтобы весною не тратиться на покупку и ехать на своей, но потом, пораздумав, отказался от этой пагубной мысли.","Видал я их, чертей безрогих, знаю отлично!",Начал собираться и Григорий.,"Видал я их, чертей безрогих, знаю отлично! Вначале Пантелей Прокофьевич думал даже повозку везти на санях, чтобы весною не тратиться на покупку и ехать на своей, но потом, пораздумав, отказался от этой пагубной мысли. Начал собираться и Григорий.",False,,False,,True,1340
WORD,S1_004,36470,3,3,решить,решили,На сходе татарцы решили выезжать всем хутором.,"С трудом сел на взыгравшего коня, проездил его как следует и, возвращаясь домой, видел, — а быть может, это лишь показалось ему, — будто кто-то махнул ему беленьким платочком в окне астаховского куреня…",Двое суток бабы пекли и жарили казакам на дорогу всякую снедь.,"С трудом сел на взыгравшего коня, проездил его как следует и, возвращаясь домой, видел, — а быть может, это лишь показалось ему, — будто кто-то махнул ему беленьким платочком в окне астаховского куреня… На сходе татарцы решили выезжать всем хутором. Двое суток бабы пекли и жарили казакам на дорогу всякую снедь.",False,,False,,True,1341
WORD,S1_008,36482,3,3,обдумывать,обдумывая,"Аксинья долго молчала, обдумывая ответ, потом тихо сказала:
— А хозяйство как же?","В сенях он положил ей руку на плечо, спросил:
— Поедешь со мной в отступление?",Дом?,"В сенях он положил ей руку на плечо, спросил:
— Поедешь со мной в отступление? Аксинья долго молчала, обдумывая ответ, потом тихо сказала:
— А хозяйство как же? Дом?",False,,False,,True,1342
PHRASE,PHR_332,36488,5,8,помнить давно,Помнишь я тебе давно,"Улыбаясь в темноте, Аксинья сказала:
— Помнишь, я тебе давно говорила, что поеду с тобой хучь на край света.",— Завтра заеду за тобой.,Я и зараз такая.,"— Завтра заеду за тобой. Улыбаясь в темноте, Аксинья сказала:
— Помнишь, я тебе давно говорила, что поеду с тобой хучь на край света. Я и зараз такая.",False,,False,,True,1343
WORD,S1_016,36488,5,5,помнить,Помнишь,"Улыбаясь в темноте, Аксинья сказала:
— Помнишь, я тебе давно говорила, что поеду с тобой хучь на край света.",— Завтра заеду за тобой.,Я и зараз такая.,"— Завтра заеду за тобой. Улыбаясь в темноте, Аксинья сказала:
— Помнишь, я тебе давно говорила, что поеду с тобой хучь на край света. Я и зараз такая.",True,PHR_332,False,,False,1344
WORD,S1_001,36502,3,3,думать,думала,"А я уж думала, что ты…","Милый мой, Гришенька!",Нет!,"Милый мой, Гришенька! А я уж думала, что ты… Нет!",False,,False,,True,1345
WORD,S1_001,36517,2,2,думать,думаю,"Ну, не думаю.",Будет ли противник задержан у Дона?,"Вешенскую сдадут без боя, это наверняка.","Будет ли противник задержан у Дона? Ну, не думаю. Вешенскую сдадут без боя, это наверняка.",False,,False,,True,1346
WORD,S1_001,36523,9,9,думать,думал,"Тот встретил его, невесело улыбаясь, сказал:
— А я уж думал, что ты прямо из Вешек зацвел в отступление.","Обрадованный Григорий наскоро повечерял, пошел к Прохору.","— Откуда тебя черти принесли? — спросил Григорий, смеясь и хлопая верного ординарца по плечу.","Обрадованный Григорий наскоро повечерял, пошел к Прохору. Тот встретил его, невесело улыбаясь, сказал:
— А я уж думал, что ты прямо из Вешек зацвел в отступление. — Откуда тебя черти принесли? — спросил Григорий, смеясь и хлопая верного ординарца по плечу.",False,,False,,True,1347
WORD,S1_001,36567,7,7,думать,думаю,"Два раза сходил в атаку, а потом думаю: «Тут мне и копыта откинуть прийдется!",А я же страшный охотник воевать!,"Надо искать какую-нибудь дыру, а то пропадешь ты, Проша, как пить дать!»","А я же страшный охотник воевать! Два раза сходил в атаку, а потом думаю: «Тут мне и копыта откинуть прийдется! Надо искать какую-нибудь дыру, а то пропадешь ты, Проша, как пить дать!»",False,,False,,True,1348
WORD,S1_004,36594,0,0,решить,Решили,"Решили мы его доставить в сотню, а зря…","— До этого ишо не дошло, об чем я при ней не мог рассказывать, и ты меня, пожалуйста, не перебивай.","Было бы нам его там же убить, и делу конец.","— До этого ишо не дошло, об чем я при ней не мог рассказывать, и ты меня, пожалуйста, не перебивай. Решили мы его доставить в сотню, а зря… Было бы нам его там же убить, и делу конец.",False,,False,,True,1349
WORD,S1_016,36600,9,9,помнить,помнишь,"Ты что мне говорил, когда меня в плен забирал, помнишь?»","Вызывает он меня спустя время спрашивает: «Так-то ты сражаешься за единую неделимую Россию, сукин сын?","Я — туда, я — сюда, не дает он мне никакой пощады — и как вспомнит, что я его ножнами потянул, так аж весь затрясется!","Вызывает он меня спустя время спрашивает: «Так-то ты сражаешься за единую неделимую Россию, сукин сын? Ты что мне говорил, когда меня в плен забирал, помнишь?» Я — туда, я — сюда, не дает он мне никакой пощады — и как вспомнит, что я его ножнами потянул, так аж весь затрясется!",False,,False,,True,1350
WORD,S1_014,36601,12,12,вспомнить,вспомнит,"Я — туда, я — сюда, не дает он мне никакой пощады — и как вспомнит, что я его ножнами потянул, так аж весь затрясется!","Ты что мне говорил, когда меня в плен забирал, помнишь?»","«Ты знаешь, говорит, что я — ротмистр гусарского полка и дворянин, а ты, хам, смог меня бить?»","Ты что мне говорил, когда меня в плен забирал, помнишь?» Я — туда, я — сюда, не дает он мне никакой пощады — и как вспомнит, что я его ножнами потянул, так аж весь затрясется! «Ты знаешь, говорит, что я — ротмистр гусарского полка и дворянин, а ты, хам, смог меня бить?»",False,,False,,True,1351
WORD,S1_002,36607,0,0,подумать,Подумал,"Подумал я и решил рассказать обо всем командиру полка, а убивать не дозволила совесть.","Ребяты терпели-терпели, а потом отзывают как-то меня и говорят: «Давайте его убьем, иначе он не даст нам жизни!»","При том моменте, когда забирали его в плен, можно было бы кокнуть, а уж посля как-то рука у меня не подымалась…","Ребяты терпели-терпели, а потом отзывают как-то меня и говорят: «Давайте его убьем, иначе он не даст нам жизни!» Подумал я и решил рассказать обо всем командиру полка, а убивать не дозволила совесть. При том моменте, когда забирали его в плен, можно было бы кокнуть, а уж посля как-то рука у меня не подымалась…",False,,False,,True,1352
WORD,S1_004,36607,3,3,решить,решил,"Подумал я и решил рассказать обо всем командиру полка, а убивать не дозволила совесть.","Ребяты терпели-терпели, а потом отзывают как-то меня и говорят: «Давайте его убьем, иначе он не даст нам жизни!»","При том моменте, когда забирали его в плен, можно было бы кокнуть, а уж посля как-то рука у меня не подымалась…","Ребяты терпели-терпели, а потом отзывают как-то меня и говорят: «Давайте его убьем, иначе он не даст нам жизни!» Подумал я и решил рассказать обо всем командиру полка, а убивать не дозволила совесть. При том моменте, когда забирали его в плен, можно было бы кокнуть, а уж посля как-то рука у меня не подымалась…",False,,False,,True,1353
WORD,S1_001,36614,9,9,думать,думаю,"С тем я и ушел от него, а сам думаю: «Повесь ты этого хорошего офицера себе на гайтан заместо креста, а я с ним в одной сотне служить не согласный!»",Он хороший и знающий офицер».,"Попросил перевесть меня в другую сотню — тоже ничего не получилось, не перевели.","Он хороший и знающий офицер». С тем я и ушел от него, а сам думаю: «Повесь ты этого хорошего офицера себе на гайтан заместо креста, а я с ним в одной сотне служить не согласный!» Попросил перевесть меня в другую сотню — тоже ничего не получилось, не перевели.",False,,False,,True,1354
WORD,S1_001,36619,0,0,думать,Думаю,"Думаю: не иначе надо мне раздобыться каким-нибудь завалященьким трипперишком, тогда попаду в околодок, а там и отступление подойдет, дело на это запохаживалось.","Отодвинули нас в ближний тыл на недельный отдых, и тут меня сызнова черт попугал…","И, чего сроду со мной не было, — начал я за бабами бегать, приглядываться, какая с виду ненадежней.","Отодвинули нас в ближний тыл на недельный отдых, и тут меня сызнова черт попугал… Думаю: не иначе надо мне раздобыться каким-нибудь завалященьким трипперишком, тогда попаду в околодок, а там и отступление подойдет, дело на это запохаживалось. И, чего сроду со мной не было, — начал я за бабами бегать, приглядываться, какая с виду ненадежней.",False,,False,,True,1355
WORD,S1_002,36622,12,12,подумать,подумай,"На лбу у нее не написано, что она больная, вот тут и подумай!",А разве ее угадаешь?,"— Прохор ожесточенно сплюнул, прислушался — не идет ли жена.","А разве ее угадаешь? На лбу у нее не написано, что она больная, вот тут и подумай! — Прохор ожесточенно сплюнул, прислушался — не идет ли жена.",False,,False,,True,1356
WORD,S1_001,36627,7,7,думать,думаешь,"После недолгого молчания он сказал:
— А ты думаешь, легко его было добыть?","Взгляд их был грустен и спокоен, как у старой, доживающей век собаки.","Когда не надо — его ветром надует, а тут, как пропасть, не найду, да и все, хучь криком кричи!","Взгляд их был грустен и спокоен, как у старой, доживающей век собаки. После недолгого молчания он сказал:
— А ты думаешь, легко его было добыть? Когда не надо — его ветром надует, а тут, как пропасть, не найду, да и все, хучь криком кричи!",False,,False,,True,1357
WORD,S1_001,36639,3,3,думать,думаю,"«Уж у этой, думаю, непременно разживусь!»","Подсказали соседи, что она недавно к фершалу учащивала.","И вот я вокруг нее, чисто молодой кочет, хожу, зоб надуваю и всякие ей слова…","Подсказали соседи, что она недавно к фершалу учащивала. «Уж у этой, думаю, непременно разживусь!» И вот я вокруг нее, чисто молодой кочет, хожу, зоб надуваю и всякие ей слова…",False,,False,,True,1358
WORD,S1_017,36641,8,8,понять,пойму,"И откуда что у меня бралось, сам не пойму!","И вот я вокруг нее, чисто молодой кочет, хожу, зоб надуваю и всякие ей слова…",— Прохор виновато улыбнулся и даже как будто слегка повеселел от воспоминаний.,"И вот я вокруг нее, чисто молодой кочет, хожу, зоб надуваю и всякие ей слова… И откуда что у меня бралось, сам не пойму! — Прохор виновато улыбнулся и даже как будто слегка повеселел от воспоминаний.",False,,False,,True,1359
WORD,S1_001,36653,2,2,думать,думаю,"«Господи Исусе, думаю, вот это я нарвался!","Не поверишь, Григорий Пантелевич, как она мне это сказала — так по мне холодный пот и посыпался!",Ишо чего недоставало!..»,"Не поверишь, Григорий Пантелевич, как она мне это сказала — так по мне холодный пот и посыпался! «Господи Исусе, думаю, вот это я нарвался! Ишо чего недоставало!..»",False,,False,,True,1360
WORD,S1_008,36681,3,3,обдумывать,обдумывал,"Григорий, сворачивая папироску, обдумывал план поездки.","Порывшись в сумах, ушел в горницу, негромко сказал оттуда: — Прийдет она — займи ее разговором, а я на одной ноге!","«Лошадей спрягем и поедем на паре, — решил он.","Порывшись в сумах, ушел в горницу, негромко сказал оттуда: — Прийдет она — займи ее разговором, а я на одной ноге! Григорий, сворачивая папироску, обдумывал план поездки. «Лошадей спрягем и поедем на паре, — решил он.",False,,False,,True,1361
WORD,S1_004,36682,6,6,решить,решил,"«Лошадей спрягем и поедем на паре, — решил он.","Григорий, сворачивая папироску, обдумывал план поездки.","— Надо на вечер выезжать, чтобы не видали наши, что Аксютку беру с собой.","Григорий, сворачивая папироску, обдумывал план поездки. «Лошадей спрягем и поедем на паре, — решил он. — Надо на вечер выезжать, чтобы не видали наши, что Аксютку беру с собой.",False,,False,,True,1362
WORD,S1_011,36692,7,7,мысль,мыслями,"— Не нашли виноватого? — рассеянно спросил Григорий, поглощенный мыслями о предстоящей поездке.","Выходит, зазря я беду принимал, вот что досадно!",— Когда там искать!,"Выходит, зазря я беду принимал, вот что досадно! — Не нашли виноватого? — рассеянно спросил Григорий, поглощенный мыслями о предстоящей поездке. — Когда там искать!",False,,False,,True,1363
WORD,S1_001,36697,1,1,думать,думаешь,Когда думаешь ехать?,Этак и пить расхочется.,— Завтра.,Этак и пить расхочется. Когда думаешь ехать? — Завтра.,False,,False,,True,1364
WORD,S1_001,36711,1,1,думать,думаю,Я думаю с собой Аксинью Астахову взять.,Я вот что…,Супротив ничего не имеешь?,Я вот что… Я думаю с собой Аксинью Астахову взять. Супротив ничего не имеешь?,False,,False,,True,1365
WORD,S1_001,36751,10,10,думать,думала,"Она улыбалась, ощущая всем телом присутствие Григория, и уже не думала ни о том, какой ценою досталось ей это счастье, ни о будущем, которое было задернуто такой же темной мглой, как и эти степные, манящие вдаль горизонты.","Но изредка, опустив глаза и ощущая на ресницах приятный пощипывающий холодок инея, она улыбалась тому, что так неожиданно и странно сбылась давно пленившая ее мечта — уехать с Григорием куда-нибудь подальше от Татарского, от родной и проклятой стороны, где так много она перестрадала, где полжизни промучилась с нелюбимым мужем, где все для нее было исполнено неумолчных и тягостных воспоминаний.","Прохор, случайно оглянувшись, заметил трепетную улыбку на румяных и припухших от мороза губах Аксиньи, с досадой спросил:
— Ну, чего оскаляешься-то?","Но изредка, опустив глаза и ощущая на ресницах приятный пощипывающий холодок инея, она улыбалась тому, что так неожиданно и странно сбылась давно пленившая ее мечта — уехать с Григорием куда-нибудь подальше от Татарского, от родной и проклятой стороны, где так много она перестрадала, где полжизни промучилась с нелюбимым мужем, где все для нее было исполнено неумолчных и тягостных воспоминаний. Она улыбалась, ощущая всем телом присутствие Григория, и уже не думала ни о том, какой ценою досталось ей это счастье, ни о будущем, которое было задернуто такой же темной мглой, как и эти степные, манящие вдаль горизонты. Прохор, случайно оглянувшись, заметил трепетную улыбку на румяных и припухших от мороза губах Аксиньи, с досадой спросил:
— Ну, чего оскаляешься-то?",False,,False,,True,1366
WORD,S1_001,36755,2,2,думать,думаешь,"— А ты думаешь, не рада? — звонко ответила Аксинья.","Рада, что из дому вырвалась?",— Нашла радость…,"Рада, что из дому вырвалась? — А ты думаешь, не рада? — звонко ответила Аксинья. — Нашла радость…",False,,False,,True,1367
WORD,S1_001,36785,3,3,думать,думаю,"Я зараз так думаю, что нету на белом свете ничего хуже баб!","— А того я к ней привязываюсь, — ожесточенно сказал Прохор, — что пущай она мне зараз лучше поперек не говорит.","Это — такое крапивное семя… это, братец ты мой, у Бога самая плохая выдумка — бабы!","— А того я к ней привязываюсь, — ожесточенно сказал Прохор, — что пущай она мне зараз лучше поперек не говорит. Я зараз так думаю, что нету на белом свете ничего хуже баб! Это — такое крапивное семя… это, братец ты мой, у Бога самая плохая выдумка — бабы!",False,,False,,True,1368
WORD,S1_014,36859,1,1,вспомнить,вспомнил,"Он вспомнил, что и вчера она жаловалась на озноб и головокружение, а перед утром так вспотела, что курчеватые на шее прядки волос стали мокрые, словно после мытья, он заметил это, проснувшись на заре, и долго не сводил глаз со спавшей Аксиньи и не хотел вставать, чтобы не потревожить ее сон.",Сердце у него тревожно сжалось: Аксинья была явно больна.,"Аксинья мужественно переносила дорожные лишения, она даже подбадривала Прохора, который не раз говаривал: «И что это за черт, за война, и кто ее такую выдумал?","Сердце у него тревожно сжалось: Аксинья была явно больна. Он вспомнил, что и вчера она жаловалась на озноб и головокружение, а перед утром так вспотела, что курчеватые на шее прядки волос стали мокрые, словно после мытья, он заметил это, проснувшись на заре, и долго не сводил глаз со спавшей Аксиньи и не хотел вставать, чтобы не потревожить ее сон. Аксинья мужественно переносила дорожные лишения, она даже подбадривала Прохора, который не раз говаривал: «И что это за черт, за война, и кто ее такую выдумал?",False,,False,,True,1369
WORD,S1_007,36874,24,24,раздумывать,раздумывал,"Ничего не видно; лоб у тебя холодный, может — и не тиф, — утешал Григорий, но в душе был убежден, что Аксинья заболела сыпняком, и мучительно раздумывал, как же поступить с ней, если болезнь свалит ее с ног.",— Не болтай зря!,"— Ох, тяжело так ехать! — шептала Аксинья, прижимаясь к Григорию.","— Не болтай зря! Ничего не видно; лоб у тебя холодный, может — и не тиф, — утешал Григорий, но в душе был убежден, что Аксинья заболела сыпняком, и мучительно раздумывал, как же поступить с ней, если болезнь свалит ее с ног. — Ох, тяжело так ехать! — шептала Аксинья, прижимаясь к Григорию.",False,,False,,True,1370
WORD,S1_014,36881,2,2,вспомнить,вспомню,"Я как вспомню про них — и тошно мне становится, исть ничего не хочу…","Господи, я сроду такой страсти не видала!","А вчера ты видал у этого старика, какой на лавке спал, сколько их?","Господи, я сроду такой страсти не видала! Я как вспомню про них — и тошно мне становится, исть ничего не хочу… А вчера ты видал у этого старика, какой на лавке спал, сколько их?",False,,False,,True,1371
WORD,S1_001,36884,4,4,думать,думай,"— Ты об них не думай, заладила черт-те об чем!",Прямо посверх чекменя полозеют.,"Ну вши — и вши, их на службе не считают, — с досадой прошептал Григорий.","Прямо посверх чекменя полозеют. — Ты об них не думай, заладила черт-те об чем! Ну вши — и вши, их на службе не считают, — с досадой прошептал Григорий.",False,,False,,True,1372
WORD,S1_020,37048,3,3,ясно,ясно,Это было Григорию ясно.,"Аксинью надо было оставлять в поселке, дальнейшая поездка могла окончиться для нее гибелью.","Он вошел в дом, снова присел к кровати.","Аксинью надо было оставлять в поселке, дальнейшая поездка могла окончиться для нее гибелью. Это было Григорию ясно. Он вошел в дом, снова присел к кровати.",False,,False,,True,1373
WORD,S1_016,37075,10,10,помнить,помнить,"За догляд я заплачу, сколько положите, и всю жизню буду помнить вашу доброту…","Везть дальше ее нельзя, помрет, дозвольте оставить ее у вас.","Не откажите, сделайте милость!","Везть дальше ее нельзя, помрет, дозвольте оставить ее у вас. За догляд я заплачу, сколько положите, и всю жизню буду помнить вашу доброту… Не откажите, сделайте милость!",False,,False,,True,1374
WORD,ALEX_006,37087,2,2,соображать,соображал,"Хозяин долго соображал, потом раздумчиво ответил:
— Нет.","Хотите, коня своего оставлю?","Я бы, конечно, взял лошадь, нам в крестьянстве лошадь — первое дело, но по нынешним временам это не подходит, не белые, так красные все одно ее заберут, и попользоваться не прийдется.","Хотите, коня своего оставлю? Хозяин долго соображал, потом раздумчиво ответил:
— Нет. Я бы, конечно, взял лошадь, нам в крестьянстве лошадь — первое дело, но по нынешним временам это не подходит, не белые, так красные все одно ее заберут, и попользоваться не прийдется.",False,,False,,True,1375
WORD,S1_002,37090,11,11,подумать,подумайте,"— Он помолчал в раздумье и, как бы оправдываясь, добавил: — Вы не подумайте, что я такой ужасный жадный, упаси бог!","У меня вон какая-то безногая кобыленка держится, и то души нет, того и гляди, и эту обротают и уведут со двора.","Но посудите сами, ваше благородие: она пролежит месяц, а то и больше, то подай ей, то прими, опять же кормить ее надо, хлебец, молочко, какое-то там яичко, мясца, а ведь все это денежку стоит, так я говорю?","У меня вон какая-то безногая кобыленка держится, и то души нет, того и гляди, и эту обротают и уведут со двора. — Он помолчал в раздумье и, как бы оправдываясь, добавил: — Вы не подумайте, что я такой ужасный жадный, упаси бог! Но посудите сами, ваше благородие: она пролежит месяц, а то и больше, то подай ей, то прими, опять же кормить ее надо, хлебец, молочко, какое-то там яичко, мясца, а ведь все это денежку стоит, так я говорю?",False,,False,,True,1376
WORD,S1_001,37112,1,1,думать,думаете,"Вы думаете, мне не жалко бедную женщину?","Он уже взялся за дверную скобу, когда хозяин остановил его:
— Погодите, ваше благородие, чего вы спешите?","Очень даже жалко, и сам я в солдатах служил и уважаю ваше звание и чин.","Он уже взялся за дверную скобу, когда хозяин остановил его:
— Погодите, ваше благородие, чего вы спешите? Вы думаете, мне не жалко бедную женщину? Очень даже жалко, и сам я в солдатах служил и уважаю ваше звание и чин.",False,,False,,True,1377
WORD,S1_001,37154,2,2,думать,думаешь,"Аль ты думаешь, что мы двое им пособим?","Дело конченное, сам видишь, чего же мы будем себя в трату давать зазря?","Пока нас не трогают и силком не берут в часть, надо, как ни мога скорее, уезжать от греха подальше, а ты вон какую чертовщину порешь!","Дело конченное, сам видишь, чего же мы будем себя в трату давать зазря? Аль ты думаешь, что мы двое им пособим? Пока нас не трогают и силком не берут в часть, надо, как ни мога скорее, уезжать от греха подальше, а ты вон какую чертовщину порешь!",False,,False,,True,1378
WORD,S1_014,37161,12,12,вспомнить,вспомню,"Я этой войной так наелся, что до сих пор рвать тянет, как вспомню о ней!",Уважил!,"Хочешь — ступай сам, а я не согласный.","Уважил! Я этой войной так наелся, что до сих пор рвать тянет, как вспомню о ней! Хочешь — ступай сам, а я не согласный.",False,,False,,True,1379
WORD,S1_014,37179,5,5,вспомнить,вспомнить,"Времени, чтобы обдумать настоящее и вспомнить прошедшее, было у него в избытке.","Томительно длинными казались Григорию уходившие на передвижение дни, еще более долгими были нескончаемые зимние ночи.",Подолгу перебирал он в памяти пролетевшие годы своей диковинно и нехорошо сложившейся жизни.,"Томительно длинными казались Григорию уходившие на передвижение дни, еще более долгими были нескончаемые зимние ночи. Времени, чтобы обдумать настоящее и вспомнить прошедшее, было у него в избытке. Подолгу перебирал он в памяти пролетевшие годы своей диковинно и нехорошо сложившейся жизни.",False,,False,,True,1380
WORD,S1_001,37181,28,28,думать,думал,"Сидя на санях, устремив затуманенный взор в снежные просторы исполненной мертвого безмолвия степи, или лежа ночью с закрытыми глазами и стиснутыми зубами где-нибудь в душной, переполненной людьми комнатушке, думал все об одном: об Аксинье, больной, обеспамятевшей, брошенной в безвестном поселке, о близких, оставленных в Татарском…",Подолгу перебирал он в памяти пролетевшие годы своей диковинно и нехорошо сложившейся жизни.,"Там, на Дону, была Советская власть, и Григорий постоянно с тоскливой тревогой спрашивал себя: «Неужто будут за меня терзать маманю или Дуняшку?»","Подолгу перебирал он в памяти пролетевшие годы своей диковинно и нехорошо сложившейся жизни. Сидя на санях, устремив затуманенный взор в снежные просторы исполненной мертвого безмолвия степи, или лежа ночью с закрытыми глазами и стиснутыми зубами где-нибудь в душной, переполненной людьми комнатушке, думал все об одном: об Аксинье, больной, обеспамятевшей, брошенной в безвестном поселке, о близких, оставленных в Татарском… Там, на Дону, была Советская власть, и Григорий постоянно с тоскливой тревогой спрашивал себя: «Неужто будут за меня терзать маманю или Дуняшку?»",False,,False,,True,1381
PHRASE,PHR_044,37182,12,13,спрашивать себя,спрашивал себя,"Там, на Дону, была Советская власть, и Григорий постоянно с тоскливой тревогой спрашивал себя: «Неужто будут за меня терзать маманю или Дуняшку?»","Сидя на санях, устремив затуманенный взор в снежные просторы исполненной мертвого безмолвия степи, или лежа ночью с закрытыми глазами и стиснутыми зубами где-нибудь в душной, переполненной людьми комнатушке, думал все об одном: об Аксинье, больной, обеспамятевшей, брошенной в безвестном поселке, о близких, оставленных в Татарском…","И тотчас же начинал успокаивать себя, припоминал не раз слышанные в дороге рассказы о том, что красноармейцы идут мирно и обращаются с населением занятых станиц хорошо.","Сидя на санях, устремив затуманенный взор в снежные просторы исполненной мертвого безмолвия степи, или лежа ночью с закрытыми глазами и стиснутыми зубами где-нибудь в душной, переполненной людьми комнатушке, думал все об одном: об Аксинье, больной, обеспамятевшей, брошенной в безвестном поселке, о близких, оставленных в Татарском… Там, на Дону, была Советская власть, и Григорий постоянно с тоскливой тревогой спрашивал себя: «Неужто будут за меня терзать маманю или Дуняшку?» И тотчас же начинал успокаивать себя, припоминал не раз слышанные в дороге рассказы о том, что красноармейцы идут мирно и обращаются с населением занятых станиц хорошо.",False,,False,,True,1382
WORD,ALEX_007,37183,6,6,припоминать,припоминал,"И тотчас же начинал успокаивать себя, припоминал не раз слышанные в дороге рассказы о том, что красноармейцы идут мирно и обращаются с населением занятых станиц хорошо.","Там, на Дону, была Советская власть, и Григорий постоянно с тоскливой тревогой спрашивал себя: «Неужто будут за меня терзать маманю или Дуняшку?»","Тревога постепенно угасала, мысль, что старуха-мать будет отвечать за него, уже казалась ему невероятной, дикой, ни на чем не основанной.","Там, на Дону, была Советская власть, и Григорий постоянно с тоскливой тревогой спрашивал себя: «Неужто будут за меня терзать маманю или Дуняшку?» И тотчас же начинал успокаивать себя, припоминал не раз слышанные в дороге рассказы о том, что красноармейцы идут мирно и обращаются с населением занятых станиц хорошо. Тревога постепенно угасала, мысль, что старуха-мать будет отвечать за него, уже казалась ему невероятной, дикой, ни на чем не основанной.",False,,False,,True,1383
WORD,S1_011,37184,3,3,мысль,мысль,"Тревога постепенно угасала, мысль, что старуха-мать будет отвечать за него, уже казалась ему невероятной, дикой, ни на чем не основанной.","И тотчас же начинал успокаивать себя, припоминал не раз слышанные в дороге рассказы о том, что красноармейцы идут мирно и обращаются с населением занятых станиц хорошо.","При воспоминаниях о детишках на секунду сердце Григория сжималось грустью; он боялся, что не уберегут их от тифа, и в то же время чувствовал, что, при всей его любви к детям, после смерти Натальи уже никакое горе не сможет потрясти его с такой силой…","И тотчас же начинал успокаивать себя, припоминал не раз слышанные в дороге рассказы о том, что красноармейцы идут мирно и обращаются с населением занятых станиц хорошо. Тревога постепенно угасала, мысль, что старуха-мать будет отвечать за него, уже казалась ему невероятной, дикой, ни на чем не основанной. При воспоминаниях о детишках на секунду сердце Григория сжималось грустью; он боялся, что не уберегут их от тифа, и в то же время чувствовал, что, при всей его любви к детям, после смерти Натальи уже никакое горе не сможет потрясти его с такой силой…",False,,False,,True,1384
WORD,S1_004,37186,11,11,решить,решив,"В одном из сальских зимовников они с Прохором прожили четыре дня, решив дать лошадям отдых.","При воспоминаниях о детишках на секунду сердце Григория сжималось грустью; он боялся, что не уберегут их от тифа, и в то же время чувствовал, что, при всей его любви к детям, после смерти Натальи уже никакое горе не сможет потрясти его с такой силой…","За это время у них не раз возникали разговоры о том, что делать дальше.","При воспоминаниях о детишках на секунду сердце Григория сжималось грустью; он боялся, что не уберегут их от тифа, и в то же время чувствовал, что, при всей его любви к детям, после смерти Натальи уже никакое горе не сможет потрясти его с такой силой… В одном из сальских зимовников они с Прохором прожили четыре дня, решив дать лошадям отдых. За это время у них не раз возникали разговоры о том, что делать дальше.",False,,False,,True,1385
WORD,S1_001,37189,1,1,думать,думаешь,Как думаешь?,"В первый же день, как только приехали на зимовник, Прохор спросил:
— Будут наши на Кубани держать фронт или потянут на Кавказ?",— Не знаю.,"В первый же день, как только приехали на зимовник, Прохор спросил:
— Будут наши на Кубани держать фронт или потянут на Кавказ? Как думаешь? — Не знаю.",False,,False,,True,1386
WORD,S1_001,37207,4,4,думать,думаю,— Вот и я так думаю.,"Не оставаться же мне одному, ежели народ поедет.","Раз уж попали мы на овечье положение, значит надо за баранами держаться…","Не оставаться же мне одному, ежели народ поедет. — Вот и я так думаю. Раз уж попали мы на овечье положение, значит надо за баранами держаться…",False,,False,,True,1387
WORD,S1_017,37353,11,11,понять,понял,"Напрягши всю волю, он вслушался в голос Прохора, с величайшим усилием понял — Прохор спрашивал у него:
— Молоко будешь пить?",До помраченного сознания Григория доходило все это словно из другого мира.,"Григорий, еле шевеля языком, облизал спекшиеся губы, почувствовал, как в рот ему льется густая, со знакомым пресным привкусом, холодная жидкость.","До помраченного сознания Григория доходило все это словно из другого мира. Напрягши всю волю, он вслушался в голос Прохора, с величайшим усилием понял — Прохор спрашивал у него:
— Молоко будешь пить? Григорий, еле шевеля языком, облизал спекшиеся губы, почувствовал, как в рот ему льется густая, со знакомым пресным привкусом, холодная жидкость.",False,,False,,True,1388
WORD,ALEX_012,37356,11,11,догадаться,догадался,"Прохор заткнул горлышко фляжки, снова наклонился над Григорием, и тот скорее догадался по движениям обветренных Прохоровых губ, нежели услышал обращенный к нему вопрос:
— Может, тебя оставить в станице?",После нескольких глотков он стиснул зубы.,Трудно тебе?,"После нескольких глотков он стиснул зубы. Прохор заткнул горлышко фляжки, снова наклонился над Григорием, и тот скорее догадался по движениям обветренных Прохоровых губ, нежели услышал обращенный к нему вопрос:
— Может, тебя оставить в станице? Трудно тебе?",False,,False,,True,1389
WORD,ALEX_012,37359,4,4,догадаться,догадался,"По лицу Прохора он догадался, что тот услышал его, и успокоенно закрыл глаза, как облегчение принимая беспамятство, погружаясь в густую темноту забытья, уходя от всего этого крикливого, шумного мира…","На лице Григория отразились страдание и тревога; еще раз он собрал в комок волю, прошептал:
— Вези… пока помру…","XXVIII
За всю дорогу до самой станицы Абинской Григорию запомнилось только одно: беспросветной темной ночью очнулся он от резкого, пронизывающего насквозь холода.","На лице Григория отразились страдание и тревога; еще раз он собрал в комок волю, прошептал:
— Вези… пока помру… По лицу Прохора он догадался, что тот услышал его, и успокоенно закрыл глаза, как облегчение принимая беспамятство, погружаясь в густую темноту забытья, уходя от всего этого крикливого, шумного мира… XXVIII
За всю дорогу до самой станицы Абинской Григорию запомнилось только одно: беспросветной темной ночью очнулся он от резкого, пронизывающего насквозь холода.",False,,False,,True,1390
WORD,S1_001,37387,13,13,думать,думали,"А из темноты, издалека плыла, ширилась просторная, как Дон в половодье, песня:
Они думали все думушку единую:
Уж как лето проходит, лето теплое,
А зима застает, братцы, холодная.","Но еще долго в очарованном молчании двигался обоз, и на повозках не слышалось ни говора, ни окрика на уставших лошадей.","Как и где-то нам, братцы, зимовать будет?","Но еще долго в очарованном молчании двигался обоз, и на повозках не слышалось ни говора, ни окрика на уставших лошадей. А из темноты, издалека плыла, ширилась просторная, как Дон в половодье, песня:
Они думали все думушку единую:
Уж как лето проходит, лето теплое,
А зима застает, братцы, холодная. Как и где-то нам, братцы, зимовать будет?",False,,False,,True,1391
WORD,S1_016,37391,16,16,помнить,помнил,"За ним следили все с тем же напряженным и мрачным молчанием.
…И еще, как сквозь сон, помнил Григорий: очнулся он в теплой комнате, — не раскрывая глаз, всем телом ощутил приятную свежесть чистого постельного белья, в ноздри ему ударил терпкий запах каких-то лекарств.","Уж и песенников не стало слышно, а подголосок звенел, падал и снова взлетал.","В первый момент он подумал, что находится в лазарете, но из соседней комнаты донесся взрыв безудержного мужского хохота, звон посуды, зазвучали нетрезвые голоса.","Уж и песенников не стало слышно, а подголосок звенел, падал и снова взлетал. За ним следили все с тем же напряженным и мрачным молчанием.
…И еще, как сквозь сон, помнил Григорий: очнулся он в теплой комнате, — не раскрывая глаз, всем телом ощутил приятную свежесть чистого постельного белья, в ноздри ему ударил терпкий запах каких-то лекарств. В первый момент он подумал, что находится в лазарете, но из соседней комнаты донесся взрыв безудержного мужского хохота, звон посуды, зазвучали нетрезвые голоса.",False,,False,,True,1392
WORD,S1_002,37392,4,4,подумать,подумал,"В первый момент он подумал, что находится в лазарете, но из соседней комнаты донесся взрыв безудержного мужского хохота, звон посуды, зазвучали нетрезвые голоса.","За ним следили все с тем же напряженным и мрачным молчанием.
…И еще, как сквозь сон, помнил Григорий: очнулся он в теплой комнате, — не раскрывая глаз, всем телом ощутил приятную свежесть чистого постельного белья, в ноздри ему ударил терпкий запах каких-то лекарств.","Кто-то знакомый басил:
— …тоже умник нашелся!","За ним следили все с тем же напряженным и мрачным молчанием.
…И еще, как сквозь сон, помнил Григорий: очнулся он в теплой комнате, — не раскрывая глаз, всем телом ощутил приятную свежесть чистого постельного белья, в ноздри ему ударил терпкий запах каких-то лекарств. В первый момент он подумал, что находится в лазарете, но из соседней комнаты донесся взрыв безудержного мужского хохота, звон посуды, зазвучали нетрезвые голоса. Кто-то знакомый басил:
— …тоже умник нашелся!",False,,False,,True,1393
WORD,S1_001,37397,1,1,думать,думаете,"Мне-то, думаете, легко было с ним нянчиться?","Плачущим пьяным голосом Прохор отвечал:
— Да господи боже мой, почем же я знал?","Жевками, как малого дитя, кормил, молоком отпаивал, истинный Христос!","Плачущим пьяным голосом Прохор отвечал:
— Да господи боже мой, почем же я знал? Мне-то, думаете, легко было с ним нянчиться? Жевками, как малого дитя, кормил, молоком отпаивал, истинный Христос!",False,,False,,True,1394
WORD,S1_002,37402,2,2,подумать,подумать,Ить это подумать только!,"А один раз зачал ему молоко в рот лить, а он захлебнулся и чуть не помер…",— Купал его вчера?,"А один раз зачал ему молоко в рот лить, а он захлебнулся и чуть не помер… Ить это подумать только! — Купал его вчера?",False,,False,,True,1395
WORD,S1_001,37407,0,0,думать,Думаешь,"Думаешь, просто?",Но вот как это было жевать и с рук кормить его?,"Не говори, что это просто было, а то я тебя вдарю и на чин твой не погляжу!","Но вот как это было жевать и с рук кормить его? Думаешь, просто? Не говори, что это просто было, а то я тебя вдарю и на чин твой не погляжу!",False,,False,,True,1396
WORD,S1_014,37413,0,0,вспомнить,Вспомни,"Вспомни, как на Чиру гуляли!",Родный ты мой!,А воевали как?,"Родный ты мой! Вспомни, как на Чиру гуляли! А воевали как?",False,,False,,True,1397
WORD,S1_002,37521,7,7,подумать,подумал,"«Зараз Гриша его резнет!» — со злобным удовольствием подумал Рябчиков, но, увидев, как двое марковцев, прикладами очищая дорогу сквозь толпу, спешат на выручку полковнику, — предупреждающе тронул Григория за рукав:
— Не связывайся с ним, Пантелевич!","Сейчас же пропускай нас, а то…",Пойдем…,"Сейчас же пропускай нас, а то… «Зараз Гриша его резнет!» — со злобным удовольствием подумал Рябчиков, но, увидев, как двое марковцев, прикладами очищая дорогу сквозь толпу, спешат на выручку полковнику, — предупреждающе тронул Григория за рукав:
— Не связывайся с ним, Пантелевич! Пойдем…",False,,False,,True,1398
WORD,S1_001,37589,2,2,думать,думаю,А я-то думаю: «На черта он этот хлеб выпрашивает?»,Прямо ум мне отшиб.,"Теперь ребята наши узнают, взволнуются…","Прямо ум мне отшиб. А я-то думаю: «На черта он этот хлеб выпрашивает?» Теперь ребята наши узнают, взволнуются…",False,,False,,True,1399
WORD,S1_002,37594,0,0,подумать,Подумай,— Подумай.,— Что ты! — испуганно воскликнул Рябчиков.,— И думать нечего!,— Что ты! — испуганно воскликнул Рябчиков. — Подумай. — И думать нечего!,False,,False,,True,1400
WORD,S1_001,37595,1,1,думать,думать,— И думать нечего!,— Подумай.,"Поеду без разговоров, пока вакан есть.","— Подумай. — И думать нечего! Поеду без разговоров, пока вакан есть.",False,,False,,True,1401
WORD,S1_002,37602,1,1,подумать,подумай,"— Ох, подумай, Платон!","Что-то нет охоты, чтобы красные на ней свои палаши пробовали.",Дело такое…,"Что-то нет охоты, чтобы красные на ней свои палаши пробовали. — Ох, подумай, Платон! Дело такое…",False,,False,,True,1402
WORD,S1_001,37615,1,1,думать,думаешь,"Ты думаешь, я-то с охотой бы поехал?",Раз так дело указывает — приходится и мне коня кормить…,"Сам себя за шиворот взял бы и повел на этот растреклятый пароход, не иначе!","Раз так дело указывает — приходится и мне коня кормить… Ты думаешь, я-то с охотой бы поехал? Сам себя за шиворот взял бы и повел на этот растреклятый пароход, не иначе!",False,,False,,True,1403
WORD,S1_004,37638,0,0,решить,Решили,— Решили не ехать.,"Что вы тут надумали? — хмурясь, пристально глядя на Григория, спросил Ермаков.",— Почему?,"Что вы тут надумали? — хмурясь, пристально глядя на Григория, спросил Ермаков. — Решили не ехать. — Почему?",False,,False,,True,1404
WORD,S1_017,37688,6,6,понять,понял,"Мы тут решаемся в красные идтить, понял?",Клеп собачий!,Ить мы казаки — или кто?,"Клеп собачий! Мы тут решаемся в красные идтить, понял? Ить мы казаки — или кто?",False,,False,,True,1405
WORD,ALEX_008,37706,1,1,вспоминать,вспоминай,Не вспоминай!,"Он мне зараз нужен, как колодка свинье.",Сам такой.,"Он мне зараз нужен, как колодка свинье. Не вспоминай! Сам такой.",False,,False,,True,1406
WORD,S1_014,37730,2,2,вспомнить,вспомнил,"Тут Прохор вспомнил, что у него в мешке лежат банки с лечебным вином.","Архирейский напиток, одним словом!»","— Погоди, Платон, не хвали дюже!","Архирейский напиток, одним словом!» Тут Прохор вспомнил, что у него в мешке лежат банки с лечебным вином. — Погоди, Платон, не хвали дюже!",False,,False,,True,1407
WORD,S1_001,37762,6,6,думать,думал,"Я сам, как на складе был, думал сначала, что это вино, а потом спросил у доктора: «Что это такое, господин доктор?»",— Истинный бог!,"— «Лекарство», — говорит.","— Истинный бог! Я сам, как на складе был, думал сначала, что это вино, а потом спросил у доктора: «Что это такое, господин доктор?» — «Лекарство», — говорит.",False,,False,,True,1408
WORD,S1_001,37809,6,6,думать,думаем,"Тут собралось нас с полсотни казаков, думаем правиться на Геленджик, а оттудова в Грузию.","— И, не дождавшись, когда Григорий подойдет, еще издали закричал: — Пока не поздно, давай уходить.",Ты как?,"— И, не дождавшись, когда Григорий подойдет, еще издали закричал: — Пока не поздно, давай уходить. Тут собралось нас с полсотни казаков, думаем правиться на Геленджик, а оттудова в Грузию. Ты как?",False,,False,,True,1409
PHRASE,PHR_080,37864,5,6,решить идти,решила идти,"К концу недели Аксинья твердо решила идти домой, а тут вскоре нашелся ей и попутчик.","Несколько дней Аксинья провела в ожидании, что вот-вот появится Григорий, но потом узнала от заходивших к хозяину соседей, что война не кончилась, что многие казаки из Новороссийска уехали морем в Крым, а те, которые остались, пошли в Красную Армию и на рудники.","Как-то вечером в хату, не постучавшись, вошел маленький сутулый старичок.","Несколько дней Аксинья провела в ожидании, что вот-вот появится Григорий, но потом узнала от заходивших к хозяину соседей, что война не кончилась, что многие казаки из Новороссийска уехали морем в Крым, а те, которые остались, пошли в Красную Армию и на рудники. К концу недели Аксинья твердо решила идти домой, а тут вскоре нашелся ей и попутчик. Как-то вечером в хату, не постучавшись, вошел маленький сутулый старичок.",False,,False,,True,1410
WORD,S1_004,37864,5,5,решить,решила,"К концу недели Аксинья твердо решила идти домой, а тут вскоре нашелся ей и попутчик.","Несколько дней Аксинья провела в ожидании, что вот-вот появится Григорий, но потом узнала от заходивших к хозяину соседей, что война не кончилась, что многие казаки из Новороссийска уехали морем в Крым, а те, которые остались, пошли в Красную Армию и на рудники.","Как-то вечером в хату, не постучавшись, вошел маленький сутулый старичок.","Несколько дней Аксинья провела в ожидании, что вот-вот появится Григорий, но потом узнала от заходивших к хозяину соседей, что война не кончилась, что многие казаки из Новороссийска уехали морем в Крым, а те, которые остались, пошли в Красную Армию и на рудники. К концу недели Аксинья твердо решила идти домой, а тут вскоре нашелся ей и попутчик. Как-то вечером в хату, не постучавшись, вошел маленький сутулый старичок.",True,PHR_080,False,,False,1411
WORD,S1_001,37907,2,2,думать,думаю,"Вот тебе, думаю, генерал, вот тебе и маёр, а вшей — как на шелудивой кошке блох!",«Я — жена генерала-маёра Гречихина».,"И говорю ей: «Вы, ваше превосходительство, ежли будете, извиняюсь, ваших насекомых козявок так переводить, так вам работы до Покрова хватит.","«Я — жена генерала-маёра Гречихина». Вот тебе, думаю, генерал, вот тебе и маёр, а вшей — как на шелудивой кошке блох! И говорю ей: «Вы, ваше превосходительство, ежли будете, извиняюсь, ваших насекомых козявок так переводить, так вам работы до Покрова хватит.",False,,False,,True,1412
WORD,S1_001,37914,5,5,думать,думаю,"Покрасовался я на нее и думаю: у Бога всего много, напустил Он козявок и на благородных людей, пущай, мол, они и ихней сладкой кровицы пососут, не все же им трудовой кровушкой упиваться…","Гляжу: сгреблась моя генеральша и — за водокачку, гляжу: катает по рубахе бутылку зеленого стекла, да так здорово, как, скажи, она всю жизнь ее катала!",Бог — Он не Микишка!,"Гляжу: сгреблась моя генеральша и — за водокачку, гляжу: катает по рубахе бутылку зеленого стекла, да так здорово, как, скажи, она всю жизнь ее катала! Покрасовался я на нее и думаю: у Бога всего много, напустил Он козявок и на благородных людей, пущай, мол, они и ихней сладкой кровицы пососут, не все же им трудовой кровушкой упиваться… Бог — Он не Микишка!",False,,False,,True,1413
PHRASE,PHR_016,37919,11,13,долго думать,долго ли думаешь,"После ужина, примащиваясь спать, он спросил у Аксиньи:
— А ты, станишница, долго ли думаешь тут гостить?","Без умолку болтая и видя, что хозяева слушают его с большим вниманием, портной ловко намекнул, что мог бы рассказать еще немало занимательного, но так проголодался, что поклонило его в сон.","— Собираюсь домой, дедушка.","Без умолку болтая и видя, что хозяева слушают его с большим вниманием, портной ловко намекнул, что мог бы рассказать еще немало занимательного, но так проголодался, что поклонило его в сон. После ужина, примащиваясь спать, он спросил у Аксиньи:
— А ты, станишница, долго ли думаешь тут гостить? — Собираюсь домой, дедушка.",False,,False,,True,1414
WORD,S1_001,37919,13,13,думать,думаешь,"После ужина, примащиваясь спать, он спросил у Аксиньи:
— А ты, станишница, долго ли думаешь тут гостить?","Без умолку болтая и видя, что хозяева слушают его с большим вниманием, портной ловко намекнул, что мог бы рассказать еще немало занимательного, но так проголодался, что поклонило его в сон.","— Собираюсь домой, дедушка.","Без умолку болтая и видя, что хозяева слушают его с большим вниманием, портной ловко намекнул, что мог бы рассказать еще немало занимательного, но так проголодался, что поклонило его в сон. После ужина, примащиваясь спать, он спросил у Аксиньи:
— А ты, станишница, долго ли думаешь тут гостить? — Собираюсь домой, дедушка.",True,PHR_016,False,,False,1415
PHRASE,PHR_416,37925,3,4,решить остаться,решил остаться,"Утром Аксиньин спутник решил остаться на неделю в станице, отдохнуть и залечить растертые до крови ноги.","Ночевать выпросились в большом, богатом на вид доме.",Идти дальше он не мог.,"Ночевать выпросились в большом, богатом на вид доме. Утром Аксиньин спутник решил остаться на неделю в станице, отдохнуть и залечить растертые до крови ноги. Идти дальше он не мог.",False,,False,,True,1416
WORD,S1_004,37925,3,3,решить,решил,"Утром Аксиньин спутник решил остаться на неделю в станице, отдохнуть и залечить растертые до крови ноги.","Ночевать выпросились в большом, богатом на вид доме.",Идти дальше он не мог.,"Ночевать выпросились в большом, богатом на вид доме. Утром Аксиньин спутник решил остаться на неделю в станице, отдохнуть и залечить растертые до крови ноги. Идти дальше он не мог.",True,PHR_416,False,,False,1417
WORD,S1_003,37938,0,0,задуматься,Задумавшись,"Задумавшись, она не слышала, как скрипнула дверь, и очнулась, когда Ильинична, войдя, негромко сказала:
— Ну, здравствуй, соседушка!","В пустой, пахнущей нежилым кухне выплакала все скопившиеся за долгое время горькие бабьи слезы, а потом сходила на Дон за водой, затопила печь, присела к столу, уронив на колени руки.",Долго ж ты пропадала в чужих краях…,"В пустой, пахнущей нежилым кухне выплакала все скопившиеся за долгое время горькие бабьи слезы, а потом сходила на Дон за водой, затопила печь, присела к столу, уронив на колени руки. Задумавшись, она не слышала, как скрипнула дверь, и очнулась, когда Ильинична, войдя, негромко сказала:
— Ну, здравствуй, соседушка! Долго ж ты пропадала в чужих краях…",False,,False,,True,1418
WORD,S1_003,37945,4,4,задуматься,задумалась,"Не ждала я вас, задумалась что-то и не слыхала, как вы вошли… — растерянно проговорила Аксинья.","— Нет, какие же у меня вести…","— Исхудала ты, в чем и душа держится.","— Нет, какие же у меня вести… Не ждала я вас, задумалась что-то и не слыхала, как вы вошли… — растерянно проговорила Аксинья. — Исхудала ты, в чем и душа держится.",False,,False,,True,1419
WORD,ALEX_008,37987,3,3,вспоминать,вспоминал,— О детишках-то он вспоминал? — устало спросила Ильинична.,Он всю дорогу в трескучие морозы без перчаток ехал…,"— И о вас, и о детишках вспоминал.","Он всю дорогу в трескучие морозы без перчаток ехал… — О детишках-то он вспоминал? — устало спросила Ильинична. — И о вас, и о детишках вспоминал.",False,,False,,True,1420
WORD,ALEX_008,37988,6,6,вспоминать,вспоминал,"— И о вас, и о детишках вспоминал.",— О детишках-то он вспоминал? — устало спросила Ильинична.,Здоровые они?,"— О детишках-то он вспоминал? — устало спросила Ильинична. — И о вас, и о детишках вспоминал. Здоровые они?",False,,False,,True,1421
WORD,S1_002,38009,3,3,подумать,подумала,"— Я так и подумала, что она к тебе пошла.",— Была.,Про Гришу спрашивала?,"— Была. — Я так и подумала, что она к тебе пошла. Про Гришу спрашивала?",False,,False,,True,1422
WORD,S1_001,38016,5,5,думать,думала,"Услыхала она про отца, я думала, что сердце у нее зайдется, испужалась страшно, а она и слезинки не выронила.","Знаешь, Ксюша, какая-то она с этой зимы чудна́я стала, не такая, как раньше была.","Только и сказала: «Царство ему небесное, отмучился, милый мой…»","Знаешь, Ксюша, какая-то она с этой зимы чудна́я стала, не такая, как раньше была. Услыхала она про отца, я думала, что сердце у нее зайдется, испужалась страшно, а она и слезинки не выронила. Только и сказала: «Царство ему небесное, отмучился, милый мой…»",False,,False,,True,1423
WORD,S1_001,38042,2,2,думать,думаешь,Ты-то не думаешь сеять себе?,"Спряглись с Аникушкиной бабой, хотим хоть десятины две пшеницы посеять.","— Какая я посевщица, — невесело улыбнулась Аксинья.","Спряглись с Аникушкиной бабой, хотим хоть десятины две пшеницы посеять. Ты-то не думаешь сеять себе? — Какая я посевщица, — невесело улыбнулась Аксинья.",False,,False,,True,1424
PHRASE,PHR_080,38083,10,11,решить идти,решила идти,"Пока пили быки, Аксинья прилегла на плотине и тут же решила идти в хутор.","От пруда он поехал — как рассудительный хозяин — шагом, но спустя немного оглянулся на Аксинью и поскакал так, что на спине его пузырем вздулась выцветшая голубенькая рубашонка.","Мельников был служивый казак, и он должен был знать что-либо об участи Григория.","От пруда он поехал — как рассудительный хозяин — шагом, но спустя немного оглянулся на Аксинью и поскакал так, что на спине его пузырем вздулась выцветшая голубенькая рубашонка. Пока пили быки, Аксинья прилегла на плотине и тут же решила идти в хутор. Мельников был служивый казак, и он должен был знать что-либо об участи Григория.",False,,False,,True,1425
WORD,S1_004,38083,10,10,решить,решила,"Пока пили быки, Аксинья прилегла на плотине и тут же решила идти в хутор.","От пруда он поехал — как рассудительный хозяин — шагом, но спустя немного оглянулся на Аксинью и поскакал так, что на спине его пузырем вздулась выцветшая голубенькая рубашонка.","Мельников был служивый казак, и он должен был знать что-либо об участи Григория.","От пруда он поехал — как рассудительный хозяин — шагом, но спустя немного оглянулся на Аксинью и поскакал так, что на спине его пузырем вздулась выцветшая голубенькая рубашонка. Пока пили быки, Аксинья прилегла на плотине и тут же решила идти в хутор. Мельников был служивый казак, и он должен был знать что-либо об участи Григория.",True,PHR_080,False,,False,1426
WORD,ALEX_008,38095,3,3,вспоминать,вспоминала,"О Степане Аксинья вспоминала с неохотой, и почему-то ей казалось, что он не вернется, но, когда в хутор приходил кто-либо из казаков, она сначала спрашивала: «Степана моего не видал?» — а уж потом, осторожно и исподволь, пыталась выведать что-либо о Григории.","Дни проходили в работе, но тревога за жизнь Григория ни на час не покидала Аксинью.",Про их связь знали все в хуторе.,"Дни проходили в работе, но тревога за жизнь Григория ни на час не покидала Аксинью. О Степане Аксинья вспоминала с неохотой, и почему-то ей казалось, что он не вернется, но, когда в хутор приходил кто-либо из казаков, она сначала спрашивала: «Степана моего не видал?» — а уж потом, осторожно и исподволь, пыталась выведать что-либо о Григории. Про их связь знали все в хуторе.",False,,False,,True,1427
WORD,S1_001,38112,4,4,думать,думала,"Как же я тогда?» — думала она дорогой и с каждой минутой все больше замедляла шаги, прижимая руку к сердцу, страшась услышать черную весть.","А что, ежели скажет, что нету Гриши в живых?","Прохор встретил ее в горнице, широко улыбаясь, пряча за спину куцый обрубок левой руки.","А что, ежели скажет, что нету Гриши в живых? Как же я тогда?» — думала она дорогой и с каждой минутой все больше замедляла шаги, прижимая руку к сердцу, страшась услышать черную весть. Прохор встретил ее в горнице, широко улыбаясь, пряча за спину куцый обрубок левой руки.",False,,False,,True,1428
WORD,S1_001,38117,3,3,думать,думали,"А мы уж думали, что ты дуба дала в энтом поселке.",Живую тебя видать!,"Ох, и тяжелехонько ж ты лежала…","Живую тебя видать! А мы уж думали, что ты дуба дала в энтом поселке. Ох, и тяжелехонько ж ты лежала…",False,,False,,True,1429
WORD,S1_001,38148,11,11,думать,думаешь,"Сдается мне, их легше будет рубить, чем своих — русских, — как ты думаешь?» — и подмигивает мне, оскаляется.","Шли туда, Григорий Пантелевич и говорит: «Немцев рубил, на всяких там австрияках палаш пробовал, неужли у поляков черенки крепше?","Переменился он, как в Красную Армию заступил, веселый из себя стал, гладкий, как мерин.","Шли туда, Григорий Пантелевич и говорит: «Немцев рубил, на всяких там австрияках палаш пробовал, неужли у поляков черенки крепше? Сдается мне, их легше будет рубить, чем своих — русских, — как ты думаешь?» — и подмигивает мне, оскаляется. Переменился он, как в Красную Армию заступил, веселый из себя стал, гладкий, как мерин.",False,,False,,True,1430
WORD,S1_001,38159,1,1,думать,думать,— И думать не моги! — отрезал Прохор.,"— Что ж он, может, в отпуск… — заикнулась было Аксинья.","— Говорит, буду служить до тех пор, пока прошлые грехи не замолю.","— Что ж он, может, в отпуск… — заикнулась было Аксинья. — И думать не моги! — отрезал Прохор. — Говорит, буду служить до тех пор, пока прошлые грехи не замолю.",False,,False,,True,1431
WORD,S1_017,38171,11,11,понять,поняла,"— Но, заглянув в мокрые от слез, сияющие счастьем глаза Аксиньи, она поняла все без слов.","А я пообещала принести, да и забыла.","Прижавшись к ее плечу пылающим лицом, задыхаясь от радости, Аксинья шептала:
— Живой и здоровый…","А я пообещала принести, да и забыла. — Но, заглянув в мокрые от слез, сияющие счастьем глаза Аксиньи, она поняла все без слов. Прижавшись к ее плечу пылающим лицом, задыхаясь от радости, Аксинья шептала:
— Живой и здоровый…",False,,False,,True,1432
WORD,ALEX_008,38212,7,7,вспоминать,вспоминала,Старуха с величайшим нетерпением ждала сына и вспоминала о нем при всяком случае.,"Ступай, ступай, я с тобой и речей не хочу терять!","Стоило только Мишатке оказать ей неповиновение, как она тотчас грозила: «А вот погоди, анчутка вихрастый, прийдет отец, докажу ему, так он тебе всыпет!»","Ступай, ступай, я с тобой и речей не хочу терять! Старуха с величайшим нетерпением ждала сына и вспоминала о нем при всяком случае. Стоило только Мишатке оказать ей неповиновение, как она тотчас грозила: «А вот погоди, анчутка вихрастый, прийдет отец, докажу ему, так он тебе всыпет!»",False,,False,,True,1433
WORD,ALEX_008,38230,19,19,вспоминать,вспоминала,После этого она унесла из кухни к себе в горницу поддевку и фуражку Григория и несколько дней вслух не вспоминала о сыне.,"Ты народи своих, а тогда узнаешь… — тихо ответила Ильинична.","Но незадолго до начала лугового покоса она сказала Дуняшке:
— Вот ты серчаешь, как я вспоминаю об Грише, а как же мы будем без него жить?","Ты народи своих, а тогда узнаешь… — тихо ответила Ильинична. После этого она унесла из кухни к себе в горницу поддевку и фуражку Григория и несколько дней вслух не вспоминала о сыне. Но незадолго до начала лугового покоса она сказала Дуняшке:
— Вот ты серчаешь, как я вспоминаю об Грише, а как же мы будем без него жить?",False,,False,,True,1434
WORD,ALEX_008,38231,14,14,вспоминать,вспоминаю,"Но незадолго до начала лугового покоса она сказала Дуняшке:
— Вот ты серчаешь, как я вспоминаю об Грише, а как же мы будем без него жить?",После этого она унесла из кухни к себе в горницу поддевку и фуражку Григория и несколько дней вслух не вспоминала о сыне.,"Об этом ты подумала, глупая?","После этого она унесла из кухни к себе в горницу поддевку и фуражку Григория и несколько дней вслух не вспоминала о сыне. Но незадолго до начала лугового покоса она сказала Дуняшке:
— Вот ты серчаешь, как я вспоминаю об Грише, а как же мы будем без него жить? Об этом ты подумала, глупая?",False,,False,,True,1435
WORD,S1_002,38232,3,3,подумать,подумала,"Об этом ты подумала, глупая?","Но незадолго до начала лугового покоса она сказала Дуняшке:
— Вот ты серчаешь, как я вспоминаю об Грише, а как же мы будем без него жить?","Заходит покос, а у нас и грабельника обтесать некому…","Но незадолго до начала лугового покоса она сказала Дуняшке:
— Вот ты серчаешь, как я вспоминаю об Грише, а как же мы будем без него жить? Об этом ты подумала, глупая? Заходит покос, а у нас и грабельника обтесать некому…",False,,False,,True,1436
WORD,S1_001,38310,0,0,думать,Думаешь,"Думаешь, в маковку поцеловал бы?","А ежели б Петро меня поймал, что бы он сделал?",Он бы тоже меня убил.,"А ежели б Петро меня поймал, что бы он сделал? Думаешь, в маковку поцеловал бы? Он бы тоже меня убил.",False,,False,,True,1437
WORD,S1_001,38360,8,8,думать,думает,"Ильинична промолчала, но, видя, что гость и не думает уходить, сурово сказала:
— Хватит!","Все дело в том, за что души губить и какие, — значительно сказал Мишка.","Некогда мне с тобой гутарить, шел бы ты домой.","Все дело в том, за что души губить и какие, — значительно сказал Мишка. Ильинична промолчала, но, видя, что гость и не думает уходить, сурово сказала:
— Хватит! Некогда мне с тобой гутарить, шел бы ты домой.",False,,False,,True,1438
WORD,S1_017,38378,0,0,понять,Поняла,Поняла?,"После того как он ушел, Ильинична проводила детей во двор, сказала, обращаясь к Дуняшке:
— Чтобы больше и ноги его тут не ступало.","Дуняшка, не сморгнув, глянула на мать.","После того как он ушел, Ильинична проводила детей во двор, сказала, обращаясь к Дуняшке:
— Чтобы больше и ноги его тут не ступало. Поняла? Дуняшка, не сморгнув, глянула на мать.",False,,False,,True,1439
WORD,S1_001,38390,26,26,думать,думаете,"Утром он принес и поставил возле мелеховского крыльца два только что обструганных грабельника и держак на вилы; поздоровавшись с Ильиничной, деловито спросил:
— Траву в лугу косить думаете?","— И стал углублять ямки для стоянов, потом помог поставить плетень, приклячил его к стоянам и ушел.",Люди уже поехали за Дон.,"— И стал углублять ямки для стоянов, потом помог поставить плетень, приклячил его к стоянам и ушел. Утром он принес и поставил возле мелеховского крыльца два только что обструганных грабельника и держак на вилы; поздоровавшись с Ильиничной, деловито спросил:
— Траву в лугу косить думаете? Люди уже поехали за Дон.",False,,False,,True,1440
WORD,S1_001,38420,24,24,думать,думая,"— Сделаю, тезка, ей-богу, сделаю, только отойди трошки, а то как бы тебе стружка в глаза не попала, — уговаривал его Кошевой, посмеиваясь и с изумлением думая: «Ну до чего похож, чертенок…","Один ты умеешь, ты хорошо умеешь!",Вылитый батя!,"Один ты умеешь, ты хорошо умеешь! — Сделаю, тезка, ей-богу, сделаю, только отойди трошки, а то как бы тебе стружка в глаза не попала, — уговаривал его Кошевой, посмеиваясь и с изумлением думая: «Ну до чего похож, чертенок… Вылитый батя!",False,,False,,True,1441
WORD,S1_003,38445,12,12,задуматься,задумавшись,"Ильинична посмотрела в окно, отошла к столу и долго-долго молчала, о чем-то задумавшись…","Дядя Михаил лег под сараем и так дрожит, так дрожит, ажник подсигивает!","— Ты чего же молчишь, бабуня? — нетерпеливо спросил Мишатка, теребя ее за рукав кофты.","Дядя Михаил лег под сараем и так дрожит, так дрожит, ажник подсигивает! Ильинична посмотрела в окно, отошла к столу и долго-долго молчала, о чем-то задумавшись… — Ты чего же молчишь, бабуня? — нетерпеливо спросил Мишатка, теребя ее за рукав кофты.",False,,False,,True,1442
WORD,S1_016,38484,0,0,помнить,Помнишь,"Помнишь, что говорил он о твоем суженом?","Ох, поглядел бы на тебя зараз отец…","Видит Бог, как тяжело мне…","Ох, поглядел бы на тебя зараз отец… Помнишь, что говорил он о твоем суженом? Видит Бог, как тяжело мне…",False,,False,,True,1443
WORD,S1_012,38489,0,0,мысленно,Мысленно,"Мысленно проклиная все на свете, он готовился к венчанию так, как будто собирался идти на казнь.",Пришлось Мишке скрепя сердце согласиться.,Ночью поп Виссарион потихоньку окрутил их в пустой церкви.,"Пришлось Мишке скрепя сердце согласиться. Мысленно проклиная все на свете, он готовился к венчанию так, как будто собирался идти на казнь. Ночью поп Виссарион потихоньку окрутил их в пустой церкви.",False,,False,,True,1444
WORD,S1_004,38511,13,13,решить,решил,В кладовой он как-то случайно обнаружил ведерко белил и ультрамарин и тотчас же решил покрасить серые от ветхости ставни.,Оплаканная езда на этих клешнятых апостолах».,"Мелеховский курень словно помолодел, глянув на мир ярко-голубыми глазницами окон.","Оплаканная езда на этих клешнятых апостолах». В кладовой он как-то случайно обнаружил ведерко белил и ультрамарин и тотчас же решил покрасить серые от ветхости ставни. Мелеховский курень словно помолодел, глянув на мир ярко-голубыми глазницами окон.",False,,False,,True,1445
WORD,S1_011,38525,19,19,мысль,мыслями,"Только садясь за стол, они перебрасывались с ней несколькими незначащими фразами, и снова Ильинична оставалась одна со своими невеселыми мыслями.","С ней они ни о чем не советовались и не спрашивали ее согласия, когда предпринимали что-либо по хозяйству; как-то не находилось у них и ласкового слова к старухе.","Ее не радовало счастье дочери, присутствие чужого человека в доме — а зять по-прежнему оставался для нее чужим — тяготило.","С ней они ни о чем не советовались и не спрашивали ее согласия, когда предпринимали что-либо по хозяйству; как-то не находилось у них и ласкового слова к старухе. Только садясь за стол, они перебрасывались с ней несколькими незначащими фразами, и снова Ильинична оставалась одна со своими невеселыми мыслями. Ее не радовало счастье дочери, присутствие чужого человека в доме — а зять по-прежнему оставался для нее чужим — тяготило.",False,,False,,True,1446
WORD,S1_012,38540,8,8,мысленно,мысленно,"Часто она рассматривала свои раздавленные многолетней работой руки, мысленно говорила: «Вот уж и отработались мои ручушки…","Все это было ни к чему и казалось теперь ненужным и нестоящим, да и сил не хватало, чтобы трудиться, как в былые дни.",Пора на покой…,"Все это было ни к чему и казалось теперь ненужным и нестоящим, да и сил не хватало, чтобы трудиться, как в былые дни. Часто она рассматривала свои раздавленные многолетней работой руки, мысленно говорила: «Вот уж и отработались мои ручушки… Пора на покой…",False,,False,,True,1447
WORD,S1_002,38563,5,5,подумать,подумал,"И тотчас же с тревогой подумал: «Ну, вот и опять дернул меня черт за язык!",— Ты-то выпьешь со мной на радостях? — спросил он.,"Как раз ишо влипнет в часть, а там этой самогонки на одну понюшку…»","— Ты-то выпьешь со мной на радостях? — спросил он. И тотчас же с тревогой подумал: «Ну, вот и опять дернул меня черт за язык! Как раз ишо влипнет в часть, а там этой самогонки на одну понюшку…»",False,,False,,True,1448
WORD,S1_014,38569,32,32,вспомнить,вспомнил,"Ильинична ревниво отобрала у нее письмо, опять спрятала его за пазуху и, улыбаясь, глядя на дочь прижмуренными лучистыми глазами, сказала:
— Обо мне и собаки не брешут, уж какая есть, а вот младшенький-то вспомнил про матерю!","А то вы, маманя, и на себя непохожи стали.",Как он пишет-то!,"А то вы, маманя, и на себя непохожи стали. Ильинична ревниво отобрала у нее письмо, опять спрятала его за пазуху и, улыбаясь, глядя на дочь прижмуренными лучистыми глазами, сказала:
— Обо мне и собаки не брешут, уж какая есть, а вот младшенький-то вспомнил про матерю! Как он пишет-то!",False,,False,,True,1449
WORD,S1_014,38611,9,9,вспомнить,вспомнить,"Пришла такая пора, когда властно потребовалось остаться одной, чтобы вспомнить многое из своей жизни.",Она уже не нуждалась ни в чьем сочувствии и утешении.,"И она, полузакрыв глаза, часами лежала не шевелясь, только припухшие пальцы ее перебирали складки одеяла, и вся жизнь проходила перед ней за эти часы.","Она уже не нуждалась ни в чьем сочувствии и утешении. Пришла такая пора, когда властно потребовалось остаться одной, чтобы вспомнить многое из своей жизни. И она, полузакрыв глаза, часами лежала не шевелясь, только припухшие пальцы ее перебирали складки одеяла, и вся жизнь проходила перед ней за эти часы.",False,,False,,True,1450
WORD,ALEX_008,38613,21,21,вспоминать,вспоминать,"Удивительно, как коротка и бедна оказалась эта жизнь и как много в ней было тяжелого и горестного, о чем не хотелось вспоминать.","И она, полузакрыв глаза, часами лежала не шевелясь, только припухшие пальцы ее перебирали складки одеяла, и вся жизнь проходила перед ней за эти часы.","Почему-то чаще всего в воспоминаниях, в мыслях обращалась она к Григорию.","И она, полузакрыв глаза, часами лежала не шевелясь, только припухшие пальцы ее перебирали складки одеяла, и вся жизнь проходила перед ней за эти часы. Удивительно, как коротка и бедна оказалась эта жизнь и как много в ней было тяжелого и горестного, о чем не хотелось вспоминать. Почему-то чаще всего в воспоминаниях, в мыслях обращалась она к Григорию.",False,,False,,True,1451
WORD,S1_011,38614,6,6,мысль,мыслях,"Почему-то чаще всего в воспоминаниях, в мыслях обращалась она к Григорию.","Удивительно, как коротка и бедна оказалась эта жизнь и как много в ней было тяжелого и горестного, о чем не хотелось вспоминать.","Быть может, потому, что тревога за его судьбу не покидала ее все годы с начала войны и все, что связывало теперь ее с жизнью, заключалось только в нем. Или же тоска по старшему сыну и мужу притупилась, выветрилась со временем, но о них, о мертвых, она вспоминала реже, и виделись они ей как бы сквозь серую туманную дымку.","Удивительно, как коротка и бедна оказалась эта жизнь и как много в ней было тяжелого и горестного, о чем не хотелось вспоминать. Почему-то чаще всего в воспоминаниях, в мыслях обращалась она к Григорию. Быть может, потому, что тревога за его судьбу не покидала ее все годы с начала войны и все, что связывало теперь ее с жизнью, заключалось только в нем. Или же тоска по старшему сыну и мужу притупилась, выветрилась со временем, но о них, о мертвых, она вспоминала реже, и виделись они ей как бы сквозь серую туманную дымку.",False,,False,,True,1452
WORD,ALEX_008,38615,46,46,вспоминать,вспоминала,"Быть может, потому, что тревога за его судьбу не покидала ее все годы с начала войны и все, что связывало теперь ее с жизнью, заключалось только в нем. Или же тоска по старшему сыну и мужу притупилась, выветрилась со временем, но о них, о мертвых, она вспоминала реже, и виделись они ей как бы сквозь серую туманную дымку.","Почему-то чаще всего в воспоминаниях, в мыслях обращалась она к Григорию.","Она неохотно вспоминала молодость, замужнюю свою жизнь.","Почему-то чаще всего в воспоминаниях, в мыслях обращалась она к Григорию. Быть может, потому, что тревога за его судьбу не покидала ее все годы с начала войны и все, что связывало теперь ее с жизнью, заключалось только в нем. Или же тоска по старшему сыну и мужу притупилась, выветрилась со временем, но о них, о мертвых, она вспоминала реже, и виделись они ей как бы сквозь серую туманную дымку. Она неохотно вспоминала молодость, замужнюю свою жизнь.",False,,False,,True,1453
WORD,ALEX_008,38616,2,2,вспоминать,вспоминала,"Она неохотно вспоминала молодость, замужнюю свою жизнь.","Быть может, потому, что тревога за его судьбу не покидала ее все годы с начала войны и все, что связывало теперь ее с жизнью, заключалось только в нем. Или же тоска по старшему сыну и мужу притупилась, выветрилась со временем, но о них, о мертвых, она вспоминала реже, и виделись они ей как бы сквозь серую туманную дымку.","Все это было просто не нужно, ушло так далеко и не приносило ни радости, ни облегчения.","Быть может, потому, что тревога за его судьбу не покидала ее все годы с начала войны и все, что связывало теперь ее с жизнью, заключалось только в нем. Или же тоска по старшему сыну и мужу притупилась, выветрилась со временем, но о них, о мертвых, она вспоминала реже, и виделись они ей как бы сквозь серую туманную дымку. Она неохотно вспоминала молодость, замужнюю свою жизнь. Все это было просто не нужно, ушло так далеко и не приносило ни радости, ни облегчения.",False,,False,,True,1454
WORD,S1_002,38620,3,3,подумать,подумать,"Но стоило ей подумать о нем, как сейчас же она начинала слышать свое учащенное сердцебиение.","А вот «младшенький» вставал в памяти с предельной, почти осязательной яркостью.","Потом подступало удушье, лицо ее чернело, и она подолгу лежала в беспамятстве, но, отдышавшись, снова думала о нем. Не могла же она забыть своего последнего сына…","А вот «младшенький» вставал в памяти с предельной, почти осязательной яркостью. Но стоило ей подумать о нем, как сейчас же она начинала слышать свое учащенное сердцебиение. Потом подступало удушье, лицо ее чернело, и она подолгу лежала в беспамятстве, но, отдышавшись, снова думала о нем. Не могла же она забыть своего последнего сына…",False,,False,,True,1455
WORD,S1_001,38621,15,15,думать,думала,"Потом подступало удушье, лицо ее чернело, и она подолгу лежала в беспамятстве, но, отдышавшись, снова думала о нем. Не могла же она забыть своего последнего сына…","Но стоило ей подумать о нем, как сейчас же она начинала слышать свое учащенное сердцебиение.",Однажды Ильинична лежала в горнице.,"Но стоило ей подумать о нем, как сейчас же она начинала слышать свое учащенное сердцебиение. Потом подступало удушье, лицо ее чернело, и она подолгу лежала в беспамятстве, но, отдышавшись, снова думала о нем. Не могла же она забыть своего последнего сына… Однажды Ильинична лежала в горнице.",False,,False,,True,1456
WORD,S1_020,38650,1,1,ясно,ясно,"Аксинья ясно видела озаренное голубым лунным светом припухшее лицо Ильиничны, седую прядь волос, выбившуюся из-под черной старушечьей шальки.","Ильинична стояла, придерживаясь руками за изгородь, смотрела в степь, туда, где, словно недоступная далекая звездочка, мерцал разложенный косарями костер.","Ильинична долго смотрела в сумеречную степную синь, а потом негромко, как будто он стоял тут же возле нее, позвала:
— Гришенька!","Ильинична стояла, придерживаясь руками за изгородь, смотрела в степь, туда, где, словно недоступная далекая звездочка, мерцал разложенный косарями костер. Аксинья ясно видела озаренное голубым лунным светом припухшее лицо Ильиничны, седую прядь волос, выбившуюся из-под черной старушечьей шальки. Ильинична долго смотрела в сумеречную степную синь, а потом негромко, как будто он стоял тут же возле нее, позвала:
— Гришенька!",False,,False,,True,1457
WORD,S1_017,38654,4,4,понять,поняла,"В эту ночь Ильинична поняла, что скоро умрет, что смерть уже подошла к ее изголовью.","Аксинья вся содрогнулась, охваченная неизъяснимым чувством тоски и страха, и, резко отшатнувшись от плетня, пошла к дому.","На рассвете она достала из сундука рубаху Григория, свернула и положила под подушку; приготовила и свое, смертное, во что ее должны были обрядить после последнего вздоха.","Аксинья вся содрогнулась, охваченная неизъяснимым чувством тоски и страха, и, резко отшатнувшись от плетня, пошла к дому. В эту ночь Ильинична поняла, что скоро умрет, что смерть уже подошла к ее изголовью. На рассвете она достала из сундука рубаху Григория, свернула и положила под подушку; приготовила и свое, смертное, во что ее должны были обрядить после последнего вздоха.",False,,False,,True,1458
WORD,S1_001,38664,7,7,думать,думать,"Господь с вами, рано вам об смерти думать.","Приберите его, ради Христа!","— Нет, пора мне… — прошептала Ильинична.","Приберите его, ради Христа! Господь с вами, рано вам об смерти думать. — Нет, пора мне… — прошептала Ильинична.",False,,False,,True,1459
WORD,S1_011,38679,16,16,мысль,мыслей,"Вполголоса она стала рассказывать им слышанные в детстве сказки, чтобы хоть чем-нибудь развлечь их, увести от мыслей о мертвой бабушке.","Странное чувство испытывала она, обнимая прижавшихся к ней с обеих сторон, притихших детишек родного ей человека.","Тихо, нараспев досказывала она сказку о бедном сиротке Ванюшке:
Гуси-лебеди,
Возьмите меня
На белы крылышки.","Странное чувство испытывала она, обнимая прижавшихся к ней с обеих сторон, притихших детишек родного ей человека. Вполголоса она стала рассказывать им слышанные в детстве сказки, чтобы хоть чем-нибудь развлечь их, увести от мыслей о мертвой бабушке. Тихо, нараспев досказывала она сказку о бедном сиротке Ванюшке:
Гуси-лебеди,
Возьмите меня
На белы крылышки.",False,,False,,True,1460
PHRASE,PHR_029,38686,54,55,размышлять о,размышлял о,"IV
После смерти Ильиничны Кошевой, оставшийся в доме единственным и полновластным хозяином, казалось бы, должен был с еще большим усердием взяться за переустройство хозяйства, за дальнейшее его расширение, но на деле вышло не так: с каждым днем Мишка работал все менее охотно, все чаще уходил из дому, а вечерами допоздна сидел на крыльце, курил, размышлял о чем-то своем.","Она заплакала тяжело и горько, вздрагивая от сотрясавших ее рыданий, но она даже не могла вытереть слез: на руках ее спали дети Григория, а ей не хотелось их будить.",Дуняшка не могла не заметить происходившей с мужем перемены.,"Она заплакала тяжело и горько, вздрагивая от сотрясавших ее рыданий, но она даже не могла вытереть слез: на руках ее спали дети Григория, а ей не хотелось их будить. IV
После смерти Ильиничны Кошевой, оставшийся в доме единственным и полновластным хозяином, казалось бы, должен был с еще большим усердием взяться за переустройство хозяйства, за дальнейшее его расширение, но на деле вышло не так: с каждым днем Мишка работал все менее охотно, все чаще уходил из дому, а вечерами допоздна сидел на крыльце, курил, размышлял о чем-то своем. Дуняшка не могла не заметить происходившей с мужем перемены.",False,,False,,True,1461
WORD,S1_006,38686,54,54,размышлять,размышлял,"IV
После смерти Ильиничны Кошевой, оставшийся в доме единственным и полновластным хозяином, казалось бы, должен был с еще большим усердием взяться за переустройство хозяйства, за дальнейшее его расширение, но на деле вышло не так: с каждым днем Мишка работал все менее охотно, все чаще уходил из дому, а вечерами допоздна сидел на крыльце, курил, размышлял о чем-то своем.","Она заплакала тяжело и горько, вздрагивая от сотрясавших ее рыданий, но она даже не могла вытереть слез: на руках ее спали дети Григория, а ей не хотелось их будить.",Дуняшка не могла не заметить происходившей с мужем перемены.,"Она заплакала тяжело и горько, вздрагивая от сотрясавших ее рыданий, но она даже не могла вытереть слез: на руках ее спали дети Григория, а ей не хотелось их будить. IV
После смерти Ильиничны Кошевой, оставшийся в доме единственным и полновластным хозяином, казалось бы, должен был с еще большим усердием взяться за переустройство хозяйства, за дальнейшее его расширение, но на деле вышло не так: с каждым днем Мишка работал все менее охотно, все чаще уходил из дому, а вечерами допоздна сидел на крыльце, курил, размышлял о чем-то своем. Дуняшка не могла не заметить происходившей с мужем перемены.",True,PHR_029,False,,False,1462
WORD,S1_001,38690,8,8,думать,думала,"Унаследовавшая от отца практическую сметку, Дуняшка с тревогой думала: «Ненадолго его хватило…","То же самое было и в поле, когда сеяли озимую рожь: пройдет Мишка два гона, остановит быков, свернет цигарку и долго сидит на пашне, покуривает, морщит лоб.","Либо хворает, либо просто приленивается.","То же самое было и в поле, когда сеяли озимую рожь: пройдет Мишка два гона, остановит быков, свернет цигарку и долго сидит на пашне, покуривает, морщит лоб. Унаследовавшая от отца практическую сметку, Дуняшка с тревогой думала: «Ненадолго его хватило… Либо хворает, либо просто приленивается.",False,,False,,True,1463
WORD,S1_001,38702,8,8,думать,думал,"«Рановато я взялся за хозяйство, поспешил…» — с досадой думал Мишка, читая в окружной газете сводки с фронтов или слушая по вечерам рассказы демобилизованных казаков-красноармейцев.","Единственной причиной, мешавшей Мишке работать с прежним старанием, было росшее в нем с каждым днем убеждение, что преждевременно осел он в родном хуторе.","Но особенно тревожило его настроение хуторян: некоторые из них открыто говорили, что Советской власти к зиме будет конец, что Врангель вышел из Таврии и вместе с Махно подходит уже к Ростову, что союзники высадили в Новороссийске огромный десант…","Единственной причиной, мешавшей Мишке работать с прежним старанием, было росшее в нем с каждым днем убеждение, что преждевременно осел он в родном хуторе. «Рановато я взялся за хозяйство, поспешил…» — с досадой думал Мишка, читая в окружной газете сводки с фронтов или слушая по вечерам рассказы демобилизованных казаков-красноармейцев. Но особенно тревожило его настроение хуторян: некоторые из них открыто говорили, что Советской власти к зиме будет конец, что Врангель вышел из Таврии и вместе с Махно подходит уже к Ростову, что союзники высадили в Новороссийске огромный десант…",False,,False,,True,1464
WORD,S1_001,38716,2,2,думать,думаете,— И сызнова думаете доламывать?,Вместе всю службу сломали.,— Чего это?,Вместе всю службу сломали. — И сызнова думаете доламывать? — Чего это?,False,,False,,True,1465
WORD,S1_001,38720,2,2,думать,думал,"— А я думал, что ты его ждешь не дождешься опять служить, — все так же без улыбки продолжал Мишка.",— Мы с ним свое отслужили.,— Опять воевать против Советской власти…,"— Мы с ним свое отслужили. — А я думал, что ты его ждешь не дождешься опять служить, — все так же без улыбки продолжал Мишка. — Опять воевать против Советской власти…",False,,False,,True,1466
WORD,S1_016,38738,16,16,помнить,помнишь,"Вот руки я лишился — и рад бы забыть, да оно не забывается, кажный секунд об этом помнишь.","Конешно, не все забывается.","Дуняшка, накрывая на стол и не глядя на мужа, спросила:
— Что же, по-твоему, кто в белых был, так им и сроду не простится это?","Конешно, не все забывается. Вот руки я лишился — и рад бы забыть, да оно не забывается, кажный секунд об этом помнишь. Дуняшка, накрывая на стол и не глядя на мужа, спросила:
— Что же, по-твоему, кто в белых был, так им и сроду не простится это?",False,,False,,True,1467
WORD,S1_001,38740,3,3,думать,думала,— А ты как думала?,"Дуняшка, накрывая на стол и не глядя на мужа, спросила:
— Что же, по-твоему, кто в белых был, так им и сроду не простится это?","— А я так думала, что кто старое вспомянет, тому, говорят, глаз вон.","Дуняшка, накрывая на стол и не глядя на мужа, спросила:
— Что же, по-твоему, кто в белых был, так им и сроду не простится это? — А ты как думала? — А я так думала, что кто старое вспомянет, тому, говорят, глаз вон.",False,,False,,True,1468
WORD,S1_001,38741,3,3,думать,думала,"— А я так думала, что кто старое вспомянет, тому, говорят, глаз вон.",— А ты как думала?,"— Ну, это, может, так по Евангелию гласит, — холодно сказал Мишка.","— А ты как думала? — А я так думала, что кто старое вспомянет, тому, говорят, глаз вон. — Ну, это, может, так по Евангелию гласит, — холодно сказал Мишка.",False,,False,,True,1469
WORD,S1_001,38806,6,6,думать,думает,"Вот Кирилл, по всему видать, ишо думает воевать, а ты на меня грешил.",Он не нынче-завтра из дому смотается.,"Нет, браток, я свое отвоевал, наелся этого добра по самую завязку.","Он не нынче-завтра из дому смотается. Вот Кирилл, по всему видать, ишо думает воевать, а ты на меня грешил. Нет, браток, я свое отвоевал, наелся этого добра по самую завязку.",False,,False,,True,1470
PHRASE,PHR_086,38840,0,1,собраться идти,Собрался идти,Собрался идти — и слова от него не добьешься!..,"Что это за черт, за жизня!",Муж ты мне или пришей-пристебай?,"Что это за черт, за жизня! Собрался идти — и слова от него не добьешься!.. Муж ты мне или пришей-пристебай?",False,,False,,True,1471
WORD,S1_001,38975,3,3,думать,думаешь,"— А в Вешки думаешь идти, в военкомат?",— Нет пока.,— Ты к чему это гнешь?,"— Нет пока. — А в Вешки думаешь идти, в военкомат? — Ты к чему это гнешь?",False,,False,,True,1472
WORD,S1_002,39023,9,9,подумать,подумал,«Надо было его без разговоров стрелять на месте!» — тупо подумал Мишка.,"На крыльце стояла мать Кирилла, козырьком приложив к глазам ладонь, смотрела в сад.","Он еще несколько минут лежал под плетнем, посматривая на дом, и каким-то размеренным, механическим движением счищал прилипшую к коленям грязь, а потом встал, тяжело перелез через плетень и, опустив дуло нагана, пошел к дому.","На крыльце стояла мать Кирилла, козырьком приложив к глазам ладонь, смотрела в сад. «Надо было его без разговоров стрелять на месте!» — тупо подумал Мишка. Он еще несколько минут лежал под плетнем, посматривая на дом, и каким-то размеренным, механическим движением счищал прилипшую к коленям грязь, а потом встал, тяжело перелез через плетень и, опустив дуло нагана, пошел к дому.",False,,False,,True,1473
WORD,S1_001,39103,13,13,думать,думал,"Чтобы оградить эту власть от упреков, он безобидно врал, ловчился, а про себя думал: «Не дюже большая беда будет, ежели я на сволочей и наговорю немножко.","Кое-что он видел сам во время войны, кое о чем слышал, остальное же вдохновенно придумал с единственной целью — отвести недовольство от родной Советской власти.","Всё одно они сволочи, и им от этого не убудет, а нам явится польза…»","Кое-что он видел сам во время войны, кое о чем слышал, остальное же вдохновенно придумал с единственной целью — отвести недовольство от родной Советской власти. Чтобы оградить эту власть от упреков, он безобидно врал, ловчился, а про себя думал: «Не дюже большая беда будет, ежели я на сволочей и наговорю немножко. Всё одно они сволочи, и им от этого не убудет, а нам явится польза…»",False,,False,,True,1474
WORD,S1_001,39105,1,1,думать,думаете,"— Вы думаете, они — эти буржуи — пальцем деланные, что ли?","Всё одно они сволочи, и им от этого не убудет, а нам явится польза…»",Они не дураки!,"Всё одно они сволочи, и им от этого не убудет, а нам явится польза…» — Вы думаете, они — эти буржуи — пальцем деланные, что ли? Они не дураки!",False,,False,,True,1475
WORD,S1_001,39109,2,2,думать,думал,"— А ты думал, дед, тебе оставили?","— Что ж они, и мазут весь увезли? — недоверчиво спросил кривой Чумаков.","Очень ты им нужен, как и весь трудящийся народ.","— Что ж они, и мазут весь увезли? — недоверчиво спросил кривой Чумаков. — А ты думал, дед, тебе оставили? Очень ты им нужен, как и весь трудящийся народ.",False,,False,,True,1476
WORD,S1_002,39137,16,16,подумать,подумать,"— Добрые люди ишо летом на Маныч за солью съездили, а тебе все некогда было об этом подумать, — с укором сказала Дуняшка.","— Дело плохое, — вздохнул Мишка.",— На чем бы это я поехал?,"— Дело плохое, — вздохнул Мишка. — Добрые люди ишо летом на Маныч за солью съездили, а тебе все некогда было об этом подумать, — с укором сказала Дуняшка. — На чем бы это я поехал?",False,,False,,True,1477
WORD,S1_002,39262,1,1,подумать,подумал,"«Довоевались!» — подумал Григорий, с отвращением глядя на убогую справу.","Колеса на старенькой арбе визгливо скрипели, вместо задней грядушки торчали обломки, клочьями свисало неряшливо наваленное сено.","Подводчица шагала рядом с быками, помахивая кнутом.","Колеса на старенькой арбе визгливо скрипели, вместо задней грядушки торчали обломки, клочьями свисало неряшливо наваленное сено. «Довоевались!» — подумал Григорий, с отвращением глядя на убогую справу. Подводчица шагала рядом с быками, помахивая кнутом.",False,,False,,True,1478
PHRASE,PHR_279,39322,1,2,стать вспоминать,стал вспоминать,"Он стал вспоминать тех быков, на которых ему в детстве и потом, когда он уже стал взрослым, пришлось работать.","Опираясь на локти, полузакрыв глаза, Григорий лежал на арбе.","Все они были разные по масти, по телосложению, по характеру, даже рога у каждого имели какую-то свою особую форму.","Опираясь на локти, полузакрыв глаза, Григорий лежал на арбе. Он стал вспоминать тех быков, на которых ему в детстве и потом, когда он уже стал взрослым, пришлось работать. Все они были разные по масти, по телосложению, по характеру, даже рога у каждого имели какую-то свою особую форму.",False,,False,,True,1479
WORD,ALEX_008,39322,2,2,вспоминать,вспоминать,"Он стал вспоминать тех быков, на которых ему в детстве и потом, когда он уже стал взрослым, пришлось работать.","Опираясь на локти, полузакрыв глаза, Григорий лежал на арбе.","Все они были разные по масти, по телосложению, по характеру, даже рога у каждого имели какую-то свою особую форму.","Опираясь на локти, полузакрыв глаза, Григорий лежал на арбе. Он стал вспоминать тех быков, на которых ему в детстве и потом, когда он уже стал взрослым, пришлось работать. Все они были разные по масти, по телосложению, по характеру, даже рога у каждого имели какую-то свою особую форму.",True,PHR_279,False,,False,1480
WORD,S1_001,39335,3,3,думать,думать,"Ему приятно было думать о прошлом, о мирной жизни, о работе, обо всем, что не касалось войны, потому что эта затянувшаяся на семь лет война осточертела ему до предела, и при одном воспоминании о ней, о каком-либо эпизоде, связанном со службой, он испытывал щемящую внутреннюю тошноту и глухое раздражение.",Григорий промолчал.,Он кончил воевать.,"Григорий промолчал. Ему приятно было думать о прошлом, о мирной жизни, о работе, обо всем, что не касалось войны, потому что эта затянувшаяся на семь лет война осточертела ему до предела, и при одном воспоминании о ней, о каком-либо эпизоде, связанном со службой, он испытывал щемящую внутреннюю тошноту и глухое раздражение. Он кончил воевать.",False,,False,,True,1481
WORD,S1_004,39339,6,6,решить,решил,"Еще там, на фронте, он твердо решил взять Аксинью в дом, чтобы она воспитывала его детей и постоянно была возле него.","Он ехал домой, чтобы в конце концов взяться за работу, пожить с детьми, с Аксиньей.","С этим тоже надо было кончать — и чем ни скорее, тем лучше.","Он ехал домой, чтобы в конце концов взяться за работу, пожить с детьми, с Аксиньей. Еще там, на фронте, он твердо решил взять Аксинью в дом, чтобы она воспитывала его детей и постоянно была возле него. С этим тоже надо было кончать — и чем ни скорее, тем лучше.",False,,False,,True,1482
WORD,S1_001,39344,20,20,думать,думал,"Не раз он в Польше, на Украине и в Крыму растирал в ладонях сизую метелку полыни, нюхал и с тоской думал: «Нет, не то, чужое…»",В чужих краях и земля и травы пахнут по-иному.,А подводчице было скучно.,"В чужих краях и земля и травы пахнут по-иному. Не раз он в Польше, на Украине и в Крыму растирал в ладонях сизую метелку полыни, нюхал и с тоской думал: «Нет, не то, чужое…» А подводчице было скучно.",False,,False,,True,1483
WORD,S1_001,39349,3,3,думать,думала,"И какой-то чудаковатый, — думала она.","«Он не дюже старый, хоть и седой.","— Все глаза прижмуряет, чего он их прижмуряет?","«Он не дюже старый, хоть и седой. И какой-то чудаковатый, — думала она. — Все глаза прижмуряет, чего он их прижмуряет?",False,,False,,True,1484
WORD,S1_001,39355,3,3,думать,думает,Чего он все думает?,А так ничего из себя.,"Сначала стал вроде заигрывать, а потом приутих, чегой-то про быка спросил.","А так ничего из себя. Чего он все думает? Сначала стал вроде заигрывать, а потом приутих, чегой-то про быка спросил.",False,,False,,True,1485
WORD,S1_002,39437,6,6,подумать,подумал,"И всегда они, эти бабы, такие…» — подумал он, ощущая какую-то внутреннюю неловкость и досаду.",«Вот ишо морока!,"Вскоре он заснул, лежа на спине, накрыв лицо бортом шинели, и проснулся только в сумерках.","«Вот ишо морока! И всегда они, эти бабы, такие…» — подумал он, ощущая какую-то внутреннюю неловкость и досаду. Вскоре он заснул, лежа на спине, накрыв лицо бортом шинели, и проснулся только в сумерках.",False,,False,,True,1486
WORD,S1_001,39448,12,12,думать,думал,"Долго лежал, подложив под голову сумку, смотрел в мерцающее звездами небо, несвязно думал о детях, об Аксинье, потом задремал и очнулся от вкрадчивого женского голоса:
— Спишь, что ли, служивый?","Потом она легла на арбе, а Григорий бросил в костер, чтобы не затухал, несколько комьев сухого бычачьего помета, по-походному примостился возле огня.",Спишь ай нет?,"Потом она легла на арбе, а Григорий бросил в костер, чтобы не затухал, несколько комьев сухого бычачьего помета, по-походному примостился возле огня. Долго лежал, подложив под голову сумку, смотрел в мерцающее звездами небо, несвязно думал о детях, об Аксинье, потом задремал и очнулся от вкрадчивого женского голоса:
— Спишь, что ли, служивый? Спишь ай нет?",False,,False,,True,1487
WORD,S1_002,39458,1,1,подумать,подумал,"Григорий подумал и со вздохом ответил:
— Спасибо, девка, не хочу.","Прийдешь, что ли?",Кабы год-два назад…,"Прийдешь, что ли? Григорий подумал и со вздохом ответил:
— Спасибо, девка, не хочу. Кабы год-два назад…",False,,False,,True,1488
PHRASE,PHR_080,39463,1,2,решить идти,решил идти,"Он решил идти пешком, чтобы к рассвету добраться до Татарского.","Спустя немного Григорий встал, собрал свои пожитки.",Немыслимо было ему — возвращающемуся со службы командиру — приехать домой среди бела дня на быках.,"Спустя немного Григорий встал, собрал свои пожитки. Он решил идти пешком, чтобы к рассвету добраться до Татарского. Немыслимо было ему — возвращающемуся со службы командиру — приехать домой среди бела дня на быках.",False,,False,,True,1489
WORD,S1_004,39463,1,1,решить,решил,"Он решил идти пешком, чтобы к рассвету добраться до Татарского.","Спустя немного Григорий встал, собрал свои пожитки.",Немыслимо было ему — возвращающемуся со службы командиру — приехать домой среди бела дня на быках.,"Спустя немного Григорий встал, собрал свои пожитки. Он решил идти пешком, чтобы к рассвету добраться до Татарского. Немыслимо было ему — возвращающемуся со службы командиру — приехать домой среди бела дня на быках.",True,PHR_080,False,,False,1490
WORD,S1_001,39510,7,7,думать,думала,"Хоть бы образумил их Господь!» — с надеждой думала она, направляясь к Прохору.","Ну, кончили воевать, чего им зараз-то делить?",Меньше чем через полчаса прибежал запыхавшийся Прохор.,"Ну, кончили воевать, чего им зараз-то делить? Хоть бы образумил их Господь!» — с надеждой думала она, направляясь к Прохору. Меньше чем через полчаса прибежал запыхавшийся Прохор.",False,,False,,True,1491
WORD,S1_001,39514,5,5,думать,думал,"И не чаял и не думал дождаться!.. — высоким, плачущим голосом закричал он и, споткнувшись о порог, за малым не разбил ведерный кувшин с самогоном.",Милушка ты мой!..,"Обнимая Григория, он всхлипнул, вытер кулаком глаза, разгладил мокрые от слез усы.","Милушка ты мой!.. И не чаял и не думал дождаться!.. — высоким, плачущим голосом закричал он и, споткнувшись о порог, за малым не разбил ведерный кувшин с самогоном. Обнимая Григория, он всхлипнул, вытер кулаком глаза, разгладил мокрые от слез усы.",False,,False,,True,1492
WORD,S1_011,39633,7,7,мысль,мыслями,"Ей хотелось поскорее остаться наедине со своими мыслями, со счастьем, которое пришло так неожиданно.","Она спешила домой, шла быстро, словно там ждало ее неотложное дело, только около крыльца своего куреня замедлила шаг, осторожно поднялась по скрипучим ступенькам.","Она сбросила кофту и платок, не зажигая огня, прошла в горницу.","Она спешила домой, шла быстро, словно там ждало ее неотложное дело, только около крыльца своего куреня замедлила шаг, осторожно поднялась по скрипучим ступенькам. Ей хотелось поскорее остаться наедине со своими мыслями, со счастьем, которое пришло так неожиданно. Она сбросила кофту и платок, не зажигая огня, прошла в горницу.",False,,False,,True,1493
WORD,S1_001,39658,2,2,думать,думаем,"«Ну, как, думаем, оно все отравленное?»","Покрасовались, а начинать страшно, хотя и ужасные мы голодные.",Пленный наш глядит чертом.,"Покрасовались, а начинать страшно, хотя и ужасные мы голодные. «Ну, как, думаем, оно все отравленное?» Пленный наш глядит чертом.",False,,False,,True,1494
WORD,S1_001,39670,1,1,думать,думаем,"«Ну, думаем, пропали!","Глядь, а офицера чистить с обоих концов начинает.","Сам, гад, отравленный корм ел и нас обманул».","Глядь, а офицера чистить с обоих концов начинает. «Ну, думаем, пропали! Сам, гад, отравленный корм ел и нас обманул».",False,,False,,True,1495
WORD,S1_001,39716,1,1,думать,думаю,— Я думаю сам прокормиться.,— Лишняя забота.,— Я не об этом.,— Лишняя забота. — Я думаю сам прокормиться. — Я не об этом.,False,,False,,True,1496
WORD,S1_016,39779,2,2,помнить,помнить,Ежли все помнить — волками надо жить.,"Ты брата Петра убил, а я тебе что-то об этом не напоминаю…","— Ну что ж, убил, не отказываюсь!","Ты брата Петра убил, а я тебе что-то об этом не напоминаю… Ежли все помнить — волками надо жить. — Ну что ж, убил, не отказываюсь!",False,,False,,True,1497
WORD,S1_001,39797,7,7,думать,думаю,"— Ничего я не боюсь, а между прочим думаю: случись какая-нибудь заварушка — и ты переметнешься на другую сторону.",Что я опять буду против Советской власти бунтовать?,"— Я мог бы там перейти к полякам, как ты думаешь?","Что я опять буду против Советской власти бунтовать? — Ничего я не боюсь, а между прочим думаю: случись какая-нибудь заварушка — и ты переметнешься на другую сторону. — Я мог бы там перейти к полякам, как ты думаешь?",False,,False,,True,1498
WORD,S1_001,39798,9,9,думать,думаешь,"— Я мог бы там перейти к полякам, как ты думаешь?","— Ничего я не боюсь, а между прочим думаю: случись какая-нибудь заварушка — и ты переметнешься на другую сторону.",У нас целая часть перешла к ним.,"— Ничего я не боюсь, а между прочим думаю: случись какая-нибудь заварушка — и ты переметнешься на другую сторону. — Я мог бы там перейти к полякам, как ты думаешь? У нас целая часть перешла к ним.",False,,False,,True,1499
WORD,S1_017,39809,9,9,понять,понял,"Впрочем, никакие заверения уже не могли убедить Кошевого, Григорий понял это и умолк.","Ты поверь, Михаил, говорю это от чистого сердца!",Он испытал мгновенную и горькую досаду на себя.,"Ты поверь, Михаил, говорю это от чистого сердца! Впрочем, никакие заверения уже не могли убедить Кошевого, Григорий понял это и умолк. Он испытал мгновенную и горькую досаду на себя.",False,,False,,True,1500
WORD,S1_001,39835,1,1,думать,думал,"— Не думал, что ты обо мне такого мнения…","— Не будет, — подтвердил Михаил.",Ну что ж…,"— Не будет, — подтвердил Михаил. — Не думал, что ты обо мне такого мнения… Ну что ж…",False,,False,,True,1501
WORD,S1_001,39838,1,1,думать,думаю,"Что думаю, то и сказал.",— Я сказал прямо.,В Вешенскую когда поедешь?,"— Я сказал прямо. Что думаю, то и сказал. В Вешенскую когда поедешь?",False,,False,,True,1502
WORD,S1_001,39859,3,3,думать,думал,"Почему, собственно, он думал, что кратковременная честная служба в Красной Армии покроет все его прошлые грехи?","И почему его, Григория, должны были встречать по-иному?","И может быть, Михаил прав, когда говорит, что не все прощается и что надо платить за старые долги сполна?
…Григорий видел во сне широкую степь, развернутый, приготовившийся к атаке полк.","И почему его, Григория, должны были встречать по-иному? Почему, собственно, он думал, что кратковременная честная служба в Красной Армии покроет все его прошлые грехи? И может быть, Михаил прав, когда говорит, что не все прощается и что надо платить за старые долги сполна?
…Григорий видел во сне широкую степь, развернутый, приготовившийся к атаке полк.",False,,False,,True,1503
WORD,S1_014,39861,8,8,вспомнить,вспомнил,"Уже, откуда-то издалека, неслось протяжное: «Эскадро-о-он…» — когда он вспомнил, что у седла отпущены подпруги.","И может быть, Михаил прав, когда говорит, что не все прощается и что надо платить за старые долги сполна?
…Григорий видел во сне широкую степь, развернутый, приготовившийся к атаке полк.","С силой ступил на левое стремя, — седло поползло под ним…","И может быть, Михаил прав, когда говорит, что не все прощается и что надо платить за старые долги сполна?
…Григорий видел во сне широкую степь, развернутый, приготовившийся к атаке полк. Уже, откуда-то издалека, неслось протяжное: «Эскадро-о-он…» — когда он вспомнил, что у седла отпущены подпруги. С силой ступил на левое стремя, — седло поползло под ним…",False,,False,,True,1504
WORD,S1_001,39872,1,1,думать,думал,"Не думал он в этот предрассветный час, что еще не раз придется ему ходить в атаку и во сне, и наяву.",Не довелось сразиться…»,"VII
Дуняшка поднялась рано — надо было доить корову.","Не довелось сразиться…» Не думал он в этот предрассветный час, что еще не раз придется ему ходить в атаку и во сне, и наяву. VII
Дуняшка поднялась рано — надо было доить корову.",False,,False,,True,1505
WORD,S1_002,39891,5,5,подумать,подумал,"«Кирпич на печки понадобился», — равнодушно подумал Григорий.","На площади чернели обуглившиеся развалины купеческих домов и лавок, сожженных Кошевым в прошлом году, полуразрушенная церковная ограда зияла проломами.","Церковь стояла по-прежнему маленькая, вросшая в землю.","На площади чернели обуглившиеся развалины купеческих домов и лавок, сожженных Кошевым в прошлом году, полуразрушенная церковная ограда зияла проломами. «Кирпич на печки понадобился», — равнодушно подумал Григорий. Церковь стояла по-прежнему маленькая, вросшая в землю.",False,,False,,True,1506
WORD,S1_002,39897,8,8,подумать,подумал,"«Надо на могилки сходить, проведать мать и Наталью, — подумал Григорий и свернул в проулок по дороге к кладбищу, но, пройдя немного, остановился.","Они молча, как чужому, кланялись Григорию и только тогда, когда он проходил мимо, останавливались и подолгу глядели ему вслед.",И без того тяжело и смутно было у него на сердце.,"Они молча, как чужому, кланялись Григорию и только тогда, когда он проходил мимо, останавливались и подолгу глядели ему вслед. «Надо на могилки сходить, проведать мать и Наталью, — подумал Григорий и свернул в проулок по дороге к кладбищу, но, пройдя немного, остановился. И без того тяжело и смутно было у него на сердце.",False,,False,,True,1507
WORD,S1_004,39899,5,5,решить,решил,"— Как-нибудь в другой раз схожу, — решил он, направляясь к Прохору.",И без того тяжело и смутно было у него на сердце.,— Им-то теперь все равно — приду или не приду.,"И без того тяжело и смутно было у него на сердце. — Как-нибудь в другой раз схожу, — решил он, направляясь к Прохору. — Им-то теперь все равно — приду или не приду.",False,,False,,True,1508
PHRASE,PHR_125,39911,2,3,стать думать,стал думать,Потом Григорий стал думать о детях.,"Григорий уже не смотрел по сторонам, шел, глядя под ноги, на белый, слегка увлажненный оттепелью и очень мягкий снежок, настолько мягкий, что он даже не ощущался под ногами и почти не скрипел.","Какие-то они стали не по летам сдержанные, молчаливые, не такие, какими были при матери.","Григорий уже не смотрел по сторонам, шел, глядя под ноги, на белый, слегка увлажненный оттепелью и очень мягкий снежок, настолько мягкий, что он даже не ощущался под ногами и почти не скрипел. Потом Григорий стал думать о детях. Какие-то они стали не по летам сдержанные, молчаливые, не такие, какими были при матери.",False,,False,,True,1509
WORD,S1_001,39911,3,3,думать,думать,Потом Григорий стал думать о детях.,"Григорий уже не смотрел по сторонам, шел, глядя под ноги, на белый, слегка увлажненный оттепелью и очень мягкий снежок, настолько мягкий, что он даже не ощущался под ногами и почти не скрипел.","Какие-то они стали не по летам сдержанные, молчаливые, не такие, какими были при матери.","Григорий уже не смотрел по сторонам, шел, глядя под ноги, на белый, слегка увлажненный оттепелью и очень мягкий снежок, настолько мягкий, что он даже не ощущался под ногами и почти не скрипел. Потом Григорий стал думать о детях. Какие-то они стали не по летам сдержанные, молчаливые, не такие, какими были при матери.",True,PHR_125,False,,False,1510
WORD,S1_002,39917,3,3,подумать,подумала,О чем она подумала?,"Дети не плачут при встрече, это на них не похоже.","И почему в глазах ее мелькнул испуг, когда он взял ее на руки?","Дети не плачут при встрече, это на них не похоже. О чем она подумала? И почему в глазах ее мелькнул испуг, когда он взял ее на руки?",False,,False,,True,1511
WORD,S1_001,39919,5,5,думать,думала,"Может быть, она все время думала, что отца нет в живых и он никогда больше не вернется, а потом, увидев его, испугалась?","И почему в глазах ее мелькнул испуг, когда он взял ее на руки?","Во всяком случае, он, Григорий, ни в чем не виноват перед ними.","И почему в глазах ее мелькнул испуг, когда он взял ее на руки? Может быть, она все время думала, что отца нет в живых и он никогда больше не вернется, а потом, увидев его, испугалась? Во всяком случае, он, Григорий, ни в чем не виноват перед ними.",False,,False,,True,1512
PHRASE,PHR_152,39925,5,7,горько думать,горько было думать,Об этом тоже тяжело и горько было думать.,Из любви к нему она будет любить и детей.,Все это было не так-то просто.,Из любви к нему она будет любить и детей. Об этом тоже тяжело и горько было думать. Все это было не так-то просто.,False,,False,,True,1513
WORD,S1_001,39925,7,7,думать,думать,Об этом тоже тяжело и горько было думать.,Из любви к нему она будет любить и детей.,Все это было не так-то просто.,Из любви к нему она будет любить и детей. Об этом тоже тяжело и горько было думать. Все это было не так-то просто.,True,PHR_152,False,,False,1514
WORD,S1_001,39949,1,1,думать,думаю,"— «Езжай, — думаю, — хоть за грушами, скатертью тебе дорога!»","Нынче Максаевы снохи едут, и я поеду!»","Встал, затопил печь, пошел корову доить.","Нынче Максаевы снохи едут, и я поеду!» — «Езжай, — думаю, — хоть за грушами, скатертью тебе дорога!» Встал, затопил печь, пошел корову доить.",False,,False,,True,1515
WORD,S1_001,39952,1,1,думать,думаешь,"Ты думаешь, одной рукой способно такие дела делать?",Ну и надоил.,"— Позвал бы какую-нибудь бабу, чудак!","Ну и надоил. Ты думаешь, одной рукой способно такие дела делать? — Позвал бы какую-нибудь бабу, чудак!",False,,False,,True,1516
WORD,S1_001,39979,20,20,думать,думал,"Он сидел за столом, широко расставив длинные мускулистые ноги, хриповатый басок его звучал приглушенно:
— …И в армии, и всю дорогу думал, как буду возле земли жить, отдохну в семье от всей этой чертовщины.","С кем же, как не с Прохором, мог поделиться Григорий своими самыми сокровенными думами?",Шутка дело — восьмой год с коня не слазил!,"С кем же, как не с Прохором, мог поделиться Григорий своими самыми сокровенными думами? Он сидел за столом, широко расставив длинные мускулистые ноги, хриповатый басок его звучал приглушенно:
— …И в армии, и всю дорогу думал, как буду возле земли жить, отдохну в семье от всей этой чертовщины. Шутка дело — восьмой год с коня не слазил!",False,,False,,True,1517
WORD,S1_001,39988,4,4,думать,думает,"За службу белым попрекает, думает, что зло таю на новую власть, нож держу против нее за пазухой.","Григорий крестом сложил пальцы:
— Вот на нашу дружбу.","Боится, что восстание буду подымать, а на черта мне это нужно — он и сам, дурак, не знает.","Григорий крестом сложил пальцы:
— Вот на нашу дружбу. За службу белым попрекает, думает, что зло таю на новую власть, нож держу против нее за пазухой. Боится, что восстание буду подымать, а на черта мне это нужно — он и сам, дурак, не знает.",False,,False,,True,1518
WORD,S1_001,39995,7,7,думать,думаю,"Вот и я зараз вроде этого хохла думаю: кабы можно было в Татарский ни белых, ни красных не пустить — лучше было бы.","А хохол смеется, говорит: «Вы, товарищ, только вооружите нас, а тогда мы не только бандитов, но и вас не пустим в село».","По мне они одной цены — что, скажем, свояк мой Митька Коршунов, что Михаил Кошевой.","А хохол смеется, говорит: «Вы, товарищ, только вооружите нас, а тогда мы не только бандитов, но и вас не пустим в село». Вот и я зараз вроде этого хохла думаю: кабы можно было в Татарский ни белых, ни красных не пустить — лучше было бы. По мне они одной цены — что, скажем, свояк мой Митька Коршунов, что Михаил Кошевой.",False,,False,,True,1519
WORD,S1_001,39997,1,1,думать,думает,"Он думает, что такой уж я белым приверженный, что и жить без них не могу.","По мне они одной цены — что, скажем, свояк мой Митька Коршунов, что Михаил Кошевой.",Хреновина!,"По мне они одной цены — что, скажем, свояк мой Митька Коршунов, что Михаил Кошевой. Он думает, что такой уж я белым приверженный, что и жить без них не могу. Хреновина!",False,,False,,True,1520
WORD,S1_001,40037,2,2,думать,думают,Нехай хохлы думают.,— Она тебя не касается.,"Набьют им зады до болятки, тогда узнают, как восставать.","— Она тебя не касается. Нехай хохлы думают. Набьют им зады до болятки, тогда узнают, как восставать.",False,,False,,True,1521
WORD,S1_003,40047,3,3,задуматься,задумался,"Прохор перестал жевать, задумался.",Понятно тебе?,Такая мысль ему не приходила в голову.,"Понятно тебе? Прохор перестал жевать, задумался. Такая мысль ему не приходила в голову.",False,,False,,True,1522
WORD,S1_011,40048,1,1,мысль,мысль,Такая мысль ему не приходила в голову.,"Прохор перестал жевать, задумался.","Оглушенный хмелем, он думал медленно и туговато.","Прохор перестал жевать, задумался. Такая мысль ему не приходила в голову. Оглушенный хмелем, он думал медленно и туговато.",False,,False,,True,1523
WORD,S1_001,40049,3,3,думать,думал,"Оглушенный хмелем, он думал медленно и туговато.",Такая мысль ему не приходила в голову.,"— При чем же ты тут, Пантелевич? — недоуменно спросил он.","Такая мысль ему не приходила в голову. Оглушенный хмелем, он думал медленно и туговато. — При чем же ты тут, Пантелевич? — недоуменно спросил он.",False,,False,,True,1524
WORD,S1_001,40096,12,12,думать,думали,"В бою с меня глаз не сводили, караулили каждый шаг и наверняка думали: «Э-э, сволочь, беляк, офицер казачий, как бы он нас не подвел».","Я ить не слепой, увидал, как на меня комиссар и коммунисты в эскадроне поглядывали…","Приметил я это дело, и сразу у меня сердце захолодало.","Я ить не слепой, увидал, как на меня комиссар и коммунисты в эскадроне поглядывали… В бою с меня глаз не сводили, караулили каждый шаг и наверняка думали: «Э-э, сволочь, беляк, офицер казачий, как бы он нас не подвел». Приметил я это дело, и сразу у меня сердце захолодало.",False,,False,,True,1525
WORD,S1_002,40121,9,9,подумать,подумал,"«Видно, и на самом деле собираются выступать на восстание», — подумал Григорий.","Один из пулеметчиков, упитанный и рослый, шутливо покрикивал: «А ну сторонись, штрафная рота, а то задавлю!»",Его задержали на регистрации недолго.,"Один из пулеметчиков, упитанный и рослый, шутливо покрикивал: «А ну сторонись, штрафная рота, а то задавлю!» «Видно, и на самом деле собираются выступать на восстание», — подумал Григорий. Его задержали на регистрации недолго.",False,,False,,True,1526
WORD,ALEX_008,40150,1,1,вспоминать,вспоминаю,— Часто вспоминаю братана твоего Петра Пантелевича.,— Вчера.,"Хороший был казак, а погиб зря…","— Вчера. — Часто вспоминаю братана твоего Петра Пантелевича. Хороший был казак, а погиб зря…",False,,False,,True,1527
WORD,S1_001,40166,6,6,думать,Думаешь,"Фомин, искоса посматривая на Григория, спросил:
— Думаешь дома жить?",Они пошли по улице.,— А где же мне жить?,"Они пошли по улице. Фомин, искоса посматривая на Григория, спросил:
— Думаешь дома жить? — А где же мне жить?",False,,False,,True,1528
WORD,S1_011,40188,2,2,мысль,мыслями,"Занятый своими мыслями, Григорий слушал его невнимательно.","Фомин заговорил о положении в округе, о своих взаимоотношениях с окружным начальством и с окрвоенкомом Шахаевым.","Они прошли три квартала, и Фомин приостановился.","Фомин заговорил о положении в округе, о своих взаимоотношениях с окружным начальством и с окрвоенкомом Шахаевым. Занятый своими мыслями, Григорий слушал его невнимательно. Они прошли три квартала, и Фомин приостановился.",False,,False,,True,1529
WORD,S1_001,40194,8,8,думать,думал,"Поднимаясь по каменным ступенькам двухэтажного здания политбюро, он думал: «Кончать — так поскорее, нечего тянуть!",Григорий проводил его взглядом и повернул обратно.,"Умел, Григорий, шкодить — умей и ответ держать!»","Григорий проводил его взглядом и повернул обратно. Поднимаясь по каменным ступенькам двухэтажного здания политбюро, он думал: «Кончать — так поскорее, нечего тянуть! Умел, Григорий, шкодить — умей и ответ держать!»",False,,False,,True,1530
WORD,S1_001,40199,3,3,думать,думать,"Просто немыслимо было думать, что он тут, рядом, и не видеть его.","Ей очень хотелось под каким-нибудь предлогом пойти к Мелеховым, побыть там хоть минутку, хоть одним глазком взглянуть на Григория.","Но она все же пересилила это желание, не пошла.","Ей очень хотелось под каким-нибудь предлогом пойти к Мелеховым, побыть там хоть минутку, хоть одним глазком взглянуть на Григория. Просто немыслимо было думать, что он тут, рядом, и не видеть его. Но она все же пересилила это желание, не пошла.",False,,False,,True,1531
WORD,S1_002,40209,8,8,подумать,подумают,"В конце концов, не все ли равно, что подумают о ней соседи?","Это было лучшее, что она имела.","Пусть для них сегодня — будни, зато для нее — праздник.","Это было лучшее, что она имела. В конце концов, не все ли равно, что подумают о ней соседи? Пусть для них сегодня — будни, зато для нее — праздник.",False,,False,,True,1532
WORD,S1_001,40226,15,15,думать,думала,"Внешне спокойная, ни движением, ни словом не выказав постигшего ее разочарования, Аксинья сказала:
— А я думала — вы все в сборе.","Детишек уже покормила, жду больших.",Когда же Гриша…,"Детишек уже покормила, жду больших. Внешне спокойная, ни движением, ни словом не выказав постигшего ее разочарования, Аксинья сказала:
— А я думала — вы все в сборе. Когда же Гриша…",False,,False,,True,1533
WORD,S1_002,40248,6,6,подумать,подумают,"Ты кричать-то перестань, а то дети подумают…",— Ничего покамест не видно!,Прощай!,"— Ничего покамест не видно! Ты кричать-то перестань, а то дети подумают… Прощай!",False,,False,,True,1534
WORD,S1_001,40257,7,7,думать,думали,"— А мы с Дуняшкой откричали, каждая поврозь, думали — не вернешься.","— Не успел сказаться, спешил.",Григорий сдержанно улыбнулся.,"— Не успел сказаться, спешил. — А мы с Дуняшкой откричали, каждая поврозь, думали — не вернешься. Григорий сдержанно улыбнулся.",False,,False,,True,1535
WORD,S1_001,40281,2,2,думать,думал,"Я сам думал, как шел в это политбюро, что не выйду оттуда.","— А ты знаешь, — сказал он, снизу вверх глядя в ее глаза, — дела мои не дюже нарядные.","Как-никак я дивизией командовал в восстание, сотник по чину…","— А ты знаешь, — сказал он, снизу вверх глядя в ее глаза, — дела мои не дюже нарядные. Я сам думал, как шел в это политбюро, что не выйду оттуда. Как-никак я дивизией командовал в восстание, сотник по чину…",False,,False,,True,1536
WORD,S1_001,40292,2,2,думать,думаю,"Какой там, думаю, чай!",Только с сахарином».,Хотя бы ноги от вас в целости унесть.,"Только с сахарином». Какой там, думаю, чай! Хотя бы ноги от вас в целости унесть.",False,,False,,True,1537
PHRASE,PHR_026,40299,1,3,думать о это,думал об этом,"Он думал об этом всю дорогу и, быть может, потому сейчас рассказывал обо всем этом, высмеивая себя и несколько преувеличивая испытанные переживания.",Теперь все пережитое выглядело смешно и постыдно.,"Аксинья внимательно выслушала его рассказ, затем мягко освободила руки и отошла к печи.","Теперь все пережитое выглядело смешно и постыдно. Он думал об этом всю дорогу и, быть может, потому сейчас рассказывал обо всем этом, высмеивая себя и несколько преувеличивая испытанные переживания. Аксинья внимательно выслушала его рассказ, затем мягко освободила руки и отошла к печи.",False,,False,,True,1538
WORD,S1_001,40299,1,1,думать,думал,"Он думал об этом всю дорогу и, быть может, потому сейчас рассказывал обо всем этом, высмеивая себя и несколько преувеличивая испытанные переживания.",Теперь все пережитое выглядело смешно и постыдно.,"Аксинья внимательно выслушала его рассказ, затем мягко освободила руки и отошла к печи.","Теперь все пережитое выглядело смешно и постыдно. Он думал об этом всю дорогу и, быть может, потому сейчас рассказывал обо всем этом, высмеивая себя и несколько преувеличивая испытанные переживания. Аксинья внимательно выслушала его рассказ, затем мягко освободила руки и отошла к печи.",True,PHR_026,False,,False,1539
WORD,S1_001,40303,0,0,думать,Думаешь,"— Думаешь, тебя все-таки заберут?",— Через неделю опять надо идти отмечаться.,— Как видно — да.,"— Через неделю опять надо идти отмечаться. — Думаешь, тебя все-таки заберут? — Как видно — да.",False,,False,,True,1540
WORD,S1_001,40312,13,13,думать,думая,"Григорий был тут, рядом с ней; на него можно было смотреть безотрывно, не думая о том, что посторонние подстерегают ее взгляды, можно было говорить глазами все, не таясь и не смущаясь.","Они сели ужинать, и снова к Аксинье вернулось то полновесное счастье, которое испытывала она утром.","Господи, как она соскучилась по нем, как истомилось, наскучало по этим большим неласковым рукам ее тело!","Они сели ужинать, и снова к Аксинье вернулось то полновесное счастье, которое испытывала она утром. Григорий был тут, рядом с ней; на него можно было смотреть безотрывно, не думая о том, что посторонние подстерегают ее взгляды, можно было говорить глазами все, не таясь и не смущаясь. Господи, как она соскучилась по нем, как истомилось, наскучало по этим большим неласковым рукам ее тело!",False,,False,,True,1541
WORD,S1_014,40322,4,4,вспомнить,вспомнила,"И только тогда Аксинья вспомнила о своих обязанностях, торопливо вскочила.",— С утра ничего не ел.,"— Ох, головушка горькая!","— С утра ничего не ел. И только тогда Аксинья вспомнила о своих обязанностях, торопливо вскочила. — Ох, головушка горькая!",False,,False,,True,1542
WORD,S1_014,40362,1,1,вспомнить,вспомнив,"Дуняшка, вспомнив ее крохотную, согнутую до земли фигурку, рассмеялась:
— Скажешь же ты, братушка!",Ей давно перевалило за сто.,Я ить так только спросила.,"Ей давно перевалило за сто. Дуняшка, вспомнив ее крохотную, согнутую до земли фигурку, рассмеялась:
— Скажешь же ты, братушка! Я ить так только спросила.",False,,False,,True,1543
WORD,S1_011,40372,11,11,мысль,мысль,"Тягостная неопределенность мучила, мешала жить; ни на одну минуту не покидала мысль, что его могут арестовать, бросить в тюрьму — это в лучшем случае, а не то и расстрелять.",Ни к чему не лежала душа.,"Просыпаясь по ночам, Аксинья видела, что он не спит.","Ни к чему не лежала душа. Тягостная неопределенность мучила, мешала жить; ни на одну минуту не покидала мысль, что его могут арестовать, бросить в тюрьму — это в лучшем случае, а не то и расстрелять. Просыпаясь по ночам, Аксинья видела, что он не спит.",False,,False,,True,1544
WORD,S1_001,40375,5,5,думать,думает,"Аксинья знала, о чем он думает.","Обычно он лежал на спине, закинув за голову руки, смотрел в сумеречную темноту, и глаза у него были холодные и злые.",Помочь ему она ничем не могла.,"Обычно он лежал на спине, закинув за голову руки, смотрел в сумеречную темноту, и глаза у него были холодные и злые. Аксинья знала, о чем он думает. Помочь ему она ничем не могла.",False,,False,,True,1545
WORD,S1_005,40379,2,2,решать,решает,Пусть он решает все сам.,Она ни о чем его не спрашивала.,"Только раз ночью, когда проснулась и увидела сбоку багряный огонек папиросы, она сказала:
— Гриша, ты все не спишь…","Она ни о чем его не спрашивала. Пусть он решает все сам. Только раз ночью, когда проснулась и увидела сбоку багряный огонек папиросы, она сказала:
— Гриша, ты все не спишь…",False,,False,,True,1546
WORD,S1_002,40383,10,10,подумать,подумаю,"Он заботливо прикрыл одеялом ее ноги и нехотя ответил:
— Я подумаю.","Или, может, нам вместе куда-нибудь уехать, скрыться?",Ты спи.,"Или, может, нам вместе куда-нибудь уехать, скрыться? Он заботливо прикрыл одеялом ее ноги и нехотя ответил:
— Я подумаю. Ты спи.",False,,False,,True,1547
PHRASE,PHR_076,40388,6,7,принять решение,принял решение,А на самом деле он уже принял решение: в Вешенскую он больше не пойдет.,"Спи, Ксюша, — и осторожно и ласково прикоснулся губами к ее голому, шелковисто-прохладному плечу.","Напрасно будет ждать его тот человек из политбюро, который принимал его прошлый раз.","Спи, Ксюша, — и осторожно и ласково прикоснулся губами к ее голому, шелковисто-прохладному плечу. А на самом деле он уже принял решение: в Вешенскую он больше не пойдет. Напрасно будет ждать его тот человек из политбюро, который принимал его прошлый раз.",False,,False,,True,1548
WORD,S1_004,40394,8,8,решить,решил,"Куда — он еще сам не знал, но уйти решил твердо.","В тот день, когда надо будет отправляться в политбюро, Григорий уйдет из хутора, если понадобится — надолго.","Ни умирать, ни сидеть в тюрьме ему не хотелось.","В тот день, когда надо будет отправляться в политбюро, Григорий уйдет из хутора, если понадобится — надолго. Куда — он еще сам не знал, но уйти решил твердо. Ни умирать, ни сидеть в тюрьме ему не хотелось.",False,,False,,True,1549
WORD,S1_004,40398,10,10,решить,решил,"Об этом надо будет сказать в последний день, так он решил.","Незачем было отравлять ей последние дни, они и так были не очень-то веселыми.","А сейчас пусть она спит спокойно, уткнувшись лицом ему в подмышку.","Незачем было отравлять ей последние дни, они и так были не очень-то веселыми. Об этом надо будет сказать в последний день, так он решил. А сейчас пусть она спит спокойно, уткнувшись лицом ему в подмышку.",False,,False,,True,1550
WORD,S1_016,40417,0,0,помнить,Помнишь,"— Помнишь, как в прошлом годе под Боковской наша батарея выручила тебя?",— А как же.,Без нас твоей коннице пришлось бы туго.,"— А как же. — Помнишь, как в прошлом годе под Боковской наша батарея выручила тебя? Без нас твоей коннице пришлось бы туго.",False,,False,,True,1551
WORD,ALEX_008,40448,9,9,вспоминать,вспоминал,"До вечера он находился под впечатлением этой нелепой встречи, вспоминал пьяные выкрики Крамскова, сочувственное молчание и улыбки казаков, думал: «Нет, надо уходить поскорее!","Григорий молча повернулся, пошел через площадь домой.",Добра не будет…»,"Григорий молча повернулся, пошел через площадь домой. До вечера он находился под впечатлением этой нелепой встречи, вспоминал пьяные выкрики Крамскова, сочувственное молчание и улыбки казаков, думал: «Нет, надо уходить поскорее! Добра не будет…»",False,,False,,True,1552
WORD,S1_001,40448,18,18,думать,думал,"До вечера он находился под впечатлением этой нелепой встречи, вспоминал пьяные выкрики Крамскова, сочувственное молчание и улыбки казаков, думал: «Нет, надо уходить поскорее!","Григорий молча повернулся, пошел через площадь домой.",Добра не будет…»,"Григорий молча повернулся, пошел через площадь домой. До вечера он находился под впечатлением этой нелепой встречи, вспоминал пьяные выкрики Крамскова, сочувственное молчание и улыбки казаков, думал: «Нет, надо уходить поскорее! Добра не будет…»",False,,False,,True,1553
PHRASE,PHR_279,40532,5,6,стать вспоминать,стал вспоминать,"Но когда один из бойцов стал вспоминать, как ходили в атаку под Сухим Донцом, Фомин, задумчиво покручивая ус, прервал рассказчика:
— Рубили мы, ребята, хохлов неплохо, да как бы самим вскорости не пришлось горевать…",Присутствовавший на этой попойке Фомин молча вслушивался в разговоры и так же молча черпал из цибарки самогон.,"Что, как приедем в Вешенскую, а там у наших семей продотряды весь хлебец выкачали?","Присутствовавший на этой попойке Фомин молча вслушивался в разговоры и так же молча черпал из цибарки самогон. Но когда один из бойцов стал вспоминать, как ходили в атаку под Сухим Донцом, Фомин, задумчиво покручивая ус, прервал рассказчика:
— Рубили мы, ребята, хохлов неплохо, да как бы самим вскорости не пришлось горевать… Что, как приедем в Вешенскую, а там у наших семей продотряды весь хлебец выкачали?",False,,False,,True,1554
WORD,ALEX_008,40532,6,6,вспоминать,вспоминать,"Но когда один из бойцов стал вспоминать, как ходили в атаку под Сухим Донцом, Фомин, задумчиво покручивая ус, прервал рассказчика:
— Рубили мы, ребята, хохлов неплохо, да как бы самим вскорости не пришлось горевать…",Присутствовавший на этой попойке Фомин молча вслушивался в разговоры и так же молча черпал из цибарки самогон.,"Что, как приедем в Вешенскую, а там у наших семей продотряды весь хлебец выкачали?","Присутствовавший на этой попойке Фомин молча вслушивался в разговоры и так же молча черпал из цибарки самогон. Но когда один из бойцов стал вспоминать, как ходили в атаку под Сухим Донцом, Фомин, задумчиво покручивая ус, прервал рассказчика:
— Рубили мы, ребята, хохлов неплохо, да как бы самим вскорости не пришлось горевать… Что, как приедем в Вешенскую, а там у наших семей продотряды весь хлебец выкачали?",True,PHR_279,False,,False,1555
WORD,S1_001,40565,27,27,думать,думал,"Фомин смотрел сверху вниз на жалко согнутую спину жены с резко очерченными под кофточкой худыми лопатками, на ее большие дрожащие руки, старательно счищавшие грязь с его сапог, думал: «Хороша, нечего сказать!","Она сама не замечала того, как быстро она старится, как с каждым днем тает ее здоровье, и все еще на что-то надеялась, при редких встречах поглядывала на своего красавца-мужа с робкой любовью и восхищением…",И с такой холерой я когда-то спал…,"Она сама не замечала того, как быстро она старится, как с каждым днем тает ее здоровье, и все еще на что-то надеялась, при редких встречах поглядывала на своего красавца-мужа с робкой любовью и восхищением… Фомин смотрел сверху вниз на жалко согнутую спину жены с резко очерченными под кофточкой худыми лопатками, на ее большие дрожащие руки, старательно счищавшие грязь с его сапог, думал: «Хороша, нечего сказать! И с такой холерой я когда-то спал…",False,,False,,True,1556
WORD,S1_004,40614,2,2,решить,решенное,— Тут дело решенное.,"— Чего ж тут решаться? — медленно, растягивая слова и глядя исподлобья, проговорил Фомин.","Надо только такой план сработать, чтобы все вышло без заминки, чтобы комар носу не подточил.","— Чего ж тут решаться? — медленно, растягивая слова и глядя исподлобья, проговорил Фомин. — Тут дело решенное. Надо только такой план сработать, чтобы все вышло без заминки, чтобы комар носу не подточил.",False,,False,,True,1557
WORD,S1_009,40626,3,3,сомнение,сомнения,"У Капарина были сомнения, что батальон не полностью его поддержит.","Было условлено, что в этот день Фомин выведет эскадрон на утреннюю проездку в полном вооружении, а затем внезапно атакует расположенный на окраине станицы пулеметный взвод, захватит пулеметы и после этого поможет караульной роте провести «чистку» окружных учреждений.",Как-то он высказал это предположение Фомину.,"Было условлено, что в этот день Фомин выведет эскадрон на утреннюю проездку в полном вооружении, а затем внезапно атакует расположенный на окраине станицы пулеметный взвод, захватит пулеметы и после этого поможет караульной роте провести «чистку» окружных учреждений. У Капарина были сомнения, что батальон не полностью его поддержит. Как-то он высказал это предположение Фомину.",False,,False,,True,1558
WORD,S1_004,40640,7,7,решить,решено,"На совещании бюро окружного комитета партии было решено: известить Фомина приказом окрвоенкомата, что он отзывается в Новочеркасск в распоряжение командующего войсками, предложить ему передать командование эскадроном своему помощнику Овчинникову; в тот же день эскадрон выслать в Казанскую под предлогом появления там банды и после этого ночью произвести арест заговорщиков.","Через несколько дней был получен ответ командующего, санкционировавший снятие Фомина и Капарина с должностей и их арест.","Вывести эскадрон из станицы было решено из опасения, как бы эскадрон не восстал, узнав об аресте Фомина.","Через несколько дней был получен ответ командующего, санкционировавший снятие Фомина и Капарина с должностей и их арест. На совещании бюро окружного комитета партии было решено: известить Фомина приказом окрвоенкомата, что он отзывается в Новочеркасск в распоряжение командующего войсками, предложить ему передать командование эскадроном своему помощнику Овчинникову; в тот же день эскадрон выслать в Казанскую под предлогом появления там банды и после этого ночью произвести арест заговорщиков. Вывести эскадрон из станицы было решено из опасения, как бы эскадрон не восстал, узнав об аресте Фомина.",False,,False,,True,1559
WORD,S1_004,40641,5,5,решить,решено,"Вывести эскадрон из станицы было решено из опасения, как бы эскадрон не восстал, узнав об аресте Фомина.","На совещании бюро окружного комитета партии было решено: известить Фомина приказом окрвоенкомата, что он отзывается в Новочеркасск в распоряжение командующего войсками, предложить ему передать командование эскадроном своему помощнику Овчинникову; в тот же день эскадрон выслать в Казанскую под предлогом появления там банды и после этого ночью произвести арест заговорщиков.",Командиру второй роты караульного батальона коммунисту Ткаченко было предложено предупредить коммунистов батальона и взводных командиров о возможности восстания и привести в боевую готовность находившиеся в станице роту и пулеметный взвод.,"На совещании бюро окружного комитета партии было решено: известить Фомина приказом окрвоенкомата, что он отзывается в Новочеркасск в распоряжение командующего войсками, предложить ему передать командование эскадроном своему помощнику Овчинникову; в тот же день эскадрон выслать в Казанскую под предлогом появления там банды и после этого ночью произвести арест заговорщиков. Вывести эскадрон из станицы было решено из опасения, как бы эскадрон не восстал, узнав об аресте Фомина. Командиру второй роты караульного батальона коммунисту Ткаченко было предложено предупредить коммунистов батальона и взводных командиров о возможности восстания и привести в боевую готовность находившиеся в станице роту и пулеметный взвод.",False,,False,,True,1560
WORD,S1_017,40652,1,1,понять,понял,Шагом — понял? — шагом езжай к Капарину.,"В сенях он передал записку своему ординарцу, шепнул:
— Положи записку за щеку.",Ежели кто будет тебя в дороге останавливать — записку проглоти.,"В сенях он передал записку своему ординарцу, шепнул:
— Положи записку за щеку. Шагом — понял? — шагом езжай к Капарину. Ежели кто будет тебя в дороге останавливать — записку проглоти.",False,,False,,True,1561
WORD,S1_004,40753,11,11,решить,решить,"После долгого молчания Фомин сказал:
— Что ж, на том прийдется и решить.",Только на это!,Взводные!,"Только на это! После долгого молчания Фомин сказал:
— Что ж, на том прийдется и решить. Взводные!",False,,False,,True,1562
WORD,S1_020,40844,11,11,ясно,ясно,"Григорий молча вынул руки из карманов шинели и, еще не совсем ясно осознавая, что с ним произошло и что это за люди, остановившие его, — спросил:
— Куда идти?","Вынай, а то голову срублю!",— В хутор.,"Вынай, а то голову срублю! Григорий молча вынул руки из карманов шинели и, еще не совсем ясно осознавая, что с ним произошло и что это за люди, остановившие его, — спросил:
— Куда идти? — В хутор.",False,,False,,True,1563
WORD,ALEX_011,40844,12,12,осознавать,осознавая,"Григорий молча вынул руки из карманов шинели и, еще не совсем ясно осознавая, что с ним произошло и что это за люди, остановившие его, — спросил:
— Куда идти?","Вынай, а то голову срублю!",— В хутор.,"Вынай, а то голову срублю! Григорий молча вынул руки из карманов шинели и, еще не совсем ясно осознавая, что с ним произошло и что это за люди, остановившие его, — спросил:
— Куда идти? — В хутор.",False,,False,,True,1564
WORD,S1_002,40870,0,0,подумать,Подумаешь,"Подумаешь, дерьмо какое…","Григорий шага два ступил молча, потом сказал:
— Я и так молчу, не ругайся.",— Не оглядывайся!,"Григорий шага два ступил молча, потом сказал:
— Я и так молчу, не ругайся. Подумаешь, дерьмо какое… — Не оглядывайся!",False,,True,PARTICLE_PODUMAYESH,True,1565
WORD,S1_001,40898,3,3,думать,думал,"Попался, как дурак», — думал Григорий, нарочно мешкая в сенях, пытаясь собраться с мыслями.",Попался!,"Первый, кого он увидел, открыв дверь, был Фомин.","Попался! Попался, как дурак», — думал Григорий, нарочно мешкая в сенях, пытаясь собраться с мыслями. Первый, кого он увидел, открыв дверь, был Фомин.",False,,False,,True,1566
WORD,S1_011,40898,12,12,мысль,мыслями,"Попался, как дурак», — думал Григорий, нарочно мешкая в сенях, пытаясь собраться с мыслями.",Попался!,"Первый, кого он увидел, открыв дверь, был Фомин.","Попался! Попался, как дурак», — думал Григорий, нарочно мешкая в сенях, пытаясь собраться с мыслями. Первый, кого он увидел, открыв дверь, был Фомин.",False,,False,,True,1567
WORD,S1_001,40921,13,13,думать,думаешь,"Фомин еще раз внимательно посмотрел Григорию в глаза и улыбнулся:
— Ты, я вижу, думаешь, что мы тебя словили и в Вешки повезем?",— Куда глаза глядят…,"Нет, брат, нам туда дорога заказанная…","— Куда глаза глядят… Фомин еще раз внимательно посмотрел Григорию в глаза и улыбнулся:
— Ты, я вижу, думаешь, что мы тебя словили и в Вешки повезем? Нет, брат, нам туда дорога заказанная…",False,,False,,True,1568
WORD,S1_014,40934,5,5,вспомнить,вспомнил,"Ему хотелось курить, но он вспомнил, что у него уже вторые сутки нет табака.","Бледный и сдержанный, он разделся, присел к столу.",— Покурить нечего? — обратился он к Фомину.,"Бледный и сдержанный, он разделся, присел к столу. Ему хотелось курить, но он вспомнил, что у него уже вторые сутки нет табака. — Покурить нечего? — обратился он к Фомину.",False,,False,,True,1569
WORD,S1_001,40969,6,6,думать,думал,"Он все еще не верил Фомину, думал, что тот лукавит, и из осторожности молчал.",Ни одного знакомого лица!,Но и молчать все время — тоже было нельзя.,"Ни одного знакомого лица! Он все еще не верил Фомину, думал, что тот лукавит, и из осторожности молчал. Но и молчать все время — тоже было нельзя.",False,,False,,True,1570
WORD,S1_001,41052,2,2,думать,думал,"А я-то думал, что это за люди?","— Оказывается, вот вы кто…","— Пленный улыбался, показывая окрашенные кровью зубы, и говорил так, словно был приятно удивлен услышанной новостью, но в голосе его звучало что-то такое, что заставило всех насторожиться.","— Оказывается, вот вы кто… А я-то думал, что это за люди? — Пленный улыбался, показывая окрашенные кровью зубы, и говорил так, словно был приятно удивлен услышанной новостью, но в голосе его звучало что-то такое, что заставило всех насторожиться.",False,,False,,True,1571
WORD,S1_001,41146,5,5,думать,думаешь,"— Да ты что, и штаны думаешь с него сымать? — недовольно спросил первый.",Не беда.,"Хрипатый резко сказал:
— Ты, ежели спешишь, иди к коням, без тебя тут управимся!","Не беда. — Да ты что, и штаны думаешь с него сымать? — недовольно спросил первый. Хрипатый резко сказал:
— Ты, ежели спешишь, иди к коням, без тебя тут управимся!",False,,False,,True,1572
WORD,S1_017,41164,5,5,понять,понял,"По лицу Григория он, вероятно, понял, что расправа над красноармейцем произвела на него гнетущее впечатление, потому и сказал:
— Ты не думай, что мы со всеми так строго обходимся.","Фомин радушно придвинул Григорию стул, сам присел на сундук.","Это же, чудак, — из продотрядников.","Фомин радушно придвинул Григорию стул, сам присел на сундук. По лицу Григория он, вероятно, понял, что расправа над красноармейцем произвела на него гнетущее впечатление, потому и сказал:
— Ты не думай, что мы со всеми так строго обходимся. Это же, чудак, — из продотрядников.",False,,False,,True,1573
WORD,S1_001,41164,20,20,думать,думай,"По лицу Григория он, вероятно, понял, что расправа над красноармейцем произвела на него гнетущее впечатление, потому и сказал:
— Ты не думай, что мы со всеми так строго обходимся.","Фомин радушно придвинул Григорию стул, сам присел на сундук.","Это же, чудак, — из продотрядников.","Фомин радушно придвинул Григорию стул, сам присел на сундук. По лицу Григория он, вероятно, понял, что расправа над красноармейцем произвела на него гнетущее впечатление, потому и сказал:
— Ты не думай, что мы со всеми так строго обходимся. Это же, чудак, — из продотрядников.",False,,False,,True,1574
WORD,S1_001,41170,5,5,думать,думал,"Положив руки на колени, он думал о своем и слышал как во сне голос Фомина.",Григорий молчал.,"— …Вот так и воюем пока, — продолжал Фомин.","Григорий молчал. Положив руки на колени, он думал о своем и слышал как во сне голос Фомина. — …Вот так и воюем пока, — продолжал Фомин.",False,,False,,True,1575
WORD,S1_001,41172,0,0,думать,Думаем,— Думаем все-таки поднять казаков.,"— …Вот так и воюем пока, — продолжал Фомин.",Советской власти не жить.,"— …Вот так и воюем пока, — продолжал Фомин. — Думаем все-таки поднять казаков. Советской власти не жить.",False,,False,,True,1576
WORD,S1_001,41186,7,7,думать,думаешь,"— Он помолчал, потом спросил: — Ты как, Мелехов, думаешь: ежели кадеты подопрут от Черного моря и мы соединимся с ними, — нам же это зачтется, что мы первые восстали в тылу?","Нехай ихние ученые люди власть устанавливают, мы им поможем.",Капарин говорит — непременно зачтется.,"Нехай ихние ученые люди власть устанавливают, мы им поможем. — Он помолчал, потом спросил: — Ты как, Мелехов, думаешь: ежели кадеты подопрут от Черного моря и мы соединимся с ними, — нам же это зачтется, что мы первые восстали в тылу? Капарин говорит — непременно зачтется.",False,,False,,True,1577
WORD,S1_002,41190,3,3,подумать,подумал,"Дурак, а хитрый…» — подумал Григорий, невольно улыбнувшись.",«Вот ты куда стреляешь!,Фомин ждал ответа.,"«Вот ты куда стреляешь! Дурак, а хитрый…» — подумал Григорий, невольно улыбнувшись. Фомин ждал ответа.",False,,False,,True,1578
WORD,S1_001,41198,7,7,думать,думают,Они пехотишку свою посадили на подводы и думают за нами угоняться…,Жить мы им все одно не дадим!,Пущай пробуют.,Жить мы им все одно не дадим! Они пехотишку свою посадили на подводы и думают за нами угоняться… Пущай пробуют.,False,,False,,True,1579
WORD,S1_001,41201,6,6,думать,думал,"Григорий снова смотрел под ноги себе, думал.","Пока конную часть им подкинут, мы весь округ кверх ногами постановим!","Капарин извинился, прилег на кровать.","Пока конную часть им подкинут, мы весь округ кверх ногами постановим! Григорий снова смотрел под ноги себе, думал. Капарин извинился, прилег на кровать.",False,,False,,True,1580
WORD,S1_020,41231,2,2,ясно,ясно,Коротко и ясно.,Просто восставшие люди.,Недовольство его было минутным.,Просто восставшие люди. Коротко и ясно. Недовольство его было минутным.,False,,False,,True,1581
WORD,S1_002,41246,6,6,подумать,подумал,"Григорий окинул взглядом колонну, с грустью подумал: «Нарвался бы ты со своим войском на мой буденновский эскадрон, мы бы тебя за полчаса по косточкам растрепали!»",— Черту рога можно сломать с такими ребятами!,"Фомин указал плетью, спросил:
— Как они на вид?","— Черту рога можно сломать с такими ребятами! Григорий окинул взглядом колонну, с грустью подумал: «Нарвался бы ты со своим войском на мой буденновский эскадрон, мы бы тебя за полчаса по косточкам растрепали!» Фомин указал плетью, спросил:
— Как они на вид?",False,,False,,True,1582
WORD,S1_001,41256,14,14,думать,думаешь,"Они долго молча ехали рядом, стремя к стремени, потом Григорий спросил:
— В Татарском не думаешь побывать?",— Добрый конь.,— По своим наскучал?,"— Добрый конь. Они долго молча ехали рядом, стремя к стремени, потом Григорий спросил:
— В Татарском не думаешь побывать? — По своим наскучал?",False,,False,,True,1583
WORD,S1_001,41260,1,1,думать,думаю,"Зараз думаю на Чир свернуть, потолкать казачков, расшевелить их трошки.","— Может, и заглянем.",Но казаки не очень-то охотно «шевелились»…,"— Может, и заглянем. Зараз думаю на Чир свернуть, потолкать казачков, расшевелить их трошки. Но казаки не очень-то охотно «шевелились»…",False,,False,,True,1584
PHRASE,PHR_160,41302,8,10,думать молча,думал опереться молча,"Однако результат оставался прежним: казаки, на которых он думал опереться, молча выслушивали его речь и так же молча начинали расходиться.","Говорил он, уже не слезая с седла, и не столько уговаривал, сколько грозил.",В одном из хуторов после его речи выступила с ответным словом казачка.,"Говорил он, уже не слезая с седла, и не столько уговаривал, сколько грозил. Однако результат оставался прежним: казаки, на которых он думал опереться, молча выслушивали его речь и так же молча начинали расходиться. В одном из хуторов после его речи выступила с ответным словом казачка.",False,,False,,True,1585
WORD,S1_001,41302,8,8,думать,думал,"Однако результат оставался прежним: казаки, на которых он думал опереться, молча выслушивали его речь и так же молча начинали расходиться.","Говорил он, уже не слезая с седла, и не столько уговаривал, сколько грозил.",В одном из хуторов после его речи выступила с ответным словом казачка.,"Говорил он, уже не слезая с седла, и не столько уговаривал, сколько грозил. Однако результат оставался прежним: казаки, на которых он думал опереться, молча выслушивали его речь и так же молча начинали расходиться. В одном из хуторов после его речи выступила с ответным словом казачка.",True,PHR_160,False,,False,1586
WORD,S1_002,41358,0,0,подумать,Подумайте,"Подумайте хорошенько! — крикнул он, обращаясь к медленно расходившейся толпе.",— Казаки!,"— Зараз добром просим, а через неделю вернемся — другой разговор будет!","— Казаки! Подумайте хорошенько! — крикнул он, обращаясь к медленно расходившейся толпе. — Зараз добром просим, а через неделю вернемся — другой разговор будет!",False,,False,,True,1587
WORD,S1_001,41370,21,21,думать,думал,"Растянувшийся по грязной дороге фоминский отряд выбрался уже на бугор, скрылся из глаз негостеприимный хутор, а Григорий все еще изредка улыбался, думал: «Хорошо, что веселый народ мы, казаки.","Багровея от сдерживаемого смеха, Григорий поскакал к своему взводу.","Шутка у нас гостюет чаще, чем горе, а, не дай бог, делалось бы все всурьез — при такой жизни давно бы завеситься можно!»","Багровея от сдерживаемого смеха, Григорий поскакал к своему взводу. Растянувшийся по грязной дороге фоминский отряд выбрался уже на бугор, скрылся из глаз негостеприимный хутор, а Григорий все еще изредка улыбался, думал: «Хорошо, что веселый народ мы, казаки. Шутка у нас гостюет чаще, чем горе, а, не дай бог, делалось бы все всурьез — при такой жизни давно бы завеситься можно!»",False,,False,,True,1588
WORD,S1_002,41372,15,15,подумать,подумал,"Веселое настроение долго не покидало его, и только на привале он с тревогой и горечью подумал о том, что казаков, наверное, не удастся поднять и что вся фоминская затея обречена на неизбежный провал.","Шутка у нас гостюет чаще, чем горе, а, не дай бог, делалось бы все всурьез — при такой жизни давно бы завеситься можно!»","XIII
Шла весна.","Шутка у нас гостюет чаще, чем горе, а, не дай бог, делалось бы все всурьез — при такой жизни давно бы завеситься можно!» Веселое настроение долго не покидало его, и только на привале он с тревогой и горечью подумал о том, что казаков, наверное, не удастся поднять и что вся фоминская затея обречена на неизбежный провал. XIII
Шла весна.",False,,False,,True,1589
WORD,S1_001,41392,0,0,думать,Думал,"Думал он, бросив где-нибудь лошадей, пешком с Аксиньей пробраться на Кубань, в предгорья, подальше от родных мест, и там пережить смутное время.","Степь донская — широкая, простору и неезженых дорог в ней много; летом все пути открыты, и всюду можно найти приют…","Иного выхода, казалось ему, не было.","Степь донская — широкая, простору и неезженых дорог в ней много; летом все пути открыты, и всюду можно найти приют… Думал он, бросив где-нибудь лошадей, пешком с Аксиньей пробраться на Кубань, в предгорья, подальше от родных мест, и там пережить смутное время. Иного выхода, казалось ему, не было.",False,,False,,True,1590
WORD,S1_004,41394,4,4,решить,решил,"Фомин, по совету Капарина, решил перед ледоходом перейти на левую сторону Дона.","Иного выхода, казалось ему, не было.","На грани с Хоперским округом, где было много лесов, надеялся он в случае необходимости укрыться от преследования.","Иного выхода, казалось ему, не было. Фомин, по совету Капарина, решил перед ледоходом перейти на левую сторону Дона. На грани с Хоперским округом, где было много лесов, надеялся он в случае необходимости укрыться от преследования.",False,,False,,True,1591
WORD,S1_001,41437,3,3,думать,думают,"И чего они думают, эти молодые казаки?","И на чуму она ему нужна, эта власть?","С Гришки-то спрашивать нечего, у них вся порода такая непутевая…","И на чуму она ему нужна, эта власть? И чего они думают, эти молодые казаки? С Гришки-то спрашивать нечего, у них вся порода такая непутевая…",False,,False,,True,1592
WORD,S1_016,41439,9,9,помнить,помню,"И покойник Пантелей такой же крученый был, и Прокофия-деда помню…","С Гришки-то спрашивать нечего, у них вся порода такая непутевая…","Тоже ягодка-кислица был, а не челвек…","С Гришки-то спрашивать нечего, у них вся порода такая непутевая… И покойник Пантелей такой же крученый был, и Прокофия-деда помню… Тоже ягодка-кислица был, а не челвек…",False,,False,,True,1593
WORD,S1_001,41441,5,5,думать,думают,"А вот что другие казаки думают — побей бог, не пойму!","Тоже ягодка-кислица был, а не челвек…","* * *
Фомин, занимая хутора, уже не созывал собрания граждан.","Тоже ягодка-кислица был, а не челвек… А вот что другие казаки думают — побей бог, не пойму! * * *
Фомин, занимая хутора, уже не созывал собрания граждан.",False,,False,,True,1594
WORD,S1_017,41441,9,9,понять,пойму,"А вот что другие казаки думают — побей бог, не пойму!","Тоже ягодка-кислица был, а не челвек…","* * *
Фомин, занимая хутора, уже не созывал собрания граждан.","Тоже ягодка-кислица был, а не челвек… А вот что другие казаки думают — побей бог, не пойму! * * *
Фомин, занимая хутора, уже не созывал собрания граждан.",False,,False,,True,1595
WORD,S1_001,41470,3,3,думать,думаю,"Я об себе думаю, и хватит.","За них же, сволочей, страдаем, а они…",— Плохо и об себе думаешь.,"За них же, сволочей, страдаем, а они… Я об себе думаю, и хватит. — Плохо и об себе думаешь.",False,,False,,True,1596
WORD,S1_001,41471,4,4,думать,думаешь,— Плохо и об себе думаешь.,"Я об себе думаю, и хватит.",За пьянством думать некогда.,"Я об себе думаю, и хватит. — Плохо и об себе думаешь. За пьянством думать некогда.",False,,False,,True,1597
WORD,S1_001,41472,2,2,думать,думать,За пьянством думать некогда.,— Плохо и об себе думаешь.,"Ты четвертые сутки не просыпаешься, и все остальные пьют.","— Плохо и об себе думаешь. За пьянством думать некогда. Ты четвертые сутки не просыпаешься, и все остальные пьют.",False,,False,,True,1598
WORD,S1_001,41477,2,2,думать,думаешь,"— А ты думаешь, это нас минует? — усмехнулся Фомин.",Чтобы нас пьяных накрыли и вырезали где-нибудь в хуторе?,— Когда-нибудь прийдется помирать.,"Чтобы нас пьяных накрыли и вырезали где-нибудь в хуторе? — А ты думаешь, это нас минует? — усмехнулся Фомин. — Когда-нибудь прийдется помирать.",False,,False,,True,1599
WORD,S1_016,41499,2,2,помнить,помни,— Знай и помни!,— Знаю.,"Завтра же прикажи, чтобы опорожнили вьюки.","— Знаю. — Знай и помни! Завтра же прикажи, чтобы опорожнили вьюки.",False,,False,,True,1600
WORD,S1_001,41537,0,0,думать,Думал,Думал он также разжиться за счет противника пулеметами и винтовочными патронами.,"Все это заставляло Фомина уклоняться от боя, с тем чтобы дать возможность отдохнуть людям и лошадям, а потом, при возможности, не в открытом бою, а внезапным налетом растрепать группу и таким образом избавиться от навязчивого преследования.",Но расчеты его не оправдались.,"Все это заставляло Фомина уклоняться от боя, с тем чтобы дать возможность отдохнуть людям и лошадям, а потом, при возможности, не в открытом бою, а внезапным налетом растрепать группу и таким образом избавиться от навязчивого преследования. Думал он также разжиться за счет противника пулеметами и винтовочными патронами. Но расчеты его не оправдались.",False,,False,,True,1601
WORD,S1_001,41555,1,1,думать,думаете,"— Вы думаете, что нападения можно ждать из леса?",— Надо было стать в степи или на искрайке хутора.,— Да.,"— Надо было стать в степи или на искрайке хутора. — Вы думаете, что нападения можно ждать из леса? — Да.",False,,False,,True,1602
PHRASE,PHR_020,41571,14,16,думать долго,думаю что долго,"— Знаете, Мелехов, — сказал он, на ходу сломив ветку боярышника, ощипывая набухшие тугие почки, — я думаю, что долго мы не продержимся, если не вольемся в какую-нибудь крупную антисоветскую часть, например в бригаду Маслака, которая бродит где-то на юге области.","Капарин высыпал из полы на землю остатки зерна, последовал за Григорием.","Надо пробиваться туда, иначе нас здесь уничтожат в одно прекрасное время.","Капарин высыпал из полы на землю остатки зерна, последовал за Григорием. — Знаете, Мелехов, — сказал он, на ходу сломив ветку боярышника, ощипывая набухшие тугие почки, — я думаю, что долго мы не продержимся, если не вольемся в какую-нибудь крупную антисоветскую часть, например в бригаду Маслака, которая бродит где-то на юге области. Надо пробиваться туда, иначе нас здесь уничтожат в одно прекрасное время.",False,,False,,True,1603
WORD,S1_001,41571,14,14,думать,думаю,"— Знаете, Мелехов, — сказал он, на ходу сломив ветку боярышника, ощипывая набухшие тугие почки, — я думаю, что долго мы не продержимся, если не вольемся в какую-нибудь крупную антисоветскую часть, например в бригаду Маслака, которая бродит где-то на юге области.","Капарин высыпал из полы на землю остатки зерна, последовал за Григорием.","Надо пробиваться туда, иначе нас здесь уничтожат в одно прекрасное время.","Капарин высыпал из полы на землю остатки зерна, последовал за Григорием. — Знаете, Мелехов, — сказал он, на ходу сломив ветку боярышника, ощипывая набухшие тугие почки, — я думаю, что долго мы не продержимся, если не вольемся в какую-нибудь крупную антисоветскую часть, например в бригаду Маслака, которая бродит где-то на юге области. Надо пробиваться туда, иначе нас здесь уничтожат в одно прекрасное время.",True,PHR_020,False,,False,1604
WORD,S1_001,41576,1,1,думать,думаете,Вы думаете иначе?,"— Не сейчас, но когда вода спадет — надо уходить.","После некоторого раздумья Григорий ответил:
— Правильно.","— Не сейчас, но когда вода спадет — надо уходить. Вы думаете иначе? После некоторого раздумья Григорий ответил:
— Правильно.",False,,False,,True,1605
PHRASE,PHR_082,41581,30,31,решиться на,решился на,"Он стал пространно говорить о том, что расчеты на поддержку со стороны казаков не оправдались и что теперь надо всячески убеждать Фомина, чтобы он не колесил бесцельно по округу, а решился на слияние с более мощной группировкой.",Капарин оживился.,Григорию надоело слушать его болтовню.,"Капарин оживился. Он стал пространно говорить о том, что расчеты на поддержку со стороны казаков не оправдались и что теперь надо всячески убеждать Фомина, чтобы он не колесил бесцельно по округу, а решился на слияние с более мощной группировкой. Григорию надоело слушать его болтовню.",False,,False,,True,1606
WORD,S1_017,41623,8,8,понять,понял,"Но и последний пулемет сразу умолк, и Григорий понял, что красноармейцы — уже на месте стоянки и что позади началась рубка.","Пулеметы в лесу смолкли, лишь крайний справа бил короткими злыми очередями по суетившимся около обозных повозок фоминцам.","Он догадывался об этом по глухим отчаянным вскрикам, по редкой прерывистой стрельбе оборонявшихся.","Пулеметы в лесу смолкли, лишь крайний справа бил короткими злыми очередями по суетившимся около обозных повозок фоминцам. Но и последний пулемет сразу умолк, и Григорий понял, что красноармейцы — уже на месте стоянки и что позади началась рубка. Он догадывался об этом по глухим отчаянным вскрикам, по редкой прерывистой стрельбе оборонявшихся.",False,,False,,True,1607
WORD,S1_001,41665,3,3,думать,думаешь,Чем ты только думаешь?,Именно в твоем хуторе тебя теперь и будут ожидать!,— Ну а куда же нам деваться? — растерянно спросил Фомин.,Именно в твоем хуторе тебя теперь и будут ожидать! Чем ты только думаешь? — Ну а куда же нам деваться? — растерянно спросил Фомин.,False,,False,,True,1608
PHRASE,PHR_016,41667,11,12,долго думать,долго думаете,"Григорий вынул из седельных сум патроны и кусок хлеба, сказал:
— Вы долго думаете ладиться?",— Ну а куда же нам деваться? — растерянно спросил Фомин.,Пошли!,"— Ну а куда же нам деваться? — растерянно спросил Фомин. Григорий вынул из седельных сум патроны и кусок хлеба, сказал:
— Вы долго думаете ладиться? Пошли!",False,,False,,True,1609
WORD,S1_001,41667,12,12,думать,думаете,"Григорий вынул из седельных сум патроны и кусок хлеба, сказал:
— Вы долго думаете ладиться?",— Ну а куда же нам деваться? — растерянно спросил Фомин.,Пошли!,"— Ну а куда же нам деваться? — растерянно спросил Фомин. Григорий вынул из седельных сум патроны и кусок хлеба, сказал:
— Вы долго думаете ладиться? Пошли!",True,PHR_016,False,,False,1610
WORD,S1_001,41673,1,1,думать,думал,Не думал я нынче в живых остаться…,"Матерь Божья, как нас трепанули!",Смерть в глазах была…,"Матерь Божья, как нас трепанули! Не думал я нынче в живых остаться… Смерть в глазах была…",False,,False,,True,1611
WORD,S1_017,41676,11,11,понять,пойму,"XIV
Весною, когда разливается Дон и полая вода покрывает всю луговую пойму, против хутора Рубежного остается незатопленным небольшой участок высокого левобережья.","Они молча расседлали лошадей, привязали всех четырех к одной ольхе и гуськом, одним следом, по-волчьи, — пошли к Дону, неся в руках седла, стараясь держаться зарослей погуще.","С обдонской горы весною далеко виден на разливе остров, густо поросший молодыми вербами, дубняком и сизыми раскидистыми кустами чернотала.","Они молча расседлали лошадей, привязали всех четырех к одной ольхе и гуськом, одним следом, по-волчьи, — пошли к Дону, неся в руках седла, стараясь держаться зарослей погуще. XIV
Весною, когда разливается Дон и полая вода покрывает всю луговую пойму, против хутора Рубежного остается незатопленным небольшой участок высокого левобережья. С обдонской горы весною далеко виден на разливе остров, густо поросший молодыми вербами, дубняком и сизыми раскидистыми кустами чернотала.",False,,False,,True,1612
WORD,ALEX_008,41694,12,12,вспоминать,вспоминал,"На миг в нем жарко вспыхивала и жгла сердце тоска, когда он вспоминал о родных, вскипала глухая ненависть к Михаилу, но он подавлял эти чувства и старался не смотреть на обдонские горы, чтобы не вспоминать лишний раз.",Туда летели его невеселые думки.,Незачем было давать волю злой памяти.,"Туда летели его невеселые думки. На миг в нем жарко вспыхивала и жгла сердце тоска, когда он вспоминал о родных, вскипала глухая ненависть к Михаилу, но он подавлял эти чувства и старался не смотреть на обдонские горы, чтобы не вспоминать лишний раз. Незачем было давать волю злой памяти.",False,,False,,True,1613
WORD,ALEX_008,41694,34,34,вспоминать,вспоминать,"На миг в нем жарко вспыхивала и жгла сердце тоска, когда он вспоминал о родных, вскипала глухая ненависть к Михаилу, но он подавлял эти чувства и старался не смотреть на обдонские горы, чтобы не вспоминать лишний раз.",Туда летели его невеселые думки.,Незачем было давать волю злой памяти.,"Туда летели его невеселые думки. На миг в нем жарко вспыхивала и жгла сердце тоска, когда он вспоминал о родных, вскипала глухая ненависть к Михаилу, но он подавлял эти чувства и старался не смотреть на обдонские горы, чтобы не вспоминать лишний раз. Незачем было давать волю злой памяти.",False,,False,,True,1614
WORD,S1_001,41703,19,19,думать,думать,"Хорошо было смотреть на разметавшуюся у берега, бешено клокочущую быстрину, слушать разноголосый шум воды и ни о чем не думать, стараться не думать ни о чем, что причиняет страдания.","Лишь изредка в ясном небе проплывали белые, распушившиеся на вышнем ветру облачка, и по разливу лебединой стаей скользили их отражения и исчезали, коснувшись дальнего берега.",Григорий часами смотрел на прихотливые и бесконечно разнообразные завитки течения.,"Лишь изредка в ясном небе проплывали белые, распушившиеся на вышнем ветру облачка, и по разливу лебединой стаей скользили их отражения и исчезали, коснувшись дальнего берега. Хорошо было смотреть на разметавшуюся у берега, бешено клокочущую быстрину, слушать разноголосый шум воды и ни о чем не думать, стараться не думать ни о чем, что причиняет страдания. Григорий часами смотрел на прихотливые и бесконечно разнообразные завитки течения.",False,,False,,True,1615
WORD,S1_001,41703,22,22,думать,думать,"Хорошо было смотреть на разметавшуюся у берега, бешено клокочущую быстрину, слушать разноголосый шум воды и ни о чем не думать, стараться не думать ни о чем, что причиняет страдания.","Лишь изредка в ясном небе проплывали белые, распушившиеся на вышнем ветру облачка, и по разливу лебединой стаей скользили их отражения и исчезали, коснувшись дальнего берега.",Григорий часами смотрел на прихотливые и бесконечно разнообразные завитки течения.,"Лишь изредка в ясном небе проплывали белые, распушившиеся на вышнем ветру облачка, и по разливу лебединой стаей скользили их отражения и исчезали, коснувшись дальнего берега. Хорошо было смотреть на разметавшуюся у берега, бешено клокочущую быстрину, слушать разноголосый шум воды и ни о чем не думать, стараться не думать ни о чем, что причиняет страдания. Григорий часами смотрел на прихотливые и бесконечно разнообразные завитки течения.",False,,False,,True,1616
WORD,S1_004,41751,1,1,решить,решено,"Было решено пожить на острове еще с неделю, а потом перебраться ночью на правую сторону Дона, добыть лошадей и двинуться на юг.","Собирались на берегу все пятеро, вполголоса разговаривали, курили, прикрывая полами шинелей огоньки папирос.","По слухам, где-то на юге округа ходила банда Маслака.","Собирались на берегу все пятеро, вполголоса разговаривали, курили, прикрывая полами шинелей огоньки папирос. Было решено пожить на острове еще с неделю, а потом перебраться ночью на правую сторону Дона, добыть лошадей и двинуться на юг. По слухам, где-то на юге округа ходила банда Маслака.",False,,False,,True,1617
WORD,S1_002,41805,3,3,подумать,подумал,Об этом ты подумал?,— А ежели тебя захватят в хуторе?,Тогда доконают нас всех.,— А ежели тебя захватят в хуторе? Об этом ты подумал? Тогда доконают нас всех.,False,,False,,True,1618
WORD,S1_017,41815,1,1,понять,пойми,"— Но пойми же, Яков Ефимович, что я больше не могу жить этой звериной жизнью!",— А я тебе сказал — сиди и не рыпайся.,"У меня плеврит и, может быть, даже воспаление легких!","— А я тебе сказал — сиди и не рыпайся. — Но пойми же, Яков Ефимович, что я больше не могу жить этой звериной жизнью! У меня плеврит и, может быть, даже воспаление легких!",False,,False,,True,1619
WORD,S1_017,41883,3,3,понять,поняли,"— Вы меня не поняли, Мелехов.",Капарин посмотрел на него остро заблестевшими глазами.,Могу я вам довериться?,"Капарин посмотрел на него остро заблестевшими глазами. — Вы меня не поняли, Мелехов. Могу я вам довериться?",False,,False,,True,1620
WORD,S1_017,41902,1,1,понять,поняли,Вы поняли?,Прочли?,Только престолом окончится революция и власть большевиков!,Прочли? Вы поняли? Только престолом окончится революция и власть большевиков!,False,,False,,True,1621
WORD,S1_017,41931,4,4,понять,пойму,И я трошки не пойму — к чему вы всё это подводите?,"А это, что вы показываете, буквы разные перевертываете, это, извините меня, — детская забава, не больше.",Вы мне говорите попроще да покороче.,"А это, что вы показываете, буквы разные перевертываете, это, извините меня, — детская забава, не больше. И я трошки не пойму — к чему вы всё это подводите? Вы мне говорите попроще да покороче.",False,,False,,True,1622
WORD,S1_001,42027,9,9,думать,думал,"«Черт его знает, на что он может ночью решиться…» — думал он, укладываясь на ночлег.","Но вечером незаметно вынул из капаринской винтовки затвор, спрятал ого.",Утром его разбудил Фомин.,"Но вечером незаметно вынул из капаринской винтовки затвор, спрятал ого. «Черт его знает, на что он может ночью решиться…» — думал он, укладываясь на ночлег. Утром его разбудил Фомин.",False,,False,,True,1623
WORD,S1_020,42058,4,4,ясно,ясно,"И так все было ясно, но он почему-то спросил.",Об этом можно было бы и не спрашивать.,"Ему ответили не сразу, и он повторил вопрос.","Об этом можно было бы и не спрашивать. И так все было ясно, но он почему-то спросил. Ему ответили не сразу, и он повторил вопрос.",False,,False,,True,1624
WORD,S1_001,42085,12,12,думать,думаю,"Хотя Яков Ефимыч и сказал, что тебя трогать не надо, а я думаю: «Об чем они могли днем гутарить?",В головах она у тебя стояла.,"Дохлое это дело, когда из пятерых двое начинают наиздальке держаться, секреты разводить…»","В головах она у тебя стояла. Хотя Яков Ефимыч и сказал, что тебя трогать не надо, а я думаю: «Об чем они могли днем гутарить? Дохлое это дело, когда из пятерых двое начинают наиздальке держаться, секреты разводить…»",False,,False,,True,1625
WORD,S1_001,42087,12,12,думать,думаю,"Подкрался к тебе и уже хотел тебя рубануть с потягом, а то думаю — вдарь его поленом, а он, черт, здоровый на силу, вскочит и начнет стрелять, ежели не оглушу доразу…","Дохлое это дело, когда из пятерых двое начинают наиздальке держаться, секреты разводить…»","Ну, Фомин опять мне все дело перебил.","Дохлое это дело, когда из пятерых двое начинают наиздальке держаться, секреты разводить…» Подкрался к тебе и уже хотел тебя рубануть с потягом, а то думаю — вдарь его поленом, а он, черт, здоровый на силу, вскочит и начнет стрелять, ежели не оглушу доразу… Ну, Фомин опять мне все дело перебил.",False,,False,,True,1626
WORD,S1_002,42106,5,5,подумать,подумав,"— Туда и дорога была бы, — подумав, тихо ответил Григорий.","А вот ежели бы ночью, через эту твою жалость, ни за что ни про что на тот свет тебя отправил бы, тогда как?","И больше для себя, чем для остальных, добавил: — Это в яви смерть животу принимать страшно, а во время сна она, должно быть, легкая…","А вот ежели бы ночью, через эту твою жалость, ни за что ни про что на тот свет тебя отправил бы, тогда как? — Туда и дорога была бы, — подумав, тихо ответил Григорий. И больше для себя, чем для остальных, добавил: — Это в яви смерть животу принимать страшно, а во время сна она, должно быть, легкая…",False,,False,,True,1627
PHRASE,PHR_082,42136,5,6,решиться на,решившийся на,"Туда и держал путь Фомин, решившийся на слияние.","Где-то неподалеку от станицы Мешковской, по слухам, появилась на днях банда Маслака.","* * *
В поисках банды Маслака трое суток колесили они по степным дорогам правобережья, избегая больших хуторов и станиц.","Где-то неподалеку от станицы Мешковской, по слухам, появилась на днях банда Маслака. Туда и держал путь Фомин, решившийся на слияние. * * *
В поисках банды Маслака трое суток колесили они по степным дорогам правобережья, избегая больших хуторов и станиц.",False,,False,,True,1628
WORD,S1_001,42233,5,5,думать,думают,"Видят — хромой какой-то скачет, дай, думают, вовзятки ему эту ногу перебьем…",Это они нарочно туда целили…,"Ох, Стерлядников!","Это они нарочно туда целили… Видят — хромой какой-то скачет, дай, думают, вовзятки ему эту ногу перебьем… Ох, Стерлядников!",False,,False,,True,1629
WORD,ALEX_012,42380,2,2,догадаться,догадался,"«Бей!» — скорее догадался, чем услышал он, глянув на губы отошедшего в сторону Чумакова.","Коротко мигнув Кошелеву, Фомин отвернулся, а Кошелев, не прекословя, сорвал с плеча винтовку.","Но Стерлядников снова открыл глаза, твердо сказал:
— Стреляй сюда, — он поднял руки и пальцем указал себе на переносицу.","Коротко мигнув Кошелеву, Фомин отвернулся, а Кошелев, не прекословя, сорвал с плеча винтовку. «Бей!» — скорее догадался, чем услышал он, глянув на губы отошедшего в сторону Чумакова. Но Стерлядников снова открыл глаза, твердо сказал:
— Стреляй сюда, — он поднял руки и пальцем указал себе на переносицу.",False,,False,,True,1630
WORD,S1_017,42436,2,2,понять,пойму,Никак не пойму!,И чего ты этого слова боишься?,— Почему ты так меня срамишь?,И чего ты этого слова боишься? Никак не пойму! — Почему ты так меня срамишь?,False,,False,,True,1631
WORD,S1_001,42487,0,0,думать,Думаешь,"Думаешь, ежели поймают тебя, скидку сделают?","Что взводным быть, что начальником штаба — одна цена.","Дожидайся, как же.","Что взводным быть, что начальником штаба — одна цена. Думаешь, ежели поймают тебя, скидку сделают? Дожидайся, как же.",False,,False,,True,1632
WORD,S1_001,42489,5,5,думать,думаю,"— Ничего я про это не думаю, зря ты догадываешься, — внимательно рассматривая темляк на шашке, сказал Григорий.","Дожидайся, как же.",— А чего не знаю — за это и браться не хочу…,"Дожидайся, как же. — Ничего я про это не думаю, зря ты догадываешься, — внимательно рассматривая темляк на шашке, сказал Григорий. — А чего не знаю — за это и браться не хочу…",False,,False,,True,1633
WORD,S1_023,42519,0,0,пораскинуть,Пораскинув,"Пораскинув умом, он тяжело вздохнул, сказал:
— Ну что ж, еврей так еврей.","Он не знал, как ему поступить в таком столь непредвиденном случае.",Мы и такими не гребуем…,"Он не знал, как ему поступить в таком столь непредвиденном случае. Пораскинув умом, он тяжело вздохнул, сказал:
— Ну что ж, еврей так еврей. Мы и такими не гребуем…",False,,False,,True,1634
PHRASE,PHR_612,42550,0,3,надо понять,Надо вот так понял,"Надо вот так, понял?","Так дрова можно рубить, а не человека.","Поймаешь — и сразу приказывай ему становиться на колени, а то стоячего тебе рубить будет неспособно…","Так дрова можно рубить, а не человека. Надо вот так, понял? Поймаешь — и сразу приказывай ему становиться на колени, а то стоячего тебе рубить будет неспособно…",False,,False,,True,1635
WORD,S1_017,42550,3,3,понять,понял,"Надо вот так, понял?","Так дрова можно рубить, а не человека.","Поймаешь — и сразу приказывай ему становиться на колени, а то стоячего тебе рубить будет неспособно…","Так дрова можно рубить, а не человека. Надо вот так, понял? Поймаешь — и сразу приказывай ему становиться на колени, а то стоячего тебе рубить будет неспособно…",True,PHR_612,False,,False,1636
WORD,S1_017,42557,9,9,понять,понял,"Он облизывал нечистые губы и шепеляво, косноязычно говорил:
— Все понял, родненький, все.","В углах рта его, словно у лошади, белели набитые пенистые заеди, по медно-красной бороде на грудь обильно текли слюни…",Так и сделаю… поставлю на коленочки раба Божьего и шеечку ему перережу… как есть перережу!,"В углах рта его, словно у лошади, белели набитые пенистые заеди, по медно-красной бороде на грудь обильно текли слюни… Он облизывал нечистые губы и шепеляво, косноязычно говорил:
— Все понял, родненький, все. Так и сделаю… поставлю на коленочки раба Божьего и шеечку ему перережу… как есть перережу!",False,,False,,True,1637
WORD,S1_002,42568,9,9,подумать,подумал,"«И вот с такими людьми связал я свою судьбу…» — подумал он, охваченный тоской, горечью и злобой на самого себя, на всю эту постылую жизнь…","Так омерзительно было все это, что Григорий содрогнулся, поспешно отошел.","Он прилег возле коновязи, стараясь не слушать выкриков юродивого и грохочущего хохота казаков.","Так омерзительно было все это, что Григорий содрогнулся, поспешно отошел. «И вот с такими людьми связал я свою судьбу…» — подумал он, охваченный тоской, горечью и злобой на самого себя, на всю эту постылую жизнь… Он прилег возле коновязи, стараясь не слушать выкриков юродивого и грохочущего хохота казаков.",False,,False,,True,1638
WORD,S1_004,42571,1,1,решить,решил,"Пора!» — решил он, посматривая на своих сытых, поправившихся лошадей.",«Завтра же уеду.,Он готовился к уходу из банды тщательно и обдуманно.,"«Завтра же уеду. Пора!» — решил он, посматривая на своих сытых, поправившихся лошадей. Он готовился к уходу из банды тщательно и обдуманно.",False,,False,,True,1639
WORD,S1_002,42584,1,1,подумать,подумала,"Старуха подумала, потом сказала:
— И когда уж вы с нашей шеи слезете?",Можно?,"То вам дай, это подай…","Можно? Старуха подумала, потом сказала:
— И когда уж вы с нашей шеи слезете? То вам дай, это подай…",False,,False,,True,1640
WORD,S1_021,42602,2,2,рассуждать,рассуждают,"«Они правильно рассуждают, — думал он, осторожно взмахивая косой и стараясь выкашивать чище, без огрехов.","Он давно видел, с каким настроением встречают их жители хуторов.",— На черта мы им нужны?,"Он давно видел, с каким настроением встречают их жители хуторов. «Они правильно рассуждают, — думал он, осторожно взмахивая косой и стараясь выкашивать чище, без огрехов. — На черта мы им нужны?",False,,False,,True,1641
WORD,S1_001,42602,3,3,думать,думал,"«Они правильно рассуждают, — думал он, осторожно взмахивая косой и стараясь выкашивать чище, без огрехов.","Он давно видел, с каким настроением встречают их жители хуторов.",— На черта мы им нужны?,"Он давно видел, с каким настроением встречают их жители хуторов. «Они правильно рассуждают, — думал он, осторожно взмахивая косой и стараясь выкашивать чище, без огрехов. — На черта мы им нужны?",False,,False,,True,1642
WORD,S1_011,42606,2,2,мысль,мыслями,"Занятый своими мыслями, он стоял около лошадей, смотрел, как жадно хватают они черными бархатистыми губами пучки нежной молодой травы.","Надо кончать с этим, хватит!»","Из задумчивости его вывел юношеский ломающийся басок:
— До чего конь расхорош, чисто — лебедь!","Надо кончать с этим, хватит!» Занятый своими мыслями, он стоял около лошадей, смотрел, как жадно хватают они черными бархатистыми губами пучки нежной молодой травы. Из задумчивости его вывел юношеский ломающийся басок:
— До чего конь расхорош, чисто — лебедь!",False,,False,,True,1643
PHRASE,PHR_048,42635,1,2,вспомнить разговор,вспомнил разговор,"Григорий вспомнил разговор со старухой и тоскливо огляделся по сторонам, расстегнув ворот рубашки.","Одинаково угрюмыми и ненавидящими взглядами встречали его тогда — немцы, теперь — казаки Верхнего Дона.",Опять подступила к сердцу проклятая боль…,"Одинаково угрюмыми и ненавидящими взглядами встречали его тогда — немцы, теперь — казаки Верхнего Дона. Григорий вспомнил разговор со старухой и тоскливо огляделся по сторонам, расстегнув ворот рубашки. Опять подступила к сердцу проклятая боль…",False,,False,,True,1644
WORD,S1_014,42635,1,1,вспомнить,вспомнил,"Григорий вспомнил разговор со старухой и тоскливо огляделся по сторонам, расстегнув ворот рубашки.","Одинаково угрюмыми и ненавидящими взглядами встречали его тогда — немцы, теперь — казаки Верхнего Дона.",Опять подступила к сердцу проклятая боль…,"Одинаково угрюмыми и ненавидящими взглядами встречали его тогда — немцы, теперь — казаки Верхнего Дона. Григорий вспомнил разговор со старухой и тоскливо огляделся по сторонам, расстегнув ворот рубашки. Опять подступила к сердцу проклятая боль…",True,PHR_048,False,,False,1645
WORD,S1_004,42662,1,1,решить,решил,Лошадей решил оставить в яру.,"Зубы Григория стучали, по спине бежал озноб, и сам он весь дрожал, но вскоре быстрая езда его разогрела, и неподалеку от хутора он поехал шагом, осматриваясь по сторонам и чутко прислушиваясь.",По каменистой россыпи спустился в теклину яра.,"Зубы Григория стучали, по спине бежал озноб, и сам он весь дрожал, но вскоре быстрая езда его разогрела, и неподалеку от хутора он поехал шагом, осматриваясь по сторонам и чутко прислушиваясь. Лошадей решил оставить в яру. По каменистой россыпи спустился в теклину яра.",False,,False,,True,1646
WORD,S1_001,42744,4,4,думать,думал,"— А как бы ты думал? — вдруг громко сказала Аксинья и испуганно прижала руку и губам, глянула на детей.",Едешь?,— Как бы ты думал? — уже шепотом спросила она.,"Едешь? — А как бы ты думал? — вдруг громко сказала Аксинья и испуганно прижала руку и губам, глянула на детей. — Как бы ты думал? — уже шепотом спросила она.",False,,False,,True,1647
WORD,S1_001,42745,3,3,думать,думал,— Как бы ты думал? — уже шепотом спросила она.,"— А как бы ты думал? — вдруг громко сказала Аксинья и испуганно прижала руку и губам, глянула на детей.",— Сладко мне одной?,"— А как бы ты думал? — вдруг громко сказала Аксинья и испуганно прижала руку и губам, глянула на детей. — Как бы ты думал? — уже шепотом спросила она. — Сладко мне одной?",False,,False,,True,1648
WORD,S1_001,42764,2,2,думать,думаю,Я все думаю — не во сне ли это мне снится?,"— Господи, тут хоть бы как-нибудь, а не то — верхом!",Я тебя часто во сне вижу… и все по-разному…,"— Господи, тут хоть бы как-нибудь, а не то — верхом! Я все думаю — не во сне ли это мне снится? Я тебя часто во сне вижу… и все по-разному…",False,,False,,True,1649
WORD,S1_014,42771,25,25,вспомнить,вспомнил,"Он достал из шапки кисет и стал сворачивать папироску, но как только Аксинья вышла — он поспешно подошел к кровати и долго целовал детей, а потом вспомнил Наталью и еще многое вспомнил из своей нелегкой жизни и заплакал.","— Нет, не надо, — решительно сказал Григорий.","Переступив порог, Дуняшка сказала:
— Ну, здравствуй, братец!","— Нет, не надо, — решительно сказал Григорий. Он достал из шапки кисет и стал сворачивать папироску, но как только Аксинья вышла — он поспешно подошел к кровати и долго целовал детей, а потом вспомнил Наталью и еще многое вспомнил из своей нелегкой жизни и заплакал. Переступив порог, Дуняшка сказала:
— Ну, здравствуй, братец!",False,,False,,True,1650
WORD,S1_014,42771,30,30,вспомнить,вспомнил,"Он достал из шапки кисет и стал сворачивать папироску, но как только Аксинья вышла — он поспешно подошел к кровати и долго целовал детей, а потом вспомнил Наталью и еще многое вспомнил из своей нелегкой жизни и заплакал.","— Нет, не надо, — решительно сказал Григорий.","Переступив порог, Дуняшка сказала:
— Ну, здравствуй, братец!","— Нет, не надо, — решительно сказал Григорий. Он достал из шапки кисет и стал сворачивать папироску, но как только Аксинья вышла — он поспешно подошел к кровати и долго целовал детей, а потом вспомнил Наталью и еще многое вспомнил из своей нелегкой жизни и заплакал. Переступив порог, Дуняшка сказала:
— Ну, здравствуй, братец!",False,,False,,True,1651
WORD,S1_002,42815,2,2,подумать,подумал,"Ласково усмехаясь, подумал: «Собралась и пошла, как будто в гости…","Он видел ее опухшие от слез, сияющие счастьем глаза, бледные в предрассветных сумерках щеки.","Ничто ее не страшит, вот молодец баба!»","Он видел ее опухшие от слез, сияющие счастьем глаза, бледные в предрассветных сумерках щеки. Ласково усмехаясь, подумал: «Собралась и пошла, как будто в гости… Ничто ее не страшит, вот молодец баба!»",False,,False,,True,1652
WORD,S1_011,42817,4,4,мысль,мысли,"Словно отвечая на его мысли, Аксинья сказала:
— Видишь, какая я… свистнул, как собачонке, и побежала я за тобой.","Ничто ее не страшит, вот молодец баба!»","Это любовь да тоска по тебе, Гриша, так меня скрутили…","Ничто ее не страшит, вот молодец баба!» Словно отвечая на его мысли, Аксинья сказала:
— Видишь, какая я… свистнул, как собачонке, и побежала я за тобой. Это любовь да тоска по тебе, Гриша, так меня скрутили…",False,,False,,True,1653
WORD,S1_002,42880,3,3,подумать,подумала,"И она впервые подумала, как, должно быть, страшен он бывает в бою, на лошади, с обнаженной шашкой.","Что-то суровое, почти жестокое было в глубоких поперечных морщинах между бровями ее возлюбленного, в складках рта, в резко очерченных скулах…","Опустив глаза, она мельком взглянула на его большие узловатые руки и почему-то вздохнула.","Что-то суровое, почти жестокое было в глубоких поперечных морщинах между бровями ее возлюбленного, в складках рта, в резко очерченных скулах… И она впервые подумала, как, должно быть, страшен он бывает в бою, на лошади, с обнаженной шашкой. Опустив глаза, она мельком взглянула на его большие узловатые руки и почему-то вздохнула.",False,,False,,True,1654
WORD,S1_001,42895,5,5,думать,думала,"«Найдем и мы свою долю!» — думала она, рассеянно глядя на резные дубовые листья, вспыхнувшие под косыми лучами восходящего солнца.","Только вчера она проклинала свою жизнь и все окружающее выглядело серо и безрадостно, как в ненастный день, а сегодня весь мир казался ей ликующим и светлым, словно после благодатного летнего ливня.",Возле кустов и на солнцепеке росли душистые пестрые цветы.,"Только вчера она проклинала свою жизнь и все окружающее выглядело серо и безрадостно, как в ненастный день, а сегодня весь мир казался ей ликующим и светлым, словно после благодатного летнего ливня. «Найдем и мы свою долю!» — думала она, рассеянно глядя на резные дубовые листья, вспыхнувшие под косыми лучами восходящего солнца. Возле кустов и на солнцепеке росли душистые пестрые цветы.",False,,False,,True,1655
WORD,S1_014,42897,11,11,вспомнить,вспомнив,"Аксинья нарвала их большую охапку, осторожно присела неподалеку от Григория и, вспомнив молодость, стала плести венок.",Возле кустов и на солнцепеке росли душистые пестрые цветы.,Он получился нарядный и красивый.,"Возле кустов и на солнцепеке росли душистые пестрые цветы. Аксинья нарвала их большую охапку, осторожно присела неподалеку от Григория и, вспомнив молодость, стала плести венок. Он получился нарядный и красивый.",False,,False,,True,1656
WORD,S1_002,42958,8,8,подумать,подумай,"Они сами, Гриша, стали звать меня матерью, не подумай, что я их учила.",Никак ему не втолкую…,"А Михаил ничего с ними обходился, ласково.","Никак ему не втолкую… Они сами, Гриша, стали звать меня матерью, не подумай, что я их учила. А Михаил ничего с ними обходился, ласково.",False,,False,,True,1657
WORD,S1_017,43010,5,5,понять,понял,"И Григорий, мертвея от ужаса, понял, что все кончено, что самое страшное, что только могло случиться в его жизни, — уже случилось.","Кровь текла также из полуоткрытого рта Аксиньи, клокотала и булькала в горле.","По крутому склону яра, по тропинке, пробитой в траве и усеянной овечьими орешками, он осторожно спустился в яр, неся на руках Аксинью.","Кровь текла также из полуоткрытого рта Аксиньи, клокотала и булькала в горле. И Григорий, мертвея от ужаса, понял, что все кончено, что самое страшное, что только могло случиться в его жизни, — уже случилось. По крутому склону яра, по тропинке, пробитой в траве и усеянной овечьими орешками, он осторожно спустился в яр, неся на руках Аксинью.",False,,False,,True,1658
WORD,S1_001,43064,6,6,думать,думать,Он старался ни о чем не думать и не давать дороги к сердцу ядовитой тоске.,"Чтобы как-нибудь убить время, он целыми днями сидел на нарах, вырезывал из дерева ложки, выдалбливал миски, искусно мастерил из мягких пород игрушечные фигурки людей и животных.","Днем это ему удавалось, но длинными зимними ночами тоска воспоминаний одолевала его.","Чтобы как-нибудь убить время, он целыми днями сидел на нарах, вырезывал из дерева ложки, выдалбливал миски, искусно мастерил из мягких пород игрушечные фигурки людей и животных. Он старался ни о чем не думать и не давать дороги к сердцу ядовитой тоске. Днем это ему удавалось, но длинными зимними ночами тоска воспоминаний одолевала его.",False,,False,,True,1659
WORD,S1_001,43070,16,16,думать,думал,"«Походить бы ишо раз по родным местам, покрасоваться на детишек, тогда можно бы и помирать», — часто думал он.","Вся жизнь Григория была в прошлом, а прошлое казалось недолгим и тяжким сном.",На провесне как-то днем неожиданно заявился Чумаков.,"Вся жизнь Григория была в прошлом, а прошлое казалось недолгим и тяжким сном. «Походить бы ишо раз по родным местам, покрасоваться на детишек, тогда можно бы и помирать», — часто думал он. На провесне как-то днем неожиданно заявился Чумаков.",False,,False,,True,1660
WORD,ALEX_008,43126,10,10,вспоминать,вспоминая,"Все ласковые и нежные слова, которые по ночам шептал Григорий, вспоминая там, в дубраве, своих детей, сейчас вылетели у него из памяти.",Он узнал в этом бородатом и страшном на вид человеке отца…,"Опустившись на колени, целуя розовые холодные ручонки сына, он сдавленным голосом твердил только одно слово:
— Сынок… сынок…","Он узнал в этом бородатом и страшном на вид человеке отца… Все ласковые и нежные слова, которые по ночам шептал Григорий, вспоминая там, в дубраве, своих детей, сейчас вылетели у него из памяти. Опустившись на колени, целуя розовые холодные ручонки сына, он сдавленным голосом твердил только одно слово:
— Сынок… сынок…",False,,False,,True,1661
