hit_type,marker_id,sent_id,token_idx,token_end_idx,target_lemma,target_surface,sent_text,prev_sent_text,next_sent_text,context_window,overlaps_phrase,phrase_overlap_ids,is_noise,noise_reason,count_in_main_stats,hit_id
PHRASE,PHR_060,18,7,8,не забывать,не забывая,"В курень его не ходил до смерти, не забывая обиды.","Пленная турчанка сторонилась родных Прокофия, и старик Мелехов вскоре отделил сына.","Прокофий обстроился скоро: плотники срубили курень, сам пригородил базы для скотины и к осени увел на новое хозяйство сгорбленную иноземку-жену.","Пленная турчанка сторонилась родных Прокофия, и старик Мелехов вскоре отделил сына. В курень его не ходил до смерти, не забывая обиды. Прокофий обстроился скоро: плотники срубили курень, сам пригородил базы для скотины и к осени увел на новое хозяйство сгорбленную иноземку-жену.",False,,False,,True,1
WORD,S1_001,225,8,8,думать,думал,"«Выкуси, батя, хоть стреноженный уйду ноне на игрище», — думал, злобно обгрызая глазами крутой отцовский затылок.","Покусывая губы, шел Григорий позади отца.","Дома Григорий заботливо смыл с сазаньей чешуи присохший песок, продел сквозь жабры хворостинку.","Покусывая губы, шел Григорий позади отца. «Выкуси, батя, хоть стреноженный уйду ноне на игрище», — думал, злобно обгрызая глазами крутой отцовский затылок. Дома Григорий заботливо смыл с сазаньей чешуи присохший песок, продел сквозь жабры хворостинку.",False,,False,,True,2
WORD,S1_014,390,6,6,вспомнить,вспомнил,"Григорий, засыпая под мерный баюкающий скрип, вспомнил: «А ить завтра Петру в лагеря выходить.","— Коня с седлом,
С золотым махром…",Останется Дашка с дитем…,"— Коня с седлом,
С золотым махром… Григорий, засыпая под мерный баюкающий скрип, вспомнил: «А ить завтра Петру в лагеря выходить. Останется Дашка с дитем…",False,,False,,True,3
WORD,S1_020,489,6,6,ясно,ясно,"Поднимаясь в гору, Аксинья клонилась вперед, ясно вылегала под рубахой продольная ложбинка на спине.","На тяжелом узле волос пламенела расшитая цветным шелком шлычка, розовая рубаха, заправленная в юбку, не морщинясь, охватывала крутую спину и налитые плечи.","Григорий видел бурые круги слинявшей под мышками от пота рубахи, провожал глазами каждое движение.","На тяжелом узле волос пламенела расшитая цветным шелком шлычка, розовая рубаха, заправленная в юбку, не морщинясь, охватывала крутую спину и налитые плечи. Поднимаясь в гору, Аксинья клонилась вперед, ясно вылегала под рубахой продольная ложбинка на спине. Григорий видел бурые круги слинявшей под мышками от пота рубахи, провожал глазами каждое движение.",False,,False,,True,4
WORD,S1_002,532,2,2,подумать,подумают,"Увидют, что́ подумают?","— Пусти, дьявол, вон люди!","Она метнула по сторонам испуганным взглядом и прошла, хмурясь и не оглядываясь.","— Пусти, дьявол, вон люди! Увидют, что́ подумают? Она метнула по сторонам испуганным взглядом и прошла, хмурясь и не оглядываясь.",False,,False,,True,5
WORD,S1_002,558,0,0,подумать,Подумав,"— Подумав, добавил, как новость сообщил: — Уехал Петро.",— Ворота возьмись поправь да стояно́к на углу врой.,"Через плетень Григорий видел, как собирался Степан.","— Ворота возьмись поправь да стояно́к на углу врой. — Подумав, добавил, как новость сообщил: — Уехал Петро. Через плетень Григорий видел, как собирался Степан.",False,,False,,True,6
WORD,S1_020,706,5,5,ясно,ясно,"Небо, выстиранное дождем, строго и ясно.",Лоснится земля невпитанной влагой.,"Распутывая бредень, Григорий всматривается в Аксинью.","Лоснится земля невпитанной влагой. Небо, выстиранное дождем, строго и ясно. Распутывая бредень, Григорий всматривается в Аксинью.",False,,False,,True,7
WORD,S1_001,711,1,1,думать,думала,Я думала — ты утоп.,Спужалась до смерти!,Руки их сталкиваются.,Спужалась до смерти! Я думала — ты утоп. Руки их сталкиваются.,False,,False,,True,8
WORD,ALEX_012,820,3,3,догадаться,догадался,"А мальчишка, он догадался,
Стал коня свово седлать…","— Христоня, подмоги!","Степан переводит на Петра улыбающийся взгляд выпученных глаз, и Петро, вытянув изо рта усину, присоединяет голос.","— Христоня, подмоги! А мальчишка, он догадался,
Стал коня свово седлать… Степан переводит на Петра улыбающийся взгляд выпученных глаз, и Петро, вытянув изо рта усину, присоединяет голос.",False,,False,,True,9
WORD,ALEX_012,904,9,9,догадаться,догадался,"Позапрошлый год в Каменскую на суд вызывали, а батя догадался — успел помереть.","Он нас, стал быть, сгреб — и в станицу.","Отписали бумагой, что в живых его нету.","Он нас, стал быть, сгреб — и в станицу. Позапрошлый год в Каменскую на суд вызывали, а батя догадался — успел помереть. Отписали бумагой, что в живых его нету.",False,,False,,True,10
WORD,S1_016,919,2,2,помнить,помни,"Так и помни: убью, ежели что… — пообещал он ей.","— Убью, ежели пикнешь слово, а будешь помалкивать — справлю плюшевую кофту и гетры с калошами.","Ночью, в одной изорванной исподнице, прибежала Аксинья в хутор.","— Убью, ежели пикнешь слово, а будешь помалкивать — справлю плюшевую кофту и гетры с калошами. Так и помни: убью, ежели что… — пообещал он ей. Ночью, в одной изорванной исподнице, прибежала Аксинья в хутор.",False,,False,,True,11
WORD,ALEX_008,963,12,12,вспоминать,вспоминала,"На заре, просыпаясь доить коров, она улыбалась и, еще не сознавая отчего, вспоминала: «Нынче что-то есть радостное.","Тепло и приятно ей было, когда черные Гришкины глаза ласкали ее тяжко и исступленно.",Что же?,"Тепло и приятно ей было, когда черные Гришкины глаза ласкали ее тяжко и исступленно. На заре, просыпаясь доить коров, она улыбалась и, еще не сознавая отчего, вспоминала: «Нынче что-то есть радостное. Что же?",False,,False,,True,12
WORD,S1_011,967,9,9,мысль,мыслях,"Пугало это новое, заполнявшее всю ее чувство, и в мыслях шла ощупью, осторожно, как через Дон по мартовскому ноздреватому льду.",Гриша…»,"Проводив Степана в лагеря, решила с Гришкой видеться как можно реже.","Гриша…» Пугало это новое, заполнявшее всю ее чувство, и в мыслях шла ощупью, осторожно, как через Дон по мартовскому ноздреватому льду. Проводив Степана в лагеря, решила с Гришкой видеться как можно реже.",False,,False,,True,13
WORD,S1_004,968,4,4,решить,решила,"Проводив Степана в лагеря, решила с Гришкой видеться как можно реже.","Пугало это новое, заполнявшее всю ее чувство, и в мыслях шла ощупью, осторожно, как через Дон по мартовскому ноздреватому льду.",После ловли бреднем решение это укрепилось в ней еще прочнее.,"Пугало это новое, заполнявшее всю ее чувство, и в мыслях шла ощупью, осторожно, как через Дон по мартовскому ноздреватому льду. Проводив Степана в лагеря, решила с Гришкой видеться как можно реже. После ловли бреднем решение это укрепилось в ней еще прочнее.",False,,False,,True,14
WORD,S1_011,1152,5,5,мысль,мыслях,"Аксинья неотступно была в его мыслях; полузакрыв глаза, мысленно целовал ее, говорил ей откуда-то набредавшие на язык горячие и ласковые слова, потом отбрасывал это, шагал под счет — раз, два, три; память подсовывала отрезки воспоминаний: «Сидели под мокрой копной… в ендове свиристела турчелка… месяц над займищем… и с куста в лужину редкие капли вот так же — раз, два, три…","Впереди рассыпанной радугой цвели бабьи завески, но он искал глазами одну, белую с прошитой каймой; оглядывался на Аксинью и, снова приноравливаясь к отцову шагу, махал косой.","Хорошо, ах, хорошо-то!..»","Впереди рассыпанной радугой цвели бабьи завески, но он искал глазами одну, белую с прошитой каймой; оглядывался на Аксинью и, снова приноравливаясь к отцову шагу, махал косой. Аксинья неотступно была в его мыслях; полузакрыв глаза, мысленно целовал ее, говорил ей откуда-то набредавшие на язык горячие и ласковые слова, потом отбрасывал это, шагал под счет — раз, два, три; память подсовывала отрезки воспоминаний: «Сидели под мокрой копной… в ендове свиристела турчелка… месяц над займищем… и с куста в лужину редкие капли вот так же — раз, два, три… Хорошо, ах, хорошо-то!..»",False,,False,,True,15
WORD,S1_012,1152,8,8,мысленно,мысленно,"Аксинья неотступно была в его мыслях; полузакрыв глаза, мысленно целовал ее, говорил ей откуда-то набредавшие на язык горячие и ласковые слова, потом отбрасывал это, шагал под счет — раз, два, три; память подсовывала отрезки воспоминаний: «Сидели под мокрой копной… в ендове свиристела турчелка… месяц над займищем… и с куста в лужину редкие капли вот так же — раз, два, три…","Впереди рассыпанной радугой цвели бабьи завески, но он искал глазами одну, белую с прошитой каймой; оглядывался на Аксинью и, снова приноравливаясь к отцову шагу, махал косой.","Хорошо, ах, хорошо-то!..»","Впереди рассыпанной радугой цвели бабьи завески, но он искал глазами одну, белую с прошитой каймой; оглядывался на Аксинью и, снова приноравливаясь к отцову шагу, махал косой. Аксинья неотступно была в его мыслях; полузакрыв глаза, мысленно целовал ее, говорил ей откуда-то набредавшие на язык горячие и ласковые слова, потом отбрасывал это, шагал под счет — раз, два, три; память подсовывала отрезки воспоминаний: «Сидели под мокрой копной… в ендове свиристела турчелка… месяц над займищем… и с куста в лужину редкие капли вот так же — раз, два, три… Хорошо, ах, хорошо-то!..»",False,,False,,True,16
WORD,S1_002,1157,7,7,подумать,подумал,"«Дойду вон до энтого кустика, косу отобью», — подумал Григорий и почувствовал, как коса прошла по чему-то вязкому.","Дуняшка сидела на вие, тонюсеньким голоском пела.",Нагнулся посмотреть: из-под ног с писком заковылял в траву маленький дикий утенок.,"Дуняшка сидела на вие, тонюсеньким голоском пела. «Дойду вон до энтого кустика, косу отобью», — подумал Григорий и почувствовал, как коса прошла по чему-то вязкому. Нагнулся посмотреть: из-под ног с писком заковылял в траву маленький дикий утенок.",False,,False,,True,17
WORD,S1_024,1317,3,3,намереваться,намереваясь,"— Он сучил ногами, намереваясь еще раз ударить.","Ах ты чертово семя, прокляя-я-а-а-тый сын!",— На Марфушке-дурочке женю!..,"Ах ты чертово семя, прокляя-я-а-а-тый сын! — Он сучил ногами, намереваясь еще раз ударить. — На Марфушке-дурочке женю!..",False,,False,,True,18
WORD,S1_004,1401,19,19,решить,решили,"Но они жили почти не таясь, вязало их что-то большое, не похожее на короткую связь, и поэтому в хуторе решили, что это преступно, безнравственно, и хутор прижух в поганеньком выжиданьице: придет Степан — узелок развяжет.",Хутор поговорил бы и перестал.,В горнице над кроватью протянута веревочка.,"Хутор поговорил бы и перестал. Но они жили почти не таясь, вязало их что-то большое, не похожее на короткую связь, и поэтому в хуторе решили, что это преступно, безнравственно, и хутор прижух в поганеньком выжиданьице: придет Степан — узелок развяжет. В горнице над кроватью протянута веревочка.",False,,False,,True,19
WORD,S1_001,1472,5,5,думать,думает,"Григорий углом переламывает левую бровь, думает и неожиданно открывает горячие свои, нерусские глаза.",Хучь словцо урони.,Они смеются.,"Хучь словцо урони. Григорий углом переламывает левую бровь, думает и неожиданно открывает горячие свои, нерусские глаза. Они смеются.",False,,False,,True,20
WORD,S1_001,1708,9,9,думать,думая,"Вытерла о завеску руки с засученными по локоть рукавами; думая о чем-то своем, плескала в запенившуюся цедилку молоко.","Аксинья, спеша, выгнала коров, понесла в сенцы цедить молоко.",По улице резко зацокали колеса.,"Аксинья, спеша, выгнала коров, понесла в сенцы цедить молоко. Вытерла о завеску руки с засученными по локоть рукавами; думая о чем-то своем, плескала в запенившуюся цедилку молоко. По улице резко зацокали колеса.",False,,False,,True,21
WORD,S1_002,1767,2,2,подумать,подумал,"Так и подумал Гришка, увидев из окна горницы, как подпрыгивает Степан.",Издали на Степана глядеть — казачка человек вытанцовывает.,А доглядел — и выскочил из куреня.,"Издали на Степана глядеть — казачка человек вытанцовывает. Так и подумал Гришка, увидев из окна горницы, как подпрыгивает Степан. А доглядел — и выскочил из куреня.",False,,False,,True,22
WORD,ALEX_012,1857,10,10,догадаться,догадался,"Сквозь веснушки, устрекавшие его лицо, проступила коричневая краска: тут только догадался он, зачем приехали гости.","— Слава богу, — подтвердил и хозяин.","— Скажи, чтоб коней ихних ввели на баз.","— Слава богу, — подтвердил и хозяин. Сквозь веснушки, устрекавшие его лицо, проступила коричневая краска: тут только догадался он, зачем приехали гости. — Скажи, чтоб коней ихних ввели на баз.",False,,False,,True,23
WORD,S1_001,1869,1,1,думать,думали,"— Не думали, признаться, в нонешний мясоед выдавать.",— Хозяин почесал лысеющую голову.,"Тут делов пропастишша, а тут-таки и годков ей не дюже чтоб много.","— Хозяин почесал лысеющую голову. — Не думали, признаться, в нонешний мясоед выдавать. Тут делов пропастишша, а тут-таки и годков ей не дюже чтоб много.",False,,False,,True,24
WORD,S1_002,1880,2,2,подумать,подумал,"Пантелей Прокофьевич подумал, что им отказывают, — загорячился.","— Выдать не вопрос, — чесался хозяин, — выдать в любое время можно.",— Оно само собой — дело хозяйское…,"— Выдать не вопрос, — чесался хозяин, — выдать в любое время можно. Пантелей Прокофьевич подумал, что им отказывают, — загорячился. — Оно само собой — дело хозяйское…",False,,False,,True,25
WORD,S1_001,1897,4,4,думать,думал,"Слушал старик Мелехов и думал, восхищаясь: «Эк чешет, дьявол, языкастая!",Тек Пантелею Прокофьевичу в уши патокой свашенькин журчливый голосок.,"Скажи, как чулок вяжет.","Тек Пантелею Прокофьевичу в уши патокой свашенькин журчливый голосок. Слушал старик Мелехов и думал, восхищаясь: «Эк чешет, дьявол, языкастая! Скажи, как чулок вяжет.",False,,False,,True,26
WORD,S1_002,1918,7,7,подумать,подумал,"Осмотрел, как барышник оглядывает матку-кобылицу перед покупкой, подумал: «Хороша» — и встретился с ее глазами, направленными на него в упор.",Григорьевы глаза в минуту обежали всю ее — с головы до высоких красивых ног.,"Бесхитростный, чуть смущенный, правдивый взгляд словно говорил: «Вот я вся, какая есть.","Григорьевы глаза в минуту обежали всю ее — с головы до высоких красивых ног. Осмотрел, как барышник оглядывает матку-кобылицу перед покупкой, подумал: «Хороша» — и встретился с ее глазами, направленными на него в упор. Бесхитростный, чуть смущенный, правдивый взгляд словно говорил: «Вот я вся, какая есть.",False,,False,,True,27
WORD,S1_017,1929,10,10,понять,понял,"XVI
Только после того, как узнал от Томилина про Аксинью, понял Степан, вынашивая в душе тоску и ненависть, что, несмотря на плохую жизнь с ней, на ту давнишнюю обиду, любил он ее тяжкой, ненавидящей любовью.","Хозяин, провожавший их до ворот, умышленно промолчал, как будто ничего и не слышал.","По ночам лежал в повозке, укрывшись шинелью, заломив над головою руки, думал о том, как вернется домой, как встретит его жена, и чувствовал, словно вместо сердца копошится в груди ядовитый тарантул…","Хозяин, провожавший их до ворот, умышленно промолчал, как будто ничего и не слышал. XVI
Только после того, как узнал от Томилина про Аксинью, понял Степан, вынашивая в душе тоску и ненависть, что, несмотря на плохую жизнь с ней, на ту давнишнюю обиду, любил он ее тяжкой, ненавидящей любовью. По ночам лежал в повозке, укрывшись шинелью, заломив над головою руки, думал о том, как вернется домой, как встретит его жена, и чувствовал, словно вместо сердца копошится в груди ядовитый тарантул…",False,,False,,True,28
WORD,S1_001,1930,11,11,думать,думал,"По ночам лежал в повозке, укрывшись шинелью, заломив над головою руки, думал о том, как вернется домой, как встретит его жена, и чувствовал, словно вместо сердца копошится в груди ядовитый тарантул…","XVI
Только после того, как узнал от Томилина про Аксинью, понял Степан, вынашивая в душе тоску и ненависть, что, несмотря на плохую жизнь с ней, на ту давнишнюю обиду, любил он ее тяжкой, ненавидящей любовью.","Лежал, готовя в уме тысячи подробностей расправы, и было такое ощущенье, будто на зубах зернистый и крупный песок.","XVI
Только после того, как узнал от Томилина про Аксинью, понял Степан, вынашивая в душе тоску и ненависть, что, несмотря на плохую жизнь с ней, на ту давнишнюю обиду, любил он ее тяжкой, ненавидящей любовью. По ночам лежал в повозке, укрывшись шинелью, заломив над головою руки, думал о том, как вернется домой, как встретит его жена, и чувствовал, словно вместо сердца копошится в груди ядовитый тарантул… Лежал, готовя в уме тысячи подробностей расправы, и было такое ощущенье, будто на зубах зернистый и крупный песок.",False,,False,,True,29
WORD,S1_001,1954,2,2,думать,думаешь,"— А мне, думаешь, не больно было?",— Больно.,Засыпал он поздно.,"— Больно. — А мне, думаешь, не больно было? Засыпал он поздно.",False,,False,,True,30
WORD,ALEX_008,1964,1,1,вспоминать,вспоминая,"После, вспоминая эту встречу, ей стоило немалых усилий, чтобы уверить себя, что это было наяву.","Увидела и почувствовала, как похолодело под руками коромысло и жаром осыпала кровь виски.","Григорий увидел ее, когда она почти поравнялась с ним.","Увидела и почувствовала, как похолодело под руками коромысло и жаром осыпала кровь виски. После, вспоминая эту встречу, ей стоило немалых усилий, чтобы уверить себя, что это было наяву. Григорий увидел ее, когда она почти поравнялась с ним.",False,,False,,True,31
WORD,S1_014,2000,4,4,вспомнить,вспомнив,"Не ходи!.. — крикнул Степан, вспомнив.",— Поди возьми у Мелеховых…,Аксинья пошла затворять брошенную настежь калитку.,"— Поди возьми у Мелеховых… Не ходи!.. — крикнул Степан, вспомнив. Аксинья пошла затворять брошенную настежь калитку.",False,,False,,True,32
WORD,S1_011,2017,3,3,мысль,мысль,Что тогда?» — опалила мысль.,«А ну как вернется?,"Стала, словно под ногами увидела глубокий яр, поглядела назад и — чуть не рысью по-над Доном к займищу.","«А ну как вернется? Что тогда?» — опалила мысль. Стала, словно под ногами увидела глубокий яр, поглядела назад и — чуть не рысью по-над Доном к займищу.",False,,False,,True,33
WORD,S1_009,2031,4,4,сомнение,сомненьем,"С полчаса сидела, мучаясь сомненьем — придет или нет, хотела уж идти, привстала, поправляя под платком волосы, — в это время тягуче заскрипели дверцы.","Полые, в щетинистом пушке будылья подсолнечников молча сосут землю.",Шаги.,"Полые, в щетинистом пушке будылья подсолнечников молча сосут землю. С полчаса сидела, мучаясь сомненьем — придет или нет, хотела уж идти, привстала, поправляя под платком волосы, — в это время тягуче заскрипели дверцы. Шаги.",False,,False,,True,34
WORD,S1_001,2083,20,20,думать,думала,"В эту минуту она сама верила, что не затем пришла, чтобы навязываться Григорию; но когда бежала над Доном в займище, думала, не отдавая себе ясного отчета: «Отговорю!",Не боись!,Нехай не женится.,"Не боись! В эту минуту она сама верила, что не затем пришла, чтобы навязываться Григорию; но когда бежала над Доном в займище, думала, не отдавая себе ясного отчета: «Отговорю! Нехай не женится.",False,,False,,True,35
WORD,S1_014,2086,0,0,вспомнить,Вспомнила,"Вспомнила тогда о Степане и норовисто мотнула головой, отгоняя некстати подвернувшуюся мысль.",С кем же жизнь свяжу?!»,"— Значится, кончилась наша любовь? — спросил Григорий и лег на живот, облокотившись и выплевывая розовые, изжеванные под разговор лепестки повительного цветка.","С кем же жизнь свяжу?!» Вспомнила тогда о Степане и норовисто мотнула головой, отгоняя некстати подвернувшуюся мысль. — Значится, кончилась наша любовь? — спросил Григорий и лег на живот, облокотившись и выплевывая розовые, изжеванные под разговор лепестки повительного цветка.",False,,False,,True,36
WORD,S1_011,2086,11,11,мысль,мысль,"Вспомнила тогда о Степане и норовисто мотнула головой, отгоняя некстати подвернувшуюся мысль.",С кем же жизнь свяжу?!»,"— Значится, кончилась наша любовь? — спросил Григорий и лег на живот, облокотившись и выплевывая розовые, изжеванные под разговор лепестки повительного цветка.","С кем же жизнь свяжу?!» Вспомнила тогда о Степане и норовисто мотнула головой, отгоняя некстати подвернувшуюся мысль. — Значится, кончилась наша любовь? — спросил Григорий и лег на живот, облокотившись и выплевывая розовые, изжеванные под разговор лепестки повительного цветка.",False,,False,,True,37
WORD,S1_001,2117,0,0,думать,Думала,"Думала, скажет Григорий: «…прикончим Степана», но он досадливо облизал пересохшие губы (тяжело ворочались они), сказал:
— …прикончим эту историю.","Огонь страха и нетерпения жадно лизал ей лицо, сушил во рту слюну.",А?,"Огонь страха и нетерпения жадно лизал ей лицо, сушил во рту слюну. Думала, скажет Григорий: «…прикончим Степана», но он досадливо облизал пересохшие губы (тяжело ворочались они), сказал:
— …прикончим эту историю. А?",False,,False,,True,38
WORD,S1_020,2198,2,2,ясно,ясно,"Через минуту ясно стало видно лошадь, стлавшуюся в броском намёте, и седока.","— Ей-богу, он!",— Батя…,"— Ей-богу, он! Через минуту ясно стало видно лошадь, стлавшуюся в броском намёте, и седока. — Батя…",False,,False,,True,39
WORD,S1_011,2201,6,6,мысль,мысль,"— Должно, дома что-нибудь… — высказал Григорий общую мысль.",— Петро в испуганном недоумении затоптался на месте.,"Пантелей Прокофьевич, не доезжая саженей сто, придержал лошадь, затрусил рысью.","— Петро в испуганном недоумении затоптался на месте. — Должно, дома что-нибудь… — высказал Григорий общую мысль. Пантелей Прокофьевич, не доезжая саженей сто, придержал лошадь, затрусил рысью.",False,,False,,True,40
WORD,S1_002,2342,0,0,подумать,Подумал,"Подумал: «Глядишь зараз дюже гордо, как гусыня из кошелки, а вот придется дочек выдавать замуж — тогда я по-гля-жу-у… небось тогда запрядаешь!»",Стало Мирону Григорьевичу обидно до слез.,Под ухом его большим черным шмелем гудел Пантелей Прокофьевич.,"Стало Мирону Григорьевичу обидно до слез. Подумал: «Глядишь зараз дюже гордо, как гусыня из кошелки, а вот придется дочек выдавать замуж — тогда я по-гля-жу-у… небось тогда запрядаешь!» Под ухом его большим черным шмелем гудел Пантелей Прокофьевич.",False,,False,,True,41
WORD,S1_001,2422,14,14,думать,думал,"Летом с восхода до заката солнца сиживал на завалинке, чертил костылем землю, угнув голову, думал неясными образами, обрывками мыслей, плывущими сквозь мглу забвения тусклыми отсветами воспоминаний…","За боевые отличия под Плевной и Рошичем имел два Георгия и георгиевскую медаль и, доживая у сына, пользуясь в хуторе всеобщим уважением за ясный до старости ум, неподкупную честность и хлебосольство, короткие остатки жизни тратил на воспоминания.","От потрескавшегося козырька казачьей слинявшей фуражки падала на черные веки закрытых глаз черная тень; от тени морщины щек казались глубже, седая борода отливала сизью.","За боевые отличия под Плевной и Рошичем имел два Георгия и георгиевскую медаль и, доживая у сына, пользуясь в хуторе всеобщим уважением за ясный до старости ум, неподкупную честность и хлебосольство, короткие остатки жизни тратил на воспоминания. Летом с восхода до заката солнца сиживал на завалинке, чертил костылем землю, угнув голову, думал неясными образами, обрывками мыслей, плывущими сквозь мглу забвения тусклыми отсветами воспоминаний… От потрескавшегося козырька казачьей слинявшей фуражки падала на черные веки закрытых глаз черная тень; от тени морщины щек казались глубже, седая борода отливала сизью.",False,,False,,True,42
WORD,S1_011,2422,18,18,мысль,мыслей,"Летом с восхода до заката солнца сиживал на завалинке, чертил костылем землю, угнув голову, думал неясными образами, обрывками мыслей, плывущими сквозь мглу забвения тусклыми отсветами воспоминаний…","За боевые отличия под Плевной и Рошичем имел два Георгия и георгиевскую медаль и, доживая у сына, пользуясь в хуторе всеобщим уважением за ясный до старости ум, неподкупную честность и хлебосольство, короткие остатки жизни тратил на воспоминания.","От потрескавшегося козырька казачьей слинявшей фуражки падала на черные веки закрытых глаз черная тень; от тени морщины щек казались глубже, седая борода отливала сизью.","За боевые отличия под Плевной и Рошичем имел два Георгия и георгиевскую медаль и, доживая у сына, пользуясь в хуторе всеобщим уважением за ясный до старости ум, неподкупную честность и хлебосольство, короткие остатки жизни тратил на воспоминания. Летом с восхода до заката солнца сиживал на завалинке, чертил костылем землю, угнув голову, думал неясными образами, обрывками мыслей, плывущими сквозь мглу забвения тусклыми отсветами воспоминаний… От потрескавшегося козырька казачьей слинявшей фуражки падала на черные веки закрытых глаз черная тень; от тени морщины щек казались глубже, седая борода отливала сизью.",False,,False,,True,43
WORD,ALEX_008,2430,8,8,вспоминать,вспоминала,"Наталья смотрела на сетчатку жил на дедовой руке, вспоминала: во дворе рыли колодец, и она — тогда еще девчонка, — вычерпывая из бадьи влажную глину, делала тяжелых кукол и коров с рассыпчатыми рогами.","— Дык что ж, моя чадунюшка, хучь оно и лето, а кровь, как земля в глубе, холодная.","Она живо восстанавливала в памяти ощущение, испытываемое руками от прикосновения к мертвой, леденистой земле, добытой с пятисаженной глубины, и уже со страхом смотрела на дедовы руки в коричневых, глиняного цвета, старческих веснушках.","— Дык что ж, моя чадунюшка, хучь оно и лето, а кровь, как земля в глубе, холодная. Наталья смотрела на сетчатку жил на дедовой руке, вспоминала: во дворе рыли колодец, и она — тогда еще девчонка, — вычерпывая из бадьи влажную глину, делала тяжелых кукол и коров с рассыпчатыми рогами. Она живо восстанавливала в памяти ощущение, испытываемое руками от прикосновения к мертвой, леденистой земле, добытой с пятисаженной глубины, и уже со страхом смотрела на дедовы руки в коричневых, глиняного цвета, старческих веснушках.",False,,False,,True,44
WORD,S1_001,2524,5,5,думать,думала,"По ночам, исступленно лаская мужа, думала Аксинья о другом, и плелась в душе ненависть с великой любовью.","От росы, от солнца поднимается втолоченный в землю стебель; сначала гнется, как человек, надорвавшийся непосильной тяжестью, потом прямится, поднимает голову, и так же светит ему день, и тот же качает ветер…","В мыслях шла баба на новое бесчестье, на прежний позор: решила отнять Гришку у счастливой, ни горя, ни радости любовной не ведавшей Натальи Коршуновой.","От росы, от солнца поднимается втолоченный в землю стебель; сначала гнется, как человек, надорвавшийся непосильной тяжестью, потом прямится, поднимает голову, и так же светит ему день, и тот же качает ветер… По ночам, исступленно лаская мужа, думала Аксинья о другом, и плелась в душе ненависть с великой любовью. В мыслях шла баба на новое бесчестье, на прежний позор: решила отнять Гришку у счастливой, ни горя, ни радости любовной не ведавшей Натальи Коршуновой.",False,,False,,True,45
WORD,S1_011,2525,1,1,мысль,мыслях,"В мыслях шла баба на новое бесчестье, на прежний позор: решила отнять Гришку у счастливой, ни горя, ни радости любовной не ведавшей Натальи Коршуновой.","По ночам, исступленно лаская мужа, думала Аксинья о другом, и плелась в душе ненависть с великой любовью.","По ночам передумывала вороха мыслей, моргала сухими глазами в темь.","По ночам, исступленно лаская мужа, думала Аксинья о другом, и плелась в душе ненависть с великой любовью. В мыслях шла баба на новое бесчестье, на прежний позор: решила отнять Гришку у счастливой, ни горя, ни радости любовной не ведавшей Натальи Коршуновой. По ночам передумывала вороха мыслей, моргала сухими глазами в темь.",False,,False,,True,46
WORD,S1_004,2525,10,10,решить,решила,"В мыслях шла баба на новое бесчестье, на прежний позор: решила отнять Гришку у счастливой, ни горя, ни радости любовной не ведавшей Натальи Коршуновой.","По ночам, исступленно лаская мужа, думала Аксинья о другом, и плелась в душе ненависть с великой любовью.","По ночам передумывала вороха мыслей, моргала сухими глазами в темь.","По ночам, исступленно лаская мужа, думала Аксинья о другом, и плелась в душе ненависть с великой любовью. В мыслях шла баба на новое бесчестье, на прежний позор: решила отнять Гришку у счастливой, ни горя, ни радости любовной не ведавшей Натальи Коршуновой. По ночам передумывала вороха мыслей, моргала сухими глазами в темь.",False,,False,,True,47
WORD,S1_011,2526,4,4,мысль,мыслей,"По ночам передумывала вороха мыслей, моргала сухими глазами в темь.","В мыслях шла баба на новое бесчестье, на прежний позор: решила отнять Гришку у счастливой, ни горя, ни радости любовной не ведавшей Натальи Коршуновой.","На правой руке тяжелела во сне голова Степана, красивая, с курчавым длинным чубом на сторону.","В мыслях шла баба на новое бесчестье, на прежний позор: решила отнять Гришку у счастливой, ни горя, ни радости любовной не ведавшей Натальи Коршуновой. По ночам передумывала вороха мыслей, моргала сухими глазами в темь. На правой руке тяжелела во сне голова Степана, красивая, с курчавым длинным чубом на сторону.",False,,False,,True,48
WORD,S1_001,2529,0,0,думать,Думала,Думала Аксинья.,"Он дышал полуоткрытым ртом, черная рука его, позабытая на жениной груди, шевелила растрескавшимися от работы железными пальцами.",Примеряла.,"Он дышал полуоткрытым ртом, черная рука его, позабытая на жениной груди, шевелила растрескавшимися от работы железными пальцами. Думала Аксинья. Примеряла.",False,,False,,True,49
WORD,S1_004,2532,2,2,решить,решила,"Одно лишь решила накрепко: Гришку отнять у всех, залить любовью, владеть им, как раньше.",Передумывала.,"И на донышке сердца остренькое, похожее на оставленное жало пчелы, точило сукровичную боль.","Передумывала. Одно лишь решила накрепко: Гришку отнять у всех, залить любовью, владеть им, как раньше. И на донышке сердца остренькое, похожее на оставленное жало пчелы, точило сукровичную боль.",False,,False,,True,50
WORD,S1_014,2647,0,0,вспомнить,Вспомнил,"Вспомнил Аксиньину точеную шею с курчавыми пушистыми завитками волос, и явилось такое ощущение, будто насыпали ему за ворот рубахи на потную спину колючей сенной трухи.","Заметил еще, что на правой щеке, пониже скулы, лепится коричневая родинка, а на родинке два золотистых волоска, и от этого почему-то стало муторно.","Поежился, с задавленной тоской оглядел чавкающих, хлюпающих, жрущих людей.","Заметил еще, что на правой щеке, пониже скулы, лепится коричневая родинка, а на родинке два золотистых волоска, и от этого почему-то стало муторно. Вспомнил Аксиньину точеную шею с курчавыми пушистыми завитками волос, и явилось такое ощущение, будто насыпали ему за ворот рубахи на потную спину колючей сенной трухи. Поежился, с задавленной тоской оглядел чавкающих, хлюпающих, жрущих людей.",False,,False,,True,51
WORD,S1_001,2850,1,1,думать,думаю,"Вот, думаю, попона коню будет…",Влез в глаза ковер… с махрами…,— Мы этих разных разностев повидали.,"Влез в глаза ковер… с махрами… Вот, думаю, попона коню будет… — Мы этих разных разностев повидали.",False,,False,,True,52
WORD,S1_014,2928,15,15,вспомнить,вспомнил,"Осторожно обходя кучи бычачьего помета и подводы, рассыпанные по двору, Владимир дошел до калитки и вспомнил, что не был в машинном отделении.","Ему льстил почтительный шепот завозчиков-казаков:
— Хозяйский наследник…",Вернулся.,"Ему льстил почтительный шепот завозчиков-казаков:
— Хозяйский наследник… Осторожно обходя кучи бычачьего помета и подводы, рассыпанные по двору, Владимир дошел до калитки и вспомнил, что не был в машинном отделении. Вернулся.",False,,False,,True,53
WORD,S1_011,2952,5,5,мысль,мысли,"Предвкушая приятное удовлетворение, Владимир тасовал мысли.","Раскачиваясь, Давыдка тяжело ходил по кругу, высоко задирал ноги и теперь уже беззлобно и весело улыбался.",Нужный ответ нашелся.,"Раскачиваясь, Давыдка тяжело ходил по кругу, высоко задирал ноги и теперь уже беззлобно и весело улыбался. Предвкушая приятное удовлетворение, Владимир тасовал мысли. Нужный ответ нашелся.",False,,False,,True,54
WORD,S1_002,2977,3,3,подумать,подумал,"«Ишь сволочь, — озлобясь, подумал Владимир, — выражается…","— Не тронь, оно вонять не будет.",Сказать или не сказать?»,"— Не тронь, оно вонять не будет. «Ишь сволочь, — озлобясь, подумал Владимир, — выражается… Сказать или не сказать?»",False,,False,,True,55
PHRASE,PHR_412,2979,8,9,решить сказать,решил Скажу,"Оглянувшись, увидел прежнюю белозубую Давыдкину улыбку и твердо решил: «Скажу!»",Сказать или не сказать?»,"На площади возле магазина стояла привязанная к столбу, запряженная в арбу лошадь.","Сказать или не сказать?» Оглянувшись, увидел прежнюю белозубую Давыдкину улыбку и твердо решил: «Скажу!» На площади возле магазина стояла привязанная к столбу, запряженная в арбу лошадь.",False,,False,,True,56
WORD,S1_004,2979,8,8,решить,решил,"Оглянувшись, увидел прежнюю белозубую Давыдкину улыбку и твердо решил: «Скажу!»",Сказать или не сказать?»,"На площади возле магазина стояла привязанная к столбу, запряженная в арбу лошадь.","Сказать или не сказать?» Оглянувшись, увидел прежнюю белозубую Давыдкину улыбку и твердо решил: «Скажу!» На площади возле магазина стояла привязанная к столбу, запряженная в арбу лошадь.",True,PHR_412,False,,False,57
WORD,S1_014,2997,8,8,вспомнить,вспомнил,"— Я шел с мельницы… — начал он нерешительно, но вспомнил слепящую Давыдкину усмешку и, глядя на круглый отцовский живот, обтянутый чесучовой жилеткой, уже решительно продолжал: —…и слышал, как Давыдка говорил…","Владимир вобрал голову в плечи, нервно оправил на себе рубашку.","Сергей Платонович выслушал внимательно, сказал:
— Уволим.","Владимир вобрал голову в плечи, нервно оправил на себе рубашку. — Я шел с мельницы… — начал он нерешительно, но вспомнил слепящую Давыдкину усмешку и, глядя на круглый отцовский живот, обтянутый чесучовой жилеткой, уже решительно продолжал: —…и слышал, как Давыдка говорил… Сергей Платонович выслушал внимательно, сказал:
— Уволим.",False,,False,,True,58
WORD,S1_016,3045,1,1,помнить,помнишь,"— А помнишь, обещался ехать со мной рыбалить?",— Как так обманул?,Боярышкин бросил весла и разогнул спину.,"— Как так обманул? — А помнишь, обещался ехать со мной рыбалить? Боярышкин бросил весла и разогнул спину.",False,,False,,True,59
WORD,S1_016,3048,0,0,помнить,Помнишь,"— Помнишь? — смеялась Лиза, выскакивая из лодки.","Лодка с разлета вылезла носом на землю, с хрустом дробя прибрежный мел.",— Некогда было.,"Лодка с разлета вылезла носом на землю, с хрустом дробя прибрежный мел. — Помнишь? — смеялась Лиза, выскакивая из лодки. — Некогда было.",False,,False,,True,60
WORD,S1_002,3055,0,0,подумать,Подумайте,"Подумайте, сколько исколесили по этой проклятой воде.","Вот вам хомут и дуга, а я вам больше не слуга!",У меня кровавые мозоли от весел.,"Вот вам хомут и дуга, а я вам больше не слуга! Подумайте, сколько исколесили по этой проклятой воде. У меня кровавые мозоли от весел.",False,,False,,True,61
WORD,S1_001,3149,3,3,думать,думал,"Положит из ружья», — думал Митька, сжимая оконную ручку.",Вот врепаюсь!..,"— Лизавета Сергеевна, вставай рыбалить.","Вот врепаюсь!.. Положит из ружья», — думал Митька, сжимая оконную ручку. — Лизавета Сергеевна, вставай рыбалить.",False,,False,,True,62
WORD,S1_001,3163,4,4,думать,думал,"Сиди там, коченей…» — неясно думал он, вдыхая запах спальни.",А то рыбалить…,"В окне показалось смеющееся лицо, повязанное белой косынкой.","А то рыбалить… Сиди там, коченей…» — неясно думал он, вдыхая запах спальни. В окне показалось смеющееся лицо, повязанное белой косынкой.",False,,False,,True,63
WORD,S1_001,3235,1,1,думать,думаю,"Ну, думаю, вор к Платоновичу.","— Надысь сторож Давыдка Беспалый рассказывал: «Гляжу в полночь, а в крайнюю окно гребется человек.","Подбегаю, стал быть.","— Надысь сторож Давыдка Беспалый рассказывал: «Гляжу в полночь, а в крайнюю окно гребется человек. Ну, думаю, вор к Платоновичу. Подбегаю, стал быть.",False,,False,,True,64
WORD,S1_001,3325,0,0,думать,Думал,Думал вину свою покрыть.,— Не примите в обиду…,Сергей Платонович закатил набухшие от крови и слез глаза и жмякнул под ноги Митьке чугунную массивную пепельницу.,— Не примите в обиду… Думал вину свою покрыть. Сергей Платонович закатил набухшие от крови и слез глаза и жмякнул под ноги Митьке чугунную массивную пепельницу.,False,,False,,True,65
WORD,ALEX_008,3361,7,7,вспоминать,вспоминая,"— Нехай хучь первый годок покохается, — вздыхала Ильинична, вспоминая свою горбатую в работе жизнь.","Румянится да брови чернит, мать ее суку.","Григорий малость пообвык в новом своем, женатом положении, пообтерхался и недели через три со страхом и озлоблением осознал в душе, что не вконец порвано с Аксиньей, осталось что-то, как заноза в сердце.","Румянится да брови чернит, мать ее суку. — Нехай хучь первый годок покохается, — вздыхала Ильинична, вспоминая свою горбатую в работе жизнь. Григорий малость пообвык в новом своем, женатом положении, пообтерхался и недели через три со страхом и озлоблением осознал в душе, что не вконец порвано с Аксиньей, осталось что-то, как заноза в сердце.",False,,False,,True,66
WORD,S1_018,3362,17,17,осознать,осознал,"Григорий малость пообвык в новом своем, женатом положении, пообтерхался и недели через три со страхом и озлоблением осознал в душе, что не вконец порвано с Аксиньей, осталось что-то, как заноза в сердце.","— Нехай хучь первый годок покохается, — вздыхала Ильинична, вспоминая свою горбатую в работе жизнь.",И с этой болью ему не скоро расстаться.,"— Нехай хучь первый годок покохается, — вздыхала Ильинична, вспоминая свою горбатую в работе жизнь. Григорий малость пообвык в новом своем, женатом положении, пообтерхался и недели через три со страхом и озлоблением осознал в душе, что не вконец порвано с Аксиньей, осталось что-то, как заноза в сердце. И с этой болью ему не скоро расстаться.",False,,False,,True,67
WORD,ALEX_008,3373,16,16,вспоминать,вспоминая,"Была Наталья до мужниных утех неохоча, при рождении наделила ее мать равнодушной, медлительной кровью, и Григорий, вспоминая исступленную в любви Аксинью, вздыхал:
— Тебя, Наталья, отец, должно, на крыге зачинал…","А оно не так сложилось, и по ночам, по обязанности лаская жену, горяча ее молодой своей любовной ретивостью, встречал Гришка с ее стороны холодок, смущенную покорность.",Дюже леденистая ты.,"А оно не так сложилось, и по ночам, по обязанности лаская жену, горяча ее молодой своей любовной ретивостью, встречал Гришка с ее стороны холодок, смущенную покорность. Была Наталья до мужниных утех неохоча, при рождении наделила ее мать равнодушной, медлительной кровью, и Григорий, вспоминая исступленную в любви Аксинью, вздыхал:
— Тебя, Наталья, отец, должно, на крыге зачинал… Дюже леденистая ты.",False,,False,,True,68
WORD,S1_001,3401,9,9,думать,думал,"Под глухой перегуд — стон распятой под каменными катками земли — думал Гришка неясные думки, пытался и не мог поймать увиливавшие от сознания скользкие шматочки мыслей.","Он не замечал, как Наталья, помогая Пантелею Прокофьевичу настилать посад снопов, перехватывала каждый невольный взгляд мужа своим тоскующим, ревнивым взглядом; не видел того, как Петро, гонявший по кругу лошадей, взглядывая на него, курносил лицо неприметной, про себя, ухмылкой.","С ближних и дальних гумен ползли и таяли в займище звуки молотьбы, крики погонычей, высвист кнутов, татаканье веялочных барабанов.","Он не замечал, как Наталья, помогая Пантелею Прокофьевичу настилать посад снопов, перехватывала каждый невольный взгляд мужа своим тоскующим, ревнивым взглядом; не видел того, как Петро, гонявший по кругу лошадей, взглядывая на него, курносил лицо неприметной, про себя, ухмылкой. Под глухой перегуд — стон распятой под каменными катками земли — думал Гришка неясные думки, пытался и не мог поймать увиливавшие от сознания скользкие шматочки мыслей. С ближних и дальних гумен ползли и таяли в займище звуки молотьбы, крики погонычей, высвист кнутов, татаканье веялочных барабанов.",False,,False,,True,69
WORD,S1_011,3401,23,23,мысль,мыслей,"Под глухой перегуд — стон распятой под каменными катками земли — думал Гришка неясные думки, пытался и не мог поймать увиливавшие от сознания скользкие шматочки мыслей.","Он не замечал, как Наталья, помогая Пантелею Прокофьевичу настилать посад снопов, перехватывала каждый невольный взгляд мужа своим тоскующим, ревнивым взглядом; не видел того, как Петро, гонявший по кругу лошадей, взглядывая на него, курносил лицо неприметной, про себя, ухмылкой.","С ближних и дальних гумен ползли и таяли в займище звуки молотьбы, крики погонычей, высвист кнутов, татаканье веялочных барабанов.","Он не замечал, как Наталья, помогая Пантелею Прокофьевичу настилать посад снопов, перехватывала каждый невольный взгляд мужа своим тоскующим, ревнивым взглядом; не видел того, как Петро, гонявший по кругу лошадей, взглядывая на него, курносил лицо неприметной, про себя, ухмылкой. Под глухой перегуд — стон распятой под каменными катками земли — думал Гришка неясные думки, пытался и не мог поймать увиливавшие от сознания скользкие шматочки мыслей. С ближних и дальних гумен ползли и таяли в займище звуки молотьбы, крики погонычей, высвист кнутов, татаканье веялочных барабанов.",False,,False,,True,70
WORD,S1_011,3504,42,42,мысль,мыслей,"Слесарь остреньким взглядом узко сведенных глаз бегал по Федоту, шагавшему рядом с повозкой, курил легкий табак из костяного с колечками мундштука и часто улыбался; но косая поперечная морщина, рубцевавшая белый покатый лоб, двигалась медленно и тяжело, словно изнутри толкаемая ходом каких-то скрытых мыслей.","Федот в увлечении соскочил с повозки, охотно стал рассказывать о хуторянах, ругать хуторского атамана за неправильную дележку луга, расхваливая порядки в Польше, где полк его стоял во время отбывания им действительной службы.",Доехали до хутора перед вечером.,"Федот в увлечении соскочил с повозки, охотно стал рассказывать о хуторянах, ругать хуторского атамана за неправильную дележку луга, расхваливая порядки в Польше, где полк его стоял во время отбывания им действительной службы. Слесарь остреньким взглядом узко сведенных глаз бегал по Федоту, шагавшему рядом с повозкой, курил легкий табак из костяного с колечками мундштука и часто улыбался; но косая поперечная морщина, рубцевавшая белый покатый лоб, двигалась медленно и тяжело, словно изнутри толкаемая ходом каких-то скрытых мыслей. Доехали до хутора перед вечером.",False,,False,,True,71
WORD,ALEX_012,3625,8,8,догадаться,догадался,"Худым бы кончилось дело, если б старик-тавричанин не догадался: вскочив в завозчицкую, он выдернул из печи искрящуюся головню и выбежал из дверей.","Тавричан, сгрудившихся овечьим гуртом, оттеснили к завозчицкой.","Бежал к сараю, где хранился отмол, тысяча с лишком пудов хлеба.","Тавричан, сгрудившихся овечьим гуртом, оттеснили к завозчицкой. Худым бы кончилось дело, если б старик-тавричанин не догадался: вскочив в завозчицкую, он выдернул из печи искрящуюся головню и выбежал из дверей. Бежал к сараю, где хранился отмол, тысяча с лишком пудов хлеба.",False,,False,,True,72
WORD,S1_001,3728,1,1,думать,думаю,Я думаю…,— Нет.,"— Мне неинтересно знать, что вы думаете.","— Нет. Я думаю… — Мне неинтересно знать, что вы думаете.",False,,False,,True,73
WORD,S1_001,3729,5,5,думать,думаете,"— Мне неинтересно знать, что вы думаете.",Я думаю…,В ссылке были?,"Я думаю… — Мне неинтересно знать, что вы думаете. В ссылке были?",False,,False,,True,74
WORD,S1_002,3919,2,2,подумать,подумала,"«Тверезый ноне», — подумала и, довольная, положила на пухлый свой живот чулок со спицами и недовязанной пяткой.","На туп знакомых ей шагов повернула голову, с давнишней, прижившейся на ее лице суровостью глянула на мужа, остановила взгляд на мокрых от дыханья завитках бороды, теснивших рот Прокофьевича, на слежалых, влитых в бороду влажных усах, двинула ноздрями, но от старика несло морозом, кислым душком овчины.",— Что ж порубка?,"На туп знакомых ей шагов повернула голову, с давнишней, прижившейся на ее лице суровостью глянула на мужа, остановила взгляд на мокрых от дыханья завитках бороды, теснивших рот Прокофьевича, на слежалых, влитых в бороду влажных усах, двинула ноздрями, но от старика несло морозом, кислым душком овчины. «Тверезый ноне», — подумала и, довольная, положила на пухлый свой живот чулок со спицами и недовязанной пяткой. — Что ж порубка?",False,,False,,True,75
WORD,S1_001,3942,3,3,думать,думаю,"Сем-ка пойду притворю, думаю.","Вышла я на баз, гляжу — дверь амбарную расхлебенил кто-то.","Взошла, а она у просяного закрома стоит.","Вышла я на баз, гляжу — дверь амбарную расхлебенил кто-то. Сем-ка пойду притворю, думаю. Взошла, а она у просяного закрома стоит.",False,,False,,True,76
WORD,S1_002,3963,3,3,подумать,подумал,"«Эх, выхолил бабу!» — подумал, еще раз взглянув на склоненную над лавкой гладко причесанную голову Натальи.",Старик остановился в дверях.,"Григорий сидел у окна, дергая напилком, на лбу его черной спутанной челкой прыгали волосы.","Старик остановился в дверях. «Эх, выхолил бабу!» — подумал, еще раз взглянув на склоненную над лавкой гладко причесанную голову Натальи. Григорий сидел у окна, дергая напилком, на лбу его черной спутанной челкой прыгали волосы.",False,,False,,True,77
WORD,S1_011,4217,10,10,мысль,мыслей,"Поднятая рука Григория затекала, в уме вразброд шла угарная возня мыслей.",Вглядывался в лицо Митьки; тот морщился от боли и переставлял скованную сапогом ногу.,"Подходил под крест и, целуя обслюнявленное многими ртами влажное серебро, думал об Аксинье, о жене.","Вглядывался в лицо Митьки; тот морщился от боли и переставлял скованную сапогом ногу. Поднятая рука Григория затекала, в уме вразброд шла угарная возня мыслей. Подходил под крест и, целуя обслюнявленное многими ртами влажное серебро, думал об Аксинье, о жене.",False,,False,,True,78
WORD,S1_001,4218,10,10,думать,думал,"Подходил под крест и, целуя обслюнявленное многими ртами влажное серебро, думал об Аксинье, о жене.","Поднятая рука Григория затекала, в уме вразброд шла угарная возня мыслей.","Как вспышка зигзагистой молнии, перерезало мысли короткое воспоминание: лес, бурые стволы деревьев в белом пышном уборе, как в нарядной серебряной шлее; влажный, горячий блеск черных, из-под пухового платка Аксиньиных глаз…","Поднятая рука Григория затекала, в уме вразброд шла угарная возня мыслей. Подходил под крест и, целуя обслюнявленное многими ртами влажное серебро, думал об Аксинье, о жене. Как вспышка зигзагистой молнии, перерезало мысли короткое воспоминание: лес, бурые стволы деревьев в белом пышном уборе, как в нарядной серебряной шлее; влажный, горячий блеск черных, из-под пухового платка Аксиньиных глаз…",False,,False,,True,79
WORD,S1_011,4219,5,5,мысль,мысли,"Как вспышка зигзагистой молнии, перерезало мысли короткое воспоминание: лес, бурые стволы деревьев в белом пышном уборе, как в нарядной серебряной шлее; влажный, горячий блеск черных, из-под пухового платка Аксиньиных глаз…","Подходил под крест и, целуя обслюнявленное многими ртами влажное серебро, думал об Аксинье, о жене.",Вышли на площадь.,"Подходил под крест и, целуя обслюнявленное многими ртами влажное серебро, думал об Аксинье, о жене. Как вспышка зигзагистой молнии, перерезало мысли короткое воспоминание: лес, бурые стволы деревьев в белом пышном уборе, как в нарядной серебряной шлее; влажный, горячий блеск черных, из-под пухового платка Аксиньиных глаз… Вышли на площадь.",False,,False,,True,80
WORD,S1_002,4225,12,12,подумать,подумать,"Были ребятами — дураковали, небось на дорогу чурбаки тягали, а посля этого должны подумать о дальнеющей службе.","Теперича вы произросли в казаков, и должны вы честь свою соблюдать, отцов-матерей слухать и все такое прочее.",Вот через год идтить вам в действительную.,"Теперича вы произросли в казаков, и должны вы честь свою соблюдать, отцов-матерей слухать и все такое прочее. Были ребятами — дураковали, небось на дорогу чурбаки тягали, а посля этого должны подумать о дальнеющей службе. Вот через год идтить вам в действительную.",False,,False,,True,81
WORD,S1_020,4239,4,4,ясно,ясно,На хрушком снегу дороги ясно печатался след вязанного крючком толстого чулка.,"Пошел, припадая на разутую ногу.","— Какой дорогой пойдем? — спросил низенький, чурбаковатый Алексей Бешняк.","Пошел, припадая на разутую ногу. На хрушком снегу дороги ясно печатался след вязанного крючком толстого чулка. — Какой дорогой пойдем? — спросил низенький, чурбаковатый Алексей Бешняк.",False,,False,,True,82
WORD,S1_017,4274,5,5,понять,понял,"По лицу его, беспокойно выжидающему, понял: что-то случилось.","Кинув по кухне беглый взгляд, Григорий остановил глаза на Петре.",— Присягнул?,"Кинув по кухне беглый взгляд, Григорий остановил глаза на Петре. По лицу его, беспокойно выжидающему, понял: что-то случилось. — Присягнул?",False,,False,,True,83
WORD,S1_002,4279,1,1,подумать,подумал,"«Наталья», — подумал Григорий, садясь на лавку рядом с отцом.","Из горницы вышла Ильинична, и на ее лице лежала печать некоторого смятения.","— Собери ему повечерять, — обратилась Ильинична к Дарье, указывая глазами на Григория.","Из горницы вышла Ильинична, и на ее лице лежала печать некоторого смятения. «Наталья», — подумал Григорий, садясь на лавку рядом с отцом. — Собери ему повечерять, — обратилась Ильинична к Дарье, указывая глазами на Григория.",False,,False,,True,84
WORD,S1_015,4367,4,4,припомнить,припомнить,"Перед сном тщетно старался припомнить что-то гнетущее в мыслях, несловленное.","Уснул, встревоженный надвигавшимся неведомым.","Шли в полусне думы гладко и ровно, как баркас по течению, и вдруг натыкались на что-то, будто на мель; муторно становилось, не по себе; ворочался, бился в догадках: «Что же?","Уснул, встревоженный надвигавшимся неведомым. Перед сном тщетно старался припомнить что-то гнетущее в мыслях, несловленное. Шли в полусне думы гладко и ровно, как баркас по течению, и вдруг натыкались на что-то, будто на мель; муторно становилось, не по себе; ворочался, бился в догадках: «Что же?",False,,False,,True,85
WORD,S1_011,4367,8,8,мысль,мыслях,"Перед сном тщетно старался припомнить что-то гнетущее в мыслях, несловленное.","Уснул, встревоженный надвигавшимся неведомым.","Шли в полусне думы гладко и ровно, как баркас по течению, и вдруг натыкались на что-то, будто на мель; муторно становилось, не по себе; ворочался, бился в догадках: «Что же?","Уснул, встревоженный надвигавшимся неведомым. Перед сном тщетно старался припомнить что-то гнетущее в мыслях, несловленное. Шли в полусне думы гладко и ровно, как баркас по течению, и вдруг натыкались на что-то, будто на мель; муторно становилось, не по себе; ворочался, бился в догадках: «Что же?",False,,False,,True,86
WORD,S1_014,4370,4,4,вспомнить,вспомнил,А утром проснулся и вспомнил: «Служба!,Что такое поперек дороги?»,Куда же мы пойдем с Аксюткой?,Что такое поперек дороги?» А утром проснулся и вспомнил: «Служба! Куда же мы пойдем с Аксюткой?,False,,False,,True,87
WORD,S1_001,4396,1,1,думать,думал,"— Заждался, думал — не придешь.","Бежала, как видно, или торопко шла, запыхалась, и пахло от свежего, нахолодевшего рта то ли ветром, то ли далеким, еле уловимым запахом свежего степного сена.",— Степана насилушки выпроводила…,"Бежала, как видно, или торопко шла, запыхалась, и пахло от свежего, нахолодевшего рта то ли ветром, то ли далеким, еле уловимым запахом свежего степного сена. — Заждался, думал — не придешь. — Степана насилушки выпроводила…",False,,False,,True,88
WORD,S1_001,4434,4,4,думать,думала,"«Сказать или не сказать? — думала она, вспомнив про свою беременность.","Недавнюю улыбку с губ ее как ветер слизал, в расширенных глазах загнанным зверьком томились тоска и испуг.","— Надо сказать», — решила было, но сейчас же, дрогнув от испуга, отогнала страшную мысль.","Недавнюю улыбку с губ ее как ветер слизал, в расширенных глазах загнанным зверьком томились тоска и испуг. «Сказать или не сказать? — думала она, вспомнив про свою беременность. — Надо сказать», — решила было, но сейчас же, дрогнув от испуга, отогнала страшную мысль.",False,,False,,True,89
WORD,S1_014,4434,6,6,вспомнить,вспомнив,"«Сказать или не сказать? — думала она, вспомнив про свою беременность.","Недавнюю улыбку с губ ее как ветер слизал, в расширенных глазах загнанным зверьком томились тоска и испуг.","— Надо сказать», — решила было, но сейчас же, дрогнув от испуга, отогнала страшную мысль.","Недавнюю улыбку с губ ее как ветер слизал, в расширенных глазах загнанным зверьком томились тоска и испуг. «Сказать или не сказать? — думала она, вспомнив про свою беременность. — Надо сказать», — решила было, но сейчас же, дрогнув от испуга, отогнала страшную мысль.",False,,False,,True,90
PHRASE,PHR_121,4435,11,12,страшный мысль,страшную мысль,"— Надо сказать», — решила было, но сейчас же, дрогнув от испуга, отогнала страшную мысль.","«Сказать или не сказать? — думала она, вспомнив про свою беременность.","Женским своим чутьем угадала, что не время об этом говорить, поняла, что можно навек потерять Григория, и, сомневаясь, от кого из двух зачала ворохнувшегося под сердцем ребенка, слукавила душой: не сказала.","«Сказать или не сказать? — думала она, вспомнив про свою беременность. — Надо сказать», — решила было, но сейчас же, дрогнув от испуга, отогнала страшную мысль. Женским своим чутьем угадала, что не время об этом говорить, поняла, что можно навек потерять Григория, и, сомневаясь, от кого из двух зачала ворохнувшегося под сердцем ребенка, слукавила душой: не сказала.",False,,False,,True,91
WORD,S1_004,4435,2,2,решить,решила,"— Надо сказать», — решила было, но сейчас же, дрогнув от испуга, отогнала страшную мысль.","«Сказать или не сказать? — думала она, вспомнив про свою беременность.","Женским своим чутьем угадала, что не время об этом говорить, поняла, что можно навек потерять Григория, и, сомневаясь, от кого из двух зачала ворохнувшегося под сердцем ребенка, слукавила душой: не сказала.","«Сказать или не сказать? — думала она, вспомнив про свою беременность. — Надо сказать», — решила было, но сейчас же, дрогнув от испуга, отогнала страшную мысль. Женским своим чутьем угадала, что не время об этом говорить, поняла, что можно навек потерять Григория, и, сомневаясь, от кого из двух зачала ворохнувшегося под сердцем ребенка, слукавила душой: не сказала.",False,,False,,True,92
WORD,S1_011,4435,12,12,мысль,мысль,"— Надо сказать», — решила было, но сейчас же, дрогнув от испуга, отогнала страшную мысль.","«Сказать или не сказать? — думала она, вспомнив про свою беременность.","Женским своим чутьем угадала, что не время об этом говорить, поняла, что можно навек потерять Григория, и, сомневаясь, от кого из двух зачала ворохнувшегося под сердцем ребенка, слукавила душой: не сказала.","«Сказать или не сказать? — думала она, вспомнив про свою беременность. — Надо сказать», — решила было, но сейчас же, дрогнув от испуга, отогнала страшную мысль. Женским своим чутьем угадала, что не время об этом говорить, поняла, что можно навек потерять Григория, и, сомневаясь, от кого из двух зачала ворохнувшегося под сердцем ребенка, слукавила душой: не сказала.",True,PHR_121,False,,False,93
WORD,S1_017,4436,10,10,понять,поняла,"Женским своим чутьем угадала, что не время об этом говорить, поняла, что можно навек потерять Григория, и, сомневаясь, от кого из двух зачала ворохнувшегося под сердцем ребенка, слукавила душой: не сказала.","— Надо сказать», — решила было, но сейчас же, дрогнув от испуга, отогнала страшную мысль.",— Чего дрогнула?,"— Надо сказать», — решила было, но сейчас же, дрогнув от испуга, отогнала страшную мысль. Женским своим чутьем угадала, что не время об этом говорить, поняла, что можно навек потерять Григория, и, сомневаясь, от кого из двух зачала ворохнувшегося под сердцем ребенка, слукавила душой: не сказала. — Чего дрогнула?",False,,False,,True,94
WORD,S1_016,4535,1,1,помнить,помнил,Он помнил рассказы отца об отставном генерале Листницком — герое Русско-турецкой войны.,— Григорий тянулся струною.,— Почему нанимаешься? — грохотало сверху.,— Григорий тянулся струною. Он помнил рассказы отца об отставном генерале Листницком — герое Русско-турецкой войны. — Почему нанимаешься? — грохотало сверху.,False,,False,,True,95
WORD,S1_002,4654,4,4,подумать,подумал,"«Должно, ушла на посиделки», — подумал, скидывая с пробоя цепку.","Зашел в конюшню, кинул в ясли наметанное конем под ноги сено, снял недоуздок и поднялся на крыльцо.","Вошел в кухню, плотно притворил дверь, зажег спичку.","Зашел в конюшню, кинул в ясли наметанное конем под ноги сено, снял недоуздок и поднялся на крыльцо. «Должно, ушла на посиделки», — подумал, скидывая с пробоя цепку. Вошел в кухню, плотно притворил дверь, зажег спичку.",False,,False,,True,96
WORD,S1_017,4661,2,2,понять,понял,Оглядел горницу — понял.,"Степан рванул с плеч полушубок, кинулся в кухню за огнем.","Швырком кинул лампу, не отдавая себе ясного отчета в том, что делает, рванул со стены шашку, сжал эфес до черных отеков в пальцах, — подняв на конце шашки голубенькую, в палевых цветочках, позабытую Аксиньину кофтенку, подкинул ее кверху и на лету, коротким взмахом, разрубил пополам.","Степан рванул с плеч полушубок, кинулся в кухню за огнем. Оглядел горницу — понял. Швырком кинул лампу, не отдавая себе ясного отчета в том, что делает, рванул со стены шашку, сжал эфес до черных отеков в пальцах, — подняв на конце шашки голубенькую, в палевых цветочках, позабытую Аксиньину кофтенку, подкинул ее кверху и на лету, коротким взмахом, разрубил пополам.",False,,False,,True,97
WORD,S1_001,4748,11,11,думать,думая,"Украинец в рассеянности сшиб санями не успевшего убраться с дороги поросенка, думая про свое: «Мабуть, за цим дилом забудэ хозяин об кобыли?»",За Натальиным имуществом поехали Митька с Гетьком.,"И радовался, ослаблял вожжи.","За Натальиным имуществом поехали Митька с Гетьком. Украинец в рассеянности сшиб санями не успевшего убраться с дороги поросенка, думая про свое: «Мабуть, за цим дилом забудэ хозяин об кобыли?» И радовался, ослаблял вожжи.",False,,False,,True,98
WORD,S1_011,4750,7,7,мысль,мысль,"«Такий вредный чертяка, як раз забудэ!..» — настигала мысль, и Гетько, хмурясь, кривил губы.","И радовался, ослаблял вожжи.","— Прыгай, чортобис!..","И радовался, ослаблял вожжи. «Такий вредный чертяка, як раз забудэ!..» — настигала мысль, и Гетько, хмурясь, кривил губы. — Прыгай, чортобис!..",False,,False,,True,99
WORD,ALEX_008,4914,1,1,вспоминать,вспоминая,"— Аксинья, вспоминая взгляд сотника, делано смеялась.",— А я почем знаю?,"— Пришел, сел вот туточка, гля-ка, Гришенька, вот так-то, — она показывала, как сидел сотник, похоже горбатила спину, — и сидит и сидит, ажник тошно, а коленка вострая-превострая.","— А я почем знаю? — Аксинья, вспоминая взгляд сотника, делано смеялась. — Пришел, сел вот туточка, гля-ка, Гришенька, вот так-то, — она показывала, как сидел сотник, похоже горбатила спину, — и сидит и сидит, ажник тошно, а коленка вострая-превострая.",False,,False,,True,100
WORD,S1_017,4920,8,8,понять,понять,"Аксинья, улыбаясь, глядела на Григория и не могла понять, серьезно он говорит или шутит.","— То-то гляди, а то я его в одночась спихну с крыльца.","XV
На четвертой неделе поста сдала зима.","— То-то гляди, а то я его в одночась спихну с крыльца. Аксинья, улыбаясь, глядела на Григория и не могла понять, серьезно он говорит или шутит. XV
На четвертой неделе поста сдала зима.",False,,False,,True,101
WORD,S1_001,5035,4,4,думать,думаешь,"— Ты, Осип Давыдович, как думаешь? — обратился Иван Алексеевич к Штокману.","«Война, дескать, будет промеж Германией и Францией за виноградные поля, а мы тут ни при чем».","— Я предсказывать не умею, — уклончиво ответил тот, на вытянутой руке сосредоточенно рассматривая отделанное кольцо.","«Война, дескать, будет промеж Германией и Францией за виноградные поля, а мы тут ни при чем». — Ты, Осип Давыдович, как думаешь? — обратился Иван Алексеевич к Штокману. — Я предсказывать не умею, — уклончиво ответил тот, на вытянутой руке сосредоточенно рассматривая отделанное кольцо.",False,,False,,True,102
WORD,S1_021,5038,8,8,рассуждать,рассуждал,"Хоть не хошь, а придется, за волосы притянут, — рассуждал Валет.",— Задерутся они — быть и нам там.,"— Тут, ребятки, вот какое дело… — заговорил Штокман, мягко освобождая кусачки из пальцев Ивана Алексеевича.","— Задерутся они — быть и нам там. Хоть не хошь, а придется, за волосы притянут, — рассуждал Валет. — Тут, ребятки, вот какое дело… — заговорил Штокман, мягко освобождая кусачки из пальцев Ивана Алексеевича.",False,,False,,True,103
WORD,S1_011,5047,8,8,мысль,мыслей,"— Иван Алексеевич насупился, дробя какую-то громоздкую, неподатливую глыбу мыслей.",— У-у-гу-м.,— Листницкий этот чего прибивается к Моховым?,"— У-у-гу-м. — Иван Алексеевич насупился, дробя какую-то громоздкую, неподатливую глыбу мыслей. — Листницкий этот чего прибивается к Моховым?",False,,False,,True,104
WORD,S1_001,5059,10,10,думать,думали,"Да, ишо новостишка: оттель выхожу, на крыльце — кто бы вы думали?",— На станцию едет.,Гришка Мелехов.,"— На станцию едет. Да, ишо новостишка: оттель выхожу, на крыльце — кто бы вы думали? Гришка Мелехов.",False,,False,,True,105
WORD,S1_004,5119,9,9,решить,решил,"За ночь могло еще больше прибыть воды, и Григорий решил переправиться.","Постоялый двор, где останавливались кормить лошадей по дороге на станцию, был на той стороне.","Подъехал к тому месту, где сутки назад переезжал по льду; вышедшая из берегов речка гнала по раздвинувшемуся руслу грязные воды, легко крушила на середине отрезок плетня и половинку колесного обода.","Постоялый двор, где останавливались кормить лошадей по дороге на станцию, был на той стороне. За ночь могло еще больше прибыть воды, и Григорий решил переправиться. Подъехал к тому месту, где сутки назад переезжал по льду; вышедшая из берегов речка гнала по раздвинувшемуся руслу грязные воды, легко крушила на середине отрезок плетня и половинку колесного обода.",False,,False,,True,106
WORD,S1_002,5228,6,6,подумать,подумал,"Зараз пущу повод и достану кисет», — подумал он, снимая перчатку, шурша в кармане бумагой.",«Закурить бы.,— Трави!.. — ружейным выстрелом гукнул за буерачной хребтиной крик.,"«Закурить бы. Зараз пущу повод и достану кисет», — подумал он, снимая перчатку, шурша в кармане бумагой. — Трави!.. — ружейным выстрелом гукнул за буерачной хребтиной крик.",False,,False,,True,107
WORD,S1_001,5315,1,1,думать,думаю,"«Господи, думаю, как же это я ее так доила?»","Кубыть, иду я по займищу, а попереди меня наша старая корова, какую мы летось на Спас продали; идет она, а из сиськов молоко дорогу вилюжит…","Посля этого приходит ко мне бабка Дроздиха за хмелинами, я ей и расскажи сон, а она: «Отнеси, грит, на коровий баз кусочек воску, отломи от свечки, скатай в шарик и отнеси, в коровий свежий помет закопай, а то беда под окном караулит».","Кубыть, иду я по займищу, а попереди меня наша старая корова, какую мы летось на Спас продали; идет она, а из сиськов молоко дорогу вилюжит… «Господи, думаю, как же это я ее так доила?» Посля этого приходит ко мне бабка Дроздиха за хмелинами, я ей и расскажи сон, а она: «Отнеси, грит, на коровий баз кусочек воску, отломи от свечки, скатай в шарик и отнеси, в коровий свежий помет закопай, а то беда под окном караулит».",False,,False,,True,108
WORD,S1_001,5337,0,0,думать,Думаешь,"— Думаешь жить с ним, нет ли?",— В Ягодном он… — тихо ответила та.,"— Она, может, и думала б, да он об ней не понимает, — вмешалась хозяйка.","— В Ягодном он… — тихо ответила та. — Думаешь жить с ним, нет ли? — Она, может, и думала б, да он об ней не понимает, — вмешалась хозяйка.",False,,False,,True,109
WORD,S1_001,5338,3,3,думать,думала,"— Она, может, и думала б, да он об ней не понимает, — вмешалась хозяйка.","— Думаешь жить с ним, нет ли?","Наталья почувствовала, как горячая до слез кровь плеснулась ей в лицо.","— Думаешь жить с ним, нет ли? — Она, может, и думала б, да он об ней не понимает, — вмешалась хозяйка. Наталья почувствовала, как горячая до слез кровь плеснулась ей в лицо.",False,,False,,True,110
WORD,S1_004,5347,22,22,решить,решила,"Стыд за свое неопределенное положение (она все не верила, что Григорий ушел навсегда, и, прощая, ждала его) толкнул ее на следующий поступок: решила послать тайком от домашних в Ягодное к Григорию, чтобы узнать, совсем ли ушел он и не одумался ли.","С трудом высидев до конца, она ушла, унося в душе неоформленное решение.",Пришла она от Пелагеи поздно.,"С трудом высидев до конца, она ушла, унося в душе неоформленное решение. Стыд за свое неопределенное положение (она все не верила, что Григорий ушел навсегда, и, прощая, ждала его) толкнул ее на следующий поступок: решила послать тайком от домашних в Ягодное к Григорию, чтобы узнать, совсем ли ушел он и не одумался ли. Пришла она от Пелагеи поздно.",False,,False,,True,111
WORD,S1_001,5370,0,0,думать,Думала,"Думала, сгоряча ты ушел, и ждала, что возвернешься, но я разлучать вас не хочу.","Я тебя ничем не оскорбила, и я ждала, что ты мне развяжешь руки и скажешь, что ты ушел навовсе, а ты отроился от хутора и молчишь, как мертвый.","Пущай лучше одна я в землю затоптанная, чем двое.","Я тебя ничем не оскорбила, и я ждала, что ты мне развяжешь руки и скажешь, что ты ушел навовсе, а ты отроился от хутора и молчишь, как мертвый. Думала, сгоряча ты ушел, и ждала, что возвернешься, но я разлучать вас не хочу. Пущай лучше одна я в землю затоптанная, чем двое.",False,,False,,True,112
WORD,S1_001,5373,3,3,думать,думать,"Узнаю — буду одно думать, а то я стою посередь дороги.",Пожалей напоследок и пропиши.,"Ты, Гриша, не серчай на меня, ради Христа.","Пожалей напоследок и пропиши. Узнаю — буду одно думать, а то я стою посередь дороги. Ты, Гриша, не серчай на меня, ради Христа.",False,,False,,True,113
PHRASE,PHR_086,5401,6,7,собраться идти,собрались идти,"Мирон Григорьевич с дедом Гришакой уже собрались идти в церковь, когда она встала и вышла на кухню.",Легкий озноб сотрясал ее согнутое калачиком тело.,"На висках ее, у гладко причесанных черных волос, глянцевител пот, масленой нездоровой поволокой подернулись глаза.","Легкий озноб сотрясал ее согнутое калачиком тело. Мирон Григорьевич с дедом Гришакой уже собрались идти в церковь, когда она встала и вышла на кухню. На висках ее, у гладко причесанных черных волос, глянцевител пот, масленой нездоровой поволокой подернулись глаза.",False,,False,,True,114
WORD,S1_008,5412,17,17,обдумывать,обдумывая,"Вялая, она переходила от сундука к кровати, невидящими глазами оглядывала взвороченный в сундуке ворох нарядов, мучительно что-то обдумывая, шепча губами.",В курене остались Лукинична и Наталья.,"Лукинична подумала, что Наталья колеблется в выборе наряда, и с материнским великодушием предложила:
— Надевай, милая, мою синюю юбку.","В курене остались Лукинична и Наталья. Вялая, она переходила от сундука к кровати, невидящими глазами оглядывала взвороченный в сундуке ворох нарядов, мучительно что-то обдумывая, шепча губами. Лукинична подумала, что Наталья колеблется в выборе наряда, и с материнским великодушием предложила:
— Надевай, милая, мою синюю юбку.",False,,False,,True,115
WORD,S1_002,5413,1,1,подумать,подумала,"Лукинична подумала, что Наталья колеблется в выборе наряда, и с материнским великодушием предложила:
— Надевай, милая, мою синюю юбку.","Вялая, она переходила от сундука к кровати, невидящими глазами оглядывала взвороченный в сундуке ворох нарядов, мучительно что-то обдумывая, шепча губами.",Она тебе теперича как раз будет.,"Вялая, она переходила от сундука к кровати, невидящими глазами оглядывала взвороченный в сундуке ворох нарядов, мучительно что-то обдумывая, шепча губами. Лукинична подумала, что Наталья колеблется в выборе наряда, и с материнским великодушием предложила:
— Надевай, милая, мою синюю юбку. Она тебе теперича как раз будет.",False,,False,,True,116
WORD,S1_010,5413,4,4,колебаться,колеблется,"Лукинична подумала, что Наталья колеблется в выборе наряда, и с материнским великодушием предложила:
— Надевай, милая, мою синюю юбку.","Вялая, она переходила от сундука к кровати, невидящими глазами оглядывала взвороченный в сундуке ворох нарядов, мучительно что-то обдумывая, шепча губами.",Она тебе теперича как раз будет.,"Вялая, она переходила от сундука к кровати, невидящими глазами оглядывала взвороченный в сундуке ворох нарядов, мучительно что-то обдумывая, шепча губами. Лукинична подумала, что Наталья колеблется в выборе наряда, и с материнским великодушием предложила:
— Надевай, милая, мою синюю юбку. Она тебе теперича как раз будет.",False,,False,,True,117
WORD,S1_014,5415,8,8,вспомнить,вспомнив,"К Пасхе Наталье не шили обновы, и Лукинична, вспомнив, как дочь, еще в девках, любила по праздникам надевать ее синюю, узкую в подоле юбку, сама навязалась со своим добром, думая, что Наталья загоревалась над выбором.",Она тебе теперича как раз будет.,"— Наденешь, что ль?","Она тебе теперича как раз будет. К Пасхе Наталье не шили обновы, и Лукинична, вспомнив, как дочь, еще в девках, любила по праздникам надевать ее синюю, узкую в подоле юбку, сама навязалась со своим добром, думая, что Наталья загоревалась над выбором. — Наденешь, что ль?",False,,False,,True,118
WORD,S1_001,5415,29,29,думать,думая,"К Пасхе Наталье не шили обновы, и Лукинична, вспомнив, как дочь, еще в девках, любила по праздникам надевать ее синюю, узкую в подоле юбку, сама навязалась со своим добром, думая, что Наталья загоревалась над выбором.",Она тебе теперича как раз будет.,"— Наденешь, что ль?","Она тебе теперича как раз будет. К Пасхе Наталье не шили обновы, и Лукинична, вспомнив, как дочь, еще в девках, любила по праздникам надевать ее синюю, узкую в подоле юбку, сама навязалась со своим добром, думая, что Наталья загоревалась над выбором. — Наденешь, что ль?",False,,False,,True,119
PHRASE,PHR_050,5420,7,8,вдруг вспомнить,вдруг вспомнила,"— Наталья бережно вытащила свою зеленую юбку и вдруг вспомнила, что в этой юбке была она, когда Григорий женихом приезжал ее проведать, под прохладным навесом сарая в первый раз пристыдил ее летучим поцелуем, и затряслась в приступившем рыдании, грудью навалилась на поднятую ребром крышку сундука.",Я в этой пойду.,— Наталья!,"Я в этой пойду. — Наталья бережно вытащила свою зеленую юбку и вдруг вспомнила, что в этой юбке была она, когда Григорий женихом приезжал ее проведать, под прохладным навесом сарая в первый раз пристыдил ее летучим поцелуем, и затряслась в приступившем рыдании, грудью навалилась на поднятую ребром крышку сундука. — Наталья!",False,,False,,True,120
WORD,S1_014,5420,8,8,вспомнить,вспомнила,"— Наталья бережно вытащила свою зеленую юбку и вдруг вспомнила, что в этой юбке была она, когда Григорий женихом приезжал ее проведать, под прохладным навесом сарая в первый раз пристыдил ее летучим поцелуем, и затряслась в приступившем рыдании, грудью навалилась на поднятую ребром крышку сундука.",Я в этой пойду.,— Наталья!,"Я в этой пойду. — Наталья бережно вытащила свою зеленую юбку и вдруг вспомнила, что в этой юбке была она, когда Григорий женихом приезжал ее проведать, под прохладным навесом сарая в первый раз пристыдил ее летучим поцелуем, и затряслась в приступившем рыдании, грудью навалилась на поднятую ребром крышку сундука. — Наталья!",True,PHR_050,False,,False,121
WORD,S1_001,5436,9,9,думать,думала,"Дорогой пыталась она вернуть себе прежнее уравновешенное состояние духа, думала о празднике, обо всем отрывочно и туманно, но мысль упрямо возвращалась к синему клочку оберточной бумаги, спрятанной на груди, к Григорию и к той счастливой, которая теперь над ней снисходительно смеется и, быть может, даже жалеет…","Придерживая левой рукой подол юбки, обходя перламутровую синь раскинутых по улице лужиц, Наталья дошла до церкви.",Она вошла в ограду.,"Придерживая левой рукой подол юбки, обходя перламутровую синь раскинутых по улице лужиц, Наталья дошла до церкви. Дорогой пыталась она вернуть себе прежнее уравновешенное состояние духа, думала о празднике, обо всем отрывочно и туманно, но мысль упрямо возвращалась к синему клочку оберточной бумаги, спрятанной на груди, к Григорию и к той счастливой, которая теперь над ней снисходительно смеется и, быть может, даже жалеет… Она вошла в ограду.",False,,False,,True,122
WORD,S1_011,5436,18,18,мысль,мысль,"Дорогой пыталась она вернуть себе прежнее уравновешенное состояние духа, думала о празднике, обо всем отрывочно и туманно, но мысль упрямо возвращалась к синему клочку оберточной бумаги, спрятанной на груди, к Григорию и к той счастливой, которая теперь над ней снисходительно смеется и, быть может, даже жалеет…","Придерживая левой рукой подол юбки, обходя перламутровую синь раскинутых по улице лужиц, Наталья дошла до церкви.",Она вошла в ограду.,"Придерживая левой рукой подол юбки, обходя перламутровую синь раскинутых по улице лужиц, Наталья дошла до церкви. Дорогой пыталась она вернуть себе прежнее уравновешенное состояние духа, думала о празднике, обо всем отрывочно и туманно, но мысль упрямо возвращалась к синему клочку оберточной бумаги, спрятанной на груди, к Григорию и к той счастливой, которая теперь над ней снисходительно смеется и, быть может, даже жалеет… Она вошла в ограду.",False,,False,,True,123
WORD,S1_011,5457,3,3,мысль,мысли,"Наталья ощупью, без мысли, без чувства, в черной тоске, когтившей ее заполненную позором и отчаянием душу, добралась до угла.","В сарае — сухая прохлада, запах ременной упряжи и слежалой соломы.","Взяла в руки держак косы, сняла с него косу (движения ее были медлительно-уверенны, точны) и, запрокинув голову, с силой и опалившей ее радостной решимостью резнула острием по горлу.","В сарае — сухая прохлада, запах ременной упряжи и слежалой соломы. Наталья ощупью, без мысли, без чувства, в черной тоске, когтившей ее заполненную позором и отчаянием душу, добралась до угла. Взяла в руки держак косы, сняла с него косу (движения ее были медлительно-уверенны, точны) и, запрокинув голову, с силой и опалившей ее радостной решимостью резнула острием по горлу.",False,,False,,True,124
WORD,S1_020,5462,0,0,ясно,Ясно,"Ясно слышала, ощущала противный капустный хруст разрезаемого тела; нарастающая волна острой боли полымем прошлась по груди до горла, звенящими иглами воткнулась в уши…","На коленях доползла до стены, уперла в нее тупой конец, тот, который надевается на держак, и, заломив над запрокинутой головой руки, грудью твердо подалась вперед, вперед…",В курене скрипнула дверь.,"На коленях доползла до стены, уперла в нее тупой конец, тот, который надевается на держак, и, заломив над запрокинутой головой руки, грудью твердо подалась вперед, вперед… Ясно слышала, ощущала противный капустный хруст разрезаемого тела; нарастающая волна острой боли полымем прошлась по груди до горла, звенящими иглами воткнулась в уши… В курене скрипнула дверь.",False,,False,,True,125
WORD,S1_001,5471,3,3,думать,думаешь,— Что ж ты думаешь?,— Слава богу.,А?,— Слава богу. — Что ж ты думаешь? А?,False,,False,,True,126
WORD,S1_016,5480,3,3,помнить,помни,"Но ты, Гришка, помни мое слово: рано аль поздно убью!","— Нынче я драться с тобой не буду, не хочу…",— Слепой сказал: «посмотрим».,"— Нынче я драться с тобой не буду, не хочу… Но ты, Гришка, помни мое слово: рано аль поздно убью! — Слепой сказал: «посмотрим».",False,,False,,True,127
WORD,S1_017,5490,5,5,понять,пойму,"— Ты мне не жалься, не пойму.","Крепко ты меня обидел, Григорий!..",Сытый голодного не разумеет.,"Крепко ты меня обидел, Григорий!.. — Ты мне не жалься, не пойму. Сытый голодного не разумеет.",False,,False,,True,128
WORD,S1_016,5494,0,0,помнить,Помнишь,"Помнишь, в позапрошлом годе на Маслену дрались мы в стенках?","— Жалкую я об одном, парень… дюже жалкую…",— Это когда?,"— Жалкую я об одном, парень… дюже жалкую… Помнишь, в позапрошлом годе на Маслену дрались мы в стенках? — Это когда?",False,,False,,True,129
WORD,S1_016,5497,4,4,помнить,помнишь,"Холостые с женатыми дрались, помнишь?","— Да в энтот раз, как постовала убили.","Помнишь, как я за тобой гнал?","— Да в энтот раз, как постовала убили. Холостые с женатыми дрались, помнишь? Помнишь, как я за тобой гнал?",False,,False,,True,130
WORD,S1_016,5498,0,0,помнить,Помнишь,"Помнишь, как я за тобой гнал?","Холостые с женатыми дрались, помнишь?","Жидковат ты был, куга зеленая супротив меня.","Холостые с женатыми дрались, помнишь? Помнишь, как я за тобой гнал? Жидковат ты был, куга зеленая супротив меня.",False,,False,,True,131
WORD,ALEX_008,5503,5,5,вспоминать,вспоминая,"Степан потер лоб рукой, что-то вспоминая.","— Не горюй, ишо как-нибудь цокнемся.","Пан, ведя Крепыша в поводу, крикнул Григорию:
— Трогай!","— Не горюй, ишо как-нибудь цокнемся. Степан потер лоб рукой, что-то вспоминая. Пан, ведя Крепыша в поводу, крикнул Григорию:
— Трогай!",False,,False,,True,132
WORD,S1_001,5529,3,3,думать,думала,"— Я робела, Гриша… думала, что ты бросишь…",— Что ж ты молчала раньше?,"Барабаня пальцами по спинке кровати, Григорий спросил:
— Скоро?","— Что ж ты молчала раньше? — Я робела, Гриша… думала, что ты бросишь… Барабаня пальцами по спинке кровати, Григорий спросил:
— Скоро?",False,,False,,True,133
WORD,S1_002,5541,1,1,подумать,подумай,Сам подумай!..,"Роняя злые слезы, Аксинья сидела на лавке, давилась горячим шепотом:
— С ним сколько годов жила — и ничего!..",Я не хворая баба была…,"Роняя злые слезы, Аксинья сидела на лавке, давилась горячим шепотом:
— С ним сколько годов жила — и ничего!.. Сам подумай!.. Я не хворая баба была…",False,,False,,True,134
WORD,S1_001,5573,0,0,думать,Думаешь,"Думаешь, угоняешься за длинным рублем?","Петро посидел на крылечке, расспросил о работе, харчах, жалованье; на все придакивая, жевал обгрызенный окомелок усины и, выведав, сказал Григорию на прощанье:
— Шел бы ты домой жить, хвост-то ломать нечего.",— Я за ним не гоняюсь.,"Петро посидел на крылечке, расспросил о работе, харчах, жалованье; на все придакивая, жевал обгрызенный окомелок усины и, выведав, сказал Григорию на прощанье:
— Шел бы ты домой жить, хвост-то ломать нечего. Думаешь, угоняешься за длинным рублем? — Я за ним не гоняюсь.",False,,False,,True,135
WORD,S1_001,5575,0,0,думать,Думаешь,— Думаешь с своей жить? — свернул Петро разговор.,— Я за ним не гоняюсь.,— С какой своей?,— Я за ним не гоняюсь. — Думаешь с своей жить? — свернул Петро разговор. — С какой своей?,False,,False,,True,136
WORD,S1_001,5578,1,1,думать,думаю,"— Покеда думаю, а что?",— С этой.,"— Так, с интересу попытал.","— С этой. — Покеда думаю, а что? — Так, с интересу попытал.",False,,False,,True,137
WORD,S1_014,5603,5,5,вспомнить,вспомнив,"Петро уже выехал со двора; вспомнив, закричал стоявшему на крыльце Григорию:
— Наталья-то…",— Путь добрый!,Забыл… беда какая…,"— Путь добрый! Петро уже выехал со двора; вспомнив, закричал стоявшему на крыльце Григорию:
— Наталья-то… Забыл… беда какая…",False,,False,,True,138
WORD,ALEX_012,5659,7,7,догадаться,догадался,"Вглядываясь в пышущий жаром рот Аксиньи, скорее догадался, чем разобрал:
— Пу-по-вину пер-гры-зи… за-вя-жи ниткой… от ру-ба-хи…","Ошалевший Григорий соскочил на землю и путано, как стреноженный, шагнул к задку повозки.","Григорий прыгающими пальцами выдернул из рукава своей бязевой рубахи пучок ниток, зажмурясь до боли в глазах, перегрыз пуповину и надежно завязал кровоточащий отросток нитками.","Ошалевший Григорий соскочил на землю и путано, как стреноженный, шагнул к задку повозки. Вглядываясь в пышущий жаром рот Аксиньи, скорее догадался, чем разобрал:
— Пу-по-вину пер-гры-зи… за-вя-жи ниткой… от ру-ба-хи… Григорий прыгающими пальцами выдернул из рукава своей бязевой рубахи пучок ниток, зажмурясь до боли в глазах, перегрыз пуповину и надежно завязал кровоточащий отросток нитками.",False,,False,,True,139
WORD,ALEX_007,5680,2,2,припоминать,припоминая,"Просыпался, тужился, припоминая, но позади была чернота — гладко, как стесано, и черно, не то что сна — лица ни одного не видел.","Тупо влипал глазами в одну точку, измышлял и до того дошел, что в действительности совсем перестал сны видеть.","Выдыхался Вениамин в нехитрых своих выдумках, а пан сердился, изловив рассказчика в повторах.","Тупо влипал глазами в одну точку, измышлял и до того дошел, что в действительности совсем перестал сны видеть. Просыпался, тужился, припоминая, но позади была чернота — гладко, как стесано, и черно, не то что сна — лица ни одного не видел. Выдыхался Вениамин в нехитрых своих выдумках, а пан сердился, изловив рассказчика в повторах.",False,,False,,True,140
WORD,S1_016,5741,15,15,помнить,помнил,"Запрокидываясь с козел, удерживая в натянутых руках тугую дрожь вожжей, Григорий опасливо косился на раскаты, помнил, как по первопутку пан за неловкий толчок сунул ему в затылок крепкий не по-стариковски кулак.",— Пан указал глазами на рысака.,"Спустились к мосту, и тут, по Дону, Григорий ослабил вожжи, растирая перчаткой охваченные ветровым огнем щеки.","— Пан указал глазами на рысака. Запрокидываясь с козел, удерживая в натянутых руках тугую дрожь вожжей, Григорий опасливо косился на раскаты, помнил, как по первопутку пан за неловкий толчок сунул ему в затылок крепкий не по-стариковски кулак. Спустились к мосту, и тут, по Дону, Григорий ослабил вожжи, растирая перчаткой охваченные ветровым огнем щеки.",False,,False,,True,141
WORD,S1_011,5806,4,4,мысль,мысли,"Аксинья пробовала уснуть, но мысли разметывали сон, как ветер копну сена.","Григорий повернулся на бок, сказал внятно:
— На хуторе Ольшанском… — и смолк.","Она до света продумала об этой бессвязной фразе, подыскивая к ней отгадку…","Григорий повернулся на бок, сказал внятно:
— На хуторе Ольшанском… — и смолк. Аксинья пробовала уснуть, но мысли разметывали сон, как ветер копну сена. Она до света продумала об этой бессвязной фразе, подыскивая к ней отгадку…",False,,False,,True,142
WORD,ALEX_008,5821,14,14,вспоминать,вспоминая,"Аксинья, касаясь пальцами его ноги, часто повторяла:
— Гриша, погоди… что-то хотела сказать… — и морщилась, вспоминая, растерянная, дрожащая.","Григорий с рассчитанной медлительностью затягивал подпруги, садился на коня и разбирал поводья.","— Ну, прощай!","Григорий с рассчитанной медлительностью затягивал подпруги, садился на коня и разбирал поводья. Аксинья, касаясь пальцами его ноги, часто повторяла:
— Гриша, погоди… что-то хотела сказать… — и морщилась, вспоминая, растерянная, дрожащая. — Ну, прощай!",False,,False,,True,143
WORD,S1_001,5836,9,9,думать,думаешь,"Пантелей Прокофьевич повернулся спиной к лошади, спросил:
— Значится, не думаешь с женой жить?",Поехали шагом.,— Давнишний сказ… отгутарили…,"Поехали шагом. Пантелей Прокофьевич повернулся спиной к лошади, спросил:
— Значится, не думаешь с женой жить? — Давнишний сказ… отгутарили…",False,,False,,True,144
WORD,S1_001,5838,1,1,думать,думаешь,"— Не думаешь, стал быть?",— Давнишний сказ… отгутарили…,"— Стал быть, так.","— Давнишний сказ… отгутарили… — Не думаешь, стал быть? — Стал быть, так.",False,,False,,True,145
WORD,S1_004,5935,7,7,решить,решили,"К концу обмера чины, посоветовавшись за столом, решили:
— В армию.",Чирьяки это.,"— В Двенадцатый полк, Мелехов.","Чирьяки это. К концу обмера чины, посоветовавшись за столом, решили:
— В армию. — В Двенадцатый полк, Мелехов.",False,,False,,True,146
WORD,S1_025,5988,43,43,полагать,полагаемом,"Под ногами Григория лежала ненадеванная попона, на ней порядком разложены седло с окованным, крашенным в зеленое ленчиком, с саквами и задними сумами, две шинели, двое шаровар, мундир, две пары сапог, белье, фунт и пятьдесят четыре золотника сухарей, банка консервов, крупа и прочая, в полагаемом для всадника количестве, снедь.","Григорий заметил, как над рыжей бровью сотника трепетал, трогая веко, живчик.","В раскрытых сумах виднелся круг — на четыре ноги — подков, ухнали, завернутые в промасленную тряпку, шитвянка с двумя иголками и нитками, полотенце.","Григорий заметил, как над рыжей бровью сотника трепетал, трогая веко, живчик. Под ногами Григория лежала ненадеванная попона, на ней порядком разложены седло с окованным, крашенным в зеленое ленчиком, с саквами и задними сумами, две шинели, двое шаровар, мундир, две пары сапог, белье, фунт и пятьдесят четыре золотника сухарей, банка консервов, крупа и прочая, в полагаемом для всадника количестве, снедь. В раскрытых сумах виднелся круг — на четыре ноги — подков, ухнали, завернутые в промасленную тряпку, шитвянка с двумя иголками и нитками, полотенце.",False,,False,,True,147
WORD,S1_004,6070,1,1,решить,решила,"Оставайся! — решила Ильинична и угощала сноху, двигая по столу глиняную чашку, набитую блинцами.","— Чего ж там, родная жена да гдей-то будет жить!",Пришла Наталья к свекрам после долгих колебаний.,"— Чего ж там, родная жена да гдей-то будет жить! Оставайся! — решила Ильинична и угощала сноху, двигая по столу глиняную чашку, набитую блинцами. Пришла Наталья к свекрам после долгих колебаний.",False,,False,,True,148
WORD,S1_004,6075,2,2,решить,решил,Он твердо решил взять ее в дом и примирить с Григорием.,"Пантелей Прокофьевич сманивал ее все время после того, как проводил Григория на службу.",С того дня Наталья осталась у Мелеховых.,"Пантелей Прокофьевич сманивал ее все время после того, как проводил Григория на службу. Он твердо решил взять ее в дом и примирить с Григорием. С того дня Наталья осталась у Мелеховых.",False,,False,,True,149
WORD,S1_002,6094,11,11,подумать,подумай,"А Наталья теперича будет у нас проживать, и ты об этом подумай.",За царем служба не пропадет.,А ишо беда: на Масленую зарезал зверь трех овец.,"За царем служба не пропадет. А Наталья теперича будет у нас проживать, и ты об этом подумай. А ишо беда: на Масленую зарезал зверь трех овец.",False,,False,,True,150
PHRASE,PHR_060,6097,2,3,не забывать,не забывай,"Про жену не забывай, мой тебе приказ.","Ну, бывай здоров и Богом хранимый.",Она ласковая баба и в законе с тобой.,"Ну, бывай здоров и Богом хранимый. Про жену не забывай, мой тебе приказ. Она ласковая баба и в законе с тобой.",False,,False,,True,151
WORD,S1_011,6103,18,18,мысль,мысль,"Пантелей Прокофьевич заставлял Дуняшку или Петра перечитывать их по нескольку раз, вдумываясь в затаенную меж строк неведомую Григорьеву мысль.","На сообщение о том, что Наталья пришла к отцу, ответил сдержанно, просил передать ей поклон; содержание писем его было уклончиво и мутно.","Перед Пасхой он в письме прямо поставил вопрос о том, будет ли Григорий по возвращении со службы жить с женой или по-прежнему с Аксиньей.","На сообщение о том, что Наталья пришла к отцу, ответил сдержанно, просил передать ей поклон; содержание писем его было уклончиво и мутно. Пантелей Прокофьевич заставлял Дуняшку или Петра перечитывать их по нескольку раз, вдумываясь в затаенную меж строк неведомую Григорьеву мысль. Перед Пасхой он в письме прямо поставил вопрос о том, будет ли Григорий по возвращении со службы жить с женой или по-прежнему с Аксиньей.",False,,False,,True,152
WORD,S1_005,6112,11,11,решать,решать,"Как зачнется война, может, и я живой не буду, загодя нечего решать.","Нады поймали на границе одного с контрабандой, и нам довелось его повидать, объясняет, что вскорости будет с австрийцами война и царь ихний будто приезжал к границе, осматривал, откель зачинать войну и какие земли себе захапать.","* * *
Наталья работала у свекра и жила, взращивая бессознательную надежду на возвращение мужа, опираясь на нее надломленным духом.","Нады поймали на границе одного с контрабандой, и нам довелось его повидать, объясняет, что вскорости будет с австрийцами война и царь ихний будто приезжал к границе, осматривал, откель зачинать войну и какие земли себе захапать. Как зачнется война, может, и я живой не буду, загодя нечего решать. * * *
Наталья работала у свекра и жила, взращивая бессознательную надежду на возвращение мужа, опираясь на нее надломленным духом.",False,,False,,True,153
WORD,ALEX_008,6182,1,1,вспоминать,вспоминали,"Старики вспоминали минувшие войны, делились предположениями:
— Не бывать войне, по урожаю видать.","Мелехов Пантелей, беседуя на майдане со стариками, веско доказывал:
— Пишет Григорий наш, что астрицкий царь наезжал на границу и отдал приказ, чтоб всю свою войску согнать в одну месту и идтить на Москву и Петербург.",— Урожай тут ни при чем.,"Мелехов Пантелей, беседуя на майдане со стариками, веско доказывал:
— Пишет Григорий наш, что астрицкий царь наезжал на границу и отдал приказ, чтоб всю свою войску согнать в одну месту и идтить на Москву и Петербург. Старики вспоминали минувшие войны, делились предположениями:
— Не бывать войне, по урожаю видать. — Урожай тут ни при чем.",False,,False,,True,154
WORD,S1_017,6198,39,39,понять,понятых,"Отбивали косы по хутору, выстругивали грабельники, бабы квасы томили косарям на утеху, а тут приспел случай, колыхнувший хутор от края до другого: приехал становой пристав со следователем и с чернозубым мозглявеньким офицером в форме, досель невиданной; вытребовали атамана, согнали понятых и прямиком направились к Лукешке-косой.","Одна земля, а соки разные высасывает трава; за бугром в степи клеклый чернозем что хрящ: табун прометется — копытного следа не увидишь; тверда земля, и растет по ней трава сильная, духовитая, лошади по пузо; а возле Дона и за Доном мочливая, рыхлая почва гонит травы безрадостные и никудышные, брезгает ими и скотина в иной год.",Следователь нес в руке парусиновую фуражку с форменным значком.,"Одна земля, а соки разные высасывает трава; за бугром в степи клеклый чернозем что хрящ: табун прометется — копытного следа не увидишь; тверда земля, и растет по ней трава сильная, духовитая, лошади по пузо; а возле Дона и за Доном мочливая, рыхлая почва гонит травы безрадостные и никудышные, брезгает ими и скотина в иной год. Отбивали косы по хутору, выстругивали грабельники, бабы квасы томили косарям на утеху, а тут приспел случай, колыхнувший хутор от края до другого: приехал становой пристав со следователем и с чернозубым мозглявеньким офицером в форме, досель невиданной; вытребовали атамана, согнали понятых и прямиком направились к Лукешке-косой. Следователь нес в руке парусиновую фуражку с форменным значком.",False,,False,,True,155
WORD,S1_017,6234,0,0,понять,Понятой,"Понятой, ну-ка!",— Мы успеем с вами поговорить.,"Из второй комнаты выглянула жена Штокмана, оставив дверь неприкрытой.","— Мы успеем с вами поговорить. Понятой, ну-ка! Из второй комнаты выглянула жена Штокмана, оставив дверь неприкрытой.",False,,False,,True,156
WORD,S1_001,6277,1,1,думать,думаю,"— Я думаю, что…","— Я спрашиваю, — следователь подчеркнул «я», — с какого времени вы состоите членом РСДРП?","— Мне абсолютно неинтересно знать, что вы думаете.","— Я спрашиваю, — следователь подчеркнул «я», — с какого времени вы состоите членом РСДРП? — Я думаю, что… — Мне абсолютно неинтересно знать, что вы думаете.",False,,False,,True,157
WORD,S1_001,6278,6,6,думать,думаете,"— Мне абсолютно неинтересно знать, что вы думаете.","— Я думаю, что…",Отвечайте на вопрос.,"— Я думаю, что… — Мне абсолютно неинтересно знать, что вы думаете. Отвечайте на вопрос.",False,,False,,True,158
WORD,S1_014,6340,2,2,вспомнить,вспомнить,"Пытался Григорий вспомнить оставшийся позади путь, ничего связного не выходило; красные станционные постройки, татакающие под шатким полом колеса вагонов, запах конских испражнений и сена, бесконечные нити рельсов, стекавшие из-под паровоза, дым, мимоходом заглядывавший в дверки вагонов, усатая рожа жандарма на перроне не то в Воронеже, не то в Киеве…","II
Где-то позади, в сером слизистом тумане осталась длинная дорога от Маньково-Калитвенской слободы до местечка Радзивиллово.","На полустанке, где сгружались, толпились офицеры и какие-то в серых свитках бритые люди, разговаривавшие на чужом, непонятном языке.","II
Где-то позади, в сером слизистом тумане осталась длинная дорога от Маньково-Калитвенской слободы до местечка Радзивиллово. Пытался Григорий вспомнить оставшийся позади путь, ничего связного не выходило; красные станционные постройки, татакающие под шатким полом колеса вагонов, запах конских испражнений и сена, бесконечные нити рельсов, стекавшие из-под паровоза, дым, мимоходом заглядывавший в дверки вагонов, усатая рожа жандарма на перроне не то в Воронеже, не то в Киеве… На полустанке, где сгружались, толпились офицеры и какие-то в серых свитках бритые люди, разговаривавшие на чужом, непонятном языке.",False,,False,,True,159
WORD,S1_001,6402,1,1,думать,думал,"Он-то думал, дескать, сын выйдет, а он тем часом к снохе прилабунится, а сын заленился.","Гля: скотина вся вышла, поди загони!»","«Поди, — шепчет жене, — загони».","Гля: скотина вся вышла, поди загони!» Он-то думал, дескать, сын выйдет, а он тем часом к снохе прилабунится, а сын заленился. «Поди, — шепчет жене, — загони».",False,,False,,True,160
WORD,S1_017,6455,0,0,понять,Понял,Понял?,"— Вот что, — Григорий оторвал от сруба голову, — ежели когда ты вдаришь меня — все одно убью!","Вахмистр изумленно зевал квадратным сазаньим ртом, не находил ответа.","— Вот что, — Григорий оторвал от сруба голову, — ежели когда ты вдаришь меня — все одно убью! Понял? Вахмистр изумленно зевал квадратным сазаньим ртом, не находил ответа.",False,,False,,True,161
WORD,S1_020,6529,1,1,ясно,ясно,Григорий ясно видел это.,"У нее дрожали, подламываясь, руки.","Качаясь, поднялась на ноги и, растрепанная, чужая и незнакомая, обвела окошки долгим-долгим взглядом.","У нее дрожали, подламываясь, руки. Григорий ясно видел это. Качаясь, поднялась на ноги и, растрепанная, чужая и незнакомая, обвела окошки долгим-долгим взглядом.",False,,False,,True,162
WORD,S1_016,6533,7,7,помнить,помнил,"У дверей ему кто-то, он даже не помнил кто, деловито и ясно сказал:
— Вякнешь кому — истинный Христос, убьем!","Григорий прыгнул с перегородки, растирая ладонью горло; он задыхался.",Ну?,"Григорий прыгнул с перегородки, растирая ладонью горло; он задыхался. У дверей ему кто-то, он даже не помнил кто, деловито и ясно сказал:
— Вякнешь кому — истинный Христос, убьем! Ну?",False,,False,,True,163
WORD,S1_020,6533,11,11,ясно,ясно,"У дверей ему кто-то, он даже не помнил кто, деловито и ясно сказал:
— Вякнешь кому — истинный Христос, убьем!","Григорий прыгнул с перегородки, растирая ладонью горло; он задыхался.",Ну?,"Григорий прыгнул с перегородки, растирая ладонью горло; он задыхался. У дверей ему кто-то, он даже не помнил кто, деловито и ясно сказал:
— Вякнешь кому — истинный Христос, убьем! Ну?",False,,False,,True,164
WORD,S1_020,6596,2,2,ясно,ясно,Теперь уже ясно виден был верховой.,"Он, нахмурившись, снял с полей шляпы руку, некое смятение коснулось его лица и застыло на развилке приподнятых бровей.","Он шел броским намётом, левой рукой придерживал фуражку, в правой вяло вился запыленный красный флажок.","Он, нахмурившись, снял с полей шляпы руку, некое смятение коснулось его лица и застыло на развилке приподнятых бровей. Теперь уже ясно виден был верховой. Он шел броским намётом, левой рукой придерживал фуражку, в правой вяло вился запыленный красный флажок.",False,,False,,True,165
PHRASE,PHR_056,6601,1,5,остаться в память,осталось у него в памяти,"Одно осталось у него в памяти: тяжкий хрип полузагнанного коня и, когда глянул вслед ему, — мокрый, отливающий стальным блеском круп.",Петро проводил глазами конного.,"Не осознав еще окончательно подступившего несчастья, Петро тупо оглядел трепещущую в пыли пену, степь, сползающую к хутору волнистым скатом.","Петро проводил глазами конного. Одно осталось у него в памяти: тяжкий хрип полузагнанного коня и, когда глянул вслед ему, — мокрый, отливающий стальным блеском круп. Не осознав еще окончательно подступившего несчастья, Петро тупо оглядел трепещущую в пыли пену, степь, сползающую к хутору волнистым скатом.",False,,False,,True,166
WORD,S1_018,6602,1,1,осознать,осознав,"Не осознав еще окончательно подступившего несчастья, Петро тупо оглядел трепещущую в пыли пену, степь, сползающую к хутору волнистым скатом.","Одно осталось у него в памяти: тяжкий хрип полузагнанного коня и, когда глянул вслед ему, — мокрый, отливающий стальным блеском круп.",Со всех концов по желтым скошенным кулигам хлеба скакали к хутору казаки.,"Одно осталось у него в памяти: тяжкий хрип полузагнанного коня и, когда глянул вслед ему, — мокрый, отливающий стальным блеском круп. Не осознав еще окончательно подступившего несчастья, Петро тупо оглядел трепещущую в пыли пену, степь, сползающую к хутору волнистым скатом. Со всех концов по желтым скошенным кулигам хлеба скакали к хутору казаки.",False,,False,,True,167
WORD,S1_001,6688,5,5,думать,думает,"— Скажи на милость, что начальство думает?",— Да ить дело стоит!,У меня ить боле ста десятин посеву.,"— Да ить дело стоит! — Скажи на милость, что начальство думает? У меня ить боле ста десятин посеву.",False,,False,,True,168
WORD,S1_025,6916,1,1,полагать,полагать,— Надо полагать — Королевка?,Манила зазывно голубеющая стежка воды.,— Сотник указал на деревушку глазами.,Манила зазывно голубеющая стежка воды. — Надо полагать — Королевка? — Сотник указал на деревушку глазами.,False,,False,,True,169
WORD,S1_010,6976,4,4,колебаться,колеблющимся,"Первая сотня взвыла трясучим колеблющимся криком, крик перенесло к четвертой сотне.",Неудержно летел навстречу черный клин пахоты.,"Лошади в комок сжимали ноги и пластались, кидая назад сажени.","Неудержно летел навстречу черный клин пахоты. Первая сотня взвыла трясучим колеблющимся криком, крик перенесло к четвертой сотне. Лошади в комок сжимали ноги и пластались, кидая назад сажени.",False,,False,,True,170
WORD,S1_011,6985,2,2,мысль,мысль,"Выхолощенная страхом мысль путала в голове тяжелый, застывающий клубок.","В середине грудной клетки Григория словно одубело то, что до атаки суетливо гоняло кровь, он не чувствовал ничего, кроме звона в ушах и боли в пальцах левой ноги.",Первым упал с коня хорунжий Ляховский.,"В середине грудной клетки Григория словно одубело то, что до атаки суетливо гоняло кровь, он не чувствовал ничего, кроме звона в ушах и боли в пальцах левой ноги. Выхолощенная страхом мысль путала в голове тяжелый, застывающий клубок. Первым упал с коня хорунжий Ляховский.",False,,False,,True,171
WORD,S1_017,6991,5,5,понять,понял,"Григорий не слышал крика, но понял по лицу Прохора, прижатому к земле с перекошенным ртом и вылезшими из орбит телячьими глазами, что крикнул тот нечеловечески дико.","Резцом, как алмазом на стекле, вырезала память Григория и удержала надолго розовые десны Прохорова коня с ощеренными плитами зубов, Прохора, упавшего плашмя, растоптанного копытами скакавшего сзади казака.",Падали еще.,"Резцом, как алмазом на стекле, вырезала память Григория и удержала надолго розовые десны Прохорова коня с ощеренными плитами зубов, Прохора, упавшего плашмя, растоптанного копытами скакавшего сзади казака. Григорий не слышал крика, но понял по лицу Прохора, прижатому к земле с перекошенным ртом и вылезшими из орбит телячьими глазами, что крикнул тот нечеловечески дико. Падали еще.",False,,False,,True,172
WORD,S1_016,7065,0,0,помнить,Помните,"— Помните одно: хочешь живым быть, из смертного боя целым выйтить — надо человечью правду блюсть.","Петро отвернул полу шинели, прислушался.","— Какую? — спросил Степан Астахов, лежавший с краю.","Петро отвернул полу шинели, прислушался. — Помните одно: хочешь живым быть, из смертного боя целым выйтить — надо человечью правду блюсть. — Какую? — спросил Степан Астахов, лежавший с краю.",False,,False,,True,173
WORD,S1_017,7210,1,1,понять,поняв,"Не поняв, над чем смеются, относя этот смех на свой счет, Крючков вспыхнул:
— Коршунов, ты гляди!..",Позади в рядах сдержанно захохотали.,Приедем — полсотни пряжек вварю!,"Позади в рядах сдержанно захохотали. Не поняв, над чем смеются, относя этот смех на свой счет, Крючков вспыхнул:
— Коршунов, ты гляди!.. Приедем — полсотни пряжек вварю!",False,,False,,True,174
WORD,S1_002,7361,2,2,подумать,подумал,"«Вот оно», — подумал каждый.","В напряженную тишину полковник кинул:
— Казаки!.. — и властно загреб к себе общее внимание.",Пружинилось нетерпеливое волнение.,"В напряженную тишину полковник кинул:
— Казаки!.. — и властно загреб к себе общее внимание. «Вот оно», — подумал каждый. Пружинилось нетерпеливое волнение.",False,,False,,True,175
WORD,S1_020,7585,8,8,ясно,ясно,Он слышал топот бежавшего Крючкова и теперь уже ясно видел в бинокль плывущую за рыжеватой полосой травы кучку всадников.,Немецкий разъезд!,Он различал даже гнедую масть их лошадей и темно-синюю окраску мундиров.,Немецкий разъезд! Он слышал топот бежавшего Крючкова и теперь уже ясно видел в бинокль плывущую за рыжеватой полосой травы кучку всадников. Он различал даже гнедую масть их лошадей и темно-синюю окраску мундиров.,False,,False,,True,176
WORD,S1_020,7622,3,3,ясно,ясно,Даже невооруженным глазом ясно стало видно синюю форму немецких драгун.,Казаки шли шибкой рысью.,"Они ехали куцей рысью по направлению на второй пост, стоявший в фольварке верстах в трех от местечка, и оглядывались на казаков.","Казаки шли шибкой рысью. Даже невооруженным глазом ясно стало видно синюю форму немецких драгун. Они ехали куцей рысью по направлению на второй пост, стоявший в фольварке верстах в трех от местечка, и оглядывались на казаков.",False,,False,,True,177
WORD,S1_011,7674,2,2,мысль,мысль,"Догонит!» — стыла мысль, и Иванков не думал об обороне; сжимая в комок свое большое полное тело, головой касался холки коня.",Вот!,Его догнал рослый рыжеватый немец.,"Вот! Догонит!» — стыла мысль, и Иванков не думал об обороне; сжимая в комок свое большое полное тело, головой касался холки коня. Его догнал рослый рыжеватый немец.",False,,False,,True,178
WORD,S1_001,7674,6,6,думать,думал,"Догонит!» — стыла мысль, и Иванков не думал об обороне; сжимая в комок свое большое полное тело, головой касался холки коня.",Вот!,Его догнал рослый рыжеватый немец.,"Вот! Догонит!» — стыла мысль, и Иванков не думал об обороне; сжимая в комок свое большое полное тело, головой касался холки коня. Его догнал рослый рыжеватый немец.",False,,False,,True,179
PHRASE,PHR_086,7765,3,4,собраться идти,собралась идти,"Сотня только что собралась идти на купанье к помещичьему пруду, когда со станции, расположенной в трех верстах от имения, выехал крупный отряд конницы.","Полк, выведенный с линии боев, стоял на трехдневном отдыхе, пополняемый прибывшим с Дона подкреплением.","Пока казаки четвертой сотни дошли до плотины, отряд, выехавший со станции, спустился под изволок, и теперь ясно стало видно, что конница — казаки.","Полк, выведенный с линии боев, стоял на трехдневном отдыхе, пополняемый прибывшим с Дона подкреплением. Сотня только что собралась идти на купанье к помещичьему пруду, когда со станции, расположенной в трех верстах от имения, выехал крупный отряд конницы. Пока казаки четвертой сотни дошли до плотины, отряд, выехавший со станции, спустился под изволок, и теперь ясно стало видно, что конница — казаки.",False,,False,,True,180
WORD,S1_020,7766,16,16,ясно,ясно,"Пока казаки четвертой сотни дошли до плотины, отряд, выехавший со станции, спустился под изволок, и теперь ясно стало видно, что конница — казаки.","Сотня только что собралась идти на купанье к помещичьему пруду, когда со станции, расположенной в трех верстах от имения, выехал крупный отряд конницы.","Прохор Зыков, выгибаясь, снимал на плотине гимнастерку; выпростав голову, вгляделся.","Сотня только что собралась идти на купанье к помещичьему пруду, когда со станции, расположенной в трех верстах от имения, выехал крупный отряд конницы. Пока казаки четвертой сотни дошли до плотины, отряд, выехавший со станции, спустился под изволок, и теперь ясно стало видно, что конница — казаки. Прохор Зыков, выгибаясь, снимал на плотине гимнастерку; выпростав голову, вгляделся.",False,,False,,True,181
WORD,S1_002,7785,2,2,подумать,подумал,"«Нового купили», — подумал и перевел взгляд на лицо брата, странно измененное давностью последнего свидания, загорелое, с подрезанными усами пшеничного цвета и обожженными солнцем серебристыми бровями.","Собрав на скулах рытвинки морщин, Григорий вглядывался, стараясь узнать под Петром коня.","Григорий пошел ему навстречу, сняв фуражку, помахивая рукой, как на ученье.","Собрав на скулах рытвинки морщин, Григорий вглядывался, стараясь узнать под Петром коня. «Нового купили», — подумал и перевел взгляд на лицо брата, странно измененное давностью последнего свидания, загорелое, с подрезанными усами пшеничного цвета и обожженными солнцем серебристыми бровями. Григорий пошел ему навстречу, сняв фуражку, помахивая рукой, как на ученье.",False,,False,,True,182
WORD,S1_002,7790,4,4,подумать,подумал,"«Хрипатый, должно, и злой», — подумал Григорий, улыбаясь брату и оглядывая мельком крепко подогнанную фигуру есаула, горбоносого коня под ним, калмыцкой, видно, породы.","Вел ее есаул, пожилой и плотный, со свежевыбритой головой, с деревянно твердыми загибами властного бритого рта.",— Сотня! — звякнул есаул чистым насталенным голосом.,"Вел ее есаул, пожилой и плотный, со свежевыбритой головой, с деревянно твердыми загибами властного бритого рта. «Хрипатый, должно, и злой», — подумал Григорий, улыбаясь брату и оглядывая мельком крепко подогнанную фигуру есаула, горбоносого коня под ним, калмыцкой, видно, породы. — Сотня! — звякнул есаул чистым насталенным голосом.",False,,False,,True,183
WORD,S1_001,7879,2,2,думать,думал,— А я думал — нам подмога.,"Нет, мы в Двадцать седьмом полку.","— Нашу сотню к какой-то пехотной дивизии пристегивают, это мы ее догоняем, а с нами маршевая шла, молодых к вам пригнали.","Нет, мы в Двадцать седьмом полку. — А я думал — нам подмога. — Нашу сотню к какой-то пехотной дивизии пристегивают, это мы ее догоняем, а с нами маршевая шла, молодых к вам пригнали.",False,,False,,True,184
WORD,S1_016,7971,4,4,помнить,помню,"— А я вот тебя помню, — насмешливо улыбнулся Степан и прошел не останавливаясь, обнял за плечо шагавшего впереди казака в урядницких погонах.",— Почти что.,Затемно из штаба дивизии получили телефонограмму с приказанием выступить на позицию.,"— Почти что. — А я вот тебя помню, — насмешливо улыбнулся Степан и прошел не останавливаясь, обнял за плечо шагавшего впереди казака в урядницких погонах. Затемно из штаба дивизии получили телефонограмму с приказанием выступить на позицию.",False,,False,,True,185
WORD,S1_016,7995,7,7,помнить,помню,"Прежде всего о ней: в феврале, не помню какого числа, меня познакомил с ней ее земляк, студент Боярышкин.",Хочу вести подобие институтского „дневника“.,Я столкнулся с ними у входа в синематограф.,"Хочу вести подобие институтского „дневника“. Прежде всего о ней: в феврале, не помню какого числа, меня познакомил с ней ее земляк, студент Боярышкин. Я столкнулся с ними у входа в синематограф.",False,,False,,True,186
WORD,S1_016,8000,0,0,помнить,Помню,"Помню, я что-то изрек нечленораздельное и подержал в руке ее мягкую потную ладонь.",Лиза — отменная девушка“.,Так началось мое знакомство с Елизаветой Моховой.,"Лиза — отменная девушка“. Помню, я что-то изрек нечленораздельное и подержал в руке ее мягкую потную ладонь. Так началось мое знакомство с Елизаветой Моховой.",False,,False,,True,187
WORD,S1_017,8002,5,5,понять,понял,"Что она испорченная девушка, я понял с первого взгляда: у таких женщин глаза говорят больше, чем следует.",Так началось мое знакомство с Елизаветой Моховой.,"Она на меня произвела, признаюсь, невыгодное впечатление: прежде всего эта теплая мокрая ладонь.","Так началось мое знакомство с Елизаветой Моховой. Что она испорченная девушка, я понял с первого взгляда: у таких женщин глаза говорят больше, чем следует. Она на меня произвела, признаюсь, невыгодное впечатление: прежде всего эта теплая мокрая ладонь.",False,,False,,True,188
WORD,S1_011,8005,26,26,мысль,мысль,"Друг Вася, я сознательно ровняю слог, прибегаю даже к образности, с тем чтобы в свое время, когда сей „дневник“ попадет к тебе в Семипалатинск (есть такая мысль: по окончании любовной интриги, которую завел я с Елизаветой Моховой, переслать тебе его.","Я никогда не встречал, чтобы у людей так потели руки; потом — глаза, в сущности очень красивые глаза, с этаким ореховым оттенком, но в то же время неприятные.","Пожалуй, чтение этого документа доставит тебе немалое удовольствие), ты имел бы точное представление о происходившем.","Я никогда не встречал, чтобы у людей так потели руки; потом — глаза, в сущности очень красивые глаза, с этаким ореховым оттенком, но в то же время неприятные. Друг Вася, я сознательно ровняю слог, прибегаю даже к образности, с тем чтобы в свое время, когда сей „дневник“ попадет к тебе в Семипалатинск (есть такая мысль: по окончании любовной интриги, которую завел я с Елизаветой Моховой, переслать тебе его. Пожалуй, чтение этого документа доставит тебе немалое удовольствие), ты имел бы точное представление о происходившем.",False,,False,,True,189
WORD,S1_001,8016,0,0,думать,Думаю,Думаю заглянуть 28 апреля.,Адрес я записал.,"29 апреля
Был сегодня у нее, угощала чаем с халвой.","Адрес я записал. Думаю заглянуть 28 апреля. 29 апреля
Был сегодня у нее, угощала чаем с халвой.",False,,False,,True,190
WORD,S1_001,8021,3,3,думать,думал,"Набивал папиросы и думал о вещах, не имеющих абсолютно никакого отношения к ней, — в частности, о деньгах.",Пришел от нее поздно.,"Костюм мой изношен до дикости, а „капитала“ нет.","Пришел от нее поздно. Набивал папиросы и думал о вещах, не имеющих абсолютно никакого отношения к ней, — в частности, о деньгах. Костюм мой изношен до дикости, а „капитала“ нет.",False,,False,,True,191
WORD,S1_001,8072,5,5,думать,думаю,"Погляжусь в зеркало — неотразим: дай, думаю, выскажусь.","Э, черт, костюм этот дело попутал!..",У меня как-то здравый расчет преобладает над всем остальным.,"Э, черт, костюм этот дело попутал!.. Погляжусь в зеркало — неотразим: дай, думаю, выскажусь. У меня как-то здравый расчет преобладает над всем остальным.",False,,False,,True,192
WORD,S1_009,8084,4,4,сомнение,сомнению,Это не подлежит никакому сомнению.,"13 мая
Я основательно влюблен.",Все признаки налицо.,"13 мая
Я основательно влюблен. Это не подлежит никакому сомнению. Все признаки налицо.",False,,False,,True,193
WORD,S1_007,8091,9,9,раздумывать,раздумывая,"Я говорил, а она шла молча, потупив голову, словно раздумывая.","Мы шли по Моховой, плиты тротуара резал косой ветер.","Со шляпки на щеку ей стекали дождевые струйки, и она была прекрасна.","Мы шли по Моховой, плиты тротуара резал косой ветер. Я говорил, а она шла молча, потупив голову, словно раздумывая. Со шляпки на щеку ей стекали дождевые струйки, и она была прекрасна.",False,,False,,True,194
WORD,S1_004,8137,3,3,решить,решил,"24 мая
Сегодня решил купить себе на белье, но Лиза ввела меня в непредвиденный расход.",Придется поискать работы.,Ей до зарезу захотелось пообедать в хорошем ресторане и купить себе шелковые чулки.,"Придется поискать работы. 24 мая
Сегодня решил купить себе на белье, но Лиза ввела меня в непредвиденный расход. Ей до зарезу захотелось пообедать в хорошем ресторане и купить себе шелковые чулки.",False,,False,,True,195
WORD,ALEX_008,8163,0,0,вспоминать,Вспоминали,Вспоминали Донщинку.,"4 июня
Сегодня мы катались в лодке по Москве-реке.","Елизавета ведет себя недостойно: все время она злословит на мой счет, иногда очень грубо.","4 июня
Сегодня мы катались в лодке по Москве-реке. Вспоминали Донщинку. Елизавета ведет себя недостойно: все время она злословит на мой счет, иногда очень грубо.",False,,False,,True,196
PHRASE,PHR_080,8254,0,2,решить идти,Решил твердо иду,"Решил твердо: иду за „веру, царя и отечество“.",Завтра слезать в Каменской.,"12 августа
Мне устроили торжественные проводы.","Завтра слезать в Каменской. Решил твердо: иду за „веру, царя и отечество“. 12 августа
Мне устроили торжественные проводы.",False,,False,,True,197
WORD,S1_004,8254,0,0,решить,Решил,"Решил твердо: иду за „веру, царя и отечество“.",Завтра слезать в Каменской.,"12 августа
Мне устроили торжественные проводы.","Завтра слезать в Каменской. Решил твердо: иду за „веру, царя и отечество“. 12 августа
Мне устроили торжественные проводы.",True,PHR_080,False,,False,198
WORD,S1_001,8267,11,11,думать,думал,"Жил-был, здравствовал, изучал математику и прочие точные науки и никогда не думал, что стану таким „шовинистом“.","Разительно похожи на тех немцев на дешевой литографии, которых Козьма Крючков нанизывает на пику.",Уж в полку я с казаками погутарю.,"Разительно похожи на тех немцев на дешевой литографии, которых Козьма Крючков нанизывает на пику. Жил-был, здравствовал, изучал математику и прочие точные науки и никогда не думал, что стану таким „шовинистом“. Уж в полку я с казаками погутарю.",False,,False,,True,199
WORD,S1_016,8320,9,9,помнить,помню,"Я так был оглушен этим первым переживанием, что не помню его лица.","Видна кожаная подкладка лепестками, как в папиросах для того, чтобы не просыпался табак.","Видел лишь желтых крупных муравьев, ползавших по желтому лбу и остекленевшим прищуренным глазам.","Видна кожаная подкладка лепестками, как в папиросах для того, чтобы не просыпался табак. Я так был оглушен этим первым переживанием, что не помню его лица. Видел лишь желтых крупных муравьев, ползавших по желтому лбу и остекленевшим прищуренным глазам.",False,,False,,True,200
WORD,S1_004,8330,13,13,решить,решили,"Мы побоялись ехать прямо по дороге, так как она лежала мимо этого пепелища, решили его околесить.","В полуверсте от местечка — стены какого-то сожженного завода, кирпичные стены с задымленными черными верхушками.","Поехали в сторону, и в это время оттуда в нас начали стрелять.","В полуверсте от местечка — стены какого-то сожженного завода, кирпичные стены с задымленными черными верхушками. Мы побоялись ехать прямо по дороге, так как она лежала мимо этого пепелища, решили его околесить. Поехали в сторону, и в это время оттуда в нас начали стрелять.",False,,False,,True,201
WORD,S1_012,8365,11,11,мысленно,мысленно,"Эскадрон, в котором служил Николай Ростов, идет в атаку, и Ростов мысленно определяет эту черту.","2 сентября
У Толстого в „Войне и мире“ есть место, где он говорит о черте между двумя неприятельскими войсками — черте неизвестности, как бы отделяющей живых от мертвых.","Мне особенно ярко вспомнилось сегодня это место романа потому, что сегодня на заре мы атаковали немецких гусар…","2 сентября
У Толстого в „Войне и мире“ есть место, где он говорит о черте между двумя неприятельскими войсками — черте неизвестности, как бы отделяющей живых от мертвых. Эскадрон, в котором служил Николай Ростов, идет в атаку, и Ростов мысленно определяет эту черту. Мне особенно ярко вспомнилось сегодня это место романа потому, что сегодня на заре мы атаковали немецких гусар…",False,,False,,True,202
WORD,S1_010,8385,2,2,колебаться,колебались,"Звуки выстрелов колебались; казалось, что выше нас горит эта пахучая сосновая хвоя.","Действовали немецкие батареи, судя по звукам, в большом количестве.",Мы были слушателями до восхода солнца.,"Действовали немецкие батареи, судя по звукам, в большом количестве. Звуки выстрелов колебались; казалось, что выше нас горит эта пахучая сосновая хвоя. Мы были слушателями до восхода солнца.",False,,False,,True,203
WORD,S1_011,8388,6,6,мысль,мысли,"В эту минуту так бестолково толпились мысли; единственное, что я представлял в эту минуту до режущей боли отчетливо и ясно, — это многоликое лицо нашей пехоты, идущей в наступление цепями.","Потом продрожало „ура“, вялое, жалкое такое, бессочное, и — тишина, пронизанная чистой работой пулеметов.","Я видел мешковатые серые фигуры в блинчатых защитных фуражках, в грубых, ниже колен, солдатских сапогах, топчущие осеннюю землю, и слышал отчетливый хриповатый смешок немецких пулеметов, перерабатывающих этих живых потных людей в трупы.","Потом продрожало „ура“, вялое, жалкое такое, бессочное, и — тишина, пронизанная чистой работой пулеметов. В эту минуту так бестолково толпились мысли; единственное, что я представлял в эту минуту до режущей боли отчетливо и ясно, — это многоликое лицо нашей пехоты, идущей в наступление цепями. Я видел мешковатые серые фигуры в блинчатых защитных фуражках, в грубых, ниже колен, солдатских сапогах, топчущие осеннюю землю, и слышал отчетливый хриповатый смешок немецких пулеметов, перерабатывающих этих живых потных людей в трупы.",False,,False,,True,204
WORD,S1_020,8388,19,19,ясно,ясно,"В эту минуту так бестолково толпились мысли; единственное, что я представлял в эту минуту до режущей боли отчетливо и ясно, — это многоликое лицо нашей пехоты, идущей в наступление цепями.","Потом продрожало „ура“, вялое, жалкое такое, бессочное, и — тишина, пронизанная чистой работой пулеметов.","Я видел мешковатые серые фигуры в блинчатых защитных фуражках, в грубых, ниже колен, солдатских сапогах, топчущие осеннюю землю, и слышал отчетливый хриповатый смешок немецких пулеметов, перерабатывающих этих живых потных людей в трупы.","Потом продрожало „ура“, вялое, жалкое такое, бессочное, и — тишина, пронизанная чистой работой пулеметов. В эту минуту так бестолково толпились мысли; единственное, что я представлял в эту минуту до режущей боли отчетливо и ясно, — это многоликое лицо нашей пехоты, идущей в наступление цепями. Я видел мешковатые серые фигуры в блинчатых защитных фуражках, в грубых, ниже колен, солдатских сапогах, топчущие осеннюю землю, и слышал отчетливый хриповатый смешок немецких пулеметов, перерабатывающих этих живых потных людей в трупы.",False,,False,,True,205
WORD,S1_017,8480,11,11,понять,понял,"— Глаза Чубатого смеялись, но Григорий по голосу, по хищному трепету ноздрей понял, что говорит он серьезно.","— Убью и не вздохну, — нет во мне жалости!","— Дикой ты и чудак, — сказал Григорий, внимательно осматривая лицо Чубатого.","— Убью и не вздохну, — нет во мне жалости! — Глаза Чубатого смеялись, но Григорий по голосу, по хищному трепету ноздрей понял, что говорит он серьезно. — Дикой ты и чудак, — сказал Григорий, внимательно осматривая лицо Чубатого.",False,,False,,True,206
WORD,S1_001,8500,2,2,думать,думай,"— Ты не думай, как и что.","Мягкий он, человек, как тесто, — поучал Чубатый, смеясь глазами.","Ты — казак, твое дело — рубить, не спрашивая.","Мягкий он, человек, как тесто, — поучал Чубатый, смеясь глазами. — Ты не думай, как и что. Ты — казак, твое дело — рубить, не спрашивая.",False,,False,,True,207
WORD,S1_017,8582,2,2,понять,понял,"Пленный, видимо, понял, заулыбался кривой, жалкой улыбкой; пересиливая себя, он суетился, вывернул карманы и совал казакам помятый влажный шоколад.","— Ну, гони.",— Русин их… русин… нихт австриц!,"— Ну, гони. Пленный, видимо, понял, заулыбался кривой, жалкой улыбкой; пересиливая себя, он суетился, вывернул карманы и совал казакам помятый влажный шоколад. — Русин их… русин… нихт австриц!",False,,False,,True,208
PHRASE,PHR_070,8586,5,7,понять один,поймем все одно,"— Да ты не лопочи, не поймем все одно.",— Оружие есть окромя? — спросил его урядник.,Ливорверт есть?,"— Оружие есть окромя? — спросил его урядник. — Да ты не лопочи, не поймем все одно. Ливорверт есть?",False,,False,,True,209
WORD,S1_017,8586,5,5,понять,поймем,"— Да ты не лопочи, не поймем все одно.",— Оружие есть окромя? — спросил его урядник.,Ливорверт есть?,"— Оружие есть окромя? — спросил его урядник. — Да ты не лопочи, не поймем все одно. Ливорверт есть?",True,PHR_070,False,,False,210
WORD,S1_017,8597,4,4,понять,понять,"Урядник тщетно силился его понять и безнадежно махнул рукой:
— Гони.","Кепи его осталось возле убитой лошади, он просил позволения сходить взять одеяло, кепи и записную книжку, в ней ведь фотография его родных.","Чубатый взял у Кошевого своего коня, сел, поправляя винтовочный ремень, указал рукой:
— Иди, служивый, тоже вояка, едрена-матрена!","Кепи его осталось возле убитой лошади, он просил позволения сходить взять одеяло, кепи и записную книжку, в ней ведь фотография его родных. Урядник тщетно силился его понять и безнадежно махнул рукой:
— Гони. Чубатый взял у Кошевого своего коня, сел, поправляя винтовочный ремень, указал рукой:
— Иди, служивый, тоже вояка, едрена-матрена!",False,,False,,True,211
PHRASE,PHR_056,8605,3,5,остаться в память,остался в памяти,"Таким он и остался в памяти Григория — накинутая внапашку расшивная гусарская куртка, белесые, торчмя поднятые вихры и уверенная, бравая походка.",Белесые его вихры задорно торчали на макушке.,"— Мелехов, поди его коня расседлай, — приказал урядник и с сожалением плюнул на остаток цигарки, уже припекавшей пальцы.","Белесые его вихры задорно торчали на макушке. Таким он и остался в памяти Григория — накинутая внапашку расшивная гусарская куртка, белесые, торчмя поднятые вихры и уверенная, бравая походка. — Мелехов, поди его коня расседлай, — приказал урядник и с сожалением плюнул на остаток цигарки, уже припекавшей пальцы.",False,,False,,True,212
WORD,S1_001,8622,2,2,думать,думал,— Побег он… думал убечь…,— Чего лезешь? — огрызнулся Чубатый.,— Упустил?,— Чего лезешь? — огрызнулся Чубатый. — Побег он… думал убечь… — Упустил?,False,,False,,True,213
WORD,S1_017,8634,0,0,понять,Понял,"Понял, а?","— Не лезь, куда не надо!",Не лезь! — строго повторил Чубатый.,"— Не лезь, куда не надо! Понял, а? Не лезь! — строго повторил Чубатый.",False,,False,,True,214
WORD,S1_012,8715,6,6,мысленно,мысленно,"«Вот так, вот так, вот так!» — мысленно отсчитывал Григорий конские броски.","Венгерцы увидели казаков и, бросив оружие, поскакали.","Нога его на секунду потеряла стремя, и он, чувствуя свое неустойчивое положение в седле, ловил стремя с внутренним страхом; свесившись, поймал, вдел носок и, подняв глаза, увидел орудийную запряжку шестерней, на передней — обнявшего руками конскую шею зарубленного ездового, в заплавленной кровью и мозгами рубахе.","Венгерцы увидели казаков и, бросив оружие, поскакали. «Вот так, вот так, вот так!» — мысленно отсчитывал Григорий конские броски. Нога его на секунду потеряла стремя, и он, чувствуя свое неустойчивое положение в седле, ловил стремя с внутренним страхом; свесившись, поймал, вдел носок и, подняв глаза, увидел орудийную запряжку шестерней, на передней — обнявшего руками конскую шею зарубленного ездового, в заплавленной кровью и мозгами рубахе.",False,,False,,True,215
WORD,S1_017,8730,8,8,понять,понял,"Он ощутил во рту горячий рассол крови и понял, что падает, — откуда-то сбоку, кружась, стремительно неслась на него одетая жнивьем земля.",Страшный удар в голову сзади вырвал у Григория сознание.,Жестокий толчок при падении на секунду вернул его к действительности.,"Страшный удар в голову сзади вырвал у Григория сознание. Он ощутил во рту горячий рассол крови и понял, что падает, — откуда-то сбоку, кружась, стремительно неслась на него одетая жнивьем земля. Жестокий толчок при падении на секунду вернул его к действительности.",False,,False,,True,216
WORD,S1_011,8735,4,4,мысль,мысль,"«Все», — змейкой скользнула облегчающая мысль.","В последний раз открыл Григорий глаза, увидел раздутые розовые ноздри лошади, чей-то пронизавший стремя сапог.",Гул и черная пустота.,"В последний раз открыл Григорий глаза, увидел раздутые розовые ноздри лошади, чей-то пронизавший стремя сапог. «Все», — змейкой скользнула облегчающая мысль. Гул и черная пустота.",False,,False,,True,217
WORD,S1_004,8737,8,8,решить,решил,"XIV
В первых числах августа сотник Евгений Листницкий решил перевестись из лейб-гвардии Атаманского полка в какой-либо казачий армейский полк.",Гул и черная пустота.,"Он подал рапорт и через три недели выхлопотал себе назначение в один из полков, находившихся в действующей армии.","Гул и черная пустота. XIV
В первых числах августа сотник Евгений Листницкий решил перевестись из лейб-гвардии Атаманского полка в какой-либо казачий армейский полк. Он подал рапорт и через три недели выхлопотал себе назначение в один из полков, находившихся в действующей армии.",False,,False,,True,218
PHRASE,PHR_076,8739,10,11,принять решение,принятом решении,"Оформив назначение, он перед отъездом из Петрограда известил отца о принятом решении коротким письмом:
Папа, я хлопотал о переводе меня из Атаманского полка в армию.","Он подал рапорт и через три недели выхлопотал себе назначение в один из полков, находившихся в действующей армии.",Сегодня я получил назначение и уезжаю в распоряжение командира 2-го корпуса.,"Он подал рапорт и через три недели выхлопотал себе назначение в один из полков, находившихся в действующей армии. Оформив назначение, он перед отъездом из Петрограда известил отца о принятом решении коротким письмом:
Папа, я хлопотал о переводе меня из Атаманского полка в армию. Сегодня я получил назначение и уезжаю в распоряжение командира 2-го корпуса.",False,,False,,True,219
PHRASE,PHR_076,8741,5,7,принять решение,принятое мною решение,"Вас, по всей вероятности, удивит принятое мною решение, но я объясняю его следующим образом: меня тяготила та обстановка, в которой приходилось вращаться.",Сегодня я получил назначение и уезжаю в распоряжение командира 2-го корпуса.,"Парады, встречи, караулы — вся эта дворцовая служба набила мне оскомину.","Сегодня я получил назначение и уезжаю в распоряжение командира 2-го корпуса. Вас, по всей вероятности, удивит принятое мною решение, но я объясняю его следующим образом: меня тяготила та обстановка, в которой приходилось вращаться. Парады, встречи, караулы — вся эта дворцовая служба набила мне оскомину.",False,,False,,True,220
WORD,S1_025,8744,1,1,полагать,полагать,"Надо полагать, что во мне сказывается славная кровь Листницких, тех, которые, начиная с Отечественной войны, вплетали лавры в венок русского оружия.","Приелось все это до тошноты, хочется живого дела и… если хотите — подвига.",Еду на фронт.,"Приелось все это до тошноты, хочется живого дела и… если хотите — подвига. Надо полагать, что во мне сказывается славная кровь Листницких, тех, которые, начиная с Отечественной войны, вплетали лавры в венок русского оружия. Еду на фронт.",False,,False,,True,221
WORD,S1_002,8819,17,17,подумать,подумайте,"Поезжайте, — согласился доктор и, фамильярно покручивая пуговицу на шинели сотника, ища сочувствия, грохотал сдержанным басом: — Ведь вы подумайте, сотник: протряслись двести верст в скотских вагонах, для того чтобы слоняться тут без дела, в то время как на том участке, откуда мой лазарет перебросили, два дня шли кровопролитнейшие бои, осталась масса раненых, которым срочно нужна была наша помощь.","— Садитесь, сотник, на двуколку.","— Доктор со злым сладострастием повторил: «кровопролитнейшие бои», налегая на «р», прирыкивая.","— Садитесь, сотник, на двуколку. Поезжайте, — согласился доктор и, фамильярно покручивая пуговицу на шинели сотника, ища сочувствия, грохотал сдержанным басом: — Ведь вы подумайте, сотник: протряслись двести верст в скотских вагонах, для того чтобы слоняться тут без дела, в то время как на том участке, откуда мой лазарет перебросили, два дня шли кровопролитнейшие бои, осталась масса раненых, которым срочно нужна была наша помощь. — Доктор со злым сладострастием повторил: «кровопролитнейшие бои», налегая на «р», прирыкивая.",False,,False,,True,222
WORD,S1_016,8826,0,0,помнить,Помните,Помните Вересаева «Записки врача»?,"Нет распорядительности, просто нет здравого ума.",Вот-с!,"Нет распорядительности, просто нет здравого ума. Помните Вересаева «Записки врача»? Вот-с!",False,,False,,True,223
WORD,S1_025,8912,1,1,полагать,полагать,"«Надо полагать, что задалось ему на фронте.","Он расспрашивал Листницкого о прежней службе, о столичных новостях, о дороге; и за все время короткого их разговора ни разу не поднял на собеседника отягощенных какой-то большою усталостью глаз.","Вид у него смертельно усталый», — соболезнующе подумал сотник, разглядывая высокий умный лоб полковника.","Он расспрашивал Листницкого о прежней службе, о столичных новостях, о дороге; и за все время короткого их разговора ни разу не поднял на собеседника отягощенных какой-то большою усталостью глаз. «Надо полагать, что задалось ему на фронте. Вид у него смертельно усталый», — соболезнующе подумал сотник, разглядывая высокий умный лоб полковника.",False,,False,,True,224
WORD,S1_002,8913,6,6,подумать,подумал,"Вид у него смертельно усталый», — соболезнующе подумал сотник, разглядывая высокий умный лоб полковника.","«Надо полагать, что задалось ему на фронте.","Но тот, словно разубеждая его, эфесом шашки почесал переносье, сказал:
— Подите, сотник, познакомьтесь с офицерами, я, знаете ли, не спал три ночи.","«Надо полагать, что задалось ему на фронте. Вид у него смертельно усталый», — соболезнующе подумал сотник, разглядывая высокий умный лоб полковника. Но тот, словно разубеждая его, эфесом шашки почесал переносье, сказал:
— Подите, сотник, познакомьтесь с офицерами, я, знаете ли, не спал три ночи.",False,,False,,True,225
WORD,ALEX_008,8917,3,3,вспоминать,вспоминая,"Он ушел, неприязненно вспоминая встречу, иронизируя над тем уважением, которое невольно внушили ему усталый вид и шрам на широком подбородке полковника.","Листницкий, козыряя, таил в усмешке жесткое презренье.","XV
Дивизия получила задание форсировать реку Стырь и около Ловишчей выйти противнику в тыл.","Листницкий, козыряя, таил в усмешке жесткое презренье. Он ушел, неприязненно вспоминая встречу, иронизируя над тем уважением, которое невольно внушили ему усталый вид и шрам на широком подбородке полковника. XV
Дивизия получила задание форсировать реку Стырь и около Ловишчей выйти противнику в тыл.",False,,False,,True,226
WORD,S1_009,8968,2,2,сомнение,сомнения,— Вне всякого сомнения.,"— Ну, это-то положим!","— Слушай, Терсинцев, нельзя же человека заменить машиной.","— Ну, это-то положим! — Вне всякого сомнения. — Слушай, Терсинцев, нельзя же человека заменить машиной.",False,,False,,True,227
WORD,S1_001,8999,1,1,думать,думая,"— Пожалуй, — думая о чем-то своем, согласился Калмыков и, шевеля пальцами ног, виновато поморщился.","— Давайте спать, — предложил Листницкий.","— Вы, сотник, извините, это у меня от ног такой запах…","— Давайте спать, — предложил Листницкий. — Пожалуй, — думая о чем-то своем, согласился Калмыков и, шевеля пальцами ног, виновато поморщился. — Вы, сотник, извините, это у меня от ног такой запах…",False,,False,,True,228
WORD,S1_004,9017,3,3,решить,решил,"— Что ж, поезжай… — решил Листницкий и встал.",— Я ничем не проштрафился.,"— Эй, ты! — крикнул он вслед уходившему казаку.","— Я ничем не проштрафился. — Что ж, поезжай… — решил Листницкий и встал. — Эй, ты! — крикнул он вслед уходившему казаку.",False,,False,,True,229
WORD,S1_001,9080,6,6,думать,думаете,"— Горек будет ее мед, как вы думаете?","Бунчук глазами указал ему на пчелу, и Листницкий улыбнулся.",Ответил ему не Бунчук.,"Бунчук глазами указал ему на пчелу, и Листницкий улыбнулся. — Горек будет ее мед, как вы думаете? Ответил ему не Бунчук.",False,,False,,True,230
WORD,S1_010,9082,22,22,колебаться,колеблясь,"Откуда-то из-за дальней купы сосен пулемет взлохматил тишину пронзительным сорочьим чечеканьем, разбрызг воющих пуль пронизал березки, на гриву сотникова коня, кружась и колеблясь, упала ссеченная пулей ветка.",Ответил ему не Бунчук.,"Они скакали к деревушке, понукая лошадей криками, плетьми.","Ответил ему не Бунчук. Откуда-то из-за дальней купы сосен пулемет взлохматил тишину пронзительным сорочьим чечеканьем, разбрызг воющих пуль пронизал березки, на гриву сотникова коня, кружась и колеблясь, упала ссеченная пулей ветка. Они скакали к деревушке, понукая лошадей криками, плетьми.",False,,False,,True,231
WORD,S1_001,9100,2,2,думать,думаете,"— Что вы думаете делать после войны? — почему-то спросил Листницкий, глядя на волосатые руки вольноопределяющегося.","— Да… пожалуй, изучаю.","— Кто-то посеянное будет собирать, а я… погляжу, — Бунчук сощурил глаза.","— Да… пожалуй, изучаю. — Что вы думаете делать после войны? — почему-то спросил Листницкий, глядя на волосатые руки вольноопределяющегося. — Кто-то посеянное будет собирать, а я… погляжу, — Бунчук сощурил глаза.",False,,False,,True,232
WORD,S1_017,9102,2,2,понять,понять,— Как вас понять?,"— Кто-то посеянное будет собирать, а я… погляжу, — Бунчук сощурил глаза.","— Знаете, сотник, — еще пронзительнее сощурился тот, — поговорку: «Сеющий ветер пожнет бурю»?","— Кто-то посеянное будет собирать, а я… погляжу, — Бунчук сощурил глаза. — Как вас понять? — Знаете, сотник, — еще пронзительнее сощурился тот, — поговорку: «Сеющий ветер пожнет бурю»?",False,,False,,True,233
WORD,S1_020,9106,2,2,ясно,ясно,— И так ясно.,"— А вы бы без аллегорий, яснее.","Прощайте, сотник, мне налево.","— А вы бы без аллегорий, яснее. — И так ясно. Прощайте, сотник, мне налево.",False,,False,,True,234
WORD,S1_001,9110,9,9,думать,думал,"«Что он, оригинальничает или просто человек с чудинкой?» — раздраженно думал Листницкий, шагая в опрятную землянку командира сотни.","Пожимая плечами, сотник долго провожал его взглядом.","XVI
Вместе со второй очередью ушла и третья.","Пожимая плечами, сотник долго провожал его взглядом. «Что он, оригинальничает или просто человек с чудинкой?» — раздраженно думал Листницкий, шагая в опрятную землянку командира сотни. XVI
Вместе со второй очередью ушла и третья.",False,,False,,True,235
WORD,S1_011,9200,5,5,мысль,мысль,"Скорей!» — гнала ее, огнем хлестала мысль.",Все теперь мне!,"Наталья билась в руках у Дарьи и с радостным облегчением принимала беспамятство, лишь бы отдалить тот момент, когда вернется сознание и властно напомнит о случившемся.","Все теперь мне! Скорей!» — гнала ее, огнем хлестала мысль. Наталья билась в руках у Дарьи и с радостным облегчением принимала беспамятство, лишь бы отдалить тот момент, когда вернется сознание и властно напомнит о случившемся.",False,,False,,True,236
PHRASE,PHR_060,9225,16,17,не забывать,не забывать,"В следующем письме просил Петро прислать ему сушеной вишни «с родимых донских своих садов» и просил не забывать, писать чаще; там же ругал он Григория за то, что, по словам казаков, плохо Гришка присматривает за конем, — а ему, Петру, обидно, так как конь Гнедой — его, Петра, собственный и кровный; просил отца написать от себя Григорию.","Пишу на седле, и дюже качает.","«Я ему доводил до ума через казаков, что если он не будет ухаживать за конем, как за своим добром, то встренемся и я ему морду в кровь побью, хотя он и крестовый кавалер теперь», — писал Петро, а затем следовали бесчисленные поклоны, и сквозь мятые, подмоченные дождем строки письма ощутимо дышала горькая грусть.","Пишу на седле, и дюже качает. В следующем письме просил Петро прислать ему сушеной вишни «с родимых донских своих садов» и просил не забывать, писать чаще; там же ругал он Григория за то, что, по словам казаков, плохо Гришка присматривает за конем, — а ему, Петру, обидно, так как конь Гнедой — его, Петра, собственный и кровный; просил отца написать от себя Григорию. «Я ему доводил до ума через казаков, что если он не будет ухаживать за конем, как за своим добром, то встренемся и я ему морду в кровь побью, хотя он и крестовый кавалер теперь», — писал Петро, а затем следовали бесчисленные поклоны, и сквозь мятые, подмоченные дождем строки письма ощутимо дышала горькая грусть.",False,,False,,True,237
WORD,S1_002,9248,8,8,подумать,подумал,"Он высморкался, рукавом чекменька раздавил щекотавшую щеку слезу, подумал: «Старею, видно.","Дожил я… — шептал старик, сходя со ступенек моховского магазина.",Слабый на слезу стал…,"Дожил я… — шептал старик, сходя со ступенек моховского магазина. Он высморкался, рукавом чекменька раздавил щекотавшую щеку слезу, подумал: «Старею, видно. Слабый на слезу стал…",False,,False,,True,238
WORD,S1_011,9253,12,12,мысль,мысль,"Он хромал по улице, прижимая к груди кулек с конфетами, и опять мысль его, как чибис над болотом, вилась вокруг Григория, набредали на память слова из Петрова письма.",Подкосил меня Гришка трошки…»,Тут-то и повстречался ему сват Коршунов.,"Подкосил меня Гришка трошки…» Он хромал по улице, прижимая к груди кулек с конфетами, и опять мысль его, как чибис над болотом, вилась вокруг Григория, набредали на память слова из Петрова письма. Тут-то и повстречался ему сват Коршунов.",False,,False,,True,239
WORD,S1_010,9315,4,4,колебаться,колеблясь,"Мирон Григорьевич взял не колеблясь, тоже свернул цигарку за счет щедротного моховского подарка.","Свернул бумажку, всыпал из четвертки щепоть турецкого табаку и протянул пачку свату.",Закурили.,"Свернул бумажку, всыпал из четвертки щепоть турецкого табаку и протянул пачку свату. Мирон Григорьевич взял не колеблясь, тоже свернул цигарку за счет щедротного моховского подарка. Закурили.",False,,False,,True,240
PHRASE,PHR_086,9367,20,21,собраться идти,собралась идти,"Какая бы неведомая причина ни побудила его на это, но для Натальи это было толчком: в первое же воскресенье она собралась идти в Ягодное.",После поклонов отцу и матери он слал поклон и нижайшее почтение Наталье Мироновне.,"— Куда ты, Наташа? — спросила Дуняшка, глядя, как Наталья перед осколком зеркала внимательно и строго рассматривает свое лицо.","После поклонов отцу и матери он слал поклон и нижайшее почтение Наталье Мироновне. Какая бы неведомая причина ни побудила его на это, но для Натальи это было толчком: в первое же воскресенье она собралась идти в Ягодное. — Куда ты, Наташа? — спросила Дуняшка, глядя, как Наталья перед осколком зеркала внимательно и строго рассматривает свое лицо.",False,,False,,True,241
WORD,S1_017,9369,8,8,понять,поняв,"— Своих пойду проведаю, — солгала та и покраснела, впервые поняв, что идет на великое унижение, на большую нравственную пытку.","— Куда ты, Наташа? — спросила Дуняшка, глядя, как Наталья перед осколком зеркала внимательно и строго рассматривает свое лицо.","— Ты, Наталья, хоть бы сроду раз со мной на игрища пошла, — охорашиваясь, попросила Дарья.","— Куда ты, Наташа? — спросила Дуняшка, глядя, как Наталья перед осколком зеркала внимательно и строго рассматривает свое лицо. — Своих пойду проведаю, — солгала та и покраснела, впервые поняв, что идет на великое унижение, на большую нравственную пытку. — Ты, Наталья, хоть бы сроду раз со мной на игрища пошла, — охорашиваясь, попросила Дарья.",False,,False,,True,242
WORD,S1_007,9418,1,1,раздумывать,раздумывая,"Дарья, раздумывая, почесала гребешком переносицу, тряхнула головой.","— Я дома у своих, должно, заночую.","— Ну, иди.","— Я дома у своих, должно, заночую. Дарья, раздумывая, почесала гребешком переносицу, тряхнула головой. — Ну, иди.",False,,False,,True,243
WORD,S1_009,9441,2,2,сомнение,сомнения,"Теперь без сомнения узнавала Аксинья в ребенке отца и от этого прикипала к нему жгучим чувством, — не было уж так, как раньше, когда подходила она к люльке и отшатывалась, найдя в сонном личике девочки какой-нибудь отдаленный намек, беглое сходство с ненавистными линиями Степанова лица.","С каждым днем девочка все разительнее запохаживалась на отца, даже улыбка отсвечивала мелеховским, Гришкиным, звероватым.","Цедились дни, и после каждого оседала в душе Аксиньи терпкая горечь.","С каждым днем девочка все разительнее запохаживалась на отца, даже улыбка отсвечивала мелеховским, Гришкиным, звероватым. Теперь без сомнения узнавала Аксинья в ребенке отца и от этого прикипала к нему жгучим чувством, — не было уж так, как раньше, когда подходила она к люльке и отшатывалась, найдя в сонном личике девочки какой-нибудь отдаленный намек, беглое сходство с ненавистными линиями Степанова лица. Цедились дни, и после каждого оседала в душе Аксиньи терпкая горечь.",False,,False,,True,244
WORD,S1_001,9444,5,5,думать,думая,"В пеленки выплакивала излишки слез, думая в детской своей наивности: «Гришкино дите, он сердцем должен почуять, как тоскую об нем».","Тревога за жизнь любимого сверлила мозг, не покидала ее днями, наведывалась и ночью, и тогда то, что копилось в душе, взнузданное до времени волей, — рвало плотины: ночь, всю дотла, билась Аксинья в немом крике, в слезах, кусая руки, чтобы не разбудить ребенка, утишить крик и нравственную боль убить физической.","После таких ночей вставала она, как избитая: ломило все тело, настойчиво, неутомимо стучали в висках серебряные молоточки, в опущенных, когда-то отрочески пухлых углах рта ложилась мужалая горесть.","Тревога за жизнь любимого сверлила мозг, не покидала ее днями, наведывалась и ночью, и тогда то, что копилось в душе, взнузданное до времени волей, — рвало плотины: ночь, всю дотла, билась Аксинья в немом крике, в слезах, кусая руки, чтобы не разбудить ребенка, утишить крик и нравственную боль убить физической. В пеленки выплакивала излишки слез, думая в детской своей наивности: «Гришкино дите, он сердцем должен почуять, как тоскую об нем». После таких ночей вставала она, как избитая: ломило все тело, настойчиво, неутомимо стучали в висках серебряные молоточки, в опущенных, когда-то отрочески пухлых углах рта ложилась мужалая горесть.",False,,False,,True,245
WORD,S1_011,9459,10,10,мысль,мыслей,"«От жары, должно быть, в ушах больно», — выцарапалась из вороха мыслей одна.",Слух ее болезненно скоблило шорохом Аксиньиного платья.,"Дверь, пропустив Наталью, притворила Аксинья.","Слух ее болезненно скоблило шорохом Аксиньиного платья. «От жары, должно быть, в ушах больно», — выцарапалась из вороха мыслей одна. Дверь, пропустив Наталью, притворила Аксинья.",False,,False,,True,246
WORD,S1_001,9505,2,2,думать,думаешь,"И ты думаешь, он позавидует на тебя?","Глянь, шею-то у тебя покривило!","Здоровую бросил, а на калеку позавидует?","Глянь, шею-то у тебя покривило! И ты думаешь, он позавидует на тебя? Здоровую бросил, а на калеку позавидует?",False,,False,,True,247
WORD,S1_001,9512,1,1,думать,думаешь,"— Ты думаешь, я надеялась, что выпрошу?","Она видела, что Наталья, несмотря на слегка покривленную шею, так же хороша, как и раньше, — щеки ее и рот свежи, не измяты временем, — а у нее, Аксиньи, не по вине ли этой Натальи раньше времени сплелась под глазами паутинка морщин?",— Наталья подняла пьяные от муки глаза.,"Она видела, что Наталья, несмотря на слегка покривленную шею, так же хороша, как и раньше, — щеки ее и рот свежи, не измяты временем, — а у нее, Аксиньи, не по вине ли этой Натальи раньше времени сплелась под глазами паутинка морщин? — Ты думаешь, я надеялась, что выпрошу? — Наталья подняла пьяные от муки глаза.",False,,False,,True,248
WORD,S1_001,9527,5,5,думать,думая,"Лежала, ни о чем не думая, раздавленная неизъяснимой тоской…","Наталья отошла от имения версты три, прилегла под кустом дикого терна.",Перед глазами ее неотступно маячили на лице ребенка угрюмоватые черные глаза Григория.,"Наталья отошла от имения версты три, прилегла под кустом дикого терна. Лежала, ни о чем не думая, раздавленная неизъяснимой тоской… Перед глазами ее неотступно маячили на лице ребенка угрюмоватые черные глаза Григория.",False,,False,,True,249
WORD,S1_018,9537,0,0,осознать,Осознав,"Осознав случившееся с ним, чувствуя неотвратимо подступающий ужас, он полз на четвереньках, скрипя зубами.","Григорий смотрел, не мигая, широко открытыми глазами; ему казалось, это — не звезды, а полные голубовато-желтые неведомые плоды висят на черенках листьев.","Боль играла с ним, валила его навзничь…","Григорий смотрел, не мигая, широко открытыми глазами; ему казалось, это — не звезды, а полные голубовато-желтые неведомые плоды висят на черенках листьев. Осознав случившееся с ним, чувствуя неотвратимо подступающий ужас, он полз на четвереньках, скрипя зубами. Боль играла с ним, валила его навзничь…",False,,False,,True,250
WORD,S1_001,9630,11,11,думать,думал,"— Я как лез оттуда, его все кликал, — отворачиваясь, глухо говорил Григорий, — думал — он не уйдет от меня, а поймать его трудно, не дается он чужим.",— Я диву дался: корм не жрет и так это потихоньку игогокает.,"— Верно, мы его насилу взяли.","— Я диву дался: корм не жрет и так это потихоньку игогокает. — Я как лез оттуда, его все кликал, — отворачиваясь, глухо говорил Григорий, — думал — он не уйдет от меня, а поймать его трудно, не дается он чужим. — Верно, мы его насилу взяли.",False,,False,,True,251
WORD,S1_016,9650,3,3,помнить,помню,"— Я уже не помню, когда ел, — улыбнулся он виновато.",На его место устало присел Григорий.,По городу двигались части 3-го корпуса.,"На его место устало присел Григорий. — Я уже не помню, когда ел, — улыбнулся он виновато. По городу двигались части 3-го корпуса.",False,,False,,True,252
WORD,S1_002,9775,6,6,подумать,подумал,"«Может, какой в Донщину сейчас пойдет?» — подумал Григорий и поник под частыми уколами тоски.",Где-то на окраинах трубили паровозы.,— Вы не дремлете? — спросила сестра.,"Где-то на окраинах трубили паровозы. «Может, какой в Донщину сейчас пойдет?» — подумал Григорий и поник под частыми уколами тоски. — Вы не дремлете? — спросила сестра.",False,,False,,True,253
WORD,S1_001,9784,12,12,думать,думал,"«Воду и то в неволю взяли, за железной решеткой, а Дон…» — неясно думал Григорий.",Повеяло сыростью.,Под резиновыми шинами пролетки зашуршали листья.,"Повеяло сыростью. «Воду и то в неволю взяли, за железной решеткой, а Дон…» — неясно думал Григорий. Под резиновыми шинами пролетки зашуршали листья.",False,,False,,True,254
WORD,S1_004,9819,9,9,решить,решило,"XXII
На Юго-Западном фронте в районе Шевеля командование армии решило грандиозной кавалерийской атакой прорвать фронт противника и кинуть в тыл ему большой кавалерийский отряд, которому надлежало совершить рейд вдоль фронта, разрушая по пути коммуникационные линии, дезорганизуя части противника внезапными налетами.","— Мелехов, пойдемте, посмотрим ваш глаз, — сказала она низким грудным голосом и посторонилась, пропуская Григория в коридор.","На успешное осуществление этого плана командование возлагало большие надежды; небывалое количество конницы было стянуто к указанному району; в числе остальных кавалерийских полков был переброшен на этот участок и казачий полк, в котором служил сотник Листницкий.","— Мелехов, пойдемте, посмотрим ваш глаз, — сказала она низким грудным голосом и посторонилась, пропуская Григория в коридор. XXII
На Юго-Западном фронте в районе Шевеля командование армии решило грандиозной кавалерийской атакой прорвать фронт противника и кинуть в тыл ему большой кавалерийский отряд, которому надлежало совершить рейд вдоль фронта, разрушая по пути коммуникационные линии, дезорганизуя части противника внезапными налетами. На успешное осуществление этого плана командование возлагало большие надежды; небывалое количество конницы было стянуто к указанному району; в числе остальных кавалерийских полков был переброшен на этот участок и казачий полк, в котором служил сотник Листницкий.",False,,False,,True,255
WORD,S1_016,9858,7,7,помнить,помни,"Ты у меня один на этом свете, помни.","Будь здоров, Женя, выздоравливай.","Тетя кланяется тебе, она здравствует, а о себе мне нечего писать, ты знаешь, как я живу.","Будь здоров, Женя, выздоравливай. Ты у меня один на этом свете, помни. Тетя кланяется тебе, она здравствует, а о себе мне нечего писать, ты знаешь, как я живу.",False,,False,,True,256
WORD,S1_004,9913,22,22,решить,решила,"В первый же день, как только болезнь свалила девочку с ног, Аксинье вспомнилась горькая Натальина фраза: «Отольются тебе мои слезы…» — и она решила, что это ее Бог наказывает за то, что тогда глумилась над Натальей.","— Оборвав, подошел к окну, побарабанил пальцами и, подойдя к увеличенной фотографии сына, снятого на руках у няни, отступил два шага и долго смотрел щурясь, словно не узнавая.","Подавленная страхом за жизнь ребенка, она теряла рассудок, бестолково металась, работа валилась из ее рук.","— Оборвав, подошел к окну, побарабанил пальцами и, подойдя к увеличенной фотографии сына, снятого на руках у няни, отступил два шага и долго смотрел щурясь, словно не узнавая. В первый же день, как только болезнь свалила девочку с ног, Аксинье вспомнилась горькая Натальина фраза: «Отольются тебе мои слезы…» — и она решила, что это ее Бог наказывает за то, что тогда глумилась над Натальей. Подавленная страхом за жизнь ребенка, она теряла рассудок, бестолково металась, работа валилась из ее рук.",False,,False,,True,257
WORD,S1_011,9915,5,5,мысль,мысль,"«Неужели отнимет?» — неотступно билась горячечная мысль, и, не веря, всей силой не желая верить, Аксинья неистово молилась, просила у Бога последнюю милость — сохранить жизнь ребенка.","Подавленная страхом за жизнь ребенка, она теряла рассудок, бестолково металась, работа валилась из ее рук.","«Господи, прости!..","Подавленная страхом за жизнь ребенка, она теряла рассудок, бестолково металась, работа валилась из ее рук. «Неужели отнимет?» — неотступно билась горячечная мысль, и, не веря, всей силой не желая верить, Аксинья неистово молилась, просила у Бога последнюю милость — сохранить жизнь ребенка. «Господи, прости!..",False,,False,,True,258
PHRASE,PHR_178,9980,6,7,стать раздумывать,стал раздумывая,"У крыльца он закурил, на минуту стал, раздумывая, и, тряхнув плечами, решительно ступил на крыльцо.","При свете его Евгений глянул на часы, направился в людскую.","Осторожно нажал щеколду, дверь, скрипнув, отворилась.","При свете его Евгений глянул на часы, направился в людскую. У крыльца он закурил, на минуту стал, раздумывая, и, тряхнув плечами, решительно ступил на крыльцо. Осторожно нажал щеколду, дверь, скрипнув, отворилась.",False,,False,,True,259
WORD,S1_007,9980,7,7,раздумывать,раздумывая,"У крыльца он закурил, на минуту стал, раздумывая, и, тряхнув плечами, решительно ступил на крыльцо.","При свете его Евгений глянул на часы, направился в людскую.","Осторожно нажал щеколду, дверь, скрипнув, отворилась.","При свете его Евгений глянул на часы, направился в людскую. У крыльца он закурил, на минуту стал, раздумывая, и, тряхнув плечами, решительно ступил на крыльцо. Осторожно нажал щеколду, дверь, скрипнув, отворилась.",True,PHR_178,False,,False,260
WORD,S1_002,9997,3,3,подумать,подумай,У тебя еще — подумай! — вся жизнь впереди.,"В конце концов, не все потеряно со смертью ребенка.","Евгений, сжав руку Аксиньи, гладил ее с ласковой властностью, говорил, играя низкими нотками голоса.","В конце концов, не все потеряно со смертью ребенка. У тебя еще — подумай! — вся жизнь впереди. Евгений, сжав руку Аксиньи, гладил ее с ласковой властностью, говорил, играя низкими нотками голоса.",False,,False,,True,261
WORD,S1_016,10001,4,4,помнить,помня,"Отягощенная отчаянием Аксинья, не помня себя, отдалась ему со всей бурной, давно забытой страстностью.","Падко бабье сердце на жалость, на ласку.","А когда схлынула небывало опустошительная, помрачающая волна бесстыдного наслаждения, она очнулась, резко вскрикнула, теряя разум, выбежала полуголая, в одной рубахе, на крыльцо.","Падко бабье сердце на жалость, на ласку. Отягощенная отчаянием Аксинья, не помня себя, отдалась ему со всей бурной, давно забытой страстностью. А когда схлынула небывало опустошительная, помрачающая волна бесстыдного наслаждения, она очнулась, резко вскрикнула, теряя разум, выбежала полуголая, в одной рубахе, на крыльцо.",False,,False,,True,262
WORD,S1_002,10006,8,8,подумать,подумал,"Уже лежа в постели, потирая пухлую, мягкую грудь, подумал: «С точки зрения честного человека — это подло, безнравственно.",Его подмывало бодрящее веселье.,Григорий…,"Его подмывало бодрящее веселье. Уже лежа в постели, потирая пухлую, мягкую грудь, подумал: «С точки зрения честного человека — это подло, безнравственно. Григорий…",False,,False,,True,263
WORD,S1_011,10013,5,5,мысль,мыслям,"Он на минуту ужаснулся своим мыслям, но воображение вновь вылепило страшную картину атаки и того момента, когда он поднялся с убитого коня и упал, срезанный пулями.",Мне все можно!»,"Уже засыпая, успокоенно решил: «Завтра об этом, а сейчас спать, спать…»","Мне все можно!» Он на минуту ужаснулся своим мыслям, но воображение вновь вылепило страшную картину атаки и того момента, когда он поднялся с убитого коня и упал, срезанный пулями. Уже засыпая, успокоенно решил: «Завтра об этом, а сейчас спать, спать…»",False,,False,,True,264
WORD,S1_004,10014,3,3,решить,решил,"Уже засыпая, успокоенно решил: «Завтра об этом, а сейчас спать, спать…»","Он на минуту ужаснулся своим мыслям, но воображение вновь вылепило страшную картину атаки и того момента, когда он поднялся с убитого коня и упал, срезанный пулями.","На следующий день утром, оставшись в столовой наедине с Аксиньей, он подошел к ней, виновато улыбаясь, но она, прижавшись к стене, вытягивая руки, опалила его яростным шепотом:
— Не подходи, проклятый!..","Он на минуту ужаснулся своим мыслям, но воображение вновь вылепило страшную картину атаки и того момента, когда он поднялся с убитого коня и упал, срезанный пулями. Уже засыпая, успокоенно решил: «Завтра об этом, а сейчас спать, спать…» На следующий день утром, оставшись в столовой наедине с Аксиньей, он подошел к ней, виновато улыбаясь, но она, прижавшись к стене, вытягивая руки, опалила его яростным шепотом:
— Не подходи, проклятый!..",False,,False,,True,265
WORD,S1_011,10080,4,4,мысль,мысль,"Толчок был дан, проснулась мысль, она изнуряла, придавливала простой, бесхитростный ум Григория.","Подгнили эти устои, ржавью подточила их чудовищная нелепица войны, и нужен был только толчок.","Он метался, искал выхода, разрешения этой непосильной для его разума задачи и с удовлетворением находил его в ответах Гаранжи.","Подгнили эти устои, ржавью подточила их чудовищная нелепица войны, и нужен был только толчок. Толчок был дан, проснулась мысль, она изнуряла, придавливала простой, бесхитростный ум Григория. Он метался, искал выхода, разрешения этой непосильной для его разума задачи и с удовлетворением находил его в ответах Гаранжи.",False,,False,,True,266
WORD,S1_017,10109,1,1,понять,пойму,"— Не пойму, — признался Григорий.",— А шо тоби сердце каже?,"— Хто мэнэ с кручи пихае, того я пихну.","— А шо тоби сердце каже? — Не пойму, — признался Григорий. — Хто мэнэ с кручи пихае, того я пихну.",False,,False,,True,267
WORD,S1_011,10210,12,12,мысль,мыслей,"Оторвали от семьи, морили в казарме…» — клубился в голове его кипящий ком мыслей.",А страх?,Пенная злоба поводила его губы.,"А страх? Оторвали от семьи, морили в казарме…» — клубился в голове его кипящий ком мыслей. Пенная злоба поводила его губы.",False,,False,,True,268
WORD,S1_017,10233,11,11,понять,понять,"Зарывшись головой в подушку, вздрагивая плечами, лежал несколько минут; нельзя было понять — плакал он или смеялся, но встал с сухими, проясневшими глазами.",После отъезда высоких гостей Григорий упал на койку.,Его сейчас же вызвал в кабинет заведующий госпиталем.,"После отъезда высоких гостей Григорий упал на койку. Зарывшись головой в подушку, вздрагивая плечами, лежал несколько минут; нельзя было понять — плакал он или смеялся, но встал с сухими, проясневшими глазами. Его сейчас же вызвал в кабинет заведующий госпиталем.",False,,False,,True,269
WORD,S1_001,10258,14,14,думать,думал,"Иду вот к чужой жене на побывку, без угла, без жилья, как волк буерачный…» — думал Григорий, шагая с равномерной усталостью, горько смеясь над своей диковинно сложившейся жизнью.","«Давно играл я, парнем, а теперь высох мой голос и песни жизнь обрезала.","Из хутора поднялся на косой бугор, оглянулся: в просвете окна последнего куреня желтел огонь висячей лампы, у окна за прялкой сидела пожилая казачка.","«Давно играл я, парнем, а теперь высох мой голос и песни жизнь обрезала. Иду вот к чужой жене на побывку, без угла, без жилья, как волк буерачный…» — думал Григорий, шагая с равномерной усталостью, горько смеясь над своей диковинно сложившейся жизнью. Из хутора поднялся на косой бугор, оглянулся: в просвете окна последнего куреня желтел огонь висячей лампы, у окна за прялкой сидела пожилая казачка.",False,,False,,True,270
WORD,S1_004,10261,1,1,решить,решил,"Он решил переночевать на первом хуторе по Чиру, чтобы на следующий день засветло добраться до Ягодного.","Сойдя с дороги, Григорий пошел по влажно хрупкой, скованной морозцем траве.","Уже за полночь пришел на хутор Грачев, в крайнем дворе заночевал и вышел, чуть только поредели лиловые утренние сумерки.","Сойдя с дороги, Григорий пошел по влажно хрупкой, скованной морозцем траве. Он решил переночевать на первом хуторе по Чиру, чтобы на следующий день засветло добраться до Ягодного. Уже за полночь пришел на хутор Грачев, в крайнем дворе заночевал и вышел, чуть только поредели лиловые утренние сумерки.",False,,False,,True,271
WORD,ALEX_012,10289,1,1,догадаться,догадался,"Григорий догадался, что кашель его притворен, скрывает смущение.",Дед натужно закашлял.,— Танюшку где похоронили?,"Дед натужно закашлял. Григорий догадался, что кашель его притворен, скрывает смущение. — Танюшку где похоронили?",False,,False,,True,272
WORD,S1_001,10348,0,0,думать,Думала,"Думала, не придешь ты…",Давно не писал…,Ты получил от меня последнюю письмо?,"Давно не писал… Думала, не придешь ты… Ты получил от меня последнюю письмо?",False,,False,,True,273
WORD,S1_001,10350,6,6,думать,думаю,"Хотела тебе гостинцев послать, а потом думаю, погожу, — может, от него письмо получу…",Ты получил от меня последнюю письмо?,Она изредка взглядывала на Григория.,"Ты получил от меня последнюю письмо? Хотела тебе гостинцев послать, а потом думаю, погожу, — может, от него письмо получу… Она изредка взглядывала на Григория.",False,,False,,True,274
WORD,S1_001,10493,2,2,думать,думаете,"Как вы думаете, Бунчук?","Дождь, черти б его нюхали, выживает нас… а?","Потирая руки, Бунчук сгорбился, сел около печурки на корточки.","Дождь, черти б его нюхали, выживает нас… а? Как вы думаете, Бунчук? Потирая руки, Бунчук сгорбился, сел около печурки на корточки.",False,,False,,True,275
WORD,S1_001,10572,2,2,думать,думаете,"Как вы думаете, господа?",— Благополучно мы не вылезем из этой войны.,— Меркулов вопрошающе оглядел всех.,"— Благополучно мы не вылезем из этой войны. Как вы думаете, господа? — Меркулов вопрошающе оглядел всех.",False,,False,,True,276
WORD,S1_020,10578,8,8,ясно,ясно,"Удивляет — потому, что до сих пор мне не ясно его отношение к Родине, к войне…","Он заговорил со сдержанной злобой:
— Меня удивляет то обстоятельство, что в среде нашего офицерства есть такие вот, — жест в сторону ссутулившегося Бунчука, — субъекты.","Однажды в разговоре он выразился очень туманно, но все же достаточно ясно для того, чтобы понять, что он стоит за наше поражение в этой войне.","Он заговорил со сдержанной злобой:
— Меня удивляет то обстоятельство, что в среде нашего офицерства есть такие вот, — жест в сторону ссутулившегося Бунчука, — субъекты. Удивляет — потому, что до сих пор мне не ясно его отношение к Родине, к войне… Однажды в разговоре он выразился очень туманно, но все же достаточно ясно для того, чтобы понять, что он стоит за наше поражение в этой войне.",False,,False,,True,277
WORD,S1_020,10579,11,11,ясно,ясно,"Однажды в разговоре он выразился очень туманно, но все же достаточно ясно для того, чтобы понять, что он стоит за наше поражение в этой войне.","Удивляет — потому, что до сих пор мне не ясно его отношение к Родине, к войне…","Так я тебя понял, Бунчук?","Удивляет — потому, что до сих пор мне не ясно его отношение к Родине, к войне… Однажды в разговоре он выразился очень туманно, но все же достаточно ясно для того, чтобы понять, что он стоит за наше поражение в этой войне. Так я тебя понял, Бунчук?",False,,False,,True,278
WORD,S1_017,10579,15,15,понять,понять,"Однажды в разговоре он выразился очень туманно, но все же достаточно ясно для того, чтобы понять, что он стоит за наше поражение в этой войне.","Удивляет — потому, что до сих пор мне не ясно его отношение к Родине, к войне…","Так я тебя понял, Бунчук?","Удивляет — потому, что до сих пор мне не ясно его отношение к Родине, к войне… Однажды в разговоре он выразился очень туманно, но все же достаточно ясно для того, чтобы понять, что он стоит за наше поражение в этой войне. Так я тебя понял, Бунчук?",False,,False,,True,279
PHRASE,PHR_635,10580,2,3,ты понять,тебя понял,"Так я тебя понял, Бунчук?","Однажды в разговоре он выразился очень туманно, но все же достаточно ясно для того, чтобы понять, что он стоит за наше поражение в этой войне.",— Я — за поражение.,"Однажды в разговоре он выразился очень туманно, но все же достаточно ясно для того, чтобы понять, что он стоит за наше поражение в этой войне. Так я тебя понял, Бунчук? — Я — за поражение.",False,,False,,True,280
WORD,S1_017,10580,3,3,понять,понял,"Так я тебя понял, Бунчук?","Однажды в разговоре он выразился очень туманно, но все же достаточно ясно для того, чтобы понять, что он стоит за наше поражение в этой войне.",— Я — за поражение.,"Однажды в разговоре он выразился очень туманно, но все же достаточно ясно для того, чтобы понять, что он стоит за наше поражение в этой войне. Так я тебя понял, Бунчук? — Я — за поражение.",True,PHR_635,False,,False,281
WORD,S1_016,10585,0,0,помнить,Помните,"— Помните, думская фракция большевиков агитировала против правительства, тем самым содействуя поражению? — вмешался Меркулов.",Это — бесчестье для всякого порядочного человека!,"— Ты разделяешь, Бунчук, их точку зрения? — задал вопрос Листницкий.","Это — бесчестье для всякого порядочного человека! — Помните, думская фракция большевиков агитировала против правительства, тем самым содействуя поражению? — вмешался Меркулов. — Ты разделяешь, Бунчук, их точку зрения? — задал вопрос Листницкий.",False,,False,,True,282
WORD,S1_002,10591,9,9,подумать,подумал,"«Ты прежде всего болван, а потом уж самодовольный солдафон», — подумал Бунчук и загасил улыбку.",Меня коробит один вид «товарищей социалистов».,"— Нет бога, кроме Аллаха…","Меня коробит один вид «товарищей социалистов». «Ты прежде всего болван, а потом уж самодовольный солдафон», — подумал Бунчук и загасил улыбку. — Нет бога, кроме Аллаха…",False,,False,,True,283
WORD,S1_001,10628,0,0,думать,Думаю,"Думаю, что те знания, которые достал тут, в окопах, пригодятся в будущем… в будущем.","Ушел-то я добровольно потому, что все равно и так взяли бы.",Вот тут сказано…,"Ушел-то я добровольно потому, что все равно и так взяли бы. Думаю, что те знания, которые достал тут, в окопах, пригодятся в будущем… в будущем. Вот тут сказано…",False,,False,,True,284
WORD,S1_017,10644,10,10,понять,понять,"Бунчук пошевелился, как только что оторванный от сна, и, пытаясь понять вопрос, тер суставом большого пальца шишкастый лоб.",— А что такое «ситуация»? — перебил Чубов.,"— Я спрашиваю, что значит слово «ситуация»?","— А что такое «ситуация»? — перебил Чубов. Бунчук пошевелился, как только что оторванный от сна, и, пытаясь понять вопрос, тер суставом большого пальца шишкастый лоб. — Я спрашиваю, что значит слово «ситуация»?",False,,False,,True,285
WORD,S1_008,10658,10,10,обдумывать,обдумывая,"Листницкий все так же ходил по землянке, пощипывая усики, что-то обдумывая.","Меркулов, насвистывая, сел рисовать.","Вскоре, распрощавшись, ушел и Бунчук.","Меркулов, насвистывая, сел рисовать. Листницкий все так же ходил по землянке, пощипывая усики, что-то обдумывая. Вскоре, распрощавшись, ушел и Бунчук.",False,,False,,True,286
PHRASE,PHR_097,10687,0,1,рассуждать о,Рассуждая о,"Рассуждая о странном поведении Бунчука, Меркулов отложил рисунок, стал раздеваться.",Опасный тип.,"Сырые чулки повесил на печурку, завел часы и, выкурив папироску, лег.","Опасный тип. Рассуждая о странном поведении Бунчука, Меркулов отложил рисунок, стал раздеваться. Сырые чулки повесил на печурку, завел часы и, выкурив папироску, лег.",False,,False,,True,287
WORD,S1_021,10687,0,0,рассуждать,Рассуждая,"Рассуждая о странном поведении Бунчука, Меркулов отложил рисунок, стал раздеваться.",Опасный тип.,"Сырые чулки повесил на печурку, завел часы и, выкурив папироску, лег.","Опасный тип. Рассуждая о странном поведении Бунчука, Меркулов отложил рисунок, стал раздеваться. Сырые чулки повесил на печурку, завел часы и, выкурив папироску, лег.",True,PHR_097,False,,False,288
PHRASE,PHR_060,10700,1,2,не забывать,не забывать,Прошу не забывать о моем искреннем стремлении служить на пользу Родине и Монарху.,"Резюмируя все вышеизложенное, прихожу к выводам: а) виновность хорунжего Бунчука установлена (гг. офицеры, присутствовавшие при разговоре с ним, могут под присягой подтвердить сообщаемое мною); б) теперь же необходимо, в целях пресечения его революционной деятельности, арестовать его и предать военно-полевому суду; в) срочно надо перетрясти пулеметную команду, изъять особо опасных, а остальных или отправить в тыл, или распылить по полкам.","Копию данного письма направляю С. Т. Корп.
Есаул Евг.","Резюмируя все вышеизложенное, прихожу к выводам: а) виновность хорунжего Бунчука установлена (гг. офицеры, присутствовавшие при разговоре с ним, могут под присягой подтвердить сообщаемое мною); б) теперь же необходимо, в целях пресечения его революционной деятельности, арестовать его и предать военно-полевому суду; в) срочно надо перетрясти пулеметную команду, изъять особо опасных, а остальных или отправить в тыл, или распылить по полкам. Прошу не забывать о моем искреннем стремлении служить на пользу Родине и Монарху. Копию данного письма направляю С. Т. Корп.
Есаул Евг.",False,,False,,True,289
WORD,S1_002,10772,1,1,подумать,подумал,"Начинается!» — подумал он, охваченный ненавистью и сдавленный тяжестью надвинувшихся предчувствий.",«Вот оно.,"Созвонившись по телефону с командиром полка, Листницкий сообщил о случившемся.","«Вот оно. Начинается!» — подумал он, охваченный ненавистью и сдавленный тяжестью надвинувшихся предчувствий. Созвонившись по телефону с командиром полка, Листницкий сообщил о случившемся.",False,,False,,True,290
WORD,S1_001,10777,6,6,думать,думают,"Сегодня запрошу штаб дивизии, когда они думают сменить полк.","Поголовный, не исключая и самих офицеров.",Потороплю их.,"Поголовный, не исключая и самих офицеров. Сегодня запрошу штаб дивизии, когда они думают сменить полк. Потороплю их.",False,,False,,True,291
WORD,S1_025,10780,1,1,полагать,полагаю,"— Я полагаю, что это — работа пулеметчиков.",Если при обыске что-либо обнаружите — сообщите немедленно.,— Да?,"Если при обыске что-либо обнаружите — сообщите немедленно. — Я полагаю, что это — работа пулеметчиков. — Да?",False,,False,,True,292
WORD,S1_001,10797,1,1,думать,думаешь,"Кто, думаешь, мог бы разбросать эти воззвания? — обратился к нему Листницкий.",— Кто у тебя в сотне из подозрительных?,"— Нету таких, ваш бла’родие, — уверенно ответил вахмистр.","— Кто у тебя в сотне из подозрительных? Кто, думаешь, мог бы разбросать эти воззвания? — обратился к нему Листницкий. — Нету таких, ваш бла’родие, — уверенно ответил вахмистр.",False,,False,,True,293
WORD,S1_004,10836,30,30,решить,решив,"От роты осталось не больше шестидесяти человек, и он видел, с какой безумно-отчаянной храбростью защищались эти люди от казаков, никли под сабельными ударами, умирали, а лезли напролом, на гибель, уничтожение, решив, что все равно, где принимать смерть.","Листницкий с сотней получил приказ задержать их, и, когда он, рассыпав сотню цепью, попытался прекратить движение, в них начали стрелять.","Грозным напоминанием вставал в памяти этот случай, и Листницкий с волнением и по-новому всматривался в лица казаков, думал: «Неужели и эти когда-нибудь вот так же повернут и пойдут, и ничто, кроме смерти, не в силах будет их удержать?»","Листницкий с сотней получил приказ задержать их, и, когда он, рассыпав сотню цепью, попытался прекратить движение, в них начали стрелять. От роты осталось не больше шестидесяти человек, и он видел, с какой безумно-отчаянной храбростью защищались эти люди от казаков, никли под сабельными ударами, умирали, а лезли напролом, на гибель, уничтожение, решив, что все равно, где принимать смерть. Грозным напоминанием вставал в памяти этот случай, и Листницкий с волнением и по-новому всматривался в лица казаков, думал: «Неужели и эти когда-нибудь вот так же повернут и пойдут, и ничто, кроме смерти, не в силах будет их удержать?»",False,,False,,True,294
WORD,S1_001,10837,17,17,думать,думал,"Грозным напоминанием вставал в памяти этот случай, и Листницкий с волнением и по-новому всматривался в лица казаков, думал: «Неужели и эти когда-нибудь вот так же повернут и пойдут, и ничто, кроме смерти, не в силах будет их удержать?»","От роты осталось не больше шестидесяти человек, и он видел, с какой безумно-отчаянной храбростью защищались эти люди от казаков, никли под сабельными ударами, умирали, а лезли напролом, на гибель, уничтожение, решив, что все равно, где принимать смерть.","И, сталкиваясь с усталыми, озлобленными взглядами, честно решал: «Пойдут!»","От роты осталось не больше шестидесяти человек, и он видел, с какой безумно-отчаянной храбростью защищались эти люди от казаков, никли под сабельными ударами, умирали, а лезли напролом, на гибель, уничтожение, решив, что все равно, где принимать смерть. Грозным напоминанием вставал в памяти этот случай, и Листницкий с волнением и по-новому всматривался в лица казаков, думал: «Неужели и эти когда-нибудь вот так же повернут и пойдут, и ничто, кроме смерти, не в силах будет их удержать?» И, сталкиваясь с усталыми, озлобленными взглядами, честно решал: «Пойдут!»",False,,False,,True,295
WORD,S1_005,10838,7,7,решать,решал,"И, сталкиваясь с усталыми, озлобленными взглядами, честно решал: «Пойдут!»","Грозным напоминанием вставал в памяти этот случай, и Листницкий с волнением и по-новому всматривался в лица казаков, думал: «Неужели и эти когда-нибудь вот так же повернут и пойдут, и ничто, кроме смерти, не в силах будет их удержать?»",Коренным образом изменились казаки по сравнению с прошлыми годами.,"Грозным напоминанием вставал в памяти этот случай, и Листницкий с волнением и по-новому всматривался в лица казаков, думал: «Неужели и эти когда-нибудь вот так же повернут и пойдут, и ничто, кроме смерти, не в силах будет их удержать?» И, сталкиваясь с усталыми, озлобленными взглядами, честно решал: «Пойдут!» Коренным образом изменились казаки по сравнению с прошлыми годами.",False,,False,,True,296
WORD,ALEX_012,10858,1,1,догадаться,догадался,"Листницкий догадался, что каптенармус, ездивший в местечко Незвиску за продуктами, привез оттуда самогонки и угостил казаков.",До него донеслись полухмельные голоса и хохот.,"Подвыпившие житной водки казаки о чем-то спорили, смеялись.","До него донеслись полухмельные голоса и хохот. Листницкий догадался, что каптенармус, ездивший в местечко Незвиску за продуктами, привез оттуда самогонки и угостил казаков. Подвыпившие житной водки казаки о чем-то спорили, смеялись.",False,,False,,True,297
WORD,S1_001,10869,12,12,думать,думал,"«Быть может, в пехотных частях не так резко ощущается эта тяга домой, — думал он.","Листницкий шел, непроизвольно улыбаясь, норовя шагать в такт голосам.",Но рассудок подсовывал холодные возражения: — А в пехоте разве иные люди?,"Листницкий шел, непроизвольно улыбаясь, норовя шагать в такт голосам. «Быть может, в пехотных частях не так резко ощущается эта тяга домой, — думал он. Но рассудок подсовывал холодные возражения: — А в пехоте разве иные люди?",False,,False,,True,298
WORD,S1_001,10913,1,1,думать,думаю,"— Я думаю, ты сейчас разденешься, а потом мы поговорим.",— О да.,Давай твою шинель.,"— О да. — Я думаю, ты сейчас разденешься, а потом мы поговорим. Давай твою шинель.",False,,False,,True,299
WORD,S1_016,11023,1,1,помнить,помнишь,— Штокмана-то помнишь?,"Кобыла — за делом, а жеребенок — так.",Ягодка — наш Осип Давыдович!,"Кобыла — за делом, а жеребенок — так. — Штокмана-то помнишь? Ягодка — наш Осип Давыдович!",False,,False,,True,300
WORD,S1_016,11029,0,0,помнить,Помню,— Помню об нем!,"— Он бы расшифровал! — в восторге закричал Валет, потрясая кулачком и морща в улыбке крохотную ежиную мордочку.",Я об нем более отца понимаю.,"— Он бы расшифровал! — в восторге закричал Валет, потрясая кулачком и морща в улыбке крохотную ежиную мордочку. — Помню об нем! Я об нем более отца понимаю.",False,,False,,True,301
WORD,S1_016,11046,4,4,помнить,помнишь,Ты ить злой был… помнишь?,"Иван Алексеевич выступил из рядов, окликнул с дрожью в голосе:
— Эй, браток, кровинушка родимая!",Крепкий был… а?,"Иван Алексеевич выступил из рядов, окликнул с дрожью в голосе:
— Эй, браток, кровинушка родимая! Ты ить злой был… помнишь? Крепкий был… а?",False,,False,,True,302
WORD,S1_001,11072,2,2,думать,думал,— А ты думал — зря выперся на такую вышину?,"— Он оттель зирит, проклятущий, как войска передвигаются.","— Ох, далеко он!","— Он оттель зирит, проклятущий, как войска передвигаются. — А ты думал — зря выперся на такую вышину? — Ох, далеко он!",False,,False,,True,303
WORD,S1_017,11150,11,11,понять,понял,"Прислушиваясь к своим и чужим шагам, Валет услышал позади торопливый треск, понял: ротный уходит назад.",Можете возвращаться!,"А через минуту Беликов, переходя с фельдфебелем на левое крыло роты, бормотал:
— …Прохвосты, чуют!","Можете возвращаться! Прислушиваясь к своим и чужим шагам, Валет услышал позади торопливый треск, понял: ротный уходит назад. А через минуту Беликов, переходя с фельдфебелем на левое крыло роты, бормотал:
— …Прохвосты, чуют!",False,,False,,True,304
WORD,S1_002,11171,4,4,подумать,подумал,"— Че-ло-век, — сказал или только подумал сказать Валет.","В трех шагах от них у сосны, широко расставив ноги, стоял человек.","— Кто таков? — вдруг вскидывая к плечу винтовку, крикнул шедший рядом с Валетом солдат.","В трех шагах от них у сосны, широко расставив ноги, стоял человек. — Че-ло-век, — сказал или только подумал сказать Валет. — Кто таков? — вдруг вскидывая к плечу винтовку, крикнул шедший рядом с Валетом солдат.",False,,False,,True,305
WORD,ALEX_012,11188,8,8,догадаться,догадались,"Они перевернули его лицом вверх и тут только догадались, что под сосной нашел себе последний приют этот отравленный газами, бежавший от смерти, которую нес в своих легких, солдат одного из трех батальонов 256-го пехотного полка.","Валет, клацнув зубами, отпрыгнул, и на то место, где секунду назад стояли его ноги, спиленным деревом упал стоявший под сосной человек.","Рослый, широкоплечий парень, он лежал, вольно откинув голову, с лицом, измазанным при падении клейкой грязью, с изъеденными газом, разжиженными глазами; из стиснутых зубов его черным глянцевитым бруском торчал пухлый, мясистый язык.","Валет, клацнув зубами, отпрыгнул, и на то место, где секунду назад стояли его ноги, спиленным деревом упал стоявший под сосной человек. Они перевернули его лицом вверх и тут только догадались, что под сосной нашел себе последний приют этот отравленный газами, бежавший от смерти, которую нес в своих легких, солдат одного из трех батальонов 256-го пехотного полка. Рослый, широкоплечий парень, он лежал, вольно откинув голову, с лицом, измазанным при падении клейкой грязью, с изъеденными газом, разжиженными глазами; из стиснутых зубов его черным глянцевитым бруском торчал пухлый, мясистый язык.",False,,False,,True,306
WORD,S1_010,11222,2,2,колебаться,колеблясь,"Валет, не колеблясь, сунул ему свою черствую, изрубцованную двадцатилетним трудом руку, пожал холод7 Это ты, Отто?","Уверенные движения его покоряли пленного; тот опустил руку, чутко вслушиваясь в диковинные интонации чужого голоса.",Отчего ты так поздно?,"Уверенные движения его покоряли пленного; тот опустил руку, чутко вслушиваясь в диковинные интонации чужого голоса. Валет, не колеблясь, сунул ему свою черствую, изрубцованную двадцатилетним трудом руку, пожал холод7 Это ты, Отто? Отчего ты так поздно?",False,,False,,True,307
PHRASE,PHR_335,11250,1,3,теперь понять,теперь я понял,"О, теперь я понял!",8 Ты меня отпускаешь?,Ты — русский рабочий?,"8 Ты меня отпускаешь? О, теперь я понял! Ты — русский рабочий?",False,,False,,True,308
WORD,S1_017,11250,3,3,понять,понял,"О, теперь я понял!",8 Ты меня отпускаешь?,Ты — русский рабочий?,"8 Ты меня отпускаешь? О, теперь я понял! Ты — русский рабочий?",True,PHR_335,False,,False,309
WORD,S1_017,11262,1,1,понять,понявшие,"Чутьем понявшие друг друга, они смотрели друг другу в глаза, — высокий статный баварец и маленький русский солдат.",(нем.),"Баварец шепнул:
— In den zukünftigen Klassenkämpfen werden wir in denselben Schützengräben sein, nicht wahr, Genosse?[9] — и большим серым зверем вспрыгнул на бруствер.","(нем.) Чутьем понявшие друг друга, они смотрели друг другу в глаза, — высокий статный баварец и маленький русский солдат. Баварец шепнул:
— In den zukünftigen Klassenkämpfen werden wir in denselben Schützengräben sein, nicht wahr, Genosse?[9] — и большим серым зверем вспрыгнул на бруствер.",False,,False,,True,310
WORD,S1_001,11306,4,4,думать,думать,"— Тут об живых надо думать, а мертвякам мало надо.",— Без нас похоронят.,"Из штаба полка через полчаса был получен приказ: «После артиллерийской подготовки приказываю батальону, совместно с особой казачьей сотней, атаковать противника и выбить его из первой линии окопов».","— Без нас похоронят. — Тут об живых надо думать, а мертвякам мало надо. Из штаба полка через полчаса был получен приказ: «После артиллерийской подготовки приказываю батальону, совместно с особой казачьей сотней, атаковать противника и выбить его из первой линии окопов».",False,,False,,True,311
WORD,S1_014,11394,6,6,вспомнить,вспомнил,"Лежа здесь, на холме, он почему-то вспомнил ту ночь, когда с хутора Нижне-Яблоновского шел в Ягодное к Аксинье; с режущей болью вспомнил и ее.","Григорий, щурясь, глядел на нее, и от ледяного света звезды, неяркого, но остро коловшего глаза, под ресницами выступали такие же холодные слезы.","Память вылепила неясные, стертые временем бесконечно дорогие и чуждые линии лица.","Григорий, щурясь, глядел на нее, и от ледяного света звезды, неяркого, но остро коловшего глаза, под ресницами выступали такие же холодные слезы. Лежа здесь, на холме, он почему-то вспомнил ту ночь, когда с хутора Нижне-Яблоновского шел в Ягодное к Аксинье; с режущей болью вспомнил и ее. Память вылепила неясные, стертые временем бесконечно дорогие и чуждые линии лица.",False,,False,,True,312
WORD,S1_014,11394,21,21,вспомнить,вспомнил,"Лежа здесь, на холме, он почему-то вспомнил ту ночь, когда с хутора Нижне-Яблоновского шел в Ягодное к Аксинье; с режущей болью вспомнил и ее.","Григорий, щурясь, глядел на нее, и от ледяного света звезды, неяркого, но остро коловшего глаза, под ресницами выступали такие же холодные слезы.","Память вылепила неясные, стертые временем бесконечно дорогие и чуждые линии лица.","Григорий, щурясь, глядел на нее, и от ледяного света звезды, неяркого, но остро коловшего глаза, под ресницами выступали такие же холодные слезы. Лежа здесь, на холме, он почему-то вспомнил ту ночь, когда с хутора Нижне-Яблоновского шел в Ягодное к Аксинье; с режущей болью вспомнил и ее. Память вылепила неясные, стертые временем бесконечно дорогие и чуждые линии лица.",False,,False,,True,313
WORD,S1_014,11403,1,1,вспомнить,вспомнил,"Он вспомнил те недели, которые провел на хуторе Татарском, в семье, после разрыва с Аксиньей; по ночам — жадные, опустошающие ласки Натальи, словно старавшейся вознаградить за свою прежнюю девическую холодность; днями — внимательное, почти заискивающее отношение семьи, почет, с каким встречали хуторные первого георгиевского кавалера.",Отдельные куски несвязных воспоминаний затемняли образ Аксиньи.,"Григорий всюду, даже в семье, ловил боковые, изумленно-почтительные взгляды, — его разглядывали так, как будто не верили, что он — тот самый Григорий, некогда своевольный и веселый парень.","Отдельные куски несвязных воспоминаний затемняли образ Аксиньи. Он вспомнил те недели, которые провел на хуторе Татарском, в семье, после разрыва с Аксиньей; по ночам — жадные, опустошающие ласки Натальи, словно старавшейся вознаградить за свою прежнюю девическую холодность; днями — внимательное, почти заискивающее отношение семьи, почет, с каким встречали хуторные первого георгиевского кавалера. Григорий всюду, даже в семье, ловил боковые, изумленно-почтительные взгляды, — его разглядывали так, как будто не верили, что он — тот самый Григорий, некогда своевольный и веселый парень.",False,,False,,True,314
WORD,S1_016,11411,15,15,помнить,помнишь,"Год от рождения тебе сравнялся, и по давнишнему казачьему обычаю вынес я тебя на баз — помнишь, старуха? — и посадил верхом на коня.","— Я знал, Гришка, — подвыпив, на прощанье говорил Пантелей Прокофьевич и, волнуясь, гладил серебряные с чернью волосы, — знал давно, что из тебя добрый казак выйдет.","А ты, сукин сын, цап его за гриву ручонками!..","— Я знал, Гришка, — подвыпив, на прощанье говорил Пантелей Прокофьевич и, волнуясь, гладил серебряные с чернью волосы, — знал давно, что из тебя добрый казак выйдет. Год от рождения тебе сравнялся, и по давнишнему казачьему обычаю вынес я тебя на баз — помнишь, старуха? — и посадил верхом на коня. А ты, сукин сын, цап его за гриву ручонками!..",False,,False,,True,315
WORD,S1_014,11432,3,3,вспомнить,вспомнил,"И особенно выпукло вспомнил Григорий, лежа на черной плешине холма, случай, столкнувший его с лютым врагом — Степаном Астаховым.","Как барана, вскидывает его поперек седла, скачет, все время ощущая противный запах человеческого кала, исходивший от офицера, и дрожь полного, мокрого от страха тела.","Это было, когда 12-й полк сняли с фронта и кинули в Восточную Пруссию.","Как барана, вскидывает его поперек седла, скачет, все время ощущая противный запах человеческого кала, исходивший от офицера, и дрожь полного, мокрого от страха тела. И особенно выпукло вспомнил Григорий, лежа на черной плешине холма, случай, столкнувший его с лютым врагом — Степаном Астаховым. Это было, когда 12-й полк сняли с фронта и кинули в Восточную Пруссию.",False,,False,,True,316
WORD,S1_017,11449,8,8,понять,понял,"Из-под бугра перебегали звенья немецкой цепи, и Григорий понял: хочет Степан жить, — для того рвет с себя казачьи шаровары, чтобы сойти за солдата: казаков не брали тогда немцы в плен…","Степан, хромая, подбежал к кусту, швырнул в него казачью фуражку, сел, торопливо стягивая алевшие лампасами шаровары.","Подчиняясь сердцу, Григорий крутнул коня и подскакал к кусту, на ходу спрыгнув.","Степан, хромая, подбежал к кусту, швырнул в него казачью фуражку, сел, торопливо стягивая алевшие лампасами шаровары. Из-под бугра перебегали звенья немецкой цепи, и Григорий понял: хочет Степан жить, — для того рвет с себя казачьи шаровары, чтобы сойти за солдата: казаков не брали тогда немцы в плен… Подчиняясь сердцу, Григорий крутнул коня и подскакал к кусту, на ходу спрыгнув.",False,,False,,True,317
WORD,S1_014,11482,1,1,вспомнить,вспомнил,"Улыбаясь, вспомнил Григорий этот случай.","Сбил с ног стоявшего на посту часового, и он, здоровый, коренастый немец, долго кружил повисшего на нем полуголого Григория, порывался кричать и никак не хотел, чтобы его связали.",Мало ли таких дней рассорило время по полям недавних и давнишних боев?,"Сбил с ног стоявшего на посту часового, и он, здоровый, коренастый немец, долго кружил повисшего на нем полуголого Григория, порывался кричать и никак не хотел, чтобы его связали. Улыбаясь, вспомнил Григорий этот случай. Мало ли таких дней рассорило время по полям недавних и давнишних боев?",False,,False,,True,318
PHRASE,PHR_635,11519,0,1,ты понять,Ты пойми,"Ты пойми то, что нам, казакам, нужна своя власть, а не иная.","Толку-то нету от этих революций, баловство одно.","Нам нужен твердый царь, наподобие Миколая Миколаича[10], а с мужиками нам не по дороге, — гусь сви10 Николай Николаевич (1856–1929) — великий князь, верховный нье не товарищ.","Толку-то нету от этих революций, баловство одно. Ты пойми то, что нам, казакам, нужна своя власть, а не иная. Нам нужен твердый царь, наподобие Миколая Миколаича[10], а с мужиками нам не по дороге, — гусь сви10 Николай Николаевич (1856–1929) — великий князь, верховный нье не товарищ.",False,,False,,True,319
WORD,S1_017,11519,1,1,понять,пойми,"Ты пойми то, что нам, казакам, нужна своя власть, а не иная.","Толку-то нету от этих революций, баловство одно.","Нам нужен твердый царь, наподобие Миколая Миколаича[10], а с мужиками нам не по дороге, — гусь сви10 Николай Николаевич (1856–1929) — великий князь, верховный нье не товарищ.","Толку-то нету от этих революций, баловство одно. Ты пойми то, что нам, казакам, нужна своя власть, а не иная. Нам нужен твердый царь, наподобие Миколая Миколаича[10], а с мужиками нам не по дороге, — гусь сви10 Николай Николаевич (1856–1929) — великий князь, верховный нье не товарищ.",True,PHR_635,False,,False,320
WORD,S1_001,11531,4,4,думать,думаешь,"— Ты завсегда одним боком думаешь, — хмурился Григорий.",Ухи надо востро держать…,— Пустое гутаришь.,"Ухи надо востро держать… — Ты завсегда одним боком думаешь, — хмурился Григорий. — Пустое гутаришь.",False,,False,,True,321
WORD,S1_004,11548,2,2,решить,решил,"— Вонючее мясо, — решил Чубатый.","Чубатый, нагнувшись над своим котелком, ворочал ноздрями, кривился, и, невольно подражая ему, так же двигал ноздрями, морщил тусклое лицо Кошевой.","Он брезгливо отставил котелок, глянул на Григория.","Чубатый, нагнувшись над своим котелком, ворочал ноздрями, кривился, и, невольно подражая ему, так же двигал ноздрями, морщил тусклое лицо Кошевой. — Вонючее мясо, — решил Чубатый. Он брезгливо отставил котелок, глянул на Григория.",False,,False,,True,322
WORD,S1_002,11675,8,8,подумать,подумал,"«Будто один ночью идет… насильно кашляет, — веселит себя», — подумал про него Григорий.","Он повторял это движение беспрерывно, торопливо шагая, трудно сгибая ноги в коленях и преувеличенно громко покашливая.","За этим казаком виднелась веснушчатая щека урядника Максаева, дальше шагал Емельян Грошев, твердо выставив винтовку с завернутым на сторону жалом штыка.","Он повторял это движение беспрерывно, торопливо шагая, трудно сгибая ноги в коленях и преувеличенно громко покашливая. «Будто один ночью идет… насильно кашляет, — веселит себя», — подумал про него Григорий. За этим казаком виднелась веснушчатая щека урядника Максаева, дальше шагал Емельян Грошев, твердо выставив винтовку с завернутым на сторону жалом штыка.",False,,False,,True,323
WORD,S1_014,11677,1,1,вспомнить,вспомнил,"Григорий вспомнил, что Емельян несколько дней назад на походе украл у румына мешок кукурузы, взломав вот этим штыком замок у чулана.","За этим казаком виднелась веснушчатая щека урядника Максаева, дальше шагал Емельян Грошев, твердо выставив винтовку с завернутым на сторону жалом штыка.",Почти рядом с Максаевым шел Кошевой Мишка.,"За этим казаком виднелась веснушчатая щека урядника Максаева, дальше шагал Емельян Грошев, твердо выставив винтовку с завернутым на сторону жалом штыка. Григорий вспомнил, что Емельян несколько дней назад на походе украл у румына мешок кукурузы, взломав вот этим штыком замок у чулана. Почти рядом с Максаевым шел Кошевой Мишка.",False,,False,,True,324
WORD,S1_017,11708,4,4,понять,поймет,"Кровью весь изойдет, тогда поймет, за что его по голове гвоздют!",Хуже!,— Ты к чему это?,"Хуже! Кровью весь изойдет, тогда поймет, за что его по голове гвоздют! — Ты к чему это?",False,,False,,True,325
WORD,S1_017,11711,2,2,понять,поймет,"— Умный сам поймет, а дураку… дураку что?",— Чубатый сощурился.,Ему силком не вдолбишь.,"— Чубатый сощурился. — Умный сам поймет, а дураку… дураку что? Ему силком не вдолбишь.",False,,False,,True,326
WORD,S1_016,11713,3,3,помнить,помнишь,— Ты об присяге помнишь?,Ему силком не вдолбишь.,Ты присягал аль нет? — привязывался Чубатый.,Ему силком не вдолбишь. — Ты об присяге помнишь? Ты присягал аль нет? — привязывался Чубатый.,False,,False,,True,327
WORD,S1_021,11767,8,8,рассуждать,рассуждал,"Пантелей Прокофьевич, дивясь такому случаю, сам с собою рассуждал:
«Счастливый ноне год, накладистый!","Урожайный был тот год: корова отелила двойню, к Михайлову дню овцы окотили по двойне, козы…",Кругом двоится.,"Урожайный был тот год: корова отелила двойню, к Михайлову дню овцы окотили по двойне, козы… Пантелей Прокофьевич, дивясь такому случаю, сам с собою рассуждал:
«Счастливый ноне год, накладистый! Кругом двоится.",False,,False,,True,328
WORD,S1_001,11788,22,22,думать,думать,"Сама жизнь улыбалась Петру, а война радовала, потому что открывала перспективы необыкновенные: ему ли, простому казаку, с мальства крутившему хвосты быкам, было думать об офицерстве и иной сладкой жизни…","С серого куска картона самодовольно глядело постаревшее лицо его, торчмя стояли закрученные белесые усы, под курносым носом знакомой улыбкой щерились твердые губы.",С одного лишь края являла Петрова жизнь неприглядную щербатину: ходили по хутору дурные про жену слухи.,"С серого куска картона самодовольно глядело постаревшее лицо его, торчмя стояли закрученные белесые усы, под курносым носом знакомой улыбкой щерились твердые губы. Сама жизнь улыбалась Петру, а война радовала, потому что открывала перспективы необыкновенные: ему ли, простому казаку, с мальства крутившему хвосты быкам, было думать об офицерстве и иной сладкой жизни… С одного лишь края являла Петрова жизнь неприглядную щербатину: ходили по хутору дурные про жену слухи.",False,,False,,True,329
WORD,S1_004,11806,17,17,решить,решил,"После того как услышал Петро про Степана, полегчало, словно садную болячку сурчиным жиром смазали, но все же решил: «Пойду в отпуск — кровь из Дашки выну!","Братцы!» — кричал вслед Степан, да где уж там — своя рубашка, а не чужая к телу липнет.","Я не Степан, так не спущу…» — подумал было убить ее, но сейчас же отверг эту мысль: «Убей гадюку, а через нее вся жизнь спортится.","Братцы!» — кричал вслед Степан, да где уж там — своя рубашка, а не чужая к телу липнет. После того как услышал Петро про Степана, полегчало, словно садную болячку сурчиным жиром смазали, но все же решил: «Пойду в отпуск — кровь из Дашки выну! Я не Степан, так не спущу…» — подумал было убить ее, но сейчас же отверг эту мысль: «Убей гадюку, а через нее вся жизнь спортится.",False,,False,,True,330
WORD,S1_002,11807,6,6,подумать,подумал,"Я не Степан, так не спущу…» — подумал было убить ее, но сейчас же отверг эту мысль: «Убей гадюку, а через нее вся жизнь спортится.","После того как услышал Петро про Степана, полегчало, словно садную болячку сурчиным жиром смазали, но все же решил: «Пойду в отпуск — кровь из Дашки выну!","В тюрьме сгниешь, все труды пропадут, всего лишишься…»","После того как услышал Петро про Степана, полегчало, словно садную болячку сурчиным жиром смазали, но все же решил: «Пойду в отпуск — кровь из Дашки выну! Я не Степан, так не спущу…» — подумал было убить ее, но сейчас же отверг эту мысль: «Убей гадюку, а через нее вся жизнь спортится. В тюрьме сгниешь, все труды пропадут, всего лишишься…»",False,,False,,True,331
WORD,S1_011,11807,15,15,мысль,мысль,"Я не Степан, так не спущу…» — подумал было убить ее, но сейчас же отверг эту мысль: «Убей гадюку, а через нее вся жизнь спортится.","После того как услышал Петро про Степана, полегчало, словно садную болячку сурчиным жиром смазали, но все же решил: «Пойду в отпуск — кровь из Дашки выну!","В тюрьме сгниешь, все труды пропадут, всего лишишься…»","После того как услышал Петро про Степана, полегчало, словно садную болячку сурчиным жиром смазали, но все же решил: «Пойду в отпуск — кровь из Дашки выну! Я не Степан, так не спущу…» — подумал было убить ее, но сейчас же отверг эту мысль: «Убей гадюку, а через нее вся жизнь спортится. В тюрьме сгниешь, все труды пропадут, всего лишишься…»",False,,False,,True,332
WORD,S1_004,11809,1,1,решить,решил,"Просто решил избить, но так, чтобы на всю жизнь отбило у бабы охоту хвост трепать: «Глаз выбью ей, змее, — черт на нее тогда позавидует».","В тюрьме сгниешь, все труды пропадут, всего лишишься…»","Так придумывал Петро, отсиживаясь в окопах, неподалеку от крутоглинистого берега Западной Двины.","В тюрьме сгниешь, все труды пропадут, всего лишишься…» Просто решил избить, но так, чтобы на всю жизнь отбило у бабы охоту хвост трепать: «Глаз выбью ей, змее, — черт на нее тогда позавидует». Так придумывал Петро, отсиживаясь в окопах, неподалеку от крутоглинистого берега Западной Двины.",False,,False,,True,333
WORD,S1_015,11820,2,2,припомнить,припомню,Я тебе припомню! — цедила она сквозь вспухшие губы.,"— Подожди, проклятый!..","Кофточка на спине ее была разорвана, виднелся на белом теле багрово-синий свежий подтек.","— Подожди, проклятый!.. Я тебе припомню! — цедила она сквозь вспухшие губы. Кофточка на спине ее была разорвана, виднелся на белом теле багрово-синий свежий подтек.",False,,False,,True,334
WORD,S1_011,11828,34,34,мысль,мысли,"Дарья после торжествующе посмеивалась, а старик целую неделю ходил смущенный, растерянный, будто нашкодивший кот; старухе он не сказал о случившемся и даже на исповеди утаил от отца Виссариона и случай этот, и греховные свои мысли после него.","Несколько дней Дарья ходила тише воды ниже травы, по вечерам раньше всех ложилась спать, на сочувственные взгляды Натальи холодно улыбалась, вздергивая плечом и бровью: «Ничего, дескать, посмотрим», — а на четвертый день и произошел этот случай, о котором знали лишь Дарья да Пантелей Прокофьевич.",Дело было так.,"Несколько дней Дарья ходила тише воды ниже травы, по вечерам раньше всех ложилась спать, на сочувственные взгляды Натальи холодно улыбалась, вздергивая плечом и бровью: «Ничего, дескать, посмотрим», — а на четвертый день и произошел этот случай, о котором знали лишь Дарья да Пантелей Прокофьевич. Дарья после торжествующе посмеивалась, а старик целую неделю ходил смущенный, растерянный, будто нашкодивший кот; старухе он не сказал о случившемся и даже на исповеди утаил от отца Виссариона и случай этот, и греховные свои мысли после него. Дело было так.",False,,False,,True,335
WORD,S1_001,11881,12,12,думать,думал,"Может, мне надо бы было с нею грех принять?» — оглушенный происшедшим, растерянно думал он в этот миг.",«Неужели на ее стороне правда?,"VI
В ноябре в обним жали морозы.","«Неужели на ее стороне правда? Может, мне надо бы было с нею грех принять?» — оглушенный происшедшим, растерянно думал он в этот миг. VI
В ноябре в обним жали морозы.",False,,False,,True,336
WORD,S1_010,11924,3,3,колебаться,колебался,"Закуривая, Пантелей Прокофьевич колебался — идти или нет; в конце концов решил пойти и, попрощавшись с безруким, захромал дальше.","Бумажка моя, табачок твой.",— Митька-то тоже с крестом!,"Бумажка моя, табачок твой. Закуривая, Пантелей Прокофьевич колебался — идти или нет; в конце концов решил пойти и, попрощавшись с безруким, захромал дальше. — Митька-то тоже с крестом!",False,,False,,True,337
WORD,S1_004,11924,10,10,решить,решил,"Закуривая, Пантелей Прокофьевич колебался — идти или нет; в конце концов решил пойти и, попрощавшись с безруким, захромал дальше.","Бумажка моя, табачок твой.",— Митька-то тоже с крестом!,"Бумажка моя, табачок твой. Закуривая, Пантелей Прокофьевич колебался — идти или нет; в конце концов решил пойти и, попрощавшись с безруким, захромал дальше. — Митька-то тоже с крестом!",False,,False,,True,338
WORD,S1_011,12009,8,8,мысль,мысли,"Так же примитивно просты и несложны были его мысли: голоден — можно и должно украсть, хотя бы и у товарища, и крал, когда был голоден; износились сапоги — проще простого разуть пленного немца; проштрафился, надо искупить вину — и Митька искупал: ходил в разведку, приносил снятых им полузадушенных немецких часовых, охотником шел на рискованнейшие предприятия.","Была для Митьки несложна и пряма жизнь, тянулась она пахотной бороздой, и он шел по ней полноправным хозяином.","В 1915 году попался в плен, был избит и изранен тесаками, а ночью, изломав до корней ногти, продрал крышу сарая и бежал, захватив на память обозную упряжь.","Была для Митьки несложна и пряма жизнь, тянулась она пахотной бороздой, и он шел по ней полноправным хозяином. Так же примитивно просты и несложны были его мысли: голоден — можно и должно украсть, хотя бы и у товарища, и крал, когда был голоден; износились сапоги — проще простого разуть пленного немца; проштрафился, надо искупить вину — и Митька искупал: ходил в разведку, приносил снятых им полузадушенных немецких часовых, охотником шел на рискованнейшие предприятия. В 1915 году попался в плен, был избит и изранен тесаками, а ночью, изломав до корней ногти, продрал крышу сарая и бежал, захватив на память обозную упряжь.",False,,False,,True,339
WORD,ALEX_008,12014,4,4,вспоминать,вспоминая,"Плакала и Аникушкина жалмерка, вспоминая большое, горячее на ласки тело Митьки и мучаясь от триппера, которым наделил ее служивый.","Плакала по сыну Лукинична, кряхтел дед Гришака, трубил в горнице, сморкаясь в ладонь, вытирая ее о замасленную полу чекменька.","Время заплетало дни, как ветер конскую гриву.","Плакала по сыну Лукинична, кряхтел дед Гришака, трубил в горнице, сморкаясь в ладонь, вытирая ее о замасленную полу чекменька. Плакала и Аникушкина жалмерка, вспоминая большое, горячее на ласки тело Митьки и мучаясь от триппера, которым наделил ее служивый. Время заплетало дни, как ветер конскую гриву.",False,,False,,True,340
WORD,S1_004,12030,23,23,решить,решил,"Но к ночи загудела гора, взго́лчились на площади вороны, мимо мелеховского куреня прокатила Христонина свинья с клочком сена в пасти, и Пантелей Прокофьевич решил: «Прищемило весну, завтра саданет мороз».","Шшшшшууууууу… — плыл оттуда сиповатый, приглушенный гул.","Ночью ветер повернул с востока, легонький морозец кристальным ледком латал изорванные оттепелью лужины.","Шшшшшууууууу… — плыл оттуда сиповатый, приглушенный гул. Но к ночи загудела гора, взго́лчились на площади вороны, мимо мелеховского куреня прокатила Христонина свинья с клочком сена в пасти, и Пантелей Прокофьевич решил: «Прищемило весну, завтра саданет мороз». Ночью ветер повернул с востока, легонький морозец кристальным ледком латал изорванные оттепелью лужины.",False,,False,,True,341
WORD,S1_016,12040,0,0,помнить,Помнил,"Помнил и 1905 год, — и в него осенней ночухой разрядил кто-то из хуторских дробовик.","Давненько, когда работал еще по ссыпке, пришлось ему за гроши скупить у казаков хлеб, а потом вывезти за хутор и ссыпать в Дурной яр четыре тысячи пудов сгоревшейся пшеницы.","Богател Мохов и проживался, под конец сколотил шестьдесят тысяч, положил их в Волго-Камский банк, но дальним нюхом чуял, что неотвратимо подходит время великого потрясения.","Давненько, когда работал еще по ссыпке, пришлось ему за гроши скупить у казаков хлеб, а потом вывезти за хутор и ссыпать в Дурной яр четыре тысячи пудов сгоревшейся пшеницы. Помнил и 1905 год, — и в него осенней ночухой разрядил кто-то из хуторских дробовик. Богател Мохов и проживался, под конец сколотил шестьдесят тысяч, положил их в Волго-Камский банк, но дальним нюхом чуял, что неотвратимо подходит время великого потрясения.",False,,False,,True,342
WORD,S1_004,12056,8,8,решить,решил,"Сергей Платонович, увидев из окна толпу у лавки, решил пойти потолковать со стариками.",Как теперича жить!..,"Надел енотку и, опираясь на коричневую трость со скромными серебряными инициалами, вышел на парадное крыльцо.","Как теперича жить!.. Сергей Платонович, увидев из окна толпу у лавки, решил пойти потолковать со стариками. Надел енотку и, опираясь на коричневую трость со скромными серебряными инициалами, вышел на парадное крыльцо.",False,,False,,True,343
WORD,S1_015,12081,12,12,припомнить,припомнят,"Сравняют вас с мужиками, лишат вас привилегий, да еще и старые обиды припомнят.","Он привычным жестом раздвоил гнедоватую бороду, заговорил, злобясь неизвестно на кого:
— Вот, старики, до чего довели Россию.",Тяжелые наступают времена…,"Он привычным жестом раздвоил гнедоватую бороду, заговорил, злобясь неизвестно на кого:
— Вот, старики, до чего довели Россию. Сравняют вас с мужиками, лишат вас привилегий, да еще и старые обиды припомнят. Тяжелые наступают времена…",False,,False,,True,344
WORD,S1_001,12092,3,3,думать,думая,"Он шел, разбросанно думая о деньгах, о мельнице и ухудшающейся торговле, вспомнил, что Елизавета теперь в Москве, а Владимир должен вскоре приехать из Новочеркасска.",Сергей Платонович махнул рукой и постаревшей походкой заковылял к своему голубому нарядному крыльцу.,Тупой укол тревоги за детей не нарушил мятущейся бессвязицы мыслей.,"Сергей Платонович махнул рукой и постаревшей походкой заковылял к своему голубому нарядному крыльцу. Он шел, разбросанно думая о деньгах, о мельнице и ухудшающейся торговле, вспомнил, что Елизавета теперь в Москве, а Владимир должен вскоре приехать из Новочеркасска. Тупой укол тревоги за детей не нарушил мятущейся бессвязицы мыслей.",False,,False,,True,345
WORD,S1_014,12092,11,11,вспомнить,вспомнил,"Он шел, разбросанно думая о деньгах, о мельнице и ухудшающейся торговле, вспомнил, что Елизавета теперь в Москве, а Владимир должен вскоре приехать из Новочеркасска.",Сергей Платонович махнул рукой и постаревшей походкой заковылял к своему голубому нарядному крыльцу.,Тупой укол тревоги за детей не нарушил мятущейся бессвязицы мыслей.,"Сергей Платонович махнул рукой и постаревшей походкой заковылял к своему голубому нарядному крыльцу. Он шел, разбросанно думая о деньгах, о мельнице и ухудшающейся торговле, вспомнил, что Елизавета теперь в Москве, а Владимир должен вскоре приехать из Новочеркасска. Тупой укол тревоги за детей не нарушил мятущейся бессвязицы мыслей.",False,,False,,True,346
WORD,S1_011,12093,9,9,мысль,мыслей,Тупой укол тревоги за детей не нарушил мятущейся бессвязицы мыслей.,"Он шел, разбросанно думая о деньгах, о мельнице и ухудшающейся торговле, вспомнил, что Елизавета теперь в Москве, а Владимир должен вскоре приехать из Новочеркасска.","Так дошел он до крыльца, чувствуя, как за этот день сразу потускнела жизнь и даже сам он словно внутренне вылинял от ноющих мыслей.","Он шел, разбросанно думая о деньгах, о мельнице и ухудшающейся торговле, вспомнил, что Елизавета теперь в Москве, а Владимир должен вскоре приехать из Новочеркасска. Тупой укол тревоги за детей не нарушил мятущейся бессвязицы мыслей. Так дошел он до крыльца, чувствуя, как за этот день сразу потускнела жизнь и даже сам он словно внутренне вылинял от ноющих мыслей.",False,,False,,True,347
WORD,S1_011,12094,22,22,мысль,мыслей,"Так дошел он до крыльца, чувствуя, как за этот день сразу потускнела жизнь и даже сам он словно внутренне вылинял от ноющих мыслей.",Тупой укол тревоги за детей не нарушил мятущейся бессвязицы мыслей.,Кислым вкусом ржавчины во рту вызвало приток слюны.,"Тупой укол тревоги за детей не нарушил мятущейся бессвязицы мыслей. Так дошел он до крыльца, чувствуя, как за этот день сразу потускнела жизнь и даже сам он словно внутренне вылинял от ноющих мыслей. Кислым вкусом ржавчины во рту вызвало приток слюны.",False,,False,,True,348
WORD,S1_002,12103,8,8,подумать,подумал,"«Пустая и, кажется, недалекая девка», — в первый раз подумал так о дочери Сергей Платонович, морща нос от запаха духов, исходившего от плотного конверта.","Анна Ивановна прошла в спальню снующей иноходью (так всегда ходила она, с первого дня замужества придавленная большим хозяйством), вынесла надорванный конверт.","Старик невнимательно прочел письмо, почему-то остановился на слове «настроение» и долго думал, доискиваясь в нем непонятного смысла.","Анна Ивановна прошла в спальню снующей иноходью (так всегда ходила она, с первого дня замужества придавленная большим хозяйством), вынесла надорванный конверт. «Пустая и, кажется, недалекая девка», — в первый раз подумал так о дочери Сергей Платонович, морща нос от запаха духов, исходившего от плотного конверта. Старик невнимательно прочел письмо, почему-то остановился на слове «настроение» и долго думал, доискиваясь в нем непонятного смысла.",False,,False,,True,349
PHRASE,PHR_016,12104,10,11,долго думать,долго думал,"Старик невнимательно прочел письмо, почему-то остановился на слове «настроение» и долго думал, доискиваясь в нем непонятного смысла.","«Пустая и, кажется, недалекая девка», — в первый раз подумал так о дочери Сергей Платонович, морща нос от запаха духов, исходившего от плотного конверта.",В конце письма Елизавета просила выслать денег.,"«Пустая и, кажется, недалекая девка», — в первый раз подумал так о дочери Сергей Платонович, морща нос от запаха духов, исходившего от плотного конверта. Старик невнимательно прочел письмо, почему-то остановился на слове «настроение» и долго думал, доискиваясь в нем непонятного смысла. В конце письма Елизавета просила выслать денег.",False,,False,,True,350
WORD,S1_001,12104,11,11,думать,думал,"Старик невнимательно прочел письмо, почему-то остановился на слове «настроение» и долго думал, доискиваясь в нем непонятного смысла.","«Пустая и, кажется, недалекая девка», — в первый раз подумал так о дочери Сергей Платонович, морща нос от запаха духов, исходившего от плотного конверта.",В конце письма Елизавета просила выслать денег.,"«Пустая и, кажется, недалекая девка», — в первый раз подумал так о дочери Сергей Платонович, морща нос от запаха духов, исходившего от плотного конверта. Старик невнимательно прочел письмо, почему-то остановился на слове «настроение» и долго думал, доискиваясь в нем непонятного смысла. В конце письма Елизавета просила выслать денег.",True,PHR_016,False,,False,351
WORD,S1_001,12109,3,3,думать,думал,"«Чужая она мне, — думал он про дочь.",Дыбом вставшая жизнь являла в этот миг ему порожнее свое нутро.,— И я ей чужой.,"Дыбом вставшая жизнь являла в этот миг ему порожнее свое нутро. «Чужая она мне, — думал он про дочь. — И я ей чужой.",False,,False,,True,352
WORD,S1_011,12135,8,8,мысль,мыслями,"Сергей Платонович спал ночью плохо, ворочался, одолеваемый бестолковыми мыслями и неосознанными желаниями; уснул за полночь, а утром, прослышав, что в Ягодное приехал с фронта к отцу Евгений Листницкий, решил съездить туда, чтобы поговорить, выяснить подлинное положение и снять с души горькую накипь тревожных предчувствий.",День этот оставил под исход садную дурную боль.,"Емельян, посасывая трубку, запряг в городские санки маштака, повез хозяина в Ягодное.","День этот оставил под исход садную дурную боль. Сергей Платонович спал ночью плохо, ворочался, одолеваемый бестолковыми мыслями и неосознанными желаниями; уснул за полночь, а утром, прослышав, что в Ягодное приехал с фронта к отцу Евгений Листницкий, решил съездить туда, чтобы поговорить, выяснить подлинное положение и снять с души горькую накипь тревожных предчувствий. Емельян, посасывая трубку, запряг в городские санки маштака, повез хозяина в Ягодное.",False,,False,,True,353
WORD,S1_004,12135,28,28,решить,решил,"Сергей Платонович спал ночью плохо, ворочался, одолеваемый бестолковыми мыслями и неосознанными желаниями; уснул за полночь, а утром, прослышав, что в Ягодное приехал с фронта к отцу Евгений Листницкий, решил съездить туда, чтобы поговорить, выяснить подлинное положение и снять с души горькую накипь тревожных предчувствий.",День этот оставил под исход садную дурную боль.,"Емельян, посасывая трубку, запряг в городские санки маштака, повез хозяина в Ягодное.","День этот оставил под исход садную дурную боль. Сергей Платонович спал ночью плохо, ворочался, одолеваемый бестолковыми мыслями и неосознанными желаниями; уснул за полночь, а утром, прослышав, что в Ягодное приехал с фронта к отцу Евгений Листницкий, решил съездить туда, чтобы поговорить, выяснить подлинное положение и снять с души горькую накипь тревожных предчувствий. Емельян, посасывая трубку, запряг в городские санки маштака, повез хозяина в Ягодное.",False,,False,,True,354
PHRASE,PHR_634,12147,0,3,понять ты,Пойми что вредно тебе,"Пойми, что вредно тебе, нельзя!","Сзади, за сборки полушубка, дергала сожительница, шептала умоляюще:
— Митя, оставь!",Кровь ведь опять будет идти…,"Сзади, за сборки полушубка, дергала сожительница, шептала умоляюще:
— Митя, оставь! Пойми, что вредно тебе, нельзя! Кровь ведь опять будет идти…",False,,False,,True,355
WORD,S1_017,12147,0,0,понять,Пойми,"Пойми, что вредно тебе, нельзя!","Сзади, за сборки полушубка, дергала сожительница, шептала умоляюще:
— Митя, оставь!",Кровь ведь опять будет идти…,"Сзади, за сборки полушубка, дергала сожительница, шептала умоляюще:
— Митя, оставь! Пойми, что вредно тебе, нельзя! Кровь ведь опять будет идти…",True,PHR_634,False,,False,356
WORD,S1_001,12182,2,2,думать,думаю,Я еще думаю вас пережить.,"— Ну, полно, Евгений Николаевич!",Как вы-то?,"— Ну, полно, Евгений Николаевич! Я еще думаю вас пережить. Как вы-то?",False,,False,,True,357
WORD,S1_016,12197,4,4,помнить,помнишь,"Мне сейчас вспомнился Мережковский… помнишь, Евгений?",Что же… династия была обречена.,— «Петр и Алексей».,"Что же… династия была обречена. Мне сейчас вспомнился Мережковский… помнишь, Евгений? — «Петр и Алексей».",False,,False,,True,358
WORD,S1_004,12203,8,8,решить,решил,"Я, услыша, что Евгений Николаевич приехал в отпуск, решил съездить сюда к вам, расспросить, что там творится, чего нужно ожидать.","Беда, ей-богу!","Евгений, уже без улыбки на опрятно выбритом белесом лице, рассказывал:
— Грозные события…","Беда, ей-богу! Я, услыша, что Евгений Николаевич приехал в отпуск, решил съездить сюда к вам, расспросить, что там творится, чего нужно ожидать. Евгений, уже без улыбки на опрятно выбритом белесом лице, рассказывал:
— Грозные события…",False,,False,,True,359
WORD,S1_005,12306,20,20,решать,решает,"Мы будем биться с врагом так же доблестно, как и раньше, а там… — косой плывущий жест назад, — пусть Государственная дума решает судьбу страны.",Ваш казачий воинский долг призывает вас подчиняться своим начальникам.,"Кончим войну, тогда и мы примем участие во внутренней жизни, а пока нам… э-э-э… нельзя.","Ваш казачий воинский долг призывает вас подчиняться своим начальникам. Мы будем биться с врагом так же доблестно, как и раньше, а там… — косой плывущий жест назад, — пусть Государственная дума решает судьбу страны. Кончим войну, тогда и мы примем участие во внутренней жизни, а пока нам… э-э-э… нельзя.",False,,False,,True,360
WORD,ALEX_008,12311,5,5,вспоминать,вспоминая,"После подолгу обсуждали слышанные речи; вспоминая, прощупывали недоверчиво каждое сомнительное слово.","Здесь же на станции спустя несколько дней присягали Временному правительству, ходили на митинги, собираясь большими земляческими группами, держась обособленно от солдат, наводнявших станцию.","У всех почему-то сложилось убеждение: если свобода — значит конец войне, и с этим прочно укоренившимся убеждением трудно стало бороться офицерам, утверждавшим, что воевать Россия обязана до конца.","Здесь же на станции спустя несколько дней присягали Временному правительству, ходили на митинги, собираясь большими земляческими группами, держась обособленно от солдат, наводнявших станцию. После подолгу обсуждали слышанные речи; вспоминая, прощупывали недоверчиво каждое сомнительное слово. У всех почему-то сложилось убеждение: если свобода — значит конец войне, и с этим прочно укоренившимся убеждением трудно стало бороться офицерам, утверждавшим, что воевать Россия обязана до конца.",False,,False,,True,361
WORD,S1_007,12487,11,11,раздумывать,раздумывая,"Петро шагал, глядя на свои сапоги, забрызганные охровой глинистой грязью, и раздумывая: зачем бы это он понадобился командиру полка?","Тот молча поглядел ему вслед, на будничном, хмуром Аникушкином лице озабоченность сливалась с обычной скукой.","Внимание его привлекла небольшая толпа, собравшаяся в конце платформы у бака с кипятком.","Тот молча поглядел ему вслед, на будничном, хмуром Аникушкином лице озабоченность сливалась с обычной скукой. Петро шагал, глядя на свои сапоги, забрызганные охровой глинистой грязью, и раздумывая: зачем бы это он понадобился командиру полка? Внимание его привлекла небольшая толпа, собравшаяся в конце платформы у бака с кипятком.",False,,False,,True,362
WORD,S1_004,12491,18,18,решить,решил,"Петро, вытянув голову, поглядел на смутно знакомое забородатевшее лицо рыжеватого казака-атаманца, на цифру «52» на синем урядницком погоне; решил, что где-то и когда-то видел этого человека.","Человек двадцать солдат окружили рослого рыжеватого казака, стоявшего спиной к баку в неловкой, затравленной позе.",— Как же это ты ухитрился?,"Человек двадцать солдат окружили рослого рыжеватого казака, стоявшего спиной к баку в неловкой, затравленной позе. Петро, вытянув голову, поглядел на смутно знакомое забородатевшее лицо рыжеватого казака-атаманца, на цифру «52» на синем урядницком погоне; решил, что где-то и когда-то видел этого человека. — Как же это ты ухитрился?",False,,False,,True,363
WORD,S1_014,12497,5,5,вспомнить,вспомнить,"Петро, усиленно напрягая память, пытался вспомнить, — где он видел это широкое рыжеусое и рыжебровое лицо атаманца.",Из ваших казаков.,"Не отвечая на назойливые вопросы вольноопределяющегося, атаманец редкими глотками тянул кипяток из медной кружки, сделанной из гильзы снаряда, прикусывая черным размоченным в воде сухарем.","Из ваших казаков. Петро, усиленно напрягая память, пытался вспомнить, — где он видел это широкое рыжеусое и рыжебровое лицо атаманца. Не отвечая на назойливые вопросы вольноопределяющегося, атаманец редкими глотками тянул кипяток из медной кружки, сделанной из гильзы снаряда, прикусывая черным размоченным в воде сухарем.",False,,False,,True,364
WORD,S1_014,12505,17,17,вспомнить,вспомнил,"Солдаты засмеялись, а Петро, едва лишь услышал голос дезертира, сразу, как это всегда бывает, с поразительной отчетливостью вспомнил, что атаманец этот — с хутора Рубежина, Еланской станицы, по фамилии Фомин, и что у него еще до войны на еланской годовой ярмарке торговали Петро с отцом трехлетка-бычка.","Что вы, людей не видали, что ль?",— Фомин!,"Что вы, людей не видали, что ль? Солдаты засмеялись, а Петро, едва лишь услышал голос дезертира, сразу, как это всегда бывает, с поразительной отчетливостью вспомнил, что атаманец этот — с хутора Рубежина, Еланской станицы, по фамилии Фомин, и что у него еще до войны на еланской годовой ярмарке торговали Петро с отцом трехлетка-бычка. — Фомин!",False,,False,,True,365
WORD,S1_016,12512,4,4,помнить,помню,"— Я-то вешенский, а тебя помню.",А ты либо еланский?,С батей лет пять назад бычка у тебя торговали.,"А ты либо еланский? — Я-то вешенский, а тебя помню. С батей лет пять назад бычка у тебя торговали.",False,,False,,True,366
WORD,S1_014,12514,11,11,вспомнить,вспомнить,"Фомин, улыбаясь все той же растерянной, ребячьей улыбкой, как видно, силился вспомнить.",С батей лет пять назад бычка у тебя торговали.,"— Нет, замстило… не упомню тебя, — с видимым сожалением сказал он.","С батей лет пять назад бычка у тебя торговали. Фомин, улыбаясь все той же растерянной, ребячьей улыбкой, как видно, силился вспомнить. — Нет, замстило… не упомню тебя, — с видимым сожалением сказал он.",False,,False,,True,367
WORD,S1_002,12542,9,9,подумать,подумали,"Нарочно укоротив шаг, чтобы наблюдавшие за ним обозные не подумали, что он особенно уж рад, Петро шел навстречу.","Радость была тем сильнее, чем неожиданней.","Он степенно обнял жену, поцеловал ее три раза, хотел что-то спросить, но глубокое внутреннее волнение пробилось наружу — мелко задрожали губы и словно отнялся язык.","Радость была тем сильнее, чем неожиданней. Нарочно укоротив шаг, чтобы наблюдавшие за ним обозные не подумали, что он особенно уж рад, Петро шел навстречу. Он степенно обнял жену, поцеловал ее три раза, хотел что-то спросить, но глубокое внутреннее волнение пробилось наружу — мелко задрожали губы и словно отнялся язык.",False,,False,,True,368
WORD,S1_001,12551,1,1,думать,думаю,"Нет, думаю, поеду, проведаю родимого… — тарахтела она, прижимаясь к мужу, заглядывая в глаза ему увлажненными глазами.",Наши не пускали: «Куда тебя понесет?!»,"А у вагонов толпились казаки; глядя на них, покрякивали, перемигивались, нудились.","Наши не пускали: «Куда тебя понесет?!» Нет, думаю, поеду, проведаю родимого… — тарахтела она, прижимаясь к мужу, заглядывая в глаза ему увлажненными глазами. А у вагонов толпились казаки; глядя на них, покрякивали, перемигивались, нудились.",False,,False,,True,369
WORD,S1_016,12561,5,5,помнить,помнил,"В этот момент Петро не помнил, что собирался бить жену смертным боем, — ласкал ее на людях, гладил большим обкуренным пальцем писаные дуги ее бровей, радовался.","Кровью изойдешь, глядючи, как она к нему липнет!","Дарья тоже забыла, что только две ночи назад спала она в вагоне с драгунским ветеринарным фельдшером, вместе с ней ехавшим из Харькова в полк.","Кровью изойдешь, глядючи, как она к нему липнет! В этот момент Петро не помнил, что собирался бить жену смертным боем, — ласкал ее на людях, гладил большим обкуренным пальцем писаные дуги ее бровей, радовался. Дарья тоже забыла, что только две ночи назад спала она в вагоне с драгунским ветеринарным фельдшером, вместе с ней ехавшим из Харькова в полк.",False,,False,,True,370
WORD,S1_018,12573,24,24,осознать,осознал,"В этот же день он выехал в Двинск, где находился 14-й полк, а через сутки уже представился командиру полка, полковнику Быкадорову, и с удовлетворением осознал правдивость слов начштаба дивизии: офицеры в большинстве — монархисты; казаки, на треть разбавленные старообрядцами Усть-Хоперской, Кумылженской, Глазуновской и других станиц, были настроены отнюдь не революционно, на верность Временному правительству присягали неохотно, в событиях, кипевших вокруг, не разбирались, да и не хотели разбираться; в полковой и сотенные комитеты прошли казаки подхалимистые и смирные…",Листницкий с радостью принял перевод.,С радостью вздохнул Листницкий в новой обстановке.,"Листницкий с радостью принял перевод. В этот же день он выехал в Двинск, где находился 14-й полк, а через сутки уже представился командиру полка, полковнику Быкадорову, и с удовлетворением осознал правдивость слов начштаба дивизии: офицеры в большинстве — монархисты; казаки, на треть разбавленные старообрядцами Усть-Хоперской, Кумылженской, Глазуновской и других станиц, были настроены отнюдь не революционно, на верность Временному правительству присягали неохотно, в событиях, кипевших вокруг, не разбирались, да и не хотели разбираться; в полковой и сотенные комитеты прошли казаки подхалимистые и смирные… С радостью вздохнул Листницкий в новой обстановке.",False,,False,,True,371
WORD,S1_004,12591,12,12,решить,решил,"Листницкий, морщась под пенсне, внимательно осмотрел помещение, походил под слепящими белизной стенами, решил, что лучшего, в смысле удобств, не остается и желать.","Заново окрашенные стены блестели известкой, глянцем лоснились начисто вымытые полы, от сосновых свежих нар — смолистые запахи; почти уютно было в светлом, опрятном полуподвале.","Удовлетворенный осмотром, он, в сопровождении маленького, изящно одетого представителя городского управления, на долю которого выпало встречать казаков, направился к выходу во двор, но тут произошел неприятный казус: держась за дверную скобку, он увидел на стене мастерски выцарапанный каким-то острым предметом рисунок — оскаленную собачью голову и метлу.","Заново окрашенные стены блестели известкой, глянцем лоснились начисто вымытые полы, от сосновых свежих нар — смолистые запахи; почти уютно было в светлом, опрятном полуподвале. Листницкий, морщась под пенсне, внимательно осмотрел помещение, походил под слепящими белизной стенами, решил, что лучшего, в смысле удобств, не остается и желать. Удовлетворенный осмотром, он, в сопровождении маленького, изящно одетого представителя городского управления, на долю которого выпало встречать казаков, направился к выходу во двор, но тут произошел неприятный казус: держась за дверную скобку, он увидел на стене мастерски выцарапанный каким-то острым предметом рисунок — оскаленную собачью голову и метлу.",False,,False,,True,372
WORD,S1_001,12614,10,10,думать,думал,"Но неужели для всей России мы являемся в образе опричнины?» — думал он, шагая по двору к конюшням и невнимательно, безразлично вслушиваясь в слова спешившего за ним представителя.","«Вот как встречают нас и вот что кроется за внешней, показной стороной!..","В глубокий, просторный колодец двора отвесно падали солнечные лучи.","«Вот как встречают нас и вот что кроется за внешней, показной стороной!.. Но неужели для всей России мы являемся в образе опричнины?» — думал он, шагая по двору к конюшням и невнимательно, безразлично вслушиваясь в слова спешившего за ним представителя. В глубокий, просторный колодец двора отвесно падали солнечные лучи.",False,,False,,True,373
WORD,S1_004,12662,14,14,решить,решил,"Вначале он испытывал некоторое стеснение за свой помятый китель и несвежую фуражку, но потом решил, что фронтовику, пожалуй, и нечего стыдиться своей внешности, а тем более ему, только сегодня покинувшему вагон.","Листницкий, покуривая, медленно шел правой стороной тротуара, изредка ловил на себе боковые почтительные взгляды встречных.","На тротуарах, ленивые, оливково-желтые, лежали теневые пятна от парусиновых тентов, натянутых над входами в магазины и кафе.","Листницкий, покуривая, медленно шел правой стороной тротуара, изредка ловил на себе боковые почтительные взгляды встречных. Вначале он испытывал некоторое стеснение за свой помятый китель и несвежую фуражку, но потом решил, что фронтовику, пожалуй, и нечего стыдиться своей внешности, а тем более ему, только сегодня покинувшему вагон. На тротуарах, ленивые, оливково-желтые, лежали теневые пятна от парусиновых тентов, натянутых над входами в магазины и кафе.",False,,False,,True,374
WORD,S1_001,12666,35,35,думать,думал,"Листницкий, отвыкший за годы войны от города, с радостным удовлетворением впитывал в себя разноголосый гул, перевитый смехом, автомобильными гудками, криком газетчиков, и, чувствуя себя в этой толпе прилично одетых, сытых людей своим, близким, все же думал:
«Какие все вы сейчас довольные, радостные, счастливые, — все: и купцы, и биржевые маклеры, и чиновники разных рангов, и помещики, и люди голубой крови!","Несмотря на послеобеденный час, проспект кишел людьми.",А что с вами было три-четыре дня назад?,"Несмотря на послеобеденный час, проспект кишел людьми. Листницкий, отвыкший за годы войны от города, с радостным удовлетворением впитывал в себя разноголосый гул, перевитый смехом, автомобильными гудками, криком газетчиков, и, чувствуя себя в этой толпе прилично одетых, сытых людей своим, близким, все же думал:
«Какие все вы сейчас довольные, радостные, счастливые, — все: и купцы, и биржевые маклеры, и чиновники разных рангов, и помещики, и люди голубой крови! А что с вами было три-четыре дня назад?",False,,False,,True,375
WORD,S1_004,12671,12,12,решить,решил,"Он попробовал проанализировать свое раздвоенное чувство, найти истоки его и без труда решил: потому он так мыслит и чувствует, что война и то, что пришлось пережить там, отдалили его от этого скопища сытых, довольных.","И благополучию вашему не знаю, как радоваться…»","«Ведь вот этот молодой, упитанный, — думал он, встречаясь глазами с полным, краснощеким и безусым мужчиной, — почему он не на фронте?","И благополучию вашему не знаю, как радоваться…» Он попробовал проанализировать свое раздвоенное чувство, найти истоки его и без труда решил: потому он так мыслит и чувствует, что война и то, что пришлось пережить там, отдалили его от этого скопища сытых, довольных. «Ведь вот этот молодой, упитанный, — думал он, встречаясь глазами с полным, краснощеким и безусым мужчиной, — почему он не на фронте?",False,,False,,True,376
WORD,S1_013,12671,16,16,мыслить,мыслит,"Он попробовал проанализировать свое раздвоенное чувство, найти истоки его и без труда решил: потому он так мыслит и чувствует, что война и то, что пришлось пережить там, отдалили его от этого скопища сытых, довольных.","И благополучию вашему не знаю, как радоваться…»","«Ведь вот этот молодой, упитанный, — думал он, встречаясь глазами с полным, краснощеким и безусым мужчиной, — почему он не на фронте?","И благополучию вашему не знаю, как радоваться…» Он попробовал проанализировать свое раздвоенное чувство, найти истоки его и без труда решил: потому он так мыслит и чувствует, что война и то, что пришлось пережить там, отдалили его от этого скопища сытых, довольных. «Ведь вот этот молодой, упитанный, — думал он, встречаясь глазами с полным, краснощеким и безусым мужчиной, — почему он не на фронте?",False,,False,,True,377
WORD,S1_001,12672,5,5,думать,думал,"«Ведь вот этот молодой, упитанный, — думал он, встречаясь глазами с полным, краснощеким и безусым мужчиной, — почему он не на фронте?","Он попробовал проанализировать свое раздвоенное чувство, найти истоки его и без труда решил: потому он так мыслит и чувствует, что война и то, что пришлось пережить там, отдалили его от этого скопища сытых, довольных.","Наверно, сын заводчика или какого-нибудь торгового зубра, уклонился, подлец, от службы, — начхать ему на Родину, — и „работает на оборону“, жиреет, с удобствами любит женщин…»","Он попробовал проанализировать свое раздвоенное чувство, найти истоки его и без труда решил: потому он так мыслит и чувствует, что война и то, что пришлось пережить там, отдалили его от этого скопища сытых, довольных. «Ведь вот этот молодой, упитанный, — думал он, встречаясь глазами с полным, краснощеким и безусым мужчиной, — почему он не на фронте? Наверно, сын заводчика или какого-нибудь торгового зубра, уклонился, подлец, от службы, — начхать ему на Родину, — и „работает на оборону“, жиреет, с удобствами любит женщин…»",False,,False,,True,378
WORD,S1_004,12674,15,15,решить,решил,"«Но с кем же ты-то в конце концов? — задал он сам себе вопрос и, улыбаясь, решил: — Ну конечно же, вот с этими!","Наверно, сын заводчика или какого-нибудь торгового зубра, уклонился, подлец, от службы, — начхать ему на Родину, — и „работает на оборону“, жиреет, с удобствами любит женщин…»","В них частичка самого меня, а я частичка их среды…","Наверно, сын заводчика или какого-нибудь торгового зубра, уклонился, подлец, от службы, — начхать ему на Родину, — и „работает на оборону“, жиреет, с удобствами любит женщин…» «Но с кем же ты-то в конце концов? — задал он сам себе вопрос и, улыбаясь, решил: — Ну конечно же, вот с этими! В них частичка самого меня, а я частичка их среды…",False,,False,,True,379
WORD,S1_010,12680,7,7,колебаться,колеблясь,"Жизнь положу за старое, отдам ее не колеблясь, без позы, просто, по-солдатски.",И сердце и разум противятся…,А многие ли на это пойдут?»,"И сердце и разум противятся… Жизнь положу за старое, отдам ее не колеблясь, без позы, просто, по-солдатски. А многие ли на это пойдут?»",False,,False,,True,380
WORD,S1_020,12792,1,1,ясно,ясно,"Ведь ясно, что грозных событий нам не миновать…","— Офицеры отгораживались от казаков прежней стеной, и в результате казаки все поголовно подпали под влияние большевиков и сами на девяносто процентов стали большевиками.",Дни третьего и пятого июля — только суровое предостережение всем беспечным.,"— Офицеры отгораживались от казаков прежней стеной, и в результате казаки все поголовно подпали под влияние большевиков и сами на девяносто процентов стали большевиками. Ведь ясно, что грозных событий нам не миновать… Дни третьего и пятого июля — только суровое предостережение всем беспечным.",False,,False,,True,381
WORD,S1_001,12802,1,1,думать,думаешь,"— Ты думаешь, мы этого не понимаем?",— Россия одной ногой в могиле…,"Понимаем, но иногда бессильны что-либо сделать.","— Россия одной ногой в могиле… — Ты думаешь, мы этого не понимаем? Понимаем, но иногда бессильны что-либо сделать.",False,,False,,True,382
WORD,S1_017,12823,22,22,понять,понял,"Листницкий, потирая кулаками острые углы колен, продолжал:
— Я говорю, что тогда, то есть в будущих боях, в гражданской войне, — я только сейчас понял, что она неизбежна, — и понадобится верный казак.",13 «Окопная правда» — боевая большевистская газета.,"Надо биться и отвоевать его у комитетов, тяготеющих к большевикам.","13 «Окопная правда» — боевая большевистская газета. Листницкий, потирая кулаками острые углы колен, продолжал:
— Я говорю, что тогда, то есть в будущих боях, в гражданской войне, — я только сейчас понял, что она неизбежна, — и понадобится верный казак. Надо биться и отвоевать его у комитетов, тяготеющих к большевикам.",False,,False,,True,383
WORD,S1_020,12827,0,0,ясно,Ясно,— Ясно!,Ведь в случае новых потрясений казаки Первого и Четвертого полков перестреляют своих офицеров…,— Церемониться не будут!,Ведь в случае новых потрясений казаки Первого и Четвертого полков перестреляют своих офицеров… — Ясно! — Церемониться не будут!,False,,False,,True,384
WORD,S1_004,12843,0,0,решить,Решено,"Решено было в неделю три раза проводить с казаками беседы на политические темы, взводным офицерам было вменено в обязанность ежедневно заниматься со взводами гимнастикой и читкой, для того чтобы заполнить свободное время и вырвать умы казаков из разлагающей атмосферы политики.",Офицеры проговорили до рассвета.,"Перед уходом пели «Всколыхнулся, взволновался православный тихий Дон», допивали десятый самовар, под звон стаканов шутливые произносились тосты.","Офицеры проговорили до рассвета. Решено было в неделю три раза проводить с казаками беседы на политические темы, взводным офицерам было вменено в обязанность ежедневно заниматься со взводами гимнастикой и читкой, для того чтобы заполнить свободное время и вырвать умы казаков из разлагающей атмосферы политики. Перед уходом пели «Всколыхнулся, взволновался православный тихий Дон», допивали десятый самовар, под звон стаканов шутливые произносились тосты.",False,,False,,True,385
PHRASE,PHR_635,12856,18,19,ты понять,ты поймешь,"И вот еще, когда цветет подсолнух и над Доном пахнет смоченными дождем виноградниками, — так глубоко и больно люблю… ты поймешь…",От запаха степного полынка мне хочется плакать…,А вот теперь думаю: не околпачиваем ли мы вот этих самых казаков?,"От запаха степного полынка мне хочется плакать… И вот еще, когда цветет подсолнух и над Доном пахнет смоченными дождем виноградниками, — так глубоко и больно люблю… ты поймешь… А вот теперь думаю: не околпачиваем ли мы вот этих самых казаков?",False,,False,,True,386
WORD,S1_017,12856,19,19,понять,поймешь,"И вот еще, когда цветет подсолнух и над Доном пахнет смоченными дождем виноградниками, — так глубоко и больно люблю… ты поймешь…",От запаха степного полынка мне хочется плакать…,А вот теперь думаю: не околпачиваем ли мы вот этих самых казаков?,"От запаха степного полынка мне хочется плакать… И вот еще, когда цветет подсолнух и над Доном пахнет смоченными дождем виноградниками, — так глубоко и больно люблю… ты поймешь… А вот теперь думаю: не околпачиваем ли мы вот этих самых казаков?",True,PHR_635,False,,False,387
WORD,S1_001,12857,3,3,думать,думаю,А вот теперь думаю: не околпачиваем ли мы вот этих самых казаков?,"И вот еще, когда цветет подсолнух и над Доном пахнет смоченными дождем виноградниками, — так глубоко и больно люблю… ты поймешь…",На эту ли стежку хотим мы их завернуть?..,"И вот еще, когда цветет подсолнух и над Доном пахнет смоченными дождем виноградниками, — так глубоко и больно люблю… ты поймешь… А вот теперь думаю: не околпачиваем ли мы вот этих самых казаков? На эту ли стежку хотим мы их завернуть?..",False,,False,,True,388
WORD,S1_001,12862,1,1,думать,думаю,— Я думаю: надо ли казакам это?,"Над коричневой родинкой тяжко висел синий ободок века, в профиле виден был увлажненный свет одного полузакрытого глаза.","— А что же, в таком случае, им надо?","Над коричневой родинкой тяжко висел синий ободок века, в профиле виден был увлажненный свет одного полузакрытого глаза. — Я думаю: надо ли казакам это? — А что же, в таком случае, им надо?",False,,False,,True,389
WORD,S1_021,12873,12,12,рассуждать,рассуждают,"«Область Войска Донского от фронта далеко, и немец туда не дойдет» — так рассуждают они.","Понятие, во всяком случае, абстрактное.",В этом-то вся и беда.,"Понятие, во всяком случае, абстрактное. «Область Войска Донского от фронта далеко, и немец туда не дойдет» — так рассуждают они. В этом-то вся и беда.",False,,False,,True,390
WORD,S1_011,12877,24,24,мысль,мысли,"Так и произошло: Атарщиков что-то промычал невнятное, долго сидел молча, и Листницкий хотя и пытался, но не мог разобраться, в каких потемках бродят сейчас мысли умолкшего сослуживца.","Листницкий говорил, подсознательно чувствуя, что слова его не доходят до цели и что Атарщиков сейчас закроет перед ним створки своей душевной раковины.",«Надо бы дать ему высказаться до конца…» — с сожалением подумал он.,"Листницкий говорил, подсознательно чувствуя, что слова его не доходят до цели и что Атарщиков сейчас закроет перед ним створки своей душевной раковины. Так и произошло: Атарщиков что-то промычал невнятное, долго сидел молча, и Листницкий хотя и пытался, но не мог разобраться, в каких потемках бродят сейчас мысли умолкшего сослуживца. «Надо бы дать ему высказаться до конца…» — с сожалением подумал он.",False,,False,,True,391
WORD,S1_002,12878,9,9,подумать,подумал,«Надо бы дать ему высказаться до конца…» — с сожалением подумал он.,"Так и произошло: Атарщиков что-то промычал невнятное, долго сидел молча, и Листницкий хотя и пытался, но не мог разобраться, в каких потемках бродят сейчас мысли умолкшего сослуживца.","Атарщиков пожелал спокойной ночи, так и ушел, не сказав больше ни слова.","Так и произошло: Атарщиков что-то промычал невнятное, долго сидел молча, и Листницкий хотя и пытался, но не мог разобраться, в каких потемках бродят сейчас мысли умолкшего сослуживца. «Надо бы дать ему высказаться до конца…» — с сожалением подумал он. Атарщиков пожелал спокойной ночи, так и ушел, не сказав больше ни слова.",False,,False,,True,392
WORD,S1_014,12882,12,12,вспомнить,вспомнил,"Он покурил, полежал немного, напряженно глядя в серую ватную темень, и неожиданно вспомнил Аксинью, дни отпуска, заполненные до краев ею.","Неразгаданность чужого, сокровенного досадно волновала Листницкого.","Уснул, примиренный думами и случайными, отрывочными воспоминаниями о женщинах, чьи пути скрещивались когда-то с его путями.","Неразгаданность чужого, сокровенного досадно волновала Листницкого. Он покурил, полежал немного, напряженно глядя в серую ватную темень, и неожиданно вспомнил Аксинью, дни отпуска, заполненные до краев ею. Уснул, примиренный думами и случайными, отрывочными воспоминаниями о женщинах, чьи пути скрещивались когда-то с его путями.",False,,False,,True,393
WORD,S1_004,12888,1,1,решить,решил,"Листницкий решил, что ему необходимо как-нибудь поближе узнать Лагутина, прощупать его.",Взводный офицер приписывал эти случаи воздействию на казаков Лагутина.,"Вызвать казака на откровенный разговор было бы глупо и неосторожно, поэтому Листницкий решил выжидать.","Взводный офицер приписывал эти случаи воздействию на казаков Лагутина. Листницкий решил, что ему необходимо как-нибудь поближе узнать Лагутина, прощупать его. Вызвать казака на откровенный разговор было бы глупо и неосторожно, поэтому Листницкий решил выжидать.",False,,False,,True,394
WORD,S1_004,12889,12,12,решить,решил,"Вызвать казака на откровенный разговор было бы глупо и неосторожно, поэтому Листницкий решил выжидать.","Листницкий решил, что ему необходимо как-нибудь поближе узнать Лагутина, прощупать его.",Случай представился скоро.,"Листницкий решил, что ему необходимо как-нибудь поближе узнать Лагутина, прощупать его. Вызвать казака на откровенный разговор было бы глупо и неосторожно, поэтому Листницкий решил выжидать. Случай представился скоро.",False,,False,,True,395
WORD,S1_002,12910,14,14,подумать,подумал,"Наверное, ненавидит меня, как и все, что связано со старым режимом, с „палкой капрала“…» — подумал Листницкий, и почему-то захотелось узнать о прошлом Лагутина.","«Простой с виду, постный, — а что у него за душой?",— Семейный?,"«Простой с виду, постный, — а что у него за душой? Наверное, ненавидит меня, как и все, что связано со старым режимом, с „палкой капрала“…» — подумал Листницкий, и почему-то захотелось узнать о прошлом Лагутина. — Семейный?",False,,False,,True,396
WORD,S1_002,12918,4,4,подумать,подумав,"Земля-то у нас песчаная, — подумав, сурово добавил он.","Бык на казака, а казак на быка, — так всю жисть и крутимся…",Листницкий когда-то ехал на станцию Себряково через Букановскую.,"Бык на казака, а казак на быка, — так всю жисть и крутимся… Земля-то у нас песчаная, — подумав, сурово добавил он. Листницкий когда-то ехал на станцию Себряково через Букановскую.",False,,False,,True,397
WORD,S1_014,12920,2,2,вспомнить,вспомнил,"Он живо вспомнил эту глухую, улегшуюся на отшибе от большого шляха станицу, с юга прикрытую ровнехоньким неокидным лугом, опоясанную капризными извивами Хопра.",Листницкий когда-то ехал на станцию Себряково через Букановскую.,"Тогда еще с гребня, от Еланской грани, верст за двенадцать, увидел он зеленое марево садов в низине, белый обглоданный мосол высокой колокольни.","Листницкий когда-то ехал на станцию Себряково через Букановскую. Он живо вспомнил эту глухую, улегшуюся на отшибе от большого шляха станицу, с юга прикрытую ровнехоньким неокидным лугом, опоясанную капризными извивами Хопра. Тогда еще с гребня, от Еланской грани, верст за двенадцать, увидел он зеленое марево садов в низине, белый обглоданный мосол высокой колокольни.",False,,False,,True,398
WORD,S1_001,12933,2,2,думать,думаешь,Ты как думаешь?,— Еще между собой придется воевать.,"Лагутин, не поднимая от луки опущенных глаз, помолчав, спросил:
— С кем воевать-то?","— Еще между собой придется воевать. Ты как думаешь? Лагутин, не поднимая от луки опущенных глаз, помолчав, спросил:
— С кем воевать-то?",False,,False,,True,399
WORD,ALEX_012,12978,7,7,догадаться,догадался,"Листницкий не видел, но по голосу Лагутина догадался, что тот улыбается.","Если у тебя две рубахи, а у меня нет ни одной — что же, по-твоему, я должен отбирать у тебя?",— Я сам отдам лишнюю рубаху.,"Если у тебя две рубахи, а у меня нет ни одной — что же, по-твоему, я должен отбирать у тебя? Листницкий не видел, но по голосу Лагутина догадался, что тот улыбается. — Я сам отдам лишнюю рубаху.",False,,False,,True,400
WORD,S1_001,12983,10,10,думать,думаешь,"В ответ, взволнованно задыхаясь, почти крикнул побелевший Лагутин:
— А ты думаешь, я об себе душой болею?",Не хватает тебе? — повысил Листницкий голос.,В Польше были — там как люди живут?,"Не хватает тебе? — повысил Листницкий голос. В ответ, взволнованно задыхаясь, почти крикнул побелевший Лагутин:
— А ты думаешь, я об себе душой болею? В Польше были — там как люди живут?",False,,False,,True,401
WORD,S1_001,12989,2,2,думать,думаешь,"Что ж, думаешь, мне их не жалко, что ль?",Сердце кровью закипает!..,"Я, может быть, об этом об поляке изболелся весь, на его горькую землю интересуясь.","Сердце кровью закипает!.. Что ж, думаешь, мне их не жалко, что ль? Я, может быть, об этом об поляке изболелся весь, на его горькую землю интересуясь.",False,,False,,True,402
WORD,S1_014,13064,3,3,вспомнить,вспомнил,"Покусывая губы, он вспомнил сцену избиения человека, бросившего в казаков камнем, и то, что после разыгралось между ним и Лагутиным.",На другой день Листницкий проснулся с сознанием совершенной им вчера большой непоправимой ошибки.,Поморщился.,"На другой день Листницкий проснулся с сознанием совершенной им вчера большой непоправимой ошибки. Покусывая губы, он вспомнил сцену избиения человека, бросившего в казаков камнем, и то, что после разыгралось между ним и Лагутиным. Поморщился.",False,,False,,True,403
WORD,S1_001,13067,1,1,думать,думал,"Одеваясь, думал, что Лагутина трогать пока не надо, во избежание обострения отношений с полковым комитетом, а лучше выждать время, когда в памяти казаков, бывших при этом, выутюжится вчерашняя стычка с Лагутиным, и тогда потихоньку убрать его с дороги.",Раздумчиво покашлял.,"«Что называется, сроднился с казаком…» — горько иронизировал над собой Листницкий и все последующие дни находился под нехорошим впечатлением происшедшего.","Раздумчиво покашлял. Одеваясь, думал, что Лагутина трогать пока не надо, во избежание обострения отношений с полковым комитетом, а лучше выждать время, когда в памяти казаков, бывших при этом, выутюжится вчерашняя стычка с Лагутиным, и тогда потихоньку убрать его с дороги. «Что называется, сроднился с казаком…» — горько иронизировал над собой Листницкий и все последующие дни находился под нехорошим впечатлением происшедшего.",False,,False,,True,404
WORD,S1_001,13075,3,3,думать,думая,"В данном случае, думая об Атарщикове, он догадывался лишь об одном — что тот мучительно ищет выхода из создавшихся противоречий, увязывает казачье с большевистским.","И поэтому ему всегда болезненно хотелось узнать, что кроется за грубой, суровой, бесстрашной, нахальной, благополучной, веселой внешностью разных людей.","Это предположение понудило его прекратить попытки к сближению с Атарщиковым, держаться отчужденней.","И поэтому ему всегда болезненно хотелось узнать, что кроется за грубой, суровой, бесстрашной, нахальной, благополучной, веселой внешностью разных людей. В данном случае, думая об Атарщикове, он догадывался лишь об одном — что тот мучительно ищет выхода из создавшихся противоречий, увязывает казачье с большевистским. Это предположение понудило его прекратить попытки к сближению с Атарщиковым, держаться отчужденней.",False,,False,,True,405
WORD,S1_001,13123,2,2,думать,думаешь,Как ты думаешь?,— Во что же выльется?,— Вот тебе раз!,— Во что же выльется? Как ты думаешь? — Вот тебе раз!,False,,False,,True,406
WORD,S1_001,13128,3,3,думать,думают,У нас там думают так: две равнозначащих — это Корнилов и большевики.,Армия ведь за него горой.,"Керенский между двумя жерновами, — не тот, так другой его сотрет.","Армия ведь за него горой. У нас там думают так: две равнозначащих — это Корнилов и большевики. Керенский между двумя жерновами, — не тот, так другой его сотрет.",False,,False,,True,407
WORD,S1_011,13142,7,7,мысль,мысли,"— Они заявили, что казачество не допускает и мысли о смещении Корнилова.","— Вчера к нему от Совета Союза казачьих войск были делегированы представители, — улыбаясь, говорил Листницкий.","И ты знаешь, что он ответил: «Это — инсинуации.","— Вчера к нему от Совета Союза казачьих войск были делегированы представители, — улыбаясь, говорил Листницкий. — Они заявили, что казачество не допускает и мысли о смещении Корнилова. И ты знаешь, что он ответил: «Это — инсинуации.",False,,False,,True,408
WORD,S1_001,13144,6,6,думать,думает,Ничего подобного Временное правительство и не думает предпринимать».,"И ты знаешь, что он ответил: «Это — инсинуации.","Успокаивает общественность и в то же время, как проститутка, улыбается исполкому Совдепа.","И ты знаешь, что он ответил: «Это — инсинуации. Ничего подобного Временное правительство и не думает предпринимать». Успокаивает общественность и в то же время, как проститутка, улыбается исполкому Совдепа.",False,,False,,True,409
WORD,S1_020,13151,0,0,ясно,Ясно,"Ясно, кажется?",Родзянко».,Не может быть и речи о смещении Корнилова…,"Родзянко». Ясно, кажется? Не может быть и речи о смещении Корнилова…",False,,False,,True,410
WORD,S1_016,13170,2,2,помнить,помнишь,Меркулова нашего помнишь?,"Вслед уходившему Листницкому крикнул он, став вполоборота:
— Забыл тебе сказать.",Художника-то?,"Вслед уходившему Листницкому крикнул он, став вполоборота:
— Забыл тебе сказать. Меркулова нашего помнишь? Художника-то?",False,,False,,True,411
WORD,S1_011,13192,12,12,мысль,мыслей,"В дверях, пропуская вперед себя Романовского, сказал, очевидно следя за ходом собственных мыслей:
— Правильно.","Лукомский взял со стола бумаги, отодвинул кресло, пошел той подчеркнуто твердой походкой, какой ходят все полнеющие пожилые военные.",Да.,"Лукомский взял со стола бумаги, отодвинул кресло, пошел той подчеркнуто твердой походкой, какой ходят все полнеющие пожилые военные. В дверях, пропуская вперед себя Романовского, сказал, очевидно следя за ходом собственных мыслей:
— Правильно. Да.",False,,False,,True,412
WORD,S1_017,13197,2,2,понять,поняли,Вы меня поняли?,"Корнилов, чуть наклонившись вперед, опираясь о стол косо поставленными ладонями, говорил стоявшему против него пожилому офицеру:
— …надо было ожидать.",Прошу известить немедленно по прибытии в Псков.,"Корнилов, чуть наклонившись вперед, опираясь о стол косо поставленными ладонями, говорил стоявшему против него пожилому офицеру:
— …надо было ожидать. Вы меня поняли? Прошу известить немедленно по прибытии в Псков.",False,,False,,True,413
WORD,S1_013,13209,1,1,мыслить,мыслите,Вы мыслите иначе?,"По-моему, выбранный район наиболее удовлетворяет этому требованию.",Что?,"По-моему, выбранный район наиболее удовлетворяет этому требованию. Вы мыслите иначе? Что?",False,,False,,True,414
WORD,S1_002,13222,0,0,подумать,Подумав,"Подумав несколько секунд, он ответил:
— Вы правы.","Корнилов, склонив голову, напряженно вслушивался и все же своим острым глазом успел заметить, как холодное с виду лицо Лукомского волнение испятнило еле видным, скупым румянцем.","У меня есть некоторые соображения, относительно которых я с вами еще не говорил…","Корнилов, склонив голову, напряженно вслушивался и все же своим острым глазом успел заметить, как холодное с виду лицо Лукомского волнение испятнило еле видным, скупым румянцем. Подумав несколько секунд, он ответил:
— Вы правы. У меня есть некоторые соображения, относительно которых я с вами еще не говорил…",False,,False,,True,415
WORD,S1_003,13253,8,8,задуматься,задумается,"Я убежден, что в случае необходимости он не задумается перевешать весь Совет рабочих и солдатских депутатов.",Непосредственное руководство операцией передаю генералу Крымову.,Временное правительство…,"Непосредственное руководство операцией передаю генералу Крымову. Я убежден, что в случае необходимости он не задумается перевешать весь Совет рабочих и солдатских депутатов. Временное правительство…",False,,False,,True,416
WORD,S1_016,13321,1,1,помнить,помнил,"Смутно помнил, как клацали фотографические аппараты, бесновалась толпа, шли церемониальным маршем юнкера и стоял, пропуская их перед собой, стройный, подтянутый, маленький, с лицом монгола, генерал.","Приложив ладонь к козырьку фуражки, моргая увлажненными глазами, он пытался, но не мог унять неудержную дрожь губ.","* * *
Спустя день Листницкий выехал в Петроград.","Приложив ладонь к козырьку фуражки, моргая увлажненными глазами, он пытался, но не мог унять неудержную дрожь губ. Смутно помнил, как клацали фотографические аппараты, бесновалась толпа, шли церемониальным маршем юнкера и стоял, пропуская их перед собой, стройный, подтянутый, маленький, с лицом монгола, генерал. * * *
Спустя день Листницкий выехал в Петроград.",False,,False,,True,417
WORD,S1_001,13323,8,8,думать,думая,"Устроившись на верхней полке, он расстелил шинель, курил, думая о Корнилове:
«С риском для жизни бежал из плена, словно знал, что будет так необходим Родине.","* * *
Спустя день Листницкий выехал в Петроград.",Какое лицо!,"* * *
Спустя день Листницкий выехал в Петроград. Устроившись на верхней полке, он расстелил шинель, курил, думая о Корнилове:
«С риском для жизни бежал из плена, словно знал, что будет так необходим Родине. Какое лицо!",False,,False,,True,418
WORD,S1_020,13327,4,4,ясно,ясно,"Для него, наверное, все ясно, рассчитано.",Такой же и характер.,Наступит удобный момент — и поведет нас.,"Такой же и характер. Для него, наверное, все ясно, рассчитано. Наступит удобный момент — и поведет нас.",False,,False,,True,419
WORD,S1_003,13357,2,2,задуматься,задумаюсь,"Я не задумаюсь обнажить фронт, — пусть их вразумляют немцы!","Только при полной консолидации наших сил, сильнейшим моральным прессом мы сможем выжать из правительства уступки, а нет — тогда посмотрим!",— Мы говорили с Дутовым.,"Только при полной консолидации наших сил, сильнейшим моральным прессом мы сможем выжать из правительства уступки, а нет — тогда посмотрим! Я не задумаюсь обнажить фронт, — пусть их вразумляют немцы! — Мы говорили с Дутовым.",False,,False,,True,420
WORD,S1_011,13369,6,6,мысль,мысли,Земля… вокруг этой оси вертятся сейчас мысли и тех и других.,"Боюсь, что на стыке интересов казачества и иногородних и может произойти разрыв…","— Вам надо иметь под рукой надежные казачьи части, чтобы обеспечить себя от всяких случайностей изнутри.","Боюсь, что на стыке интересов казачества и иногородних и может произойти разрыв… Земля… вокруг этой оси вертятся сейчас мысли и тех и других. — Вам надо иметь под рукой надежные казачьи части, чтобы обеспечить себя от всяких случайностей изнутри.",False,,False,,True,421
WORD,S1_011,13437,11,11,мысль,мысль,— Из огня да в полымю! — высказал долговязый Борщев общую для большинства мысль.,Долго баюкалась в красных вагонах дремотная тишина.,Иван Алексеевич — с февраля бессменный председатель сотенного комитета — на первой же остановке пошел к командиру сотни.,Долго баюкалась в красных вагонах дремотная тишина. — Из огня да в полымю! — высказал долговязый Борщев общую для большинства мысль. Иван Алексеевич — с февраля бессменный председатель сотенного комитета — на первой же остановке пошел к командиру сотни.,False,,False,,True,422
WORD,S1_001,13444,2,2,думать,думал,— А ты думал — способствовать беспорядкам?,— Усмирять?,— Мы ни того ни другого не хотим.,— Усмирять? — А ты думал — способствовать беспорядкам? — Мы ни того ни другого не хотим.,False,,False,,True,423
WORD,S1_001,13449,5,5,думать,думают,"— Я сам знаю, что казаки думают.",— Что «казаки»? — уже озлобленно перебил его командир сотни.,Мне-то приятна эта миссия?,"— Что «казаки»? — уже озлобленно перебил его командир сотни. — Я сам знаю, что казаки думают. Мне-то приятна эта миссия?",False,,False,,True,424
WORD,S1_001,13517,16,16,думать,думая,"Казаки, задав лошадям корм, спали, редко кто бодрствовал, покуривая у полуоткрытых дверей, глядя на величавое небо, думая о своем.","Состав поплыл мимо водокачки, мимо редких квадратиков освещенных окон и темных, за полотном, березовых куп.","Иван Алексеевич лежал рядом с Королевым, глядел в дверную щель на текучую звездную россыпь.","Состав поплыл мимо водокачки, мимо редких квадратиков освещенных окон и темных, за полотном, березовых куп. Казаки, задав лошадям корм, спали, редко кто бодрствовал, покуривая у полуоткрытых дверей, глядя на величавое небо, думая о своем. Иван Алексеевич лежал рядом с Королевым, глядел в дверную щель на текучую звездную россыпь.",False,,False,,True,425
WORD,S1_004,13519,6,6,решить,решил,"За минувший день, обдумав все, твердо решил он всячески противодействовать дальнейшему продвижению сотни на Петроград; лежа, размышлял, каким образом склонить казаков к своему решению, как на них подействовать.","Иван Алексеевич лежал рядом с Королевым, глядел в дверную щель на текучую звездную россыпь.","Еще до воззвания Корнилова он ясно сознавал, что казакам с Корниловым не одну стежку топтать, чутье подсказывало, что и Керенского защищать не с руки; поворочал мозгами, решил: не допустить сотню до Петрограда, а если и придется с кем цокнуться, так с Корниловым, но не за Керенского, не за его власть, а за ту, которая станет после него.","Иван Алексеевич лежал рядом с Королевым, глядел в дверную щель на текучую звездную россыпь. За минувший день, обдумав все, твердо решил он всячески противодействовать дальнейшему продвижению сотни на Петроград; лежа, размышлял, каким образом склонить казаков к своему решению, как на них подействовать. Еще до воззвания Корнилова он ясно сознавал, что казакам с Корниловым не одну стежку топтать, чутье подсказывало, что и Керенского защищать не с руки; поворочал мозгами, решил: не допустить сотню до Петрограда, а если и придется с кем цокнуться, так с Корниловым, но не за Керенского, не за его власть, а за ту, которая станет после него.",False,,False,,True,426
WORD,S1_006,13519,16,16,размышлять,размышлял,"За минувший день, обдумав все, твердо решил он всячески противодействовать дальнейшему продвижению сотни на Петроград; лежа, размышлял, каким образом склонить казаков к своему решению, как на них подействовать.","Иван Алексеевич лежал рядом с Королевым, глядел в дверную щель на текучую звездную россыпь.","Еще до воззвания Корнилова он ясно сознавал, что казакам с Корниловым не одну стежку топтать, чутье подсказывало, что и Керенского защищать не с руки; поворочал мозгами, решил: не допустить сотню до Петрограда, а если и придется с кем цокнуться, так с Корниловым, но не за Керенского, не за его власть, а за ту, которая станет после него.","Иван Алексеевич лежал рядом с Королевым, глядел в дверную щель на текучую звездную россыпь. За минувший день, обдумав все, твердо решил он всячески противодействовать дальнейшему продвижению сотни на Петроград; лежа, размышлял, каким образом склонить казаков к своему решению, как на них подействовать. Еще до воззвания Корнилова он ясно сознавал, что казакам с Корниловым не одну стежку топтать, чутье подсказывало, что и Керенского защищать не с руки; поворочал мозгами, решил: не допустить сотню до Петрограда, а если и придется с кем цокнуться, так с Корниловым, но не за Керенского, не за его власть, а за ту, которая станет после него.",False,,False,,True,427
WORD,S1_020,13520,5,5,ясно,ясно,"Еще до воззвания Корнилова он ясно сознавал, что казакам с Корниловым не одну стежку топтать, чутье подсказывало, что и Керенского защищать не с руки; поворочал мозгами, решил: не допустить сотню до Петрограда, а если и придется с кем цокнуться, так с Корниловым, но не за Керенского, не за его власть, а за ту, которая станет после него.","За минувший день, обдумав все, твердо решил он всячески противодействовать дальнейшему продвижению сотни на Петроград; лежа, размышлял, каким образом склонить казаков к своему решению, как на них подействовать.","Что после Керенского будет желанная, подлинно своя власть, — в этом он был больше чем уверен.","За минувший день, обдумав все, твердо решил он всячески противодействовать дальнейшему продвижению сотни на Петроград; лежа, размышлял, каким образом склонить казаков к своему решению, как на них подействовать. Еще до воззвания Корнилова он ясно сознавал, что казакам с Корниловым не одну стежку топтать, чутье подсказывало, что и Керенского защищать не с руки; поворочал мозгами, решил: не допустить сотню до Петрограда, а если и придется с кем цокнуться, так с Корниловым, но не за Керенского, не за его власть, а за ту, которая станет после него. Что после Керенского будет желанная, подлинно своя власть, — в этом он был больше чем уверен.",False,,False,,True,428
WORD,S1_004,13520,26,26,решить,решил,"Еще до воззвания Корнилова он ясно сознавал, что казакам с Корниловым не одну стежку топтать, чутье подсказывало, что и Керенского защищать не с руки; поворочал мозгами, решил: не допустить сотню до Петрограда, а если и придется с кем цокнуться, так с Корниловым, но не за Керенского, не за его власть, а за ту, которая станет после него.","За минувший день, обдумав все, твердо решил он всячески противодействовать дальнейшему продвижению сотни на Петроград; лежа, размышлял, каким образом склонить казаков к своему решению, как на них подействовать.","Что после Керенского будет желанная, подлинно своя власть, — в этом он был больше чем уверен.","За минувший день, обдумав все, твердо решил он всячески противодействовать дальнейшему продвижению сотни на Петроград; лежа, размышлял, каким образом склонить казаков к своему решению, как на них подействовать. Еще до воззвания Корнилова он ясно сознавал, что казакам с Корниловым не одну стежку топтать, чутье подсказывало, что и Керенского защищать не с руки; поворочал мозгами, решил: не допустить сотню до Петрограда, а если и придется с кем цокнуться, так с Корниловым, но не за Керенского, не за его власть, а за ту, которая станет после него. Что после Керенского будет желанная, подлинно своя власть, — в этом он был больше чем уверен.",False,,False,,True,429
WORD,S1_002,13522,31,31,подумать,подумал,"Еще летом пришлось ему побывать в Петрограде, в военной секции исполкома, куда посылала его сотня за советом по поводу возникшего с командиром сотни конфликта; поглядев работу исполкома, переговорив с несколькими товарищами-большевиками, подумал: «Обрастет этот костяк нашим рабочим мясом, — вот это будет власть!","Что после Керенского будет желанная, подлинно своя власть, — в этом он был больше чем уверен.","Умри, Иван, а держись за нее, держись, как дите за материну сиську!»","Что после Керенского будет желанная, подлинно своя власть, — в этом он был больше чем уверен. Еще летом пришлось ему побывать в Петрограде, в военной секции исполкома, куда посылала его сотня за советом по поводу возникшего с командиром сотни конфликта; поглядев работу исполкома, переговорив с несколькими товарищами-большевиками, подумал: «Обрастет этот костяк нашим рабочим мясом, — вот это будет власть! Умри, Иван, а держись за нее, держись, как дите за материну сиську!»",False,,False,,True,430
WORD,ALEX_008,13524,9,9,вспоминать,вспоминал,"В эту ночь, лежа на попоне, чаще, чем обычно, вспоминал с большой, неизведанной доселе горячей любовью человека, под руководством которого прощупал жесткую свою дорогу.","Умри, Иван, а держись за нее, держись, как дите за материну сиську!»","Думая о том, что должен был назавтра говорить казакам, вспомнил и слова Штокмана о казаках, их он повторял часто, будто гвоздь по самую шляпку вбивал: «Казачество консервативно по своему существу.","Умри, Иван, а держись за нее, держись, как дите за материну сиську!» В эту ночь, лежа на попоне, чаще, чем обычно, вспоминал с большой, неизведанной доселе горячей любовью человека, под руководством которого прощупал жесткую свою дорогу. Думая о том, что должен был назавтра говорить казакам, вспомнил и слова Штокмана о казаках, их он повторял часто, будто гвоздь по самую шляпку вбивал: «Казачество консервативно по своему существу.",False,,False,,True,431
WORD,S1_001,13525,0,0,думать,Думая,"Думая о том, что должен был назавтра говорить казакам, вспомнил и слова Штокмана о казаках, их он повторял часто, будто гвоздь по самую шляпку вбивал: «Казачество консервативно по своему существу.","В эту ночь, лежа на попоне, чаще, чем обычно, вспоминал с большой, неизведанной доселе горячей любовью человека, под руководством которого прощупал жесткую свою дорогу.","Когда ты будешь убеждать казака в правоте большевистских идей, — не забывай этого обстоятельства, действуй осторожно, вдумчиво, умей приспособляться к обстановке.","В эту ночь, лежа на попоне, чаще, чем обычно, вспоминал с большой, неизведанной доселе горячей любовью человека, под руководством которого прощупал жесткую свою дорогу. Думая о том, что должен был назавтра говорить казакам, вспомнил и слова Штокмана о казаках, их он повторял часто, будто гвоздь по самую шляпку вбивал: «Казачество консервативно по своему существу. Когда ты будешь убеждать казака в правоте большевистских идей, — не забывай этого обстоятельства, действуй осторожно, вдумчиво, умей приспособляться к обстановке.",False,,False,,True,432
WORD,S1_014,13525,9,9,вспомнить,вспомнил,"Думая о том, что должен был назавтра говорить казакам, вспомнил и слова Штокмана о казаках, их он повторял часто, будто гвоздь по самую шляпку вбивал: «Казачество консервативно по своему существу.","В эту ночь, лежа на попоне, чаще, чем обычно, вспоминал с большой, неизведанной доселе горячей любовью человека, под руководством которого прощупал жесткую свою дорогу.","Когда ты будешь убеждать казака в правоте большевистских идей, — не забывай этого обстоятельства, действуй осторожно, вдумчиво, умей приспособляться к обстановке.","В эту ночь, лежа на попоне, чаще, чем обычно, вспоминал с большой, неизведанной доселе горячей любовью человека, под руководством которого прощупал жесткую свою дорогу. Думая о том, что должен был назавтра говорить казакам, вспомнил и слова Штокмана о казаках, их он повторял часто, будто гвоздь по самую шляпку вбивал: «Казачество консервативно по своему существу. Когда ты будешь убеждать казака в правоте большевистских идей, — не забывай этого обстоятельства, действуй осторожно, вдумчиво, умей приспособляться к обстановке.",False,,False,,True,433
PHRASE,PHR_060,13526,9,10,не забывать,не забывай,"Когда ты будешь убеждать казака в правоте большевистских идей, — не забывай этого обстоятельства, действуй осторожно, вдумчиво, умей приспособляться к обстановке.","Думая о том, что должен был назавтра говорить казакам, вспомнил и слова Штокмана о казаках, их он повторял часто, будто гвоздь по самую шляпку вбивал: «Казачество консервативно по своему существу.","Вначале к тебе будут относиться с таким же предубеждением, с каким и ты, и Мишка Кошевой относились вначале ко мне, но пусть это тебя не смущает.","Думая о том, что должен был назавтра говорить казакам, вспомнил и слова Штокмана о казаках, их он повторял часто, будто гвоздь по самую шляпку вбивал: «Казачество консервативно по своему существу. Когда ты будешь убеждать казака в правоте большевистских идей, — не забывай этого обстоятельства, действуй осторожно, вдумчиво, умей приспособляться к обстановке. Вначале к тебе будут относиться с таким же предубеждением, с каким и ты, и Мишка Кошевой относились вначале ко мне, но пусть это тебя не смущает.",False,,False,,True,434
WORD,S1_004,13529,48,48,решить,решили,"Иван Алексеевич рассчитывал, что, убеждая казаков не идти с Корниловым, он встретит со стороны некоторых возражения, но утром, когда в своем вагоне осторожно заговорил о том, что надо потребовать возвращения на фронт, а не идти на Петроград драться со своими же, казаки охотно согласились и с большой готовностью решили отказаться от дальнейшего следования на Петроград.","Долби упорно, — конечный успех за нами».",Захар Королев и казак Чернышевской станицы Турилин были ближайшими сообщниками Ивана Алексеевича.,"Долби упорно, — конечный успех за нами». Иван Алексеевич рассчитывал, что, убеждая казаков не идти с Корниловым, он встретит со стороны некоторых возражения, но утром, когда в своем вагоне осторожно заговорил о том, что надо потребовать возвращения на фронт, а не идти на Петроград драться со своими же, казаки охотно согласились и с большой готовностью решили отказаться от дальнейшего следования на Петроград. Захар Королев и казак Чернышевской станицы Турилин были ближайшими сообщниками Ивана Алексеевича.",False,,False,,True,435
PHRASE,PHR_080,13563,3,4,решить идти,решено идти,"Общим советом было решено идти на фронт, в случае попыток задержания — сражаться.","С трудом ориентируясь по отобранной у бывшего командира карте, сотня дошла до деревни Горелое, стала на ночевку.","Стреножив лошадей и выставив сторожевое охранение, казаки улеглись позоревать.","С трудом ориентируясь по отобранной у бывшего командира карте, сотня дошла до деревни Горелое, стала на ночевку. Общим советом было решено идти на фронт, в случае попыток задержания — сражаться. Стреножив лошадей и выставив сторожевое охранение, казаки улеглись позоревать.",False,,False,,True,436
WORD,S1_004,13563,3,3,решить,решено,"Общим советом было решено идти на фронт, в случае попыток задержания — сражаться.","С трудом ориентируясь по отобранной у бывшего командира карте, сотня дошла до деревни Горелое, стала на ночевку.","Стреножив лошадей и выставив сторожевое охранение, казаки улеглись позоревать.","С трудом ориентируясь по отобранной у бывшего командира карте, сотня дошла до деревни Горелое, стала на ночевку. Общим советом было решено идти на фронт, в случае попыток задержания — сражаться. Стреножив лошадей и выставив сторожевое охранение, казаки улеглись позоревать.",True,PHR_080,False,,False,437
WORD,S1_011,13566,17,17,мысль,мысли,"Чувствовалось, что у большинства настроение подавленное, улеглись без обычных разговоров и шуток, скрытно тая друг от друга мысли.",Огней не разводили.,"«Что, ежели одумаются и пойдут с повинной?» — не без тревоги подумал Иван Алексеевич, умащиваясь под шинелью.","Огней не разводили. Чувствовалось, что у большинства настроение подавленное, улеглись без обычных разговоров и шуток, скрытно тая друг от друга мысли. «Что, ежели одумаются и пойдут с повинной?» — не без тревоги подумал Иван Алексеевич, умащиваясь под шинелью.",False,,False,,True,438
WORD,S1_002,13567,10,10,подумать,подумал,"«Что, ежели одумаются и пойдут с повинной?» — не без тревоги подумал Иван Алексеевич, умащиваясь под шинелью.","Чувствовалось, что у большинства настроение подавленное, улеглись без обычных разговоров и шуток, скрытно тая друг от друга мысли.","Словно подслушав его мысль, подошел Турилин.","Чувствовалось, что у большинства настроение подавленное, улеглись без обычных разговоров и шуток, скрытно тая друг от друга мысли. «Что, ежели одумаются и пойдут с повинной?» — не без тревоги подумал Иван Алексеевич, умащиваясь под шинелью. Словно подслушав его мысль, подошел Турилин.",False,,False,,True,439
WORD,S1_011,13568,3,3,мысль,мысль,"Словно подслушав его мысль, подошел Турилин.","«Что, ежели одумаются и пойдут с повинной?» — не без тревоги подумал Иван Алексеевич, умащиваясь под шинелью.","— Спишь, Иван?","«Что, ежели одумаются и пойдут с повинной?» — не без тревоги подумал Иван Алексеевич, умащиваясь под шинелью. Словно подслушав его мысль, подошел Турилин. — Спишь, Иван?",False,,False,,True,440
WORD,S1_001,13573,7,7,думать,думаешь,"Заварили мы кашку… не густо, ты как думаешь?","Нашкодили, а зараз побаиваются.","— Там видно будет, — спокойно ответил Иван Алексеевич.","Нашкодили, а зараз побаиваются. Заварили мы кашку… не густо, ты как думаешь? — Там видно будет, — спокойно ответил Иван Алексеевич.",False,,False,,True,441
WORD,S1_017,13629,8,8,понять,понял,"Когда подъехали представители, Иван Алексеевич, учитывая настроение казаков, понял, что избежать переговоров нельзя, так как отказ от переговоров неминуемо должен был вызвать обратные результаты.",Вы можете только беспрекословным подчинением предотвратить пролитие братской крови.,"Подумав, он отдал распоряжение сотне спешиться, сам, неприметно мигнув Турилину, протиснулся поближе к представителям.","Вы можете только беспрекословным подчинением предотвратить пролитие братской крови. Когда подъехали представители, Иван Алексеевич, учитывая настроение казаков, понял, что избежать переговоров нельзя, так как отказ от переговоров неминуемо должен был вызвать обратные результаты. Подумав, он отдал распоряжение сотне спешиться, сам, неприметно мигнув Турилину, протиснулся поближе к представителям.",False,,False,,True,442
WORD,S1_002,13630,0,0,подумать,Подумав,"Подумав, он отдал распоряжение сотне спешиться, сам, неприметно мигнув Турилину, протиснулся поближе к представителям.","Когда подъехали представители, Иван Алексеевич, учитывая настроение казаков, понял, что избежать переговоров нельзя, так как отказ от переговоров неминуемо должен был вызвать обратные результаты.","Во время речи офицера видел, как, потупив головы, нахмурясь, слушают казаки; некоторые перешептывались.","Когда подъехали представители, Иван Алексеевич, учитывая настроение казаков, понял, что избежать переговоров нельзя, так как отказ от переговоров неминуемо должен был вызвать обратные результаты. Подумав, он отдал распоряжение сотне спешиться, сам, неприметно мигнув Турилину, протиснулся поближе к представителям. Во время речи офицера видел, как, потупив головы, нахмурясь, слушают казаки; некоторые перешептывались.",False,,False,,True,443
WORD,S1_017,13637,2,2,понять,понял,"Иван Алексеевич понял, что в настроении казаков назрел переломный момент: еще несколько минут — и краснобаю-офицеру удастся повернуть сотню на свой лад.","Турилин сапно дышал; веснушчатый Обнизов, сдвинув на затылок фуражку, мотал чубатой головой, словно бык, почуявший на шее ярмо; весь второй взвод стоял не поднимая голов, как на молитве; слитная толпа молчала, люди жарко и тяжко дышали, по лицам зыбью текла растерянность…","Во что бы то ни стало требовалось разрушить впечатление, произведенное словами офицера, поколебать невысказанное, но уже сложившееся в умах казаков решение.","Турилин сапно дышал; веснушчатый Обнизов, сдвинув на затылок фуражку, мотал чубатой головой, словно бык, почуявший на шее ярмо; весь второй взвод стоял не поднимая голов, как на молитве; слитная толпа молчала, люди жарко и тяжко дышали, по лицам зыбью текла растерянность… Иван Алексеевич понял, что в настроении казаков назрел переломный момент: еще несколько минут — и краснобаю-офицеру удастся повернуть сотню на свой лад. Во что бы то ни стало требовалось разрушить впечатление, произведенное словами офицера, поколебать невысказанное, но уже сложившееся в умах казаков решение.",False,,False,,True,444
WORD,S1_001,13703,21,21,думать,думал,"Иван Алексеевич глядел неотрывно на ингуша-офицера, на зверино-белый оскал его зубов, на косую серую полоску пота, перерезавшую левый висок, с тоскою думал, что напрасно упустил момент, когда можно было словом одним кончить переговоры и увести казаков.","Казаки вновь приумолкли, вновь замешательство взволновало их ряды.",Положение выручил Турилин.,"Казаки вновь приумолкли, вновь замешательство взволновало их ряды. Иван Алексеевич глядел неотрывно на ингуша-офицера, на зверино-белый оскал его зубов, на косую серую полоску пота, перерезавшую левый висок, с тоскою думал, что напрасно упустил момент, когда можно было словом одним кончить переговоры и увести казаков. Положение выручил Турилин.",False,,False,,True,445
PHRASE,PHR_061,13733,10,11,стать ясно,стало ясно,"XVI
Уже 29 августа из телеграмм, получаемых от Крымова, Корнилову стало ясно, что дело вооруженного переворота погибло.","Иван Алексеевич, глянув в последний раз, увидел эту ослепительно сверкающую полоску шелка, и перед глазами его почему-то встала взлохмаченная ветром-суховеем грудь Дона, зеленые гривастые волны и косо накренившееся, чертящее концом верхушку волны белое крыло чайки-рыболова.",В два пополудни в Ставку прибыл от Крымова офицер-ординарец.,"Иван Алексеевич, глянув в последний раз, увидел эту ослепительно сверкающую полоску шелка, и перед глазами его почему-то встала взлохмаченная ветром-суховеем грудь Дона, зеленые гривастые волны и косо накренившееся, чертящее концом верхушку волны белое крыло чайки-рыболова. XVI
Уже 29 августа из телеграмм, получаемых от Крымова, Корнилову стало ясно, что дело вооруженного переворота погибло. В два пополудни в Ставку прибыл от Крымова офицер-ординарец.",False,,False,,True,446
WORD,S1_020,13733,11,11,ясно,ясно,"XVI
Уже 29 августа из телеграмм, получаемых от Крымова, Корнилову стало ясно, что дело вооруженного переворота погибло.","Иван Алексеевич, глянув в последний раз, увидел эту ослепительно сверкающую полоску шелка, и перед глазами его почему-то встала взлохмаченная ветром-суховеем грудь Дона, зеленые гривастые волны и косо накренившееся, чертящее концом верхушку волны белое крыло чайки-рыболова.",В два пополудни в Ставку прибыл от Крымова офицер-ординарец.,"Иван Алексеевич, глянув в последний раз, увидел эту ослепительно сверкающую полоску шелка, и перед глазами его почему-то встала взлохмаченная ветром-суховеем грудь Дона, зеленые гривастые волны и косо накренившееся, чертящее концом верхушку волны белое крыло чайки-рыболова. XVI
Уже 29 августа из телеграмм, получаемых от Крымова, Корнилову стало ясно, что дело вооруженного переворота погибло. В два пополудни в Ставку прибыл от Крымова офицер-ординарец.",True,PHR_061,False,,False,447
WORD,S1_001,13743,2,2,думать,думают,"Они не думают о том, что в случае удачи я прикажу вешать десятого из них.",— Вся эта железнодорожная сволочь вставляет нам палки в колеса.,Ознакомьтесь с донесением Крымова.,"— Вся эта железнодорожная сволочь вставляет нам палки в колеса. Они не думают о том, что в случае удачи я прикажу вешать десятого из них. Ознакомьтесь с донесением Крымова.",False,,False,,True,448
WORD,S1_001,13879,3,3,думать,думаешь,"— Ты — неграмотный, так думаешь — и всем темно, как тебе?","— Чего мелешь, чего брешешь, дурья голова? — возмущенно перебил один.",Как будто мы на курево газеты потребляли!,"— Чего мелешь, чего брешешь, дурья голова? — возмущенно перебил один. — Ты — неграмотный, так думаешь — и всем темно, как тебе? Как будто мы на курево газеты потребляли!",False,,False,,True,449
WORD,S1_017,13918,0,0,понять,Понял,Понял?,"Выборная власть, Совет.",— А сверху кто?,"Выборная власть, Совет. Понял? — А сверху кто?",False,,False,,True,450
WORD,S1_011,13942,22,22,мысль,мысли,"И вместо этого с неизъяснимой горечью ощущал, как мыльными пузырями срываются с его губ легковесные фразы, а в голове путаются выхолощенные, скользкие мысли.","Вначале, когда заговорил, собственным слухом ловил в голосе своем спотыкающуюся неуверенность, наигранность, будто со стороны вслушивался в свои бессочные слова, — ужасался неубедительности приводимых доводов, мучительно шарил в голове, разыскивал какие-то большие, тяжелые глыбы слов, чтобы ломать ими, крушить…","Он стоял, обжигаясь по́том, тяжко дыша.","Вначале, когда заговорил, собственным слухом ловил в голосе своем спотыкающуюся неуверенность, наигранность, будто со стороны вслушивался в свои бессочные слова, — ужасался неубедительности приводимых доводов, мучительно шарил в голове, разыскивал какие-то большие, тяжелые глыбы слов, чтобы ломать ими, крушить… И вместо этого с неизъяснимой горечью ощущал, как мыльными пузырями срываются с его губ легковесные фразы, а в голове путаются выхолощенные, скользкие мысли. Он стоял, обжигаясь по́том, тяжко дыша.",False,,False,,True,451
PHRASE,PHR_015,13944,3,4,один мысль,одной мыслью,"Говорил, просверливаемый навылет одной мыслью: «Мне доверили такое большое дело — и вот я его поганю собственными руками…","Он стоял, обжигаясь по́том, тяжко дыша.",Слова не свяжу…,"Он стоял, обжигаясь по́том, тяжко дыша. Говорил, просверливаемый навылет одной мыслью: «Мне доверили такое большое дело — и вот я его поганю собственными руками… Слова не свяжу…",False,,False,,True,452
WORD,S1_011,13944,4,4,мысль,мыслью,"Говорил, просверливаемый навылет одной мыслью: «Мне доверили такое большое дело — и вот я его поганю собственными руками…","Он стоял, обжигаясь по́том, тяжко дыша.",Слова не свяжу…,"Он стоял, обжигаясь по́том, тяжко дыша. Говорил, просверливаемый навылет одной мыслью: «Мне доверили такое большое дело — и вот я его поганю собственными руками… Слова не свяжу…",True,PHR_015,False,,False,453
WORD,S1_017,13977,11,11,понять,понял,"Сам он из донских казаков, родом из Сальского округа, станицы Великокняжеской, — понял?",Наших.,"Служил батарейцем, гутарют.","Наших. Сам он из донских казаков, родом из Сальского округа, станицы Великокняжеской, — понял? Служил батарейцем, гутарют.",False,,False,,True,454
PHRASE,PHR_125,14018,16,17,стать думать,стал думать,"Бунчук, одолеваемый вшами, поворочался, перевернулся на другой бок и, с досадой сознавая, что сон ушел надолго, стал думать о завтрашнем митинге.","Тр-р-р, проклятый!.. — заспанным тенорком вскричал вскочивший Дугин и чем-то тяжелым ударил ближнюю лошадь.","Пытался представить себе — во что выльется противодействие офицеров, усмехнулся: «Сбегут, наверное, если казаки дружно запротестуют, а впрочем, черт их знает!","Тр-р-р, проклятый!.. — заспанным тенорком вскричал вскочивший Дугин и чем-то тяжелым ударил ближнюю лошадь. Бунчук, одолеваемый вшами, поворочался, перевернулся на другой бок и, с досадой сознавая, что сон ушел надолго, стал думать о завтрашнем митинге. Пытался представить себе — во что выльется противодействие офицеров, усмехнулся: «Сбегут, наверное, если казаки дружно запротестуют, а впрочем, черт их знает!",False,,False,,True,455
WORD,S1_001,14018,17,17,думать,думать,"Бунчук, одолеваемый вшами, поворочался, перевернулся на другой бок и, с досадой сознавая, что сон ушел надолго, стал думать о завтрашнем митинге.","Тр-р-р, проклятый!.. — заспанным тенорком вскричал вскочивший Дугин и чем-то тяжелым ударил ближнюю лошадь.","Пытался представить себе — во что выльется противодействие офицеров, усмехнулся: «Сбегут, наверное, если казаки дружно запротестуют, а впрочем, черт их знает!","Тр-р-р, проклятый!.. — заспанным тенорком вскричал вскочивший Дугин и чем-то тяжелым ударил ближнюю лошадь. Бунчук, одолеваемый вшами, поворочался, перевернулся на другой бок и, с досадой сознавая, что сон ушел надолго, стал думать о завтрашнем митинге. Пытался представить себе — во что выльется противодействие офицеров, усмехнулся: «Сбегут, наверное, если казаки дружно запротестуют, а впрочем, черт их знает!",True,PHR_125,False,,False,456
WORD,S1_014,14021,2,2,вспомнить,вспомнил,"Как-то непроизвольно вспомнил эпизод из войны, атаку в октябре 1915 года, а затем память, словно обрадовавшись, что направили ее на знакомую, утоптанную тропу, настойчиво и злорадно стала подсовывать обрезки воспоминаний: лица, безобразные позы убитых русских и немецких солдат, разноголосую речь, бескрасочные, стертые временем куски виденных когда-то пейзажей, невысказанные, почему-то сохранившиеся мысли, внутренне еле ощутимые отзвуки канонады, знакомый стук пулемета и шорох ленты, бравурную мелодию, красивый до боли, чуть блеклый рисунок рта любимой когда-то женщины и опять — клочки войны: убитые, осевшие холмики братских могил…",На всякий случай договорюсь с гарнизонным комитетом».,"Бунчук засуетился; приподнявшись, сел, вслух сказал или только подумал: «До смерти буду носить вот эти воспоминания, и не я один, а все, кто уцелеет.","На всякий случай договорюсь с гарнизонным комитетом». Как-то непроизвольно вспомнил эпизод из войны, атаку в октябре 1915 года, а затем память, словно обрадовавшись, что направили ее на знакомую, утоптанную тропу, настойчиво и злорадно стала подсовывать обрезки воспоминаний: лица, безобразные позы убитых русских и немецких солдат, разноголосую речь, бескрасочные, стертые временем куски виденных когда-то пейзажей, невысказанные, почему-то сохранившиеся мысли, внутренне еле ощутимые отзвуки канонады, знакомый стук пулемета и шорох ленты, бравурную мелодию, красивый до боли, чуть блеклый рисунок рта любимой когда-то женщины и опять — клочки войны: убитые, осевшие холмики братских могил… Бунчук засуетился; приподнявшись, сел, вслух сказал или только подумал: «До смерти буду носить вот эти воспоминания, и не я один, а все, кто уцелеет.",False,,False,,True,457
WORD,S1_011,14021,50,50,мысль,мысли,"Как-то непроизвольно вспомнил эпизод из войны, атаку в октябре 1915 года, а затем память, словно обрадовавшись, что направили ее на знакомую, утоптанную тропу, настойчиво и злорадно стала подсовывать обрезки воспоминаний: лица, безобразные позы убитых русских и немецких солдат, разноголосую речь, бескрасочные, стертые временем куски виденных когда-то пейзажей, невысказанные, почему-то сохранившиеся мысли, внутренне еле ощутимые отзвуки канонады, знакомый стук пулемета и шорох ленты, бравурную мелодию, красивый до боли, чуть блеклый рисунок рта любимой когда-то женщины и опять — клочки войны: убитые, осевшие холмики братских могил…",На всякий случай договорюсь с гарнизонным комитетом».,"Бунчук засуетился; приподнявшись, сел, вслух сказал или только подумал: «До смерти буду носить вот эти воспоминания, и не я один, а все, кто уцелеет.","На всякий случай договорюсь с гарнизонным комитетом». Как-то непроизвольно вспомнил эпизод из войны, атаку в октябре 1915 года, а затем память, словно обрадовавшись, что направили ее на знакомую, утоптанную тропу, настойчиво и злорадно стала подсовывать обрезки воспоминаний: лица, безобразные позы убитых русских и немецких солдат, разноголосую речь, бескрасочные, стертые временем куски виденных когда-то пейзажей, невысказанные, почему-то сохранившиеся мысли, внутренне еле ощутимые отзвуки канонады, знакомый стук пулемета и шорох ленты, бравурную мелодию, красивый до боли, чуть блеклый рисунок рта любимой когда-то женщины и опять — клочки войны: убитые, осевшие холмики братских могил… Бунчук засуетился; приподнявшись, сел, вслух сказал или только подумал: «До смерти буду носить вот эти воспоминания, и не я один, а все, кто уцелеет.",False,,False,,True,458
WORD,S1_002,14022,8,8,подумать,подумал,"Бунчук засуетился; приподнявшись, сел, вслух сказал или только подумал: «До смерти буду носить вот эти воспоминания, и не я один, а все, кто уцелеет.","Как-то непроизвольно вспомнил эпизод из войны, атаку в октябре 1915 года, а затем память, словно обрадовавшись, что направили ее на знакомую, утоптанную тропу, настойчиво и злорадно стала подсовывать обрезки воспоминаний: лица, безобразные позы убитых русских и немецких солдат, разноголосую речь, бескрасочные, стертые временем куски виденных когда-то пейзажей, невысказанные, почему-то сохранившиеся мысли, внутренне еле ощутимые отзвуки канонады, знакомый стук пулемета и шорох ленты, бравурную мелодию, красивый до боли, чуть блеклый рисунок рта любимой когда-то женщины и опять — клочки войны: убитые, осевшие холмики братских могил…","Искалечили, надругались над жизнью!..","Как-то непроизвольно вспомнил эпизод из войны, атаку в октябре 1915 года, а затем память, словно обрадовавшись, что направили ее на знакомую, утоптанную тропу, настойчиво и злорадно стала подсовывать обрезки воспоминаний: лица, безобразные позы убитых русских и немецких солдат, разноголосую речь, бескрасочные, стертые временем куски виденных когда-то пейзажей, невысказанные, почему-то сохранившиеся мысли, внутренне еле ощутимые отзвуки канонады, знакомый стук пулемета и шорох ленты, бравурную мелодию, красивый до боли, чуть блеклый рисунок рта любимой когда-то женщины и опять — клочки войны: убитые, осевшие холмики братских могил… Бунчук засуетился; приподнявшись, сел, вслух сказал или только подумал: «До смерти буду носить вот эти воспоминания, и не я один, а все, кто уцелеет. Искалечили, надругались над жизнью!..",False,,False,,True,459
WORD,S1_014,14027,2,2,вспомнить,вспомнил,"И еще вспомнил двенадцатилетнюю Лушу, дочь убитого на войне петроградского рабочего-металлиста, приятеля, с которым некогда вместе работали в Туле.",Вы и смертью не покроете свою вину!..»,Вечером шел по бульвару.,"Вы и смертью не покроете свою вину!..» И еще вспомнил двенадцатилетнюю Лушу, дочь убитого на войне петроградского рабочего-металлиста, приятеля, с которым некогда вместе работали в Туле. Вечером шел по бульвару.",False,,False,,True,460
WORD,S1_002,14074,3,3,подумать,подумал,"Ну ладно!» — отрывочно подумал он, направляясь вместе с Дугиным к месту митинга.",Значит — надежный корниловец.,За пакгаузом — серо-зеленый частокол казачьих гимнастерок и шинелей.,"Значит — надежный корниловец. Ну ладно!» — отрывочно подумал он, направляясь вместе с Дугиным к месту митинга. За пакгаузом — серо-зеленый частокол казачьих гимнастерок и шинелей.",False,,False,,True,461
WORD,S1_020,14089,0,0,ясно,Ясно,"Ясно, что такое правительство ведет страну к гибели, что такому правительству верить нельзя и вместе с ним не может быть спасения несчастной России.","Я обвиняю некоторых членов правительства в прямом предательстве Родины и тому привожу доказательства: когда я был на заседании Временного правительства в Зимнем дворце, 3 августа, министр Керенский и Савинков указали мне, что нельзя всего говорить, так как среди министров есть люди неверные.","Поэтому, когда вчера Временное правительство, в угоду врагам, потребовало от меня оставления должности верховного главнокомандующего, я, как казак, по долгу совести и чести, вынужден был отказаться от исполнения этого требования, предпочитая смерть на поле брани позору и предательству Родины.","Я обвиняю некоторых членов правительства в прямом предательстве Родины и тому привожу доказательства: когда я был на заседании Временного правительства в Зимнем дворце, 3 августа, министр Керенский и Савинков указали мне, что нельзя всего говорить, так как среди министров есть люди неверные. Ясно, что такое правительство ведет страну к гибели, что такому правительству верить нельзя и вместе с ним не может быть спасения несчастной России. Поэтому, когда вчера Временное правительство, в угоду врагам, потребовало от меня оставления должности верховного главнокомандующего, я, как казак, по долгу совести и чести, вынужден был отказаться от исполнения этого требования, предпочитая смерть на поле брани позору и предательству Родины.",False,,False,,True,462
WORD,S1_001,14135,25,25,думать,думайте,"Он горячо призывал казаков не подчиняться душителю революции генералу Корнилову, говорил о гибельности войны с народом, закончил речь, обращаясь к Бунчуку:
— А вы, товарищ, не думайте, что мы вас, как и господа офицеры, презираем.","На бочонок вскочил высокий, без фуражки, с наголо остриженной головой казак, член полкового ревкома.","Мы вам рады и уважаем как представителя народа, и ишо за то уважаем, что, бывши вы офицером, не притесняли казаков, а были с нами вроде как по-братски.","На бочонок вскочил высокий, без фуражки, с наголо остриженной головой казак, член полкового ревкома. Он горячо призывал казаков не подчиняться душителю революции генералу Корнилову, говорил о гибельности войны с народом, закончил речь, обращаясь к Бунчуку:
— А вы, товарищ, не думайте, что мы вас, как и господа офицеры, презираем. Мы вам рады и уважаем как представителя народа, и ишо за то уважаем, что, бывши вы офицером, не притесняли казаков, а были с нами вроде как по-братски.",False,,False,,True,463
WORD,S1_001,14137,9,9,думать,думайте,"Грубого слова от вас мы не слыхали, но не думайте, что мы, необразованные люди, не понимаем обхожденья, — ласковое слово и скотина понимает, не то что человек.","Мы вам рады и уважаем как представителя народа, и ишо за то уважаем, что, бывши вы офицером, не притесняли казаков, а были с нами вроде как по-братски.","Земно вам кланяемся и просим передать питерским рабочим и солдатам, что на них руку мы не подымем!","Мы вам рады и уважаем как представителя народа, и ишо за то уважаем, что, бывши вы офицером, не притесняли казаков, а были с нами вроде как по-братски. Грубого слова от вас мы не слыхали, но не думайте, что мы, необразованные люди, не понимаем обхожденья, — ласковое слово и скотина понимает, не то что человек. Земно вам кланяемся и просим передать питерским рабочим и солдатам, что на них руку мы не подымем!",False,,False,,True,464
WORD,S1_022,14184,2,2,сообразить,сообразил,Никто не сообразил вовремя шлепнуть этого подлеца!,Мы вели себя как дети!,"Когда он направил на Калмыкова револьвер, тут бы ему раз — и готово бы!","Мы вели себя как дети! Никто не сообразил вовремя шлепнуть этого подлеца! Когда он направил на Калмыкова револьвер, тут бы ему раз — и готово бы!",False,,False,,True,465
WORD,S1_017,14234,8,8,понять,понял,"Глухо ударившись спиной о стену водокачки, он выпрямился, понял:
— Убить хочешь?","Не смей бить!.. — рычал Калмыков, сопротивляясь.","Изогнувшись, торопился Бунчук, рвал револьвер, курком зацепившийся за подкладку кармана.","Не смей бить!.. — рычал Калмыков, сопротивляясь. Глухо ударившись спиной о стену водокачки, он выпрямился, понял:
— Убить хочешь? Изогнувшись, торопился Бунчук, рвал револьвер, курком зацепившийся за подкладку кармана.",False,,False,,True,466
WORD,S1_017,14255,0,0,понять,Понял,Понял?,Кто кого…,"Таких, как Калмыков, надо уничтожать, давить, как гадюк.","Кто кого… Понял? Таких, как Калмыков, надо уничтожать, давить, как гадюк.",False,,False,,True,467
PHRASE,PHR_612,14257,8,9,надо понять,надо понял,"И тех, кто слюнявится жалостью к таким, стрелять надо… понял?","Таких, как Калмыков, надо уничтожать, давить, как гадюк.",Чего слюни развесил?,"Таких, как Калмыков, надо уничтожать, давить, как гадюк. И тех, кто слюнявится жалостью к таким, стрелять надо… понял? Чего слюни развесил?",False,,False,,True,468
WORD,S1_017,14257,9,9,понять,понял,"И тех, кто слюнявится жалостью к таким, стрелять надо… понял?","Таких, как Калмыков, надо уничтожать, давить, как гадюк.",Чего слюни развесил?,"Таких, как Калмыков, надо уничтожать, давить, как гадюк. И тех, кто слюнявится жалостью к таким, стрелять надо… понял? Чего слюни развесил?",True,PHR_612,False,,False,469
WORD,S1_011,14291,12,12,мысль,мыслей,"Долго барабанил пальцами, вслушивался во что-то — быть может, в мышиную суетню собственных мыслей; помолчав, спросил:
— Когда приедет Михаил Васильевич?","— Хрустнул пальцами и, глядя куда-то в сторону угасшими, седыми, словно осыпанными пеплом, глазами, устало сказал: — Дальнейшее сопротивление было бы и глупо, и преступно.",— Завтра.,"— Хрустнул пальцами и, глядя куда-то в сторону угасшими, седыми, словно осыпанными пеплом, глазами, устало сказал: — Дальнейшее сопротивление было бы и глупо, и преступно. Долго барабанил пальцами, вслушивался во что-то — быть может, в мышиную суетню собственных мыслей; помолчав, спросил:
— Когда приедет Михаил Васильевич? — Завтра.",False,,False,,True,470
WORD,S1_001,14364,2,2,думать,думал,— А ты думал — как?,"— Выходит, что будем сражаться?",Ударницев лапать тебя привели сюда?,"— Выходит, что будем сражаться? — А ты думал — как? Ударницев лапать тебя привели сюда?",False,,False,,True,471
WORD,S1_001,14512,5,5,думать,думаю,"Предвидя дальнейший ход событий, я думаю, Вам необходимо безотлагательно принять такие меры, которые, прочно обеспечивая Ставку, дали бы благоприятную обстановку для организации дальнейшей борьбы с надвигающейся анархией.","Имеющихся в Вашем распоряжении Георгиевского батальона, наполовину распропагандированного, и слабого Текинского полка далеко не достаточно.","Таковыми мерами я считаю:
1.","Имеющихся в Вашем распоряжении Георгиевского батальона, наполовину распропагандированного, и слабого Текинского полка далеко не достаточно. Предвидя дальнейший ход событий, я думаю, Вам необходимо безотлагательно принять такие меры, которые, прочно обеспечивая Ставку, дали бы благоприятную обстановку для организации дальнейшей борьбы с надвигающейся анархией. Таковыми мерами я считаю:
1.",False,,False,,True,472
WORD,S1_010,14537,5,5,колебаться,колебался,"Духонин, подавленный тяжестью надвигавшихся событий, колебался.",Казачий совет прибегал даже к скрытым угрозам.,"18 ноября он отдал распоряжение об отправке заключенных на Дон, но сейчас же отменил его.","Казачий совет прибегал даже к скрытым угрозам. Духонин, подавленный тяжестью надвигавшихся событий, колебался. 18 ноября он отдал распоряжение об отправке заключенных на Дон, но сейчас же отменил его.",False,,False,,True,473
WORD,ALEX_008,14572,3,3,вспоминать,вспоминая,"Кошевой, с досадой вспоминая, что курить нельзя, тихо шелестел:
— Чуднáя жизнь, Алексей!..","По облачному мохнатому небу изредка протекала припозднившаяся стайка диких гусей, сторожкими криками отмечавшая свое направление.","Ходют люди ощупкой, как слепые, сходются и расходются, иной раз топчут один одного…","По облачному мохнатому небу изредка протекала припозднившаяся стайка диких гусей, сторожкими криками отмечавшая свое направление. Кошевой, с досадой вспоминая, что курить нельзя, тихо шелестел:
— Чуднáя жизнь, Алексей!.. Ходют люди ощупкой, как слепые, сходются и расходются, иной раз топчут один одного…",False,,False,,True,474
WORD,S1_001,14576,12,12,думать,думаешь,"Вот я зараз лежу с тобой, а не знаю, об чем ты думаешь, и сроду не узнаю, и какая у тебя сзади легла жизня — не знаю, а ты обо мне не знаешь…","По-моему, страшней людской середки ничего на свете нету, ничем ты ее до дна не просветишь…","Может, я тебя зараз убить хочу, а ты вот мне сухарь даешь, ничего не подозреваешь…","По-моему, страшней людской середки ничего на свете нету, ничем ты ее до дна не просветишь… Вот я зараз лежу с тобой, а не знаю, об чем ты думаешь, и сроду не узнаю, и какая у тебя сзади легла жизня — не знаю, а ты обо мне не знаешь… Может, я тебя зараз убить хочу, а ты вот мне сухарь даешь, ничего не подозреваешь…",False,,False,,True,475
WORD,S1_001,14582,1,1,думать,думают,"Они думают — у казака одна плетка, думают — дикой казак и замест души у него бутылошная склянка, а ить мы такие же люди: и баб так же любим, и девок милуем, своему горю плачем, чужой радости не радуемся…","Так он все дивовался, пытал, как казаки живут, что да чего.","Ты как, Алешка?","Так он все дивовался, пытал, как казаки живут, что да чего. Они думают — у казака одна плетка, думают — дикой казак и замест души у него бутылошная склянка, а ить мы такие же люди: и баб так же любим, и девок милуем, своему горю плачем, чужой радости не радуемся… Ты как, Алешка?",False,,False,,True,476
WORD,S1_001,14582,6,6,думать,думают,"Они думают — у казака одна плетка, думают — дикой казак и замест души у него бутылошная склянка, а ить мы такие же люди: и баб так же любим, и девок милуем, своему горю плачем, чужой радости не радуемся…","Так он все дивовался, пытал, как казаки живут, что да чего.","Ты как, Алешка?","Так он все дивовался, пытал, как казаки живут, что да чего. Они думают — у казака одна плетка, думают — дикой казак и замест души у него бутылошная склянка, а ить мы такие же люди: и баб так же любим, и девок милуем, своему горю плачем, чужой радости не радуемся… Ты как, Алешка?",False,,False,,True,477
WORD,S1_014,14584,7,7,вспомнить,вспомню,"Я, парень, жадный до жизни стал — как вспомню, сколько на свете красивых баб, аж сердце защемит!","Ты как, Алешка?","Вздумаю, что мне их всех сроду не придется облюбить, — и кричать хочу с тоски!","Ты как, Алешка? Я, парень, жадный до жизни стал — как вспомню, сколько на свете красивых баб, аж сердце защемит! Вздумаю, что мне их всех сроду не придется облюбить, — и кричать хочу с тоски!",False,,False,,True,478
WORD,S1_017,14632,0,0,понять,Понял,Понял?,"Береги жизнь, а то как ахну — печенки-селезенки не соберешь.","Понял, что ли?","Береги жизнь, а то как ахну — печенки-селезенки не соберешь. Понял? Понял, что ли?",False,,False,,True,479
WORD,S1_017,14633,0,0,понять,Понял,"Понял, что ли?",Понял?,Понял?..,"Понял? Понял, что ли? Понял?..",False,,False,,True,480
WORD,S1_017,14634,0,0,понять,Понял,Понял?..,"Понял, что ли?","— Ты не балуй, — толкая его в грудь, хмурился урядник.","Понял, что ли? Понял?.. — Ты не балуй, — толкая его в грудь, хмурился урядник.",False,,False,,True,481
WORD,S1_001,14725,1,1,думать,думал,— Ты думал — мы обознались?,— Этот самый предавал казаков? — весело спросил вооруженный маузером и японской винтовкой щербатый матрос-черноморец.,"Нет, мы не промахнулись, его вытянули! — задыхаясь, говорил Чубатый.","— Этот самый предавал казаков? — весело спросил вооруженный маузером и японской винтовкой щербатый матрос-черноморец. — Ты думал — мы обознались? Нет, мы не промахнулись, его вытянули! — задыхаясь, говорил Чубатый.",False,,False,,True,482
WORD,S1_016,14776,14,14,помнить,помни,"Нет у твоего куреня хозяина, нет у тебя мужа, у детишек твоих — отца, и помни, что никто не приласкает ни тебя, ни твоих сирот, никто не избавит тебя от непосильной работы и нищеты, никто не прижмет к груди твою голову ночью, когда упадешь ты, раздавленная усталью, и никто не скажет тебе, как когда-то говорил он: «Не горюй, Аниська!","Рви жидкие от безрадостной, тяжкой жизни волосы, кусай свои в кровь искусанные губы, ломай изуродованные работой руки и бейся на земле у порога пустого куреня!",Проживем!»,"Рви жидкие от безрадостной, тяжкой жизни волосы, кусай свои в кровь искусанные губы, ломай изуродованные работой руки и бейся на земле у порога пустого куреня! Нет у твоего куреня хозяина, нет у тебя мужа, у детишек твоих — отца, и помни, что никто не приласкает ни тебя, ни твоих сирот, никто не избавит тебя от непосильной работы и нищеты, никто не прижмет к груди твою голову ночью, когда упадешь ты, раздавленная усталью, и никто не скажет тебе, как когда-то говорил он: «Не горюй, Аниська! Проживем!»",False,,False,,True,483
WORD,S1_013,14823,5,5,мыслить,мыслю,"Изварин терпеливо разъяснял:
— Я не мыслю самостоятельного и обособленного существования одной Донской области.","— Как же мы без России будем жить, ежели у нас, окромя пшеницы, ничего нету? — спрашивал Григорий.","На основах федерации, то есть объединения, мы будем жить совместно с Кубанью, Тереком и горцами Кавказа.","— Как же мы без России будем жить, ежели у нас, окромя пшеницы, ничего нету? — спрашивал Григорий. Изварин терпеливо разъяснял:
— Я не мыслю самостоятельного и обособленного существования одной Донской области. На основах федерации, то есть объединения, мы будем жить совместно с Кубанью, Тереком и горцами Кавказа.",False,,False,,True,484
WORD,S1_001,14838,21,21,думать,думали,"Земля эта — наша, кровью наших предков полита, костями их удобрена, а мы, покоренные Россией, защищали четыреста лет ее интересы и не думали о себе.","В течение десяти лет, путем ввоза из-за границы машин, так поднимем свое хозяйство, что обогатимся в десять раз.",У нас есть выходы к морю.,"В течение десяти лет, путем ввоза из-за границы машин, так поднимем свое хозяйство, что обогатимся в десять раз. Земля эта — наша, кровью наших предков полита, костями их удобрена, а мы, покоренные Россией, защищали четыреста лет ее интересы и не думали о себе. У нас есть выходы к морю.",False,,False,,True,485
WORD,S1_021,14847,19,19,рассуждать,рассуждают,"Обуреваемый противоречиями, Григорий осторожно расспрашивал о большевиках:
— А вот скажи, Ефим Иваныч, большевики, по-твоему, как они — правильно али нет рассуждают?",Вскоре после Октябрьского переворота у них с Извариным происходил следующий разговор.,"Углом избочив бровь, смешливо морща нос, Изварин кхакал:
— Рассуждают?","Вскоре после Октябрьского переворота у них с Извариным происходил следующий разговор. Обуреваемый противоречиями, Григорий осторожно расспрашивал о большевиках:
— А вот скажи, Ефим Иваныч, большевики, по-твоему, как они — правильно али нет рассуждают? Углом избочив бровь, смешливо морща нос, Изварин кхакал:
— Рассуждают?",False,,False,,True,486
WORD,S1_021,14848,8,8,рассуждать,Рассуждают,"Углом избочив бровь, смешливо морща нос, Изварин кхакал:
— Рассуждают?","Обуреваемый противоречиями, Григорий осторожно расспрашивал о большевиках:
— А вот скажи, Ефим Иваныч, большевики, по-твоему, как они — правильно али нет рассуждают?",Кха-кха…,"Обуреваемый противоречиями, Григорий осторожно расспрашивал о большевиках:
— А вот скажи, Ефим Иваныч, большевики, по-твоему, как они — правильно али нет рассуждают? Углом избочив бровь, смешливо морща нос, Изварин кхакал:
— Рассуждают? Кха-кха…",False,,False,,True,487
WORD,S1_017,14857,0,0,понять,Понял,Понял?,Российская социал-демократическая рабочая партия!,Рабо-чая!,Российская социал-демократическая рабочая партия! Понял? Рабо-чая!,False,,False,,True,488
PHRASE,PHR_635,14869,1,3,ты понять,ты дружок пойми,"— Гриша, ты, дружок, пойми вот что — это основное: сейчас казаку и крестьянину с большевиками по пути.",— Но большинство казаков за большевиков тянут… знаешь?,Знаешь почему?,"— Но большинство казаков за большевиков тянут… знаешь? — Гриша, ты, дружок, пойми вот что — это основное: сейчас казаку и крестьянину с большевиками по пути. Знаешь почему?",False,,False,,True,489
WORD,S1_017,14869,3,3,понять,пойми,"— Гриша, ты, дружок, пойми вот что — это основное: сейчас казаку и крестьянину с большевиками по пути.",— Но большинство казаков за большевиков тянут… знаешь?,Знаешь почему?,"— Но большинство казаков за большевиков тянут… знаешь? — Гриша, ты, дружок, пойми вот что — это основное: сейчас казаку и крестьянину с большевиками по пути. Знаешь почему?",True,PHR_635,False,,False,490
WORD,S1_004,14887,5,5,решить,решил,"Перед вечером прояснело, и Григорий решил пойти на квартиру к станичнику, подхорунжему 28-го полка Дроздову.",В этот день изморосный дождь сеялся с полудня.,"Четверть часа спустя он уже вытирал о подстилку сапоги, стучался в дверь квартиры Дроздова.","В этот день изморосный дождь сеялся с полудня. Перед вечером прояснело, и Григорий решил пойти на квартиру к станичнику, подхорунжему 28-го полка Дроздову. Четверть часа спустя он уже вытирал о подстилку сапоги, стучался в дверь квартиры Дроздова.",False,,False,,True,491
WORD,S1_001,14932,1,1,думать,думаю,"Я думаю, революция нам на руку.","Будем жить, как в старину наши прадеды жили.","Ты как, Дроздов?","Будем жить, как в старину наши прадеды жили. Я думаю, революция нам на руку. Ты как, Дроздов?",False,,False,,True,492
WORD,S1_011,14972,42,42,мысль,мыслей,"Остановившись у запотевшего окна, Григорий долго глядел на улицу, на детишек, игравших в какую-то замысловатую игру, на мокрые крыши противоположных домов, на бледно-серые ветви нагого осокоря в палисаднике и не слышал, о чем спорили Дроздов с Подтелковым; мучительно старался разобраться в сумятице мыслей, продумать что-то, решить.","Лишь бы подпруги нам зараз чудок отпустили, а скинуть Калединых сумеемся!","Минут десять стоял он, молча вычерчивая на стекле вензеля.","Лишь бы подпруги нам зараз чудок отпустили, а скинуть Калединых сумеемся! Остановившись у запотевшего окна, Григорий долго глядел на улицу, на детишек, игравших в какую-то замысловатую игру, на мокрые крыши противоположных домов, на бледно-серые ветви нагого осокоря в палисаднике и не слышал, о чем спорили Дроздов с Подтелковым; мучительно старался разобраться в сумятице мыслей, продумать что-то, решить. Минут десять стоял он, молча вычерчивая на стекле вензеля.",False,,False,,True,493
WORD,S1_004,14972,45,45,решить,решить,"Остановившись у запотевшего окна, Григорий долго глядел на улицу, на детишек, игравших в какую-то замысловатую игру, на мокрые крыши противоположных домов, на бледно-серые ветви нагого осокоря в палисаднике и не слышал, о чем спорили Дроздов с Подтелковым; мучительно старался разобраться в сумятице мыслей, продумать что-то, решить.","Лишь бы подпруги нам зараз чудок отпустили, а скинуть Калединых сумеемся!","Минут десять стоял он, молча вычерчивая на стекле вензеля.","Лишь бы подпруги нам зараз чудок отпустили, а скинуть Калединых сумеемся! Остановившись у запотевшего окна, Григорий долго глядел на улицу, на детишек, игравших в какую-то замысловатую игру, на мокрые крыши противоположных домов, на бледно-серые ветви нагого осокоря в палисаднике и не слышал, о чем спорили Дроздов с Подтелковым; мучительно старался разобраться в сумятице мыслей, продумать что-то, решить. Минут десять стоял он, молча вычерчивая на стекле вензеля.",False,,False,,True,494
WORD,S1_013,14977,17,17,мыслить,мысля,"Стекались в низовья Дона большие генералы, бывшие вершители судеб развалившейся русской армии, надеясь на опору реакционных донцов, мысля с этого плацдарма развернуть и повести наступление на Советскую Россию.","III
Новочеркасск стал центром притяжения для всех бежавших от большевистской революции.",2 ноября в Новочеркасск прибыл в сопровождении ротмистра Шапрона генерал Алексеев.,"III
Новочеркасск стал центром притяжения для всех бежавших от большевистской революции. Стекались в низовья Дона большие генералы, бывшие вершители судеб развалившейся русской армии, надеясь на опору реакционных донцов, мысля с этого плацдарма развернуть и повести наступление на Советскую Россию. 2 ноября в Новочеркасск прибыл в сопровождении ротмистра Шапрона генерал Алексеев.",False,,False,,True,495
WORD,S1_001,15054,1,1,думать,думала,— Не думала живого повидать!..,"Он с облегчением сбросил его, присел к столу.",Сколько годков не видались.,"Он с облегчением сбросил его, присел к столу. — Не думала живого повидать!.. Сколько годков не видались.",False,,False,,True,496
WORD,S1_025,15149,7,7,полагать,полагаю,"У нас, товарищ Бунчук, как и везде, полагаю, надежда на рабочих.","Абрамсон тер лоб, сказал с заметной ноткой раздражения:
— Части гарнизона крайне деморализованы, они не имеют реальной ценности.","Моряки — да, а солдаты…","Абрамсон тер лоб, сказал с заметной ноткой раздражения:
— Части гарнизона крайне деморализованы, они не имеют реальной ценности. У нас, товарищ Бунчук, как и везде, полагаю, надежда на рабочих. Моряки — да, а солдаты…",False,,False,,True,497
WORD,S1_002,15156,34,34,подумать,подумал,"«Сколько же тебе пришлось голодать, браток, что ты с одного взгляда отличаешь сытого от голодного, и сколько пережил ты горя либо ужаса, прежде чем у тебя появился вот этот седой клок?» — с растроганной ласковостью подумал Бунчук, глядя на жуковую голову Абрамсона, белевшую справа ослепительно-ярким пятном седины.",Ну конечно нет!,"И уже шагая с провожатым на квартиру Абрамсона, Бунчук все думал о нем: «Вот это парень, вот это большевик!","Ну конечно нет! «Сколько же тебе пришлось голодать, браток, что ты с одного взгляда отличаешь сытого от голодного, и сколько пережил ты горя либо ужаса, прежде чем у тебя появился вот этот седой клок?» — с растроганной ласковостью подумал Бунчук, глядя на жуковую голову Абрамсона, белевшую справа ослепительно-ярким пятном седины. И уже шагая с провожатым на квартиру Абрамсона, Бунчук все думал о нем: «Вот это парень, вот это большевик!",False,,False,,True,498
PHRASE,PHR_026,15157,10,14,думать о это,думал о нем Вот это,"И уже шагая с провожатым на квартиру Абрамсона, Бунчук все думал о нем: «Вот это парень, вот это большевик!","«Сколько же тебе пришлось голодать, браток, что ты с одного взгляда отличаешь сытого от голодного, и сколько пережил ты горя либо ужаса, прежде чем у тебя появился вот этот седой клок?» — с растроганной ласковостью подумал Бунчук, глядя на жуковую голову Абрамсона, белевшую справа ослепительно-ярким пятном седины.","Есть злой упор, и в то же время сохранилось хорошее, человеческое.","«Сколько же тебе пришлось голодать, браток, что ты с одного взгляда отличаешь сытого от голодного, и сколько пережил ты горя либо ужаса, прежде чем у тебя появился вот этот седой клок?» — с растроганной ласковостью подумал Бунчук, глядя на жуковую голову Абрамсона, белевшую справа ослепительно-ярким пятном седины. И уже шагая с провожатым на квартиру Абрамсона, Бунчук все думал о нем: «Вот это парень, вот это большевик! Есть злой упор, и в то же время сохранилось хорошее, человеческое.",False,,False,,True,499
WORD,S1_001,15157,10,10,думать,думал,"И уже шагая с провожатым на квартиру Абрамсона, Бунчук все думал о нем: «Вот это парень, вот это большевик!","«Сколько же тебе пришлось голодать, браток, что ты с одного взгляда отличаешь сытого от голодного, и сколько пережил ты горя либо ужаса, прежде чем у тебя появился вот этот седой клок?» — с растроганной ласковостью подумал Бунчук, глядя на жуковую голову Абрамсона, белевшую справа ослепительно-ярким пятном седины.","Есть злой упор, и в то же время сохранилось хорошее, человеческое.","«Сколько же тебе пришлось голодать, браток, что ты с одного взгляда отличаешь сытого от голодного, и сколько пережил ты горя либо ужаса, прежде чем у тебя появился вот этот седой клок?» — с растроганной ласковостью подумал Бунчук, глядя на жуковую голову Абрамсона, белевшую справа ослепительно-ярким пятном седины. И уже шагая с провожатым на квартиру Абрамсона, Бунчук все думал о нем: «Вот это парень, вот это большевик! Есть злой упор, и в то же время сохранилось хорошее, человеческое.",True,PHR_026,False,,False,500
