hit_type,marker_id,sent_id,token_idx,token_end_idx,target_lemma,target_surface,sent_text,prev_sent_text,next_sent_text,context_window,overlaps_phrase,phrase_overlap_ids,is_noise,noise_reason,count_in_main_stats,hit_id,marker_label,microtheme,phrase_family,unit_type,marker_source,precision_level,source_type,risk_comment,unit_raw,unit_norm,MelekhovLink,MelekhovEvidence,Perspective,PerspectiveEvidence,PerspectiveConfidence,SpeakerDetected,AddresseeDetected,OthersSpeechAct,BookId,Book,PartId,Part
WORD,S1_014,390,6,6,вспомнить,вспомнил,"Григорий, засыпая под мерный баюкающий скрип, вспомнил: «А ить завтра Петру в лагеря выходить.","— Коня с седлом,
С золотым махром…",Останется Дашка с дитем…,"— Коня с седлом,
С золотым махром… Григорий, засыпая под мерный баюкающий скрип, вспомнил: «А ить завтра Петру в лагеря выходить. Останется Дашка с дитем…",False,,False,,True,3,вспомнить [память / воспоминание],память / воспоминание,WORD_CORE,WORD,S1,CORE,curated,,вспомнить,вспомнить,YES,same_sentence:Григорий,NARRATOR_ABOUT_HERO,narrative_context;hero_link=YES,HIGH,NARRATOR,,,1,Книга первая,1,Часть первая
WORD,S1_004,968,4,4,решить,решила,"Проводив Степана в лагеря, решила с Гришкой видеться как можно реже.","Пугало это новое, заполнявшее всю ее чувство, и в мыслях шла ощупью, осторожно, как через Дон по мартовскому ноздреватому льду.",После ловли бреднем решение это укрепилось в ней еще прочнее.,"Пугало это новое, заполнявшее всю ее чувство, и в мыслях шла ощупью, осторожно, как через Дон по мартовскому ноздреватому льду. Проводив Степана в лагеря, решила с Гришкой видеться как можно реже. После ловли бреднем решение это укрепилось в ней еще прочнее.",False,,False,,True,14,решить [решение],решение,WORD_CORE,WORD,S1,CORE,curated,,решить,решить,YES,same_sentence:Гришкой,NARRATOR_ABOUT_HERO,narrative_context;hero_link=YES,HIGH,NARRATOR,,,1,Книга первая,1,Часть первая
WORD,S1_002,1157,7,7,подумать,подумал,"«Дойду вон до энтого кустика, косу отобью», — подумал Григорий и почувствовал, как коса прошла по чему-то вязкому.","Дуняшка сидела на вие, тонюсеньким голоском пела.",Нагнулся посмотреть: из-под ног с писком заковылял в траву маленький дикий утенок.,"Дуняшка сидела на вие, тонюсеньким голоском пела. «Дойду вон до энтого кустика, косу отобью», — подумал Григорий и почувствовал, как коса прошла по чему-то вязкому. Нагнулся посмотреть: из-под ног с писком заковылял в траву маленький дикий утенок.",False,,False,,True,17,подумать [инициация мысли],инициация мысли,WORD_CORE,WORD,S1,CORE,curated,,подумать,подумать,YES,same_sentence:Григорий,HERO_DIRECT_SPEECH,direct_speech;speech_verb_after_quote:Григорий,HIGH,Григорий,,,1,Книга первая,1,Часть первая
WORD,S1_001,1472,5,5,думать,думает,"Григорий углом переламывает левую бровь, думает и неожиданно открывает горячие свои, нерусские глаза.",Хучь словцо урони.,Они смеются.,"Хучь словцо урони. Григорий углом переламывает левую бровь, думает и неожиданно открывает горячие свои, нерусские глаза. Они смеются.",False,,False,,True,20,думать [процесс размышления],процесс размышления,WORD_CORE,WORD,S1,CORE,curated,,думать,думать,YES,same_sentence:Григорий,NARRATOR_ABOUT_HERO,narrative_context;hero_link=YES,HIGH,NARRATOR,,,1,Книга первая,1,Часть первая
WORD,S1_002,1767,2,2,подумать,подумал,"Так и подумал Гришка, увидев из окна горницы, как подпрыгивает Степан.",Издали на Степана глядеть — казачка человек вытанцовывает.,А доглядел — и выскочил из куреня.,"Издали на Степана глядеть — казачка человек вытанцовывает. Так и подумал Гришка, увидев из окна горницы, как подпрыгивает Степан. А доглядел — и выскочил из куреня.",False,,False,,True,22,подумать [инициация мысли],инициация мысли,WORD_CORE,WORD,S1,CORE,curated,,подумать,подумать,YES,same_sentence:Гришка,NARRATOR_ABOUT_HERO,narrative_context;hero_link=YES,HIGH,NARRATOR,,,1,Книга первая,1,Часть первая
WORD,S1_001,1897,4,4,думать,думал,"Слушал старик Мелехов и думал, восхищаясь: «Эк чешет, дьявол, языкастая!",Тек Пантелею Прокофьевичу в уши патокой свашенькин журчливый голосок.,"Скажи, как чулок вяжет.","Тек Пантелею Прокофьевичу в уши патокой свашенькин журчливый голосок. Слушал старик Мелехов и думал, восхищаясь: «Эк чешет, дьявол, языкастая! Скажи, как чулок вяжет.",False,,False,,True,26,думать [процесс размышления],процесс размышления,WORD_CORE,WORD,S1,CORE,curated,,думать,думать,YES,same_sentence:Мелехов,NARRATOR_ABOUT_HERO,narrative_context;hero_link=YES,HIGH,NARRATOR,,,1,Книга первая,1,Часть первая
WORD,S1_001,2083,20,20,думать,думала,"В эту минуту она сама верила, что не затем пришла, чтобы навязываться Григорию; но когда бежала над Доном в займище, думала, не отдавая себе ясного отчета: «Отговорю!",Не боись!,Нехай не женится.,"Не боись! В эту минуту она сама верила, что не затем пришла, чтобы навязываться Григорию; но когда бежала над Доном в займище, думала, не отдавая себе ясного отчета: «Отговорю! Нехай не женится.",False,,False,,True,35,думать [процесс размышления],процесс размышления,WORD_CORE,WORD,S1,CORE,curated,,думать,думать,YES,same_sentence:Григорию,NARRATOR_ABOUT_HERO,narrative_context;hero_link=YES,HIGH,NARRATOR,,,1,Книга первая,1,Часть первая
WORD,S1_001,2117,0,0,думать,Думала,"Думала, скажет Григорий: «…прикончим Степана», но он досадливо облизал пересохшие губы (тяжело ворочались они), сказал:
— …прикончим эту историю.","Огонь страха и нетерпения жадно лизал ей лицо, сушил во рту слюну.",А?,"Огонь страха и нетерпения жадно лизал ей лицо, сушил во рту слюну. Думала, скажет Григорий: «…прикончим Степана», но он досадливо облизал пересохшие губы (тяжело ворочались они), сказал:
— …прикончим эту историю. А?",False,,False,,True,38,думать [процесс размышления],процесс размышления,WORD_CORE,WORD,S1,CORE,curated,,думать,думать,YES,same_sentence:Григорий,OTHERS_TO_HERO,direct_speech;unknown_speaker;hero_name_in_utterance;speechact=STATEMENT,LOW,UNKNOWN,Григорий,STATEMENT,1,Книга первая,1,Часть первая
WORD,S1_011,2201,6,6,мысль,мысль,"— Должно, дома что-нибудь… — высказал Григорий общую мысль.",— Петро в испуганном недоумении затоптался на месте.,"Пантелей Прокофьевич, не доезжая саженей сто, придержал лошадь, затрусил рысью.","— Петро в испуганном недоумении затоптался на месте. — Должно, дома что-нибудь… — высказал Григорий общую мысль. Пантелей Прокофьевич, не доезжая саженей сто, придержал лошадь, затрусил рысью.",False,,False,,True,40,мысль [мысленный акт/реплика],мысленный акт/реплика,WORD_CORE,WORD,S1,CORE,curated,,мысль,мысль,YES,same_sentence:Григорий,HERO_DIRECT_SPEECH,direct_speech;speech_verb_after_quote:Григорий,HIGH,Григорий,,,1,Книга первая,1,Часть первая
WORD,S1_011,2525,1,1,мысль,мыслях,"В мыслях шла баба на новое бесчестье, на прежний позор: решила отнять Гришку у счастливой, ни горя, ни радости любовной не ведавшей Натальи Коршуновой.","По ночам, исступленно лаская мужа, думала Аксинья о другом, и плелась в душе ненависть с великой любовью.","По ночам передумывала вороха мыслей, моргала сухими глазами в темь.","По ночам, исступленно лаская мужа, думала Аксинья о другом, и плелась в душе ненависть с великой любовью. В мыслях шла баба на новое бесчестье, на прежний позор: решила отнять Гришку у счастливой, ни горя, ни радости любовной не ведавшей Натальи Коршуновой. По ночам передумывала вороха мыслей, моргала сухими глазами в темь.",False,,False,,True,46,мысль [мысленный акт/реплика],мысленный акт/реплика,WORD_CORE,WORD,S1,CORE,curated,,мысль,мысль,YES,same_sentence:Гришку,NARRATOR_ABOUT_HERO,narrative_context;hero_link=YES,HIGH,NARRATOR,,,1,Книга первая,1,Часть первая
WORD,S1_004,2525,10,10,решить,решила,"В мыслях шла баба на новое бесчестье, на прежний позор: решила отнять Гришку у счастливой, ни горя, ни радости любовной не ведавшей Натальи Коршуновой.","По ночам, исступленно лаская мужа, думала Аксинья о другом, и плелась в душе ненависть с великой любовью.","По ночам передумывала вороха мыслей, моргала сухими глазами в темь.","По ночам, исступленно лаская мужа, думала Аксинья о другом, и плелась в душе ненависть с великой любовью. В мыслях шла баба на новое бесчестье, на прежний позор: решила отнять Гришку у счастливой, ни горя, ни радости любовной не ведавшей Натальи Коршуновой. По ночам передумывала вороха мыслей, моргала сухими глазами в темь.",False,,False,,True,47,решить [решение],решение,WORD_CORE,WORD,S1,CORE,curated,,решить,решить,YES,same_sentence:Гришку,NARRATOR_ABOUT_HERO,narrative_context;hero_link=YES,HIGH,NARRATOR,,,1,Книга первая,1,Часть первая
WORD,S1_004,2532,2,2,решить,решила,"Одно лишь решила накрепко: Гришку отнять у всех, залить любовью, владеть им, как раньше.",Передумывала.,"И на донышке сердца остренькое, похожее на оставленное жало пчелы, точило сукровичную боль.","Передумывала. Одно лишь решила накрепко: Гришку отнять у всех, залить любовью, владеть им, как раньше. И на донышке сердца остренькое, похожее на оставленное жало пчелы, точило сукровичную боль.",False,,False,,True,50,решить [решение],решение,WORD_CORE,WORD,S1,CORE,curated,,решить,решить,YES,same_sentence:Гришку,NARRATOR_ABOUT_HERO,narrative_context;hero_link=YES,HIGH,NARRATOR,,,1,Книга первая,1,Часть первая
WORD,S1_018,3362,17,17,осознать,осознал,"Григорий малость пообвык в новом своем, женатом положении, пообтерхался и недели через три со страхом и озлоблением осознал в душе, что не вконец порвано с Аксиньей, осталось что-то, как заноза в сердце.","— Нехай хучь первый годок покохается, — вздыхала Ильинична, вспоминая свою горбатую в работе жизнь.",И с этой болью ему не скоро расстаться.,"— Нехай хучь первый годок покохается, — вздыхала Ильинична, вспоминая свою горбатую в работе жизнь. Григорий малость пообвык в новом своем, женатом положении, пообтерхался и недели через три со страхом и озлоблением осознал в душе, что не вконец порвано с Аксиньей, осталось что-то, как заноза в сердце. И с этой болью ему не скоро расстаться.",False,,False,,True,67,осознать [понимание / ясность],понимание / ясность,WORD_CORE,WORD,S1,CORE,curated,,осознать,осознать,YES,same_sentence:Григорий,NARRATOR_ABOUT_HERO,narrative_context;hero_link=YES,HIGH,NARRATOR,,,1,Книга первая,2,Часть вторая
WORD,ALEX_008,3373,16,16,вспоминать,вспоминая,"Была Наталья до мужниных утех неохоча, при рождении наделила ее мать равнодушной, медлительной кровью, и Григорий, вспоминая исступленную в любви Аксинью, вздыхал:
— Тебя, Наталья, отец, должно, на крыге зачинал…","А оно не так сложилось, и по ночам, по обязанности лаская жену, горяча ее молодой своей любовной ретивостью, встречал Гришка с ее стороны холодок, смущенную покорность.",Дюже леденистая ты.,"А оно не так сложилось, и по ночам, по обязанности лаская жену, горяча ее молодой своей любовной ретивостью, встречал Гришка с ее стороны холодок, смущенную покорность. Была Наталья до мужниных утех неохоча, при рождении наделила ее мать равнодушной, медлительной кровью, и Григорий, вспоминая исступленную в любви Аксинью, вздыхал:
— Тебя, Наталья, отец, должно, на крыге зачинал… Дюже леденистая ты.",False,,False,,True,68,вспоминать [память / воспоминание],память / воспоминание,WORD_ALEXANDROVA,WORD,ALEXANDROVA,CORE,dictionary,,вспоминать,вспоминать,YES,same_sentence:Григорий,NARRATOR_ABOUT_HERO,narrative_context;hero_link=YES,HIGH,NARRATOR,,,1,Книга первая,2,Часть вторая
WORD,S1_001,3401,9,9,думать,думал,"Под глухой перегуд — стон распятой под каменными катками земли — думал Гришка неясные думки, пытался и не мог поймать увиливавшие от сознания скользкие шматочки мыслей.","Он не замечал, как Наталья, помогая Пантелею Прокофьевичу настилать посад снопов, перехватывала каждый невольный взгляд мужа своим тоскующим, ревнивым взглядом; не видел того, как Петро, гонявший по кругу лошадей, взглядывая на него, курносил лицо неприметной, про себя, ухмылкой.","С ближних и дальних гумен ползли и таяли в займище звуки молотьбы, крики погонычей, высвист кнутов, татаканье веялочных барабанов.","Он не замечал, как Наталья, помогая Пантелею Прокофьевичу настилать посад снопов, перехватывала каждый невольный взгляд мужа своим тоскующим, ревнивым взглядом; не видел того, как Петро, гонявший по кругу лошадей, взглядывая на него, курносил лицо неприметной, про себя, ухмылкой. Под глухой перегуд — стон распятой под каменными катками земли — думал Гришка неясные думки, пытался и не мог поймать увиливавшие от сознания скользкие шматочки мыслей. С ближних и дальних гумен ползли и таяли в займище звуки молотьбы, крики погонычей, высвист кнутов, татаканье веялочных барабанов.",False,,False,,True,69,думать [процесс размышления],процесс размышления,WORD_CORE,WORD,S1,CORE,curated,,думать,думать,YES,same_sentence:Гришка,NARRATOR_ABOUT_HERO,narrative_context;hero_link=YES,HIGH,NARRATOR,,,1,Книга первая,2,Часть вторая
WORD,S1_011,3401,23,23,мысль,мыслей,"Под глухой перегуд — стон распятой под каменными катками земли — думал Гришка неясные думки, пытался и не мог поймать увиливавшие от сознания скользкие шматочки мыслей.","Он не замечал, как Наталья, помогая Пантелею Прокофьевичу настилать посад снопов, перехватывала каждый невольный взгляд мужа своим тоскующим, ревнивым взглядом; не видел того, как Петро, гонявший по кругу лошадей, взглядывая на него, курносил лицо неприметной, про себя, ухмылкой.","С ближних и дальних гумен ползли и таяли в займище звуки молотьбы, крики погонычей, высвист кнутов, татаканье веялочных барабанов.","Он не замечал, как Наталья, помогая Пантелею Прокофьевичу настилать посад снопов, перехватывала каждый невольный взгляд мужа своим тоскующим, ревнивым взглядом; не видел того, как Петро, гонявший по кругу лошадей, взглядывая на него, курносил лицо неприметной, про себя, ухмылкой. Под глухой перегуд — стон распятой под каменными катками земли — думал Гришка неясные думки, пытался и не мог поймать увиливавшие от сознания скользкие шматочки мыслей. С ближних и дальних гумен ползли и таяли в займище звуки молотьбы, крики погонычей, высвист кнутов, татаканье веялочных барабанов.",False,,False,,True,70,мысль [мысленный акт/реплика],мысленный акт/реплика,WORD_CORE,WORD,S1,CORE,curated,,мысль,мысль,YES,same_sentence:Гришка,NARRATOR_ABOUT_HERO,narrative_context;hero_link=YES,HIGH,NARRATOR,,,1,Книга первая,2,Часть вторая
WORD,S1_011,4217,10,10,мысль,мыслей,"Поднятая рука Григория затекала, в уме вразброд шла угарная возня мыслей.",Вглядывался в лицо Митьки; тот морщился от боли и переставлял скованную сапогом ногу.,"Подходил под крест и, целуя обслюнявленное многими ртами влажное серебро, думал об Аксинье, о жене.","Вглядывался в лицо Митьки; тот морщился от боли и переставлял скованную сапогом ногу. Поднятая рука Григория затекала, в уме вразброд шла угарная возня мыслей. Подходил под крест и, целуя обслюнявленное многими ртами влажное серебро, думал об Аксинье, о жене.",False,,False,,True,78,мысль [мысленный акт/реплика],мысленный акт/реплика,WORD_CORE,WORD,S1,CORE,curated,,мысль,мысль,YES,same_sentence:Григория,NARRATOR_ABOUT_HERO,narrative_context;hero_link=YES,HIGH,NARRATOR,,,1,Книга первая,2,Часть вторая
WORD,S1_002,4279,1,1,подумать,подумал,"«Наталья», — подумал Григорий, садясь на лавку рядом с отцом.","Из горницы вышла Ильинична, и на ее лице лежала печать некоторого смятения.","— Собери ему повечерять, — обратилась Ильинична к Дарье, указывая глазами на Григория.","Из горницы вышла Ильинична, и на ее лице лежала печать некоторого смятения. «Наталья», — подумал Григорий, садясь на лавку рядом с отцом. — Собери ему повечерять, — обратилась Ильинична к Дарье, указывая глазами на Григория.",False,,False,,True,84,подумать [инициация мысли],инициация мысли,WORD_CORE,WORD,S1,CORE,curated,,подумать,подумать,YES,same_sentence:Григорий,HERO_DIRECT_SPEECH,direct_speech;speech_verb_after_quote:Григорий,HIGH,Григорий,,,1,Книга первая,2,Часть вторая
WORD,S1_017,4436,10,10,понять,поняла,"Женским своим чутьем угадала, что не время об этом говорить, поняла, что можно навек потерять Григория, и, сомневаясь, от кого из двух зачала ворохнувшегося под сердцем ребенка, слукавила душой: не сказала.","— Надо сказать», — решила было, но сейчас же, дрогнув от испуга, отогнала страшную мысль.",— Чего дрогнула?,"— Надо сказать», — решила было, но сейчас же, дрогнув от испуга, отогнала страшную мысль. Женским своим чутьем угадала, что не время об этом говорить, поняла, что можно навек потерять Григория, и, сомневаясь, от кого из двух зачала ворохнувшегося под сердцем ребенка, слукавила душой: не сказала. — Чего дрогнула?",False,,False,,True,94,понять [понимание / ясность],понимание / ясность,WORD_CORE,WORD,S1,CORE,curated,,понять,понять,YES,same_sentence:Григория,NARRATOR_ABOUT_HERO,narrative_context;hero_link=YES,HIGH,NARRATOR,,,1,Книга первая,2,Часть вторая
WORD,S1_017,4920,8,8,понять,понять,"Аксинья, улыбаясь, глядела на Григория и не могла понять, серьезно он говорит или шутит.","— То-то гляди, а то я его в одночась спихну с крыльца.","XV
На четвертой неделе поста сдала зима.","— То-то гляди, а то я его в одночась спихну с крыльца. Аксинья, улыбаясь, глядела на Григория и не могла понять, серьезно он говорит или шутит. XV
На четвертой неделе поста сдала зима.",False,,False,,True,101,понять [понимание / ясность],понимание / ясность,WORD_CORE,WORD,S1,CORE,curated,,понять,понять,YES,same_sentence:Григория,NARRATOR_ABOUT_HERO,narrative_context;hero_link=YES,HIGH,NARRATOR,,,1,Книга первая,2,Часть вторая
WORD,S1_004,5119,9,9,решить,решил,"За ночь могло еще больше прибыть воды, и Григорий решил переправиться.","Постоялый двор, где останавливались кормить лошадей по дороге на станцию, был на той стороне.","Подъехал к тому месту, где сутки назад переезжал по льду; вышедшая из берегов речка гнала по раздвинувшемуся руслу грязные воды, легко крушила на середине отрезок плетня и половинку колесного обода.","Постоялый двор, где останавливались кормить лошадей по дороге на станцию, был на той стороне. За ночь могло еще больше прибыть воды, и Григорий решил переправиться. Подъехал к тому месту, где сутки назад переезжал по льду; вышедшая из берегов речка гнала по раздвинувшемуся руслу грязные воды, легко крушила на середине отрезок плетня и половинку колесного обода.",False,,False,,True,106,решить [решение],решение,WORD_CORE,WORD,S1,CORE,curated,,решить,решить,YES,same_sentence:Григорий,NARRATOR_ABOUT_HERO,narrative_context;hero_link=YES,HIGH,NARRATOR,,,1,Книга первая,2,Часть вторая
WORD,S1_004,5347,22,22,решить,решила,"Стыд за свое неопределенное положение (она все не верила, что Григорий ушел навсегда, и, прощая, ждала его) толкнул ее на следующий поступок: решила послать тайком от домашних в Ягодное к Григорию, чтобы узнать, совсем ли ушел он и не одумался ли.","С трудом высидев до конца, она ушла, унося в душе неоформленное решение.",Пришла она от Пелагеи поздно.,"С трудом высидев до конца, она ушла, унося в душе неоформленное решение. Стыд за свое неопределенное положение (она все не верила, что Григорий ушел навсегда, и, прощая, ждала его) толкнул ее на следующий поступок: решила послать тайком от домашних в Ягодное к Григорию, чтобы узнать, совсем ли ушел он и не одумался ли. Пришла она от Пелагеи поздно.",False,,False,,True,111,решить [решение],решение,WORD_CORE,WORD,S1,CORE,curated,,решить,решить,YES,same_sentence:Григорий,NARRATOR_ABOUT_HERO,narrative_context;hero_link=YES,HIGH,NARRATOR,,,1,Книга первая,2,Часть вторая
PHRASE,PHR_050,5420,7,8,вдруг вспомнить,вдруг вспомнила,"— Наталья бережно вытащила свою зеленую юбку и вдруг вспомнила, что в этой юбке была она, когда Григорий женихом приезжал ее проведать, под прохладным навесом сарая в первый раз пристыдил ее летучим поцелуем, и затряслась в приступившем рыдании, грудью навалилась на поднятую ребром крышку сундука.",Я в этой пойду.,— Наталья!,"Я в этой пойду. — Наталья бережно вытащила свою зеленую юбку и вдруг вспомнила, что в этой юбке была она, когда Григорий женихом приезжал ее проведать, под прохладным навесом сарая в первый раз пристыдил ее летучим поцелуем, и затряслась в приступившем рыдании, грудью навалилась на поднятую ребром крышку сундука. — Наталья!",False,,False,,True,120,вдруг вспомнить [память / воспоминание],память / воспоминание,REMEMBER,PHRASE,PHRASE,CORE,manual_existing,,вдруг вспомнить,вдруг вспомнить,YES,same_sentence:Григорий,OTHERS_TO_HERO,direct_speech;unknown_speaker;hero_name_in_utterance;speechact=STATEMENT,LOW,UNKNOWN,Григорий,STATEMENT,1,Книга первая,2,Часть вторая
WORD,S1_014,5420,8,8,вспомнить,вспомнила,"— Наталья бережно вытащила свою зеленую юбку и вдруг вспомнила, что в этой юбке была она, когда Григорий женихом приезжал ее проведать, под прохладным навесом сарая в первый раз пристыдил ее летучим поцелуем, и затряслась в приступившем рыдании, грудью навалилась на поднятую ребром крышку сундука.",Я в этой пойду.,— Наталья!,"Я в этой пойду. — Наталья бережно вытащила свою зеленую юбку и вдруг вспомнила, что в этой юбке была она, когда Григорий женихом приезжал ее проведать, под прохладным навесом сарая в первый раз пристыдил ее летучим поцелуем, и затряслась в приступившем рыдании, грудью навалилась на поднятую ребром крышку сундука. — Наталья!",True,PHR_050,False,,False,121,вспомнить [память / воспоминание],память / воспоминание,WORD_CORE,WORD,S1,CORE,curated,,вспомнить,вспомнить,YES,same_sentence:Григорий,OTHERS_TO_HERO,direct_speech;unknown_speaker;hero_name_in_utterance;speechact=STATEMENT,LOW,UNKNOWN,Григорий,STATEMENT,1,Книга первая,2,Часть вторая
WORD,S1_001,5436,9,9,думать,думала,"Дорогой пыталась она вернуть себе прежнее уравновешенное состояние духа, думала о празднике, обо всем отрывочно и туманно, но мысль упрямо возвращалась к синему клочку оберточной бумаги, спрятанной на груди, к Григорию и к той счастливой, которая теперь над ней снисходительно смеется и, быть может, даже жалеет…","Придерживая левой рукой подол юбки, обходя перламутровую синь раскинутых по улице лужиц, Наталья дошла до церкви.",Она вошла в ограду.,"Придерживая левой рукой подол юбки, обходя перламутровую синь раскинутых по улице лужиц, Наталья дошла до церкви. Дорогой пыталась она вернуть себе прежнее уравновешенное состояние духа, думала о празднике, обо всем отрывочно и туманно, но мысль упрямо возвращалась к синему клочку оберточной бумаги, спрятанной на груди, к Григорию и к той счастливой, которая теперь над ней снисходительно смеется и, быть может, даже жалеет… Она вошла в ограду.",False,,False,,True,122,думать [процесс размышления],процесс размышления,WORD_CORE,WORD,S1,CORE,curated,,думать,думать,YES,same_sentence:Григорию,NARRATOR_ABOUT_HERO,narrative_context;hero_link=YES,HIGH,NARRATOR,,,1,Книга первая,2,Часть вторая
WORD,S1_011,5436,18,18,мысль,мысль,"Дорогой пыталась она вернуть себе прежнее уравновешенное состояние духа, думала о празднике, обо всем отрывочно и туманно, но мысль упрямо возвращалась к синему клочку оберточной бумаги, спрятанной на груди, к Григорию и к той счастливой, которая теперь над ней снисходительно смеется и, быть может, даже жалеет…","Придерживая левой рукой подол юбки, обходя перламутровую синь раскинутых по улице лужиц, Наталья дошла до церкви.",Она вошла в ограду.,"Придерживая левой рукой подол юбки, обходя перламутровую синь раскинутых по улице лужиц, Наталья дошла до церкви. Дорогой пыталась она вернуть себе прежнее уравновешенное состояние духа, думала о празднике, обо всем отрывочно и туманно, но мысль упрямо возвращалась к синему клочку оберточной бумаги, спрятанной на груди, к Григорию и к той счастливой, которая теперь над ней снисходительно смеется и, быть может, даже жалеет… Она вошла в ограду.",False,,False,,True,123,мысль [мысленный акт/реплика],мысленный акт/реплика,WORD_CORE,WORD,S1,CORE,curated,,мысль,мысль,YES,same_sentence:Григорию,NARRATOR_ABOUT_HERO,narrative_context;hero_link=YES,HIGH,NARRATOR,,,1,Книга первая,2,Часть вторая
WORD,S1_016,5480,3,3,помнить,помни,"Но ты, Гришка, помни мое слово: рано аль поздно убью!","— Нынче я драться с тобой не буду, не хочу…",— Слепой сказал: «посмотрим».,"— Нынче я драться с тобой не буду, не хочу… Но ты, Гришка, помни мое слово: рано аль поздно убью! — Слепой сказал: «посмотрим».",False,,False,,True,127,помнить [память / воспоминание],память / воспоминание,WORD_CORE,WORD,S1,CORE,curated,,помнить,помнить,YES,same_sentence:Гришка,NARRATOR_ABOUT_HERO,narrative_context;hero_link=YES,HIGH,NARRATOR,,,1,Книга первая,2,Часть вторая
WORD,S1_001,5529,3,3,думать,думала,"— Я робела, Гриша… думала, что ты бросишь…",— Что ж ты молчала раньше?,"Барабаня пальцами по спинке кровати, Григорий спросил:
— Скоро?","— Что ж ты молчала раньше? — Я робела, Гриша… думала, что ты бросишь… Барабаня пальцами по спинке кровати, Григорий спросил:
— Скоро?",False,,False,,True,133,думать [процесс размышления],процесс размышления,WORD_CORE,WORD,S1,CORE,curated,,думать,думать,YES,same_sentence:Гриша,OTHERS_TO_HERO,direct_speech;unknown_speaker;hero_name_in_utterance;speechact=STATEMENT,LOW,UNKNOWN,Гриша,STATEMENT,1,Книга первая,2,Часть вторая
WORD,S1_014,5603,5,5,вспомнить,вспомнив,"Петро уже выехал со двора; вспомнив, закричал стоявшему на крыльце Григорию:
— Наталья-то…",— Путь добрый!,Забыл… беда какая…,"— Путь добрый! Петро уже выехал со двора; вспомнив, закричал стоявшему на крыльце Григорию:
— Наталья-то… Забыл… беда какая…",False,,False,,True,138,вспомнить [память / воспоминание],память / воспоминание,WORD_CORE,WORD,S1,CORE,curated,,вспомнить,вспомнить,YES,same_sentence:Григорию,NARRATOR_ABOUT_HERO,narrative_context;hero_link=YES,HIGH,NARRATOR,,,1,Книга первая,2,Часть вторая
WORD,S1_016,5741,15,15,помнить,помнил,"Запрокидываясь с козел, удерживая в натянутых руках тугую дрожь вожжей, Григорий опасливо косился на раскаты, помнил, как по первопутку пан за неловкий толчок сунул ему в затылок крепкий не по-стариковски кулак.",— Пан указал глазами на рысака.,"Спустились к мосту, и тут, по Дону, Григорий ослабил вожжи, растирая перчаткой охваченные ветровым огнем щеки.","— Пан указал глазами на рысака. Запрокидываясь с козел, удерживая в натянутых руках тугую дрожь вожжей, Григорий опасливо косился на раскаты, помнил, как по первопутку пан за неловкий толчок сунул ему в затылок крепкий не по-стариковски кулак. Спустились к мосту, и тут, по Дону, Григорий ослабил вожжи, растирая перчаткой охваченные ветровым огнем щеки.",False,,False,,True,141,помнить [память / воспоминание],память / воспоминание,WORD_CORE,WORD,S1,CORE,curated,,помнить,помнить,YES,same_sentence:Григорий,NARRATOR_ABOUT_HERO,narrative_context;hero_link=YES,HIGH,NARRATOR,,,1,Книга первая,2,Часть вторая
WORD,ALEX_008,5821,14,14,вспоминать,вспоминая,"Аксинья, касаясь пальцами его ноги, часто повторяла:
— Гриша, погоди… что-то хотела сказать… — и морщилась, вспоминая, растерянная, дрожащая.","Григорий с рассчитанной медлительностью затягивал подпруги, садился на коня и разбирал поводья.","— Ну, прощай!","Григорий с рассчитанной медлительностью затягивал подпруги, садился на коня и разбирал поводья. Аксинья, касаясь пальцами его ноги, часто повторяла:
— Гриша, погоди… что-то хотела сказать… — и морщилась, вспоминая, растерянная, дрожащая. — Ну, прощай!",False,,False,,True,143,вспоминать [память / воспоминание],память / воспоминание,WORD_ALEXANDROVA,WORD,ALEXANDROVA,CORE,dictionary,,вспоминать,вспоминать,YES,same_sentence:Гриша,NARRATOR_ABOUT_HERO,narrative_context;hero_link=YES,HIGH,NARRATOR,,,1,Книга первая,2,Часть вторая
WORD,S1_025,5988,43,43,полагать,полагаемом,"Под ногами Григория лежала ненадеванная попона, на ней порядком разложены седло с окованным, крашенным в зеленое ленчиком, с саквами и задними сумами, две шинели, двое шаровар, мундир, две пары сапог, белье, фунт и пятьдесят четыре золотника сухарей, банка консервов, крупа и прочая, в полагаемом для всадника количестве, снедь.","Григорий заметил, как над рыжей бровью сотника трепетал, трогая веко, живчик.","В раскрытых сумах виднелся круг — на четыре ноги — подков, ухнали, завернутые в промасленную тряпку, шитвянка с двумя иголками и нитками, полотенце.","Григорий заметил, как над рыжей бровью сотника трепетал, трогая веко, живчик. Под ногами Григория лежала ненадеванная попона, на ней порядком разложены седло с окованным, крашенным в зеленое ленчиком, с саквами и задними сумами, две шинели, двое шаровар, мундир, две пары сапог, белье, фунт и пятьдесят четыре золотника сухарей, банка консервов, крупа и прочая, в полагаемом для всадника количестве, снедь. В раскрытых сумах виднелся круг — на четыре ноги — подков, ухнали, завернутые в промасленную тряпку, шитвянка с двумя иголками и нитками, полотенце.",False,,False,,True,147,полагать [мнение/суждение],мнение/суждение,WORD_CORE,WORD,S1,CORE,curated,,полагать,полагать,YES,same_sentence:Григория,NARRATOR_ABOUT_HERO,narrative_context;hero_link=YES,HIGH,NARRATOR,,,1,Книга первая,2,Часть вторая
WORD,S1_004,6075,2,2,решить,решил,Он твердо решил взять ее в дом и примирить с Григорием.,"Пантелей Прокофьевич сманивал ее все время после того, как проводил Григория на службу.",С того дня Наталья осталась у Мелеховых.,"Пантелей Прокофьевич сманивал ее все время после того, как проводил Григория на службу. Он твердо решил взять ее в дом и примирить с Григорием. С того дня Наталья осталась у Мелеховых.",False,,False,,True,149,решить [решение],решение,WORD_CORE,WORD,S1,CORE,curated,,решить,решить,YES,same_sentence:Григорием,NARRATOR_ABOUT_HERO,narrative_context;hero_link=YES,HIGH,NARRATOR,,,1,Книга первая,3,Часть третья
WORD,S1_014,6340,2,2,вспомнить,вспомнить,"Пытался Григорий вспомнить оставшийся позади путь, ничего связного не выходило; красные станционные постройки, татакающие под шатким полом колеса вагонов, запах конских испражнений и сена, бесконечные нити рельсов, стекавшие из-под паровоза, дым, мимоходом заглядывавший в дверки вагонов, усатая рожа жандарма на перроне не то в Воронеже, не то в Киеве…","II
Где-то позади, в сером слизистом тумане осталась длинная дорога от Маньково-Калитвенской слободы до местечка Радзивиллово.","На полустанке, где сгружались, толпились офицеры и какие-то в серых свитках бритые люди, разговаривавшие на чужом, непонятном языке.","II
Где-то позади, в сером слизистом тумане осталась длинная дорога от Маньково-Калитвенской слободы до местечка Радзивиллово. Пытался Григорий вспомнить оставшийся позади путь, ничего связного не выходило; красные станционные постройки, татакающие под шатким полом колеса вагонов, запах конских испражнений и сена, бесконечные нити рельсов, стекавшие из-под паровоза, дым, мимоходом заглядывавший в дверки вагонов, усатая рожа жандарма на перроне не то в Воронеже, не то в Киеве… На полустанке, где сгружались, толпились офицеры и какие-то в серых свитках бритые люди, разговаривавшие на чужом, непонятном языке.",False,,False,,True,159,вспомнить [память / воспоминание],память / воспоминание,WORD_CORE,WORD,S1,CORE,curated,,вспомнить,вспомнить,YES,same_sentence:Григорий,NARRATOR_ABOUT_HERO,narrative_context;hero_link=YES,HIGH,NARRATOR,,,1,Книга первая,3,Часть третья
WORD,S1_020,6529,1,1,ясно,ясно,Григорий ясно видел это.,"У нее дрожали, подламываясь, руки.","Качаясь, поднялась на ноги и, растрепанная, чужая и незнакомая, обвела окошки долгим-долгим взглядом.","У нее дрожали, подламываясь, руки. Григорий ясно видел это. Качаясь, поднялась на ноги и, растрепанная, чужая и незнакомая, обвела окошки долгим-долгим взглядом.",False,,False,,True,162,ясно [понимание / ясность],понимание / ясность,WORD_CORE,WORD,S1,CORE,curated,,ясно,ясно,YES,same_sentence:Григорий,NARRATOR_ABOUT_HERO,narrative_context;hero_link=YES,HIGH,NARRATOR,,,1,Книга первая,3,Часть третья
WORD,S1_017,6991,5,5,понять,понял,"Григорий не слышал крика, но понял по лицу Прохора, прижатому к земле с перекошенным ртом и вылезшими из орбит телячьими глазами, что крикнул тот нечеловечески дико.","Резцом, как алмазом на стекле, вырезала память Григория и удержала надолго розовые десны Прохорова коня с ощеренными плитами зубов, Прохора, упавшего плашмя, растоптанного копытами скакавшего сзади казака.",Падали еще.,"Резцом, как алмазом на стекле, вырезала память Григория и удержала надолго розовые десны Прохорова коня с ощеренными плитами зубов, Прохора, упавшего плашмя, растоптанного копытами скакавшего сзади казака. Григорий не слышал крика, но понял по лицу Прохора, прижатому к земле с перекошенным ртом и вылезшими из орбит телячьими глазами, что крикнул тот нечеловечески дико. Падали еще.",False,,False,,True,172,понять [понимание / ясность],понимание / ясность,WORD_CORE,WORD,S1,CORE,curated,,понять,понять,YES,same_sentence:Григорий,NARRATOR_ABOUT_HERO,narrative_context;hero_link=YES,HIGH,NARRATOR,,,1,Книга первая,3,Часть третья
WORD,S1_002,7790,4,4,подумать,подумал,"«Хрипатый, должно, и злой», — подумал Григорий, улыбаясь брату и оглядывая мельком крепко подогнанную фигуру есаула, горбоносого коня под ним, калмыцкой, видно, породы.","Вел ее есаул, пожилой и плотный, со свежевыбритой головой, с деревянно твердыми загибами властного бритого рта.",— Сотня! — звякнул есаул чистым насталенным голосом.,"Вел ее есаул, пожилой и плотный, со свежевыбритой головой, с деревянно твердыми загибами властного бритого рта. «Хрипатый, должно, и злой», — подумал Григорий, улыбаясь брату и оглядывая мельком крепко подогнанную фигуру есаула, горбоносого коня под ним, калмыцкой, видно, породы. — Сотня! — звякнул есаул чистым насталенным голосом.",False,,False,,True,183,подумать [инициация мысли],инициация мысли,WORD_CORE,WORD,S1,CORE,curated,,подумать,подумать,YES,same_sentence:Григорий,HERO_DIRECT_SPEECH,direct_speech;speech_verb_after_quote:Григорий,HIGH,Григорий,,,1,Книга первая,3,Часть третья
WORD,S1_017,8480,11,11,понять,понял,"— Глаза Чубатого смеялись, но Григорий по голосу, по хищному трепету ноздрей понял, что говорит он серьезно.","— Убью и не вздохну, — нет во мне жалости!","— Дикой ты и чудак, — сказал Григорий, внимательно осматривая лицо Чубатого.","— Убью и не вздохну, — нет во мне жалости! — Глаза Чубатого смеялись, но Григорий по голосу, по хищному трепету ноздрей понял, что говорит он серьезно. — Дикой ты и чудак, — сказал Григорий, внимательно осматривая лицо Чубатого.",False,,False,,True,206,понять [понимание / ясность],понимание / ясность,WORD_CORE,WORD,S1,CORE,curated,,понять,понять,YES,same_sentence:Григорий,OTHERS_TO_HERO,direct_speech;unknown_speaker;hero_name_in_utterance;speechact=STATEMENT,LOW,UNKNOWN,Григорий,STATEMENT,1,Книга первая,3,Часть третья
PHRASE,PHR_056,8605,3,5,остаться в память,остался в памяти,"Таким он и остался в памяти Григория — накинутая внапашку расшивная гусарская куртка, белесые, торчмя поднятые вихры и уверенная, бравая походка.",Белесые его вихры задорно торчали на макушке.,"— Мелехов, поди его коня расседлай, — приказал урядник и с сожалением плюнул на остаток цигарки, уже припекавшей пальцы.","Белесые его вихры задорно торчали на макушке. Таким он и остался в памяти Григория — накинутая внапашку расшивная гусарская куртка, белесые, торчмя поднятые вихры и уверенная, бравая походка. — Мелехов, поди его коня расседлай, — приказал урядник и с сожалением плюнул на остаток цигарки, уже припекавшей пальцы.",False,,False,,True,212,остаться в памяти [память / воспоминание],память / воспоминание,MEMORY_SURFACE,PHRASE,PHRASE,CORE,manual_existing,,остаться в памяти,остаться в память,YES,same_sentence:Григория,NARRATOR_ABOUT_HERO,narrative_context;hero_link=YES,HIGH,NARRATOR,,,1,Книга первая,3,Часть третья
WORD,S1_012,8715,6,6,мысленно,мысленно,"«Вот так, вот так, вот так!» — мысленно отсчитывал Григорий конские броски.","Венгерцы увидели казаков и, бросив оружие, поскакали.","Нога его на секунду потеряла стремя, и он, чувствуя свое неустойчивое положение в седле, ловил стремя с внутренним страхом; свесившись, поймал, вдел носок и, подняв глаза, увидел орудийную запряжку шестерней, на передней — обнявшего руками конскую шею зарубленного ездового, в заплавленной кровью и мозгами рубахе.","Венгерцы увидели казаков и, бросив оружие, поскакали. «Вот так, вот так, вот так!» — мысленно отсчитывал Григорий конские броски. Нога его на секунду потеряла стремя, и он, чувствуя свое неустойчивое положение в седле, ловил стремя с внутренним страхом; свесившись, поймал, вдел носок и, подняв глаза, увидел орудийную запряжку шестерней, на передней — обнявшего руками конскую шею зарубленного ездового, в заплавленной кровью и мозгами рубахе.",False,,False,,True,215,мысленно [мысленный акт/реплика],мысленный акт/реплика,WORD_CORE,WORD,S1,CORE,curated,,мысленно,мысленно,YES,same_sentence:Григорий,HERO_INNER_SPEECH,direct_or_inner_speech;hero_same_sentence;inner_marker,MEDIUM,UNKNOWN,,,1,Книга первая,3,Часть третья
PHRASE,PHR_060,9225,16,17,не забывать,не забывать,"В следующем письме просил Петро прислать ему сушеной вишни «с родимых донских своих садов» и просил не забывать, писать чаще; там же ругал он Григория за то, что, по словам казаков, плохо Гришка присматривает за конем, — а ему, Петру, обидно, так как конь Гнедой — его, Петра, собственный и кровный; просил отца написать от себя Григорию.","Пишу на седле, и дюже качает.","«Я ему доводил до ума через казаков, что если он не будет ухаживать за конем, как за своим добром, то встренемся и я ему морду в кровь побью, хотя он и крестовый кавалер теперь», — писал Петро, а затем следовали бесчисленные поклоны, и сквозь мятые, подмоченные дождем строки письма ощутимо дышала горькая грусть.","Пишу на седле, и дюже качает. В следующем письме просил Петро прислать ему сушеной вишни «с родимых донских своих садов» и просил не забывать, писать чаще; там же ругал он Григория за то, что, по словам казаков, плохо Гришка присматривает за конем, — а ему, Петру, обидно, так как конь Гнедой — его, Петра, собственный и кровный; просил отца написать от себя Григорию. «Я ему доводил до ума через казаков, что если он не будет ухаживать за конем, как за своим добром, то встренемся и я ему морду в кровь побью, хотя он и крестовый кавалер теперь», — писал Петро, а затем следовали бесчисленные поклоны, и сквозь мятые, подмоченные дождем строки письма ощутимо дышала горькая грусть.",False,,False,,True,237,не забывать [память / воспоминание],память / воспоминание,ПАМЯТЬ_ВОСПОМИНАНИЕ,PHRASE,PHRASE,CORE,manual_existing,,не забывать,не забывать,YES,same_sentence:Гришка,OTHERS_TO_HERO,direct_speech;unknown_speaker;hero_name_in_utterance;speechact=STATEMENT,LOW,UNKNOWN,Гришка,STATEMENT,1,Книга первая,3,Часть третья
WORD,S1_011,9253,12,12,мысль,мысль,"Он хромал по улице, прижимая к груди кулек с конфетами, и опять мысль его, как чибис над болотом, вилась вокруг Григория, набредали на память слова из Петрова письма.",Подкосил меня Гришка трошки…»,Тут-то и повстречался ему сват Коршунов.,"Подкосил меня Гришка трошки…» Он хромал по улице, прижимая к груди кулек с конфетами, и опять мысль его, как чибис над болотом, вилась вокруг Григория, набредали на память слова из Петрова письма. Тут-то и повстречался ему сват Коршунов.",False,,False,,True,239,мысль [мысленный акт/реплика],мысленный акт/реплика,WORD_CORE,WORD,S1,CORE,curated,,мысль,мысль,YES,same_sentence:Григория,NARRATOR_ABOUT_HERO,narrative_context;hero_link=YES,HIGH,NARRATOR,,,1,Книга первая,3,Часть третья
WORD,S1_001,9630,11,11,думать,думал,"— Я как лез оттуда, его все кликал, — отворачиваясь, глухо говорил Григорий, — думал — он не уйдет от меня, а поймать его трудно, не дается он чужим.",— Я диву дался: корм не жрет и так это потихоньку игогокает.,"— Верно, мы его насилу взяли.","— Я диву дался: корм не жрет и так это потихоньку игогокает. — Я как лез оттуда, его все кликал, — отворачиваясь, глухо говорил Григорий, — думал — он не уйдет от меня, а поймать его трудно, не дается он чужим. — Верно, мы его насилу взяли.",False,,False,,True,251,думать [процесс размышления],процесс размышления,WORD_CORE,WORD,S1,CORE,curated,,думать,думать,YES,same_sentence:Григорий,OTHERS_TO_HERO,direct_speech;unknown_speaker;hero_name_in_utterance;speechact=STATEMENT,LOW,UNKNOWN,Григорий,STATEMENT,1,Книга первая,3,Часть третья
WORD,S1_002,9775,6,6,подумать,подумал,"«Может, какой в Донщину сейчас пойдет?» — подумал Григорий и поник под частыми уколами тоски.",Где-то на окраинах трубили паровозы.,— Вы не дремлете? — спросила сестра.,"Где-то на окраинах трубили паровозы. «Может, какой в Донщину сейчас пойдет?» — подумал Григорий и поник под частыми уколами тоски. — Вы не дремлете? — спросила сестра.",False,,False,,True,253,подумать [инициация мысли],инициация мысли,WORD_CORE,WORD,S1,CORE,curated,,подумать,подумать,YES,same_sentence:Григорий,HERO_DIRECT_SPEECH,direct_speech;speech_verb_after_quote:Григорий,HIGH,Григорий,,,1,Книга первая,3,Часть третья
WORD,S1_001,9784,12,12,думать,думал,"«Воду и то в неволю взяли, за железной решеткой, а Дон…» — неясно думал Григорий.",Повеяло сыростью.,Под резиновыми шинами пролетки зашуршали листья.,"Повеяло сыростью. «Воду и то в неволю взяли, за железной решеткой, а Дон…» — неясно думал Григорий. Под резиновыми шинами пролетки зашуршали листья.",False,,False,,True,254,думать [процесс размышления],процесс размышления,WORD_CORE,WORD,S1,CORE,curated,,думать,думать,YES,same_sentence:Григорий,OTHERS_TO_HERO,direct_speech;unknown_speaker;hero_name_in_utterance;speechact=STATEMENT,LOW,UNKNOWN,Григорий,STATEMENT,1,Книга первая,3,Часть третья
WORD,S1_011,10080,4,4,мысль,мысль,"Толчок был дан, проснулась мысль, она изнуряла, придавливала простой, бесхитростный ум Григория.","Подгнили эти устои, ржавью подточила их чудовищная нелепица войны, и нужен был только толчок.","Он метался, искал выхода, разрешения этой непосильной для его разума задачи и с удовлетворением находил его в ответах Гаранжи.","Подгнили эти устои, ржавью подточила их чудовищная нелепица войны, и нужен был только толчок. Толчок был дан, проснулась мысль, она изнуряла, придавливала простой, бесхитростный ум Григория. Он метался, искал выхода, разрешения этой непосильной для его разума задачи и с удовлетворением находил его в ответах Гаранжи.",False,,False,,True,266,мысль [мысленный акт/реплика],мысленный акт/реплика,WORD_CORE,WORD,S1,CORE,curated,,мысль,мысль,YES,same_sentence:Григория,NARRATOR_ABOUT_HERO,narrative_context;hero_link=YES,HIGH,NARRATOR,,,1,Книга первая,3,Часть третья
WORD,S1_017,10109,1,1,понять,пойму,"— Не пойму, — признался Григорий.",— А шо тоби сердце каже?,"— Хто мэнэ с кручи пихае, того я пихну.","— А шо тоби сердце каже? — Не пойму, — признался Григорий. — Хто мэнэ с кручи пихае, того я пихну.",False,,False,,True,267,понять [понимание / ясность],понимание / ясность,WORD_CORE,WORD,S1,CORE,curated,,понять,понять,YES,same_sentence:Григорий,OTHERS_TO_HERO,direct_speech;unknown_speaker;hero_name_in_utterance;speechact=STATEMENT,LOW,UNKNOWN,Григорий,STATEMENT,1,Книга первая,3,Часть третья
WORD,S1_001,10258,14,14,думать,думал,"Иду вот к чужой жене на побывку, без угла, без жилья, как волк буерачный…» — думал Григорий, шагая с равномерной усталостью, горько смеясь над своей диковинно сложившейся жизнью.","«Давно играл я, парнем, а теперь высох мой голос и песни жизнь обрезала.","Из хутора поднялся на косой бугор, оглянулся: в просвете окна последнего куреня желтел огонь висячей лампы, у окна за прялкой сидела пожилая казачка.","«Давно играл я, парнем, а теперь высох мой голос и песни жизнь обрезала. Иду вот к чужой жене на побывку, без угла, без жилья, как волк буерачный…» — думал Григорий, шагая с равномерной усталостью, горько смеясь над своей диковинно сложившейся жизнью. Из хутора поднялся на косой бугор, оглянулся: в просвете окна последнего куреня желтел огонь висячей лампы, у окна за прялкой сидела пожилая казачка.",False,,False,,True,270,думать [процесс размышления],процесс размышления,WORD_CORE,WORD,S1,CORE,curated,,думать,думать,YES,same_sentence:Григорий,NARRATOR_ABOUT_HERO,narrative_context;hero_link=YES,HIGH,NARRATOR,,,1,Книга первая,3,Часть третья
WORD,ALEX_012,10289,1,1,догадаться,догадался,"Григорий догадался, что кашель его притворен, скрывает смущение.",Дед натужно закашлял.,— Танюшку где похоронили?,"Дед натужно закашлял. Григорий догадался, что кашель его притворен, скрывает смущение. — Танюшку где похоронили?",False,,False,,True,272,догадаться [понимание / ясность],понимание / ясность,WORD_ALEXANDROVA,WORD,ALEXANDROVA,CORE,dictionary,,догадаться,догадаться,YES,same_sentence:Григорий,NARRATOR_ABOUT_HERO,narrative_context;hero_link=YES,HIGH,NARRATOR,,,1,Книга первая,3,Часть третья
WORD,S1_014,11432,3,3,вспомнить,вспомнил,"И особенно выпукло вспомнил Григорий, лежа на черной плешине холма, случай, столкнувший его с лютым врагом — Степаном Астаховым.","Как барана, вскидывает его поперек седла, скачет, все время ощущая противный запах человеческого кала, исходивший от офицера, и дрожь полного, мокрого от страха тела.","Это было, когда 12-й полк сняли с фронта и кинули в Восточную Пруссию.","Как барана, вскидывает его поперек седла, скачет, все время ощущая противный запах человеческого кала, исходивший от офицера, и дрожь полного, мокрого от страха тела. И особенно выпукло вспомнил Григорий, лежа на черной плешине холма, случай, столкнувший его с лютым врагом — Степаном Астаховым. Это было, когда 12-й полк сняли с фронта и кинули в Восточную Пруссию.",False,,False,,True,316,вспомнить [память / воспоминание],память / воспоминание,WORD_CORE,WORD,S1,CORE,curated,,вспомнить,вспомнить,YES,same_sentence:Григорий,NARRATOR_ABOUT_HERO,narrative_context;hero_link=YES,HIGH,NARRATOR,,,2,Книга вторая,4,Часть четвертая
WORD,S1_017,11449,8,8,понять,понял,"Из-под бугра перебегали звенья немецкой цепи, и Григорий понял: хочет Степан жить, — для того рвет с себя казачьи шаровары, чтобы сойти за солдата: казаков не брали тогда немцы в плен…","Степан, хромая, подбежал к кусту, швырнул в него казачью фуражку, сел, торопливо стягивая алевшие лампасами шаровары.","Подчиняясь сердцу, Григорий крутнул коня и подскакал к кусту, на ходу спрыгнув.","Степан, хромая, подбежал к кусту, швырнул в него казачью фуражку, сел, торопливо стягивая алевшие лампасами шаровары. Из-под бугра перебегали звенья немецкой цепи, и Григорий понял: хочет Степан жить, — для того рвет с себя казачьи шаровары, чтобы сойти за солдата: казаков не брали тогда немцы в плен… Подчиняясь сердцу, Григорий крутнул коня и подскакал к кусту, на ходу спрыгнув.",False,,False,,True,317,понять [понимание / ясность],понимание / ясность,WORD_CORE,WORD,S1,CORE,curated,,понять,понять,YES,same_sentence:Григорий,NARRATOR_ABOUT_HERO,narrative_context;hero_link=YES,HIGH,NARRATOR,,,2,Книга вторая,4,Часть четвертая
WORD,S1_014,11482,1,1,вспомнить,вспомнил,"Улыбаясь, вспомнил Григорий этот случай.","Сбил с ног стоявшего на посту часового, и он, здоровый, коренастый немец, долго кружил повисшего на нем полуголого Григория, порывался кричать и никак не хотел, чтобы его связали.",Мало ли таких дней рассорило время по полям недавних и давнишних боев?,"Сбил с ног стоявшего на посту часового, и он, здоровый, коренастый немец, долго кружил повисшего на нем полуголого Григория, порывался кричать и никак не хотел, чтобы его связали. Улыбаясь, вспомнил Григорий этот случай. Мало ли таких дней рассорило время по полям недавних и давнишних боев?",False,,False,,True,318,вспомнить [память / воспоминание],память / воспоминание,WORD_CORE,WORD,S1,CORE,curated,,вспомнить,вспомнить,YES,same_sentence:Григорий,NARRATOR_ABOUT_HERO,narrative_context;hero_link=YES,HIGH,NARRATOR,,,2,Книга вторая,4,Часть четвертая
WORD,S1_001,11531,4,4,думать,думаешь,"— Ты завсегда одним боком думаешь, — хмурился Григорий.",Ухи надо востро держать…,— Пустое гутаришь.,"Ухи надо востро держать… — Ты завсегда одним боком думаешь, — хмурился Григорий. — Пустое гутаришь.",False,,False,,True,321,думать [процесс размышления],процесс размышления,WORD_CORE,WORD,S1,CORE,curated,,думать,думать,YES,same_sentence:Григорий,OTHERS_TO_HERO,direct_speech;unknown_speaker;hero_name_in_utterance;speechact=STATEMENT,LOW,UNKNOWN,Григорий,STATEMENT,2,Книга вторая,4,Часть четвертая
WORD,S1_002,11675,8,8,подумать,подумал,"«Будто один ночью идет… насильно кашляет, — веселит себя», — подумал про него Григорий.","Он повторял это движение беспрерывно, торопливо шагая, трудно сгибая ноги в коленях и преувеличенно громко покашливая.","За этим казаком виднелась веснушчатая щека урядника Максаева, дальше шагал Емельян Грошев, твердо выставив винтовку с завернутым на сторону жалом штыка.","Он повторял это движение беспрерывно, торопливо шагая, трудно сгибая ноги в коленях и преувеличенно громко покашливая. «Будто один ночью идет… насильно кашляет, — веселит себя», — подумал про него Григорий. За этим казаком виднелась веснушчатая щека урядника Максаева, дальше шагал Емельян Грошев, твердо выставив винтовку с завернутым на сторону жалом штыка.",False,,False,,True,323,подумать [инициация мысли],инициация мысли,WORD_CORE,WORD,S1,CORE,curated,,подумать,подумать,YES,same_sentence:Григорий,OTHERS_TO_HERO,direct_speech;unknown_speaker;hero_name_in_utterance;speechact=STATEMENT,LOW,UNKNOWN,Григорий,STATEMENT,2,Книга вторая,4,Часть четвертая
WORD,S1_014,11677,1,1,вспомнить,вспомнил,"Григорий вспомнил, что Емельян несколько дней назад на походе украл у румына мешок кукурузы, взломав вот этим штыком замок у чулана.","За этим казаком виднелась веснушчатая щека урядника Максаева, дальше шагал Емельян Грошев, твердо выставив винтовку с завернутым на сторону жалом штыка.",Почти рядом с Максаевым шел Кошевой Мишка.,"За этим казаком виднелась веснушчатая щека урядника Максаева, дальше шагал Емельян Грошев, твердо выставив винтовку с завернутым на сторону жалом штыка. Григорий вспомнил, что Емельян несколько дней назад на походе украл у румына мешок кукурузы, взломав вот этим штыком замок у чулана. Почти рядом с Максаевым шел Кошевой Мишка.",False,,False,,True,324,вспомнить [память / воспоминание],память / воспоминание,WORD_CORE,WORD,S1,CORE,curated,,вспомнить,вспомнить,YES,same_sentence:Григорий,NARRATOR_ABOUT_HERO,narrative_context;hero_link=YES,HIGH,NARRATOR,,,2,Книга вторая,4,Часть четвертая
WORD,S1_021,14847,19,19,рассуждать,рассуждают,"Обуреваемый противоречиями, Григорий осторожно расспрашивал о большевиках:
— А вот скажи, Ефим Иваныч, большевики, по-твоему, как они — правильно али нет рассуждают?",Вскоре после Октябрьского переворота у них с Извариным происходил следующий разговор.,"Углом избочив бровь, смешливо морща нос, Изварин кхакал:
— Рассуждают?","Вскоре после Октябрьского переворота у них с Извариным происходил следующий разговор. Обуреваемый противоречиями, Григорий осторожно расспрашивал о большевиках:
— А вот скажи, Ефим Иваныч, большевики, по-твоему, как они — правильно али нет рассуждают? Углом избочив бровь, смешливо морща нос, Изварин кхакал:
— Рассуждают?",False,,False,,True,486,рассуждать [рассуждение / вывод],рассуждение / вывод,WORD_CORE,WORD,S1,CORE,curated,,рассуждать,рассуждать,YES,same_sentence:Григорий,NARRATOR_ABOUT_HERO,narrative_context;hero_link=YES,HIGH,NARRATOR,,,2,Книга вторая,5,Часть пятая
PHRASE,PHR_635,14869,1,3,ты понять,ты дружок пойми,"— Гриша, ты, дружок, пойми вот что — это основное: сейчас казаку и крестьянину с большевиками по пути.",— Но большинство казаков за большевиков тянут… знаешь?,Знаешь почему?,"— Но большинство казаков за большевиков тянут… знаешь? — Гриша, ты, дружок, пойми вот что — это основное: сейчас казаку и крестьянину с большевиками по пути. Знаешь почему?",False,,False,,True,489,ты пойми [побуждение к мышлению],побуждение к мышлению,UNDERSTAND,PHRASE,PHRASE,CORE,manual_expanded,,ты пойми,ты понять,YES,same_sentence:Гриша,OTHERS_TO_HERO,direct_speech;unknown_speaker;hero_name_in_utterance;speechact=PROMPT,LOW,UNKNOWN,Гриша,PROMPT,2,Книга вторая,5,Часть пятая
WORD,S1_017,14869,3,3,понять,пойми,"— Гриша, ты, дружок, пойми вот что — это основное: сейчас казаку и крестьянину с большевиками по пути.",— Но большинство казаков за большевиков тянут… знаешь?,Знаешь почему?,"— Но большинство казаков за большевиков тянут… знаешь? — Гриша, ты, дружок, пойми вот что — это основное: сейчас казаку и крестьянину с большевиками по пути. Знаешь почему?",True,PHR_635,False,,False,490,понять [понимание / ясность],понимание / ясность,WORD_CORE,WORD,S1,CORE,curated,,понять,понять,YES,same_sentence:Гриша,OTHERS_TO_HERO,direct_speech;unknown_speaker;hero_name_in_utterance;speechact=PROMPT,LOW,UNKNOWN,Гриша,PROMPT,2,Книга вторая,5,Часть пятая
WORD,S1_004,14887,5,5,решить,решил,"Перед вечером прояснело, и Григорий решил пойти на квартиру к станичнику, подхорунжему 28-го полка Дроздову.",В этот день изморосный дождь сеялся с полудня.,"Четверть часа спустя он уже вытирал о подстилку сапоги, стучался в дверь квартиры Дроздова.","В этот день изморосный дождь сеялся с полудня. Перед вечером прояснело, и Григорий решил пойти на квартиру к станичнику, подхорунжему 28-го полка Дроздову. Четверть часа спустя он уже вытирал о подстилку сапоги, стучался в дверь квартиры Дроздова.",False,,False,,True,491,решить [решение],решение,WORD_CORE,WORD,S1,CORE,curated,,решить,решить,YES,same_sentence:Григорий,NARRATOR_ABOUT_HERO,narrative_context;hero_link=YES,HIGH,NARRATOR,,,2,Книга вторая,5,Часть пятая
WORD,S1_011,14972,42,42,мысль,мыслей,"Остановившись у запотевшего окна, Григорий долго глядел на улицу, на детишек, игравших в какую-то замысловатую игру, на мокрые крыши противоположных домов, на бледно-серые ветви нагого осокоря в палисаднике и не слышал, о чем спорили Дроздов с Подтелковым; мучительно старался разобраться в сумятице мыслей, продумать что-то, решить.","Лишь бы подпруги нам зараз чудок отпустили, а скинуть Калединых сумеемся!","Минут десять стоял он, молча вычерчивая на стекле вензеля.","Лишь бы подпруги нам зараз чудок отпустили, а скинуть Калединых сумеемся! Остановившись у запотевшего окна, Григорий долго глядел на улицу, на детишек, игравших в какую-то замысловатую игру, на мокрые крыши противоположных домов, на бледно-серые ветви нагого осокоря в палисаднике и не слышал, о чем спорили Дроздов с Подтелковым; мучительно старался разобраться в сумятице мыслей, продумать что-то, решить. Минут десять стоял он, молча вычерчивая на стекле вензеля.",False,,False,,True,493,мысль [мысленный акт/реплика],мысленный акт/реплика,WORD_CORE,WORD,S1,CORE,curated,,мысль,мысль,YES,same_sentence:Григорий,NARRATOR_ABOUT_HERO,narrative_context;hero_link=YES,HIGH,NARRATOR,,,2,Книга вторая,5,Часть пятая
WORD,S1_004,14972,45,45,решить,решить,"Остановившись у запотевшего окна, Григорий долго глядел на улицу, на детишек, игравших в какую-то замысловатую игру, на мокрые крыши противоположных домов, на бледно-серые ветви нагого осокоря в палисаднике и не слышал, о чем спорили Дроздов с Подтелковым; мучительно старался разобраться в сумятице мыслей, продумать что-то, решить.","Лишь бы подпруги нам зараз чудок отпустили, а скинуть Калединых сумеемся!","Минут десять стоял он, молча вычерчивая на стекле вензеля.","Лишь бы подпруги нам зараз чудок отпустили, а скинуть Калединых сумеемся! Остановившись у запотевшего окна, Григорий долго глядел на улицу, на детишек, игравших в какую-то замысловатую игру, на мокрые крыши противоположных домов, на бледно-серые ветви нагого осокоря в палисаднике и не слышал, о чем спорили Дроздов с Подтелковым; мучительно старался разобраться в сумятице мыслей, продумать что-то, решить. Минут десять стоял он, молча вычерчивая на стекле вензеля.",False,,False,,True,494,решить [решение],решение,WORD_CORE,WORD,S1,CORE,curated,,решить,решить,YES,same_sentence:Григорий,NARRATOR_ABOUT_HERO,narrative_context;hero_link=YES,HIGH,NARRATOR,,,2,Книга вторая,5,Часть пятая
WORD,S1_002,16313,7,7,подумать,подумал,"Жмурясь от ветра, Григорий с чувством удовлетворения подумал: «Нащупали!»",После перелета снаряды очередями стали ложиться вблизи цепи.,На правом фланге шли сотни 44-го полка.,"После перелета снаряды очередями стали ложиться вблизи цепи. Жмурясь от ветра, Григорий с чувством удовлетворения подумал: «Нащупали!» На правом фланге шли сотни 44-го полка.",False,,False,,True,538,подумать [инициация мысли],инициация мысли,WORD_CORE,WORD,S1,CORE,curated,,подумать,подумать,YES,same_sentence:Григорий,OTHERS_TO_HERO,direct_speech;unknown_speaker;hero_name_in_utterance;speechact=STATEMENT,LOW,UNKNOWN,Григорий,STATEMENT,2,Книга вторая,5,Часть пятая
WORD,S1_002,16322,5,5,подумать,подумал,"Григорий, проходя вдоль цепи, злобно подумал: «Юбочник!","При нем была плотная, одетая в шинель женщина-красногвардеец.",На позиции идет — и то с бабой не расстается.,"При нем была плотная, одетая в шинель женщина-красногвардеец. Григорий, проходя вдоль цепи, злобно подумал: «Юбочник! На позиции идет — и то с бабой не расстается.",False,,False,,True,539,подумать [инициация мысли],инициация мысли,WORD_CORE,WORD,S1,CORE,curated,,подумать,подумать,YES,same_sentence:Григорий,NARRATOR_ABOUT_HERO,narrative_context;hero_link=YES,HIGH,NARRATOR,,,2,Книга вторая,5,Часть пятая
WORD,S1_017,16356,4,4,понять,понял,"Взглядом охватив обстановку, Григорий понял, что опоздал, не учтя тяжелой дороги, по меньшей мере на полчаса.","В бою всегда сильно владело им, как и каждым, табунное чувство.","Голубов смелым стратегическим ходом почти отрезал чернецовцам путь к отступлению, с боков выставил заслоны и фронтальным ударом шел на полузамкнутого противника.","В бою всегда сильно владело им, как и каждым, табунное чувство. Взглядом охватив обстановку, Григорий понял, что опоздал, не учтя тяжелой дороги, по меньшей мере на полчаса. Голубов смелым стратегическим ходом почти отрезал чернецовцам путь к отступлению, с боков выставил заслоны и фронтальным ударом шел на полузамкнутого противника.",False,,False,,True,540,понять [понимание / ясность],понимание / ясность,WORD_CORE,WORD,S1,CORE,curated,,понять,понять,YES,same_sentence:Григорий,NARRATOR_ABOUT_HERO,narrative_context;hero_link=YES,HIGH,NARRATOR,,,2,Книга вторая,5,Часть пятая
WORD,S1_014,16370,2,2,вспомнить,вспомнил,"Лежа, Григорий вспомнил наступление 12-го полка в Трансильванских горах, в Румынии, когда получил ранение в руку.",Горячая плещущаяся резь мешала двигаться.,"В глазах его ярко восстановилась сцена той атаки: Чубатый, смятое гневом лицо Мишки Кошевого, Емельян Грошев, сбегающий под гору, волоча раненого сотника.","Горячая плещущаяся резь мешала двигаться. Лежа, Григорий вспомнил наступление 12-го полка в Трансильванских горах, в Румынии, когда получил ранение в руку. В глазах его ярко восстановилась сцена той атаки: Чубатый, смятое гневом лицо Мишки Кошевого, Емельян Грошев, сбегающий под гору, волоча раненого сотника.",False,,False,,True,541,вспомнить [память / воспоминание],память / воспоминание,WORD_CORE,WORD,S1,CORE,curated,,вспомнить,вспомнить,YES,same_sentence:Григорий,NARRATOR_ABOUT_HERO,narrative_context;hero_link=YES,HIGH,NARRATOR,,,2,Книга вторая,5,Часть пятая
WORD,S1_002,16376,6,6,подумать,подумав,"Григорий уже сел в седло, но, подумав, слез и, спустив шаровары, морщась от озноба, заливавшего потную спину, живот и ноги, торопясь, перевязал опаленную кровоточащую ранку, сделанную словно надрезом перочинного ножа.",— Бинт есть?,"В сопровождении своего ординарца он поехал тем же кружным путем к месту, откуда начали контрнаступление.","— Бинт есть? Григорий уже сел в седло, но, подумав, слез и, спустив шаровары, морщась от озноба, заливавшего потную спину, живот и ноги, торопясь, перевязал опаленную кровоточащую ранку, сделанную словно надрезом перочинного ножа. В сопровождении своего ординарца он поехал тем же кружным путем к месту, откуда начали контрнаступление.",False,,False,,True,542,подумать [инициация мысли],инициация мысли,WORD_CORE,WORD,S1,CORE,curated,,подумать,подумать,YES,same_sentence:Григорий,NARRATOR_ABOUT_HERO,narrative_context;hero_link=YES,HIGH,NARRATOR,,,2,Книга вторая,5,Часть пятая
WORD,S1_004,16528,6,6,решить,решил,"Пантелей Прокофьевич, везший Григория из Миллерова, решил в Ольховом Рогу не останавливаться, а тянуть до Кашар и там заночевать.","Но снеговые просторы, обнятые горизонтом, были светлы, лишь на востоке, под самым острием горизонта, задернутая лиловой марью, курилась степь.","Он выехал из дому по телеграмме Григория, к вечеру 28 января приехал в Миллерово.","Но снеговые просторы, обнятые горизонтом, были светлы, лишь на востоке, под самым острием горизонта, задернутая лиловой марью, курилась степь. Пантелей Прокофьевич, везший Григория из Миллерова, решил в Ольховом Рогу не останавливаться, а тянуть до Кашар и там заночевать. Он выехал из дому по телеграмме Григория, к вечеру 28 января приехал в Миллерово.",False,,False,,True,547,решить [решение],решение,WORD_CORE,WORD,S1,CORE,curated,,решить,решить,YES,same_sentence:Григория,NARRATOR_ABOUT_HERO,narrative_context;hero_link=YES,HIGH,NARRATOR,,,2,Книга вторая,5,Часть пятая
WORD,S1_004,16532,20,20,решить,решил,"После того как был ранен в бою под Глубокой, Григорий провалялся в походном лазарете в Миллерове неделю; слегка подлечив ногу, решил поехать домой.",Наутро они выехали и около одиннадцати часов проезжали уже Ольховый Рог.,Коня привели ему станичные казаки.,"Наутро они выехали и около одиннадцати часов проезжали уже Ольховый Рог. После того как был ранен в бою под Глубокой, Григорий провалялся в походном лазарете в Миллерове неделю; слегка подлечив ногу, решил поехать домой. Коня привели ему станичные казаки.",False,,False,,True,548,решить [решение],решение,WORD_CORE,WORD,S1,CORE,curated,,решить,решить,YES,same_sentence:Григорий,NARRATOR_ABOUT_HERO,narrative_context;hero_link=YES,HIGH,NARRATOR,,,2,Книга вторая,5,Часть пятая
PHRASE,PHR_015,16534,26,27,один мысль,одной мысли,"Ехал Григорий со смешанным чувством недовольства и радости: недовольства — потому, что покидал свою часть в самый разгар борьбы за власть на Дону, а радость испытывал при одной мысли, что увидит домашних, хутор; сам от себя таил желание повидать Аксинью, но были и о ней думки.",Коня привели ему станичные казаки.,С отцом они встретились как-то отчужденно.,"Коня привели ему станичные казаки. Ехал Григорий со смешанным чувством недовольства и радости: недовольства — потому, что покидал свою часть в самый разгар борьбы за власть на Дону, а радость испытывал при одной мысли, что увидит домашних, хутор; сам от себя таил желание повидать Аксинью, но были и о ней думки. С отцом они встретились как-то отчужденно.",False,,False,,True,549,одна мысль [инициация мысли],инициация мысли,ИНИЦИАЦИЯ_МЫСЛИ,PHRASE,PHRASE,CORE,manual_existing,,одна мысль,один мысль,YES,same_sentence:Григорий,NARRATOR_ABOUT_HERO,narrative_context;hero_link=YES,HIGH,NARRATOR,,,2,Книга вторая,5,Часть пятая
WORD,S1_011,16534,27,27,мысль,мысли,"Ехал Григорий со смешанным чувством недовольства и радости: недовольства — потому, что покидал свою часть в самый разгар борьбы за власть на Дону, а радость испытывал при одной мысли, что увидит домашних, хутор; сам от себя таил желание повидать Аксинью, но были и о ней думки.",Коня привели ему станичные казаки.,С отцом они встретились как-то отчужденно.,"Коня привели ему станичные казаки. Ехал Григорий со смешанным чувством недовольства и радости: недовольства — потому, что покидал свою часть в самый разгар борьбы за власть на Дону, а радость испытывал при одной мысли, что увидит домашних, хутор; сам от себя таил желание повидать Аксинью, но были и о ней думки. С отцом они встретились как-то отчужденно.",True,PHR_015,False,,False,550,мысль [мысленный акт/реплика],мысленный акт/реплика,WORD_CORE,WORD,S1,CORE,curated,,мысль,мысль,YES,same_sentence:Григорий,NARRATOR_ABOUT_HERO,narrative_context;hero_link=YES,HIGH,NARRATOR,,,2,Книга вторая,5,Часть пятая
WORD,S1_001,16561,10,10,думать,думал,"Всю дорогу до самого хутора Григорий как-то несвязно и бестолково думал о недавнем, пытался хоть вехами наметить будущее, но мысль доходила до отдыха дома и дальше напарывалась на тупик.","Знакомые с детства разворачивались в дороге слободы и хутора: Кашары, Поповка, Каменка, Нижне-Яблоновский, Грачев, Ясеновка.","«Приеду, поотдохну трошки, залечу ранку, а там… — думал он и мысленно махал рукой, — там видно будет.","Знакомые с детства разворачивались в дороге слободы и хутора: Кашары, Поповка, Каменка, Нижне-Яблоновский, Грачев, Ясеновка. Всю дорогу до самого хутора Григорий как-то несвязно и бестолково думал о недавнем, пытался хоть вехами наметить будущее, но мысль доходила до отдыха дома и дальше напарывалась на тупик. «Приеду, поотдохну трошки, залечу ранку, а там… — думал он и мысленно махал рукой, — там видно будет.",False,,False,,True,552,думать [процесс размышления],процесс размышления,WORD_CORE,WORD,S1,CORE,curated,,думать,думать,YES,same_sentence:Григорий,NARRATOR_ABOUT_HERO,narrative_context;hero_link=YES,HIGH,NARRATOR,,,2,Книга вторая,5,Часть пятая
WORD,S1_011,16561,19,19,мысль,мысль,"Всю дорогу до самого хутора Григорий как-то несвязно и бестолково думал о недавнем, пытался хоть вехами наметить будущее, но мысль доходила до отдыха дома и дальше напарывалась на тупик.","Знакомые с детства разворачивались в дороге слободы и хутора: Кашары, Поповка, Каменка, Нижне-Яблоновский, Грачев, Ясеновка.","«Приеду, поотдохну трошки, залечу ранку, а там… — думал он и мысленно махал рукой, — там видно будет.","Знакомые с детства разворачивались в дороге слободы и хутора: Кашары, Поповка, Каменка, Нижне-Яблоновский, Грачев, Ясеновка. Всю дорогу до самого хутора Григорий как-то несвязно и бестолково думал о недавнем, пытался хоть вехами наметить будущее, но мысль доходила до отдыха дома и дальше напарывалась на тупик. «Приеду, поотдохну трошки, залечу ранку, а там… — думал он и мысленно махал рукой, — там видно будет.",False,,False,,True,553,мысль [мысленный акт/реплика],мысленный акт/реплика,WORD_CORE,WORD,S1,CORE,curated,,мысль,мысль,YES,same_sentence:Григорий,NARRATOR_ABOUT_HERO,narrative_context;hero_link=YES,HIGH,NARRATOR,,,2,Книга вторая,5,Часть пятая
WORD,S1_001,16571,3,3,думать,думал,"Об этом невнятно думал Григорий, привалясь к задку кошелки.",К кому же прислониться?»,"Но когда представлял себе, как будет к весне готовить бороны, арбы, плесть из краснотала ясли, а когда разденется и обсохнет земля, — выедет в степь; держась наскучавшимися по работе руками за чапиги, пойдет за плугом, ощущая его живое биение и толчки; представлял себе, как будет вдыхать сладкий дух молодой травы и поднятого лемехами чернозема, еще не утратившего пресного аромата снеговой сырости, — теплело на душе.","К кому же прислониться?» Об этом невнятно думал Григорий, привалясь к задку кошелки. Но когда представлял себе, как будет к весне готовить бороны, арбы, плесть из краснотала ясли, а когда разденется и обсохнет земля, — выедет в степь; держась наскучавшимися по работе руками за чапиги, пойдет за плугом, ощущая его живое биение и толчки; представлял себе, как будет вдыхать сладкий дух молодой травы и поднятого лемехами чернозема, еще не утратившего пресного аромата снеговой сырости, — теплело на душе.",False,,False,,True,556,думать [процесс размышления],процесс размышления,WORD_CORE,WORD,S1,CORE,curated,,думать,думать,YES,same_sentence:Григорий,NARRATOR_ABOUT_HERO,narrative_context;hero_link=YES,HIGH,NARRATOR,,,2,Книга вторая,5,Часть пятая
WORD,S1_002,16703,18,18,подумать,подумал,"Григорий сбоку оглядел ее полные, как выточенные, ноги, волнующе-тугой обтянутый живот и широкий, как у кормленой кобылицы, зад, — подумал: «Казачку из всех баб угадаешь.","Она приоделась к его приезду; сатиновая голубая кофточка, с узким кружевным в кисти рукавом, облегала ее ладный стан, бугрилась на мягкой большой груди; синяя юбка, с расшитым морщиненым подолом, внизу была широка, вверху — в обхват.","В одеже — привычка, чтоб все на виду было; хочешь — гляди, а хочешь — нет.","Она приоделась к его приезду; сатиновая голубая кофточка, с узким кружевным в кисти рукавом, облегала ее ладный стан, бугрилась на мягкой большой груди; синяя юбка, с расшитым морщиненым подолом, внизу была широка, вверху — в обхват. Григорий сбоку оглядел ее полные, как выточенные, ноги, волнующе-тугой обтянутый живот и широкий, как у кормленой кобылицы, зад, — подумал: «Казачку из всех баб угадаешь. В одеже — привычка, чтоб все на виду было; хочешь — гляди, а хочешь — нет.",False,,False,,True,559,подумать [инициация мысли],инициация мысли,WORD_CORE,WORD,S1,CORE,curated,,подумать,подумать,YES,same_sentence:Григорий,NARRATOR_ABOUT_HERO,narrative_context;hero_link=YES,HIGH,NARRATOR,,,2,Книга вторая,5,Часть пятая
WORD,S1_002,16711,11,11,подумать,подумал,"Григорий положил руку на широкую, рабочую спину жены, в первый раз подумал: «Красивая баба, в глаза шибается…","Сережка вон сломалась, да и той грош цена! — докончила она с горестью.",Как же она жила без меня?,"Сережка вон сломалась, да и той грош цена! — докончила она с горестью. Григорий положил руку на широкую, рабочую спину жены, в первый раз подумал: «Красивая баба, в глаза шибается… Как же она жила без меня?",False,,False,,True,560,подумать [инициация мысли],инициация мысли,WORD_CORE,WORD,S1,CORE,curated,,подумать,подумать,YES,same_sentence:Григорий,NARRATOR_ABOUT_HERO,narrative_context;hero_link=YES,HIGH,NARRATOR,,,2,Книга вторая,5,Часть пятая
WORD,S1_011,16720,3,3,мысль,мысли,"Григорий отогнал негожие мысли, но что-то враждебное, неосознанное шевельнулось в эту минуту к жене.",— Ну а как же!,"Кряхтя, влез в дверь Пантелей Прокофьевич.","— Ну а как же! Григорий отогнал негожие мысли, но что-то враждебное, неосознанное шевельнулось в эту минуту к жене. Кряхтя, влез в дверь Пантелей Прокофьевич.",False,,False,,True,563,мысль [мысленный акт/реплика],мысленный акт/реплика,WORD_CORE,WORD,S1,CORE,curated,,мысль,мысль,YES,same_sentence:Григорий,NARRATOR_ABOUT_HERO,narrative_context;hero_link=YES,HIGH,NARRATOR,,,2,Книга вторая,5,Часть пятая
WORD,S1_002,16806,2,2,подумать,подумай,"— Ты, Гришка, подумай.","Покумились с большевиками, — они и уставляют свои порядки.",Парень ты не глупой.,"Покумились с большевиками, — они и уставляют свои порядки. — Ты, Гришка, подумай. Парень ты не глупой.",False,,False,,True,565,подумать [инициация мысли],инициация мысли,WORD_CORE,WORD,S1,CORE,curated,,подумать,подумать,YES,same_sentence:Гришка,OTHERS_TO_HERO,direct_speech;unknown_speaker;vocative_hero_before_prompt:Гришка;speechact=PROMPT,MEDIUM,UNKNOWN,Гришка,PROMPT,2,Книга вторая,5,Часть пятая
WORD,S1_014,16838,1,1,вспомнить,вспомнил,"Григорий вспомнил, что сегодня — воскресенье.",Звонили к обедне.,"Натальи не было рядом с ним, но перина еще хранила тепло ее тела.","Звонили к обедне. Григорий вспомнил, что сегодня — воскресенье. Натальи не было рядом с ним, но перина еще хранила тепло ее тела.",False,,False,,True,567,вспомнить [память / воспоминание],память / воспоминание,WORD_CORE,WORD,S1,CORE,curated,,вспомнить,вспомнить,YES,same_sentence:Григорий,NARRATOR_ABOUT_HERO,narrative_context;hero_link=YES,HIGH,NARRATOR,,,2,Книга вторая,5,Часть пятая
WORD,S1_014,16850,4,4,вспомнить,вспомнил,"Григорий лежа обнял ее, вспомнил ночь, — засмеялся.",От рук ее пахло свежим тестом.,— Проспала?,"От рук ее пахло свежим тестом. Григорий лежа обнял ее, вспомнил ночь, — засмеялся. — Проспала?",False,,False,,True,568,вспомнить [память / воспоминание],память / воспоминание,WORD_CORE,WORD,S1,CORE,curated,,вспомнить,вспомнить,YES,same_sentence:Григорий,NARRATOR_ABOUT_HERO,narrative_context;hero_link=YES,HIGH,NARRATOR,,,2,Книга вторая,5,Часть пятая
WORD,S1_016,16888,2,2,помнить,помнил,"С детства помнил Григорий это колесо, устроенное для бабьих нужд: на него, не сходя с крыльца, ставили на ночь молоко в корчажках, днем сушилась на нем посуда, выжаривались на солнце горшки.","Тут же около крыльца стоял столб с колесом, укрепленным наверху.","Некоторые перемены на базу бросались в глаза: дверь амбара была выкрашена взамен слинявшей краски желтой глиной, сарай заново покрыт еще не побуревшей житной соломой; костер поднятых дыбом слег казался меньше, — должно быть, израсходовали часть на поправку городьбы.","Тут же около крыльца стоял столб с колесом, укрепленным наверху. С детства помнил Григорий это колесо, устроенное для бабьих нужд: на него, не сходя с крыльца, ставили на ночь молоко в корчажках, днем сушилась на нем посуда, выжаривались на солнце горшки. Некоторые перемены на базу бросались в глаза: дверь амбара была выкрашена взамен слинявшей краски желтой глиной, сарай заново покрыт еще не побуревшей житной соломой; костер поднятых дыбом слег казался меньше, — должно быть, израсходовали часть на поправку городьбы.",False,,False,,True,570,помнить [память / воспоминание],память / воспоминание,WORD_CORE,WORD,S1,CORE,curated,,помнить,помнить,YES,same_sentence:Григорий,NARRATOR_ABOUT_HERO,narrative_context;hero_link=YES,HIGH,NARRATOR,,,2,Книга вторая,5,Часть пятая
WORD,S1_016,16995,15,15,помнить,помнил,"Он несвязно рассказывал о Григории, спорил о чем-то с захмелевшим кумом, спорил и после не помнил о чем.","И Пантелей Прокофьевич за горячим разговором и за графином вскоре забыл и про лошадь, и про все на свете.",Встрепенулся уже вечером.,"И Пантелей Прокофьевич за горячим разговором и за графином вскоре забыл и про лошадь, и про все на свете. Он несвязно рассказывал о Григории, спорил о чем-то с захмелевшим кумом, спорил и после не помнил о чем. Встрепенулся уже вечером.",False,,False,,True,572,помнить [память / воспоминание],память / воспоминание,WORD_CORE,WORD,S1,CORE,curated,,помнить,помнить,YES,same_sentence:Григории,NARRATOR_ABOUT_HERO,narrative_context;hero_link=YES,HIGH,NARRATOR,,,2,Книга вторая,5,Часть пятая
WORD,S1_001,18518,2,2,думать,думаю,— Я так думаю своим глупым разумом — что Григорию Пантелевичу не дадим мы этую должность.,"Потом уже, когда, поорав, умолкли, на середину круга вышел клочкобровый старик Богатырев, снял перед сбором шапку, огляделся.","Был за ним такой грех, — слыхали мы все про это.","Потом уже, когда, поорав, умолкли, на середину круга вышел клочкобровый старик Богатырев, снял перед сбором шапку, огляделся. — Я так думаю своим глупым разумом — что Григорию Пантелевичу не дадим мы этую должность. Был за ним такой грех, — слыхали мы все про это.",False,,False,,True,628,думать [процесс размышления],процесс размышления,WORD_CORE,WORD,S1,CORE,curated,,думать,думать,YES,same_sentence:Григорию,OTHERS_TO_HERO,direct_speech;unknown_speaker;hero_name_in_utterance;speechact=STATEMENT,LOW,UNKNOWN,Григорию,STATEMENT,2,Книга вторая,5,Часть пятая
PHRASE,PHR_041,18759,1,5,повторить про себя,повторил он дивясь про себя,"Страшно! — повторил он, дивясь про себя, что казаки не пугаются его рассказа, так, по крайней мере, заключил он, оглядывая бесстрастные и холодные лица Григория, Христони и Томилина.","У одного плечо обрубили, двошит часто, и видно, как сердце в середке под кровями бьется, а печенки синие-синие…","Закурив, он погладил мокрую шею Григорьева коня, сказал: «Спасибочко» — и побежал к быкам.","У одного плечо обрубили, двошит часто, и видно, как сердце в середке под кровями бьется, а печенки синие-синие… Страшно! — повторил он, дивясь про себя, что казаки не пугаются его рассказа, так, по крайней мере, заключил он, оглядывая бесстрастные и холодные лица Григория, Христони и Томилина. Закурив, он погладил мокрую шею Григорьева коня, сказал: «Спасибочко» — и побежал к быкам.",False,,False,,True,631,повторил про себя [внутренняя речь],внутренняя речь,INNER_SPEECH,PHRASE,PHRASE,EXTENDED,manual_existing,,повторил про себя,повторить про себя,YES,same_sentence:Григория,HERO_INNER_SPEECH,inner_speech_marker;hero_link=YES,HIGH,HERO_PROBABLE,,,2,Книга вторая,5,Часть пятая
WORD,S1_016,19667,10,10,помнить,помнишь,"Григорий поймал его за рукав, спросил, задыхаясь:
— Под Глубокой бой помнишь?",Эх ты!..,"Помнишь, как офицеров стреляли…","Эх ты!.. Григорий поймал его за рукав, спросил, задыхаясь:
— Под Глубокой бой помнишь? Помнишь, как офицеров стреляли…",False,,False,,True,656,помнить [память / воспоминание],память / воспоминание,WORD_CORE,WORD,S1,CORE,curated,,помнить,помнить,YES,same_sentence:Григорий,NARRATOR_ABOUT_HERO,narrative_context;hero_link=YES,HIGH,NARRATOR,,,2,Книга вторая,5,Часть пятая
WORD,S1_020,20237,6,6,ясно,ясно,"И ему и Григорию было донельзя ясно: стежки, прежде сплетавшие их, поросли непролазью пережитого, к сердцу не пройти.","Ушел он взволнованный, осунувшийся.","Так над буераком по кособокому склону скользит, вьется гладкая, выстриженная козьими копытами тропка и вдруг где-нибудь на повороте, нырнув на днище, кончится, как обрезанная, — нет дальше пути, стеной лопушится бурьян, топырясь неприветливым тупиком.
…На следующий день Петро увел назад, в Вешенскую, половину сотни.","Ушел он взволнованный, осунувшийся. И ему и Григорию было донельзя ясно: стежки, прежде сплетавшие их, поросли непролазью пережитого, к сердцу не пройти. Так над буераком по кособокому склону скользит, вьется гладкая, выстриженная козьими копытами тропка и вдруг где-нибудь на повороте, нырнув на днище, кончится, как обрезанная, — нет дальше пути, стеной лопушится бурьян, топырясь неприветливым тупиком.
…На следующий день Петро увел назад, в Вешенскую, половину сотни.",False,,False,,True,682,ясно [понимание / ясность],понимание / ясность,WORD_CORE,WORD,S1,CORE,curated,,ясно,ясно,YES,same_sentence:Григорию,NARRATOR_ABOUT_HERO,narrative_context;hero_link=YES,HIGH,NARRATOR,,,3,Книга третья,6,Часть шестая
WORD,S1_012,21513,15,15,мысленно,мысленно,"Балка пока маскировала продвижение сотни, но версты через четыре развилом выползала на бугор, и Григорий мысленно определял расстояние и время, когда сотня сможет выровняться с флангом.","За пепельно-сизым островом верб, сбоку от хутора, бугрилась колышущаяся пыль: вторая сотня на рысях шла противнику во фланг.","— Ложи-и-ись! — скомандовал Григорий, круто поворачиваясь, пряча бинокль в чехол.","За пепельно-сизым островом верб, сбоку от хутора, бугрилась колышущаяся пыль: вторая сотня на рысях шла противнику во фланг. Балка пока маскировала продвижение сотни, но версты через четыре развилом выползала на бугор, и Григорий мысленно определял расстояние и время, когда сотня сможет выровняться с флангом. — Ложи-и-ись! — скомандовал Григорий, круто поворачиваясь, пряча бинокль в чехол.",False,,False,,True,742,мысленно [мысленный акт/реплика],мысленный акт/реплика,WORD_CORE,WORD,S1,CORE,curated,,мысленно,мысленно,YES,same_sentence:Григорий,HERO_INNER_SPEECH,inner_speech_marker;hero_link=YES,HIGH,HERO_PROBABLE,,,3,Книга третья,6,Часть шестая
WORD,S1_017,21579,1,1,понять,понявший,"Григорий, понявший бессмысленность атаки, все же решил поговорить с командиром батареи.","Четыре орудия поочередно слали снаряды туда, за поваленные ряды пшеницы, но, сверх Григорьева ожидания, орудийный огонь не внес заметного замешательства в цепи красных, — они отходили неспешно, организованно и уже выпадали из поля зрения сотни, спускаясь за перевал, в балку.","Он увалисто подошел и, касаясь левой рукой спаленного солнцем, порыжелого курчавого кончика уса, дружелюбно улыбнулся:
— Хотел в атаку пойтить.","Четыре орудия поочередно слали снаряды туда, за поваленные ряды пшеницы, но, сверх Григорьева ожидания, орудийный огонь не внес заметного замешательства в цепи красных, — они отходили неспешно, организованно и уже выпадали из поля зрения сотни, спускаясь за перевал, в балку. Григорий, понявший бессмысленность атаки, все же решил поговорить с командиром батареи. Он увалисто подошел и, касаясь левой рукой спаленного солнцем, порыжелого курчавого кончика уса, дружелюбно улыбнулся:
— Хотел в атаку пойтить.",False,,False,,True,743,понять [понимание / ясность],понимание / ясность,WORD_CORE,WORD,S1,CORE,curated,,понять,понять,YES,same_sentence:Григорий,NARRATOR_ABOUT_HERO,narrative_context;hero_link=YES,HIGH,NARRATOR,,,3,Книга третья,6,Часть шестая
WORD,S1_004,21579,6,6,решить,решил,"Григорий, понявший бессмысленность атаки, все же решил поговорить с командиром батареи.","Четыре орудия поочередно слали снаряды туда, за поваленные ряды пшеницы, но, сверх Григорьева ожидания, орудийный огонь не внес заметного замешательства в цепи красных, — они отходили неспешно, организованно и уже выпадали из поля зрения сотни, спускаясь за перевал, в балку.","Он увалисто подошел и, касаясь левой рукой спаленного солнцем, порыжелого курчавого кончика уса, дружелюбно улыбнулся:
— Хотел в атаку пойтить.","Четыре орудия поочередно слали снаряды туда, за поваленные ряды пшеницы, но, сверх Григорьева ожидания, орудийный огонь не внес заметного замешательства в цепи красных, — они отходили неспешно, организованно и уже выпадали из поля зрения сотни, спускаясь за перевал, в балку. Григорий, понявший бессмысленность атаки, все же решил поговорить с командиром батареи. Он увалисто подошел и, касаясь левой рукой спаленного солнцем, порыжелого курчавого кончика уса, дружелюбно улыбнулся:
— Хотел в атаку пойтить.",False,,False,,True,744,решить [решение],решение,WORD_CORE,WORD,S1,CORE,curated,,решить,решить,YES,same_sentence:Григорий,NARRATOR_ABOUT_HERO,narrative_context;hero_link=YES,HIGH,NARRATOR,,,3,Книга третья,6,Часть шестая
WORD,S1_001,21725,6,6,думать,думал,"«Бьемся за нее, будто за любушку», — думал Григорий.","Григорию иногда в бою казалось, что и враги его — тамбовские, рязанские, саратовские мужики — идут, движимые таким же ревнивым чувством к земле.",Меньше стали брать в плен.,"Григорию иногда в бою казалось, что и враги его — тамбовские, рязанские, саратовские мужики — идут, движимые таким же ревнивым чувством к земле. «Бьемся за нее, будто за любушку», — думал Григорий. Меньше стали брать в плен.",False,,False,,True,749,думать [процесс размышления],процесс размышления,WORD_CORE,WORD,S1,CORE,curated,,думать,думать,YES,same_sentence:Григорий,OTHERS_TO_HERO,direct_speech;unknown_speaker;hero_name_in_utterance;speechact=STATEMENT,LOW,UNKNOWN,Григорий,STATEMENT,3,Книга третья,6,Часть шестая
WORD,S1_011,21929,9,9,мысль,мыслях,"— Какие с фронта гостинцы! — тоскливо вздохнул Григорий, а в мыслях был около Аксиньи и Степана.",Гостинца бы послал.,— Винтовкой не разживусь у тебя?,"Гостинца бы послал. — Какие с фронта гостинцы! — тоскливо вздохнул Григорий, а в мыслях был около Аксиньи и Степана. — Винтовкой не разживусь у тебя?",False,,False,,True,752,мысль [мысленный акт/реплика],мысленный акт/реплика,WORD_CORE,WORD,S1,CORE,curated,,мысль,мысль,YES,same_sentence:Григорий,OTHERS_TO_HERO,direct_speech;unknown_speaker;hero_name_in_utterance;speechact=STATEMENT,LOW,UNKNOWN,Григорий,STATEMENT,3,Книга третья,6,Часть шестая
PHRASE,PHR_046,22029,7,9,решить про себя,решил про себя,"А Григорий, сворачивая курить, с тихим злорадством решил про себя: «Верно!»","Аж возле пупка заноило от дурацкого разговору, — отмахнулся Прохор Зыков.","Он долго сидел в этот вечер за столом, ссутулясь, расстегнув ворот выгоревшей на солнце рубахи с такими же выгоревшими защитными погонами.","Аж возле пупка заноило от дурацкого разговору, — отмахнулся Прохор Зыков. А Григорий, сворачивая курить, с тихим злорадством решил про себя: «Верно!» Он долго сидел в этот вечер за столом, ссутулясь, расстегнув ворот выгоревшей на солнце рубахи с такими же выгоревшими защитными погонами.",False,,False,,True,754,решил про себя [внутренняя речь],внутренняя речь,DECIDE,PHRASE,PHRASE,EXTENDED,manual_existing,,решил про себя,решить про себя,YES,same_sentence:Григорий,HERO_INNER_SPEECH,direct_or_inner_speech;hero_same_sentence;inner_marker,MEDIUM,UNKNOWN,,,3,Книга третья,6,Часть шестая
WORD,S1_004,22029,7,7,решить,решил,"А Григорий, сворачивая курить, с тихим злорадством решил про себя: «Верно!»","Аж возле пупка заноило от дурацкого разговору, — отмахнулся Прохор Зыков.","Он долго сидел в этот вечер за столом, ссутулясь, расстегнув ворот выгоревшей на солнце рубахи с такими же выгоревшими защитными погонами.","Аж возле пупка заноило от дурацкого разговору, — отмахнулся Прохор Зыков. А Григорий, сворачивая курить, с тихим злорадством решил про себя: «Верно!» Он долго сидел в этот вечер за столом, ссутулясь, расстегнув ворот выгоревшей на солнце рубахи с такими же выгоревшими защитными погонами.",True,PHR_046,False,,False,755,решить [решение],решение,WORD_CORE,WORD,S1,CORE,curated,,решить,решить,YES,same_sentence:Григорий,HERO_INNER_SPEECH,direct_or_inner_speech;hero_same_sentence;inner_marker,MEDIUM,UNKNOWN,,,3,Книга третья,6,Часть шестая
WORD,S1_017,22157,1,1,понять,понял,"Григорий понял, что стремительно разматывающуюся пружину отступления уже ничто не в силах остановить.","Молчаливые грачи, затянутые в блестящее синеватое оперенье, кургузые и неловкие, как пешие кавалеристы, важно и качко расхаживали сбоку от дороги, пропуская мимо себя, как на параде, отступающие казачьи сотни, колонны оборванных пластунов, валки обозов.","И ночью, исполненный радостной решимостью, он самовольно покинул полк.","Молчаливые грачи, затянутые в блестящее синеватое оперенье, кургузые и неловкие, как пешие кавалеристы, важно и качко расхаживали сбоку от дороги, пропуская мимо себя, как на параде, отступающие казачьи сотни, колонны оборванных пластунов, валки обозов. Григорий понял, что стремительно разматывающуюся пружину отступления уже ничто не в силах остановить. И ночью, исполненный радостной решимостью, он самовольно покинул полк.",False,,False,,True,760,понять [понимание / ясность],понимание / ясность,WORD_CORE,WORD,S1,CORE,curated,,понять,понять,YES,same_sentence:Григорий,NARRATOR_ABOUT_HERO,narrative_context;hero_link=YES,HIGH,NARRATOR,,,3,Книга третья,6,Часть шестая
WORD,S1_017,22301,6,6,понять,понял,"Лукавый, смекалистый тугодум Петро Мелехов давно понял, что ссора с казаком накличет смерть, и с первых же дней заботливо старался уничтожить грань, отделявшую его, офицера, от рядового.","Только в таких частях, как Гундоровский георгиевский полк, спайка была крепка, но в Донской армии их было немного.","Он так же, как и они, говорил в удобной обстановке о никчемности войны; причем говорил это неискренне, с великой натугой, но неискренности этой не замечали; подкрашивался под сочувствующего большевикам и неумеренно стал заискивать в Фомине, с тех пор как увидел, что того выдвигает полк.","Только в таких частях, как Гундоровский георгиевский полк, спайка была крепка, но в Донской армии их было немного. Лукавый, смекалистый тугодум Петро Мелехов давно понял, что ссора с казаком накличет смерть, и с первых же дней заботливо старался уничтожить грань, отделявшую его, офицера, от рядового. Он так же, как и они, говорил в удобной обстановке о никчемности войны; причем говорил это неискренне, с великой натугой, но неискренности этой не замечали; подкрашивался под сочувствующего большевикам и неумеренно стал заискивать в Фомине, с тех пор как увидел, что того выдвигает полк.",False,,False,,True,765,понять [понимание / ясность],понимание / ясность,WORD_CORE,WORD,S1,CORE,curated,,понять,понять,YES,same_sentence:Мелехов,NARRATOR_ABOUT_HERO,narrative_context;hero_link=YES,HIGH,NARRATOR,,,3,Книга третья,6,Часть шестая
WORD,S1_001,22408,3,3,думать,думаешь,"— Как же ты думаешь? — спросил Григорий, не снимая с головы дочери черножилую руку.","За столом, нянча на коленях племянника, Петро оживился: сдерживая волнение, рассказал об уходе с фронта 28-го полка, о бегстве командного состава, о Фомине и о последнем митинге в Вешенской.",— И думать нечего.,"За столом, нянча на коленях племянника, Петро оживился: сдерживая волнение, рассказал об уходе с фронта 28-го полка, о бегстве командного состава, о Фомине и о последнем митинге в Вешенской. — Как же ты думаешь? — спросил Григорий, не снимая с головы дочери черножилую руку. — И думать нечего.",False,,False,,True,770,думать [процесс размышления],процесс размышления,WORD_CORE,WORD,S1,CORE,curated,,думать,думать,YES,same_sentence:Григорий,HERO_DIRECT_SPEECH,direct_speech;speech_verb_after_quote:Григорий,HIGH,Григорий,,,3,Книга третья,6,Часть шестая
WORD,S1_011,22715,8,8,мысль,мысль,"Петро подошел, пожевал ус и, словно отвечая на мысль Григория, сказал:
— Кабы все такие были!","Вслед ему Григорий глядел почтительно, с недоверчивым изумлением.",Вот как надо тихий Дон-то оборонять!,"Вслед ему Григорий глядел почтительно, с недоверчивым изумлением. Петро подошел, пожевал ус и, словно отвечая на мысль Григория, сказал:
— Кабы все такие были! Вот как надо тихий Дон-то оборонять!",False,,False,,True,781,мысль [мысленный акт/реплика],мысленный акт/реплика,WORD_CORE,WORD,S1,CORE,curated,,мысль,мысль,YES,same_sentence:Григория,NARRATOR_ABOUT_HERO,narrative_context;hero_link=YES,HIGH,NARRATOR,,,3,Книга третья,6,Часть шестая
WORD,S1_011,22811,8,8,мысль,мысль,"«Как нашкодившая собака перед хозяином», — стыдом ожгла его мысль, и на миг выросло перед глазами: такой же улыбкой щерил черные атласные губы убитый белогрудый кобель, когда он, Григорий, хозяин, вольный и в жизни его и в смерти, подходил к нему и кобель, падая на спину, оголял молодые резцы, бил пушистым рыжим хвостом…","И опять Григорий почувствовал, как, помимо воли, кривит его губы улыбка, виноватая и просящая, и он покраснел от стыда за свое невольное, не подвластное разуму проявление слабости.","Пантелей Прокофьевич все тем же незнакомым Григорию голосом спросил: может, гости хотят вечерять?","И опять Григорий почувствовал, как, помимо воли, кривит его губы улыбка, виноватая и просящая, и он покраснел от стыда за свое невольное, не подвластное разуму проявление слабости. «Как нашкодившая собака перед хозяином», — стыдом ожгла его мысль, и на миг выросло перед глазами: такой же улыбкой щерил черные атласные губы убитый белогрудый кобель, когда он, Григорий, хозяин, вольный и в жизни его и в смерти, подходил к нему и кобель, падая на спину, оголял молодые резцы, бил пушистым рыжим хвостом… Пантелей Прокофьевич все тем же незнакомым Григорию голосом спросил: может, гости хотят вечерять?",False,,False,,True,782,мысль [мысленный акт/реплика],мысленный акт/реплика,WORD_CORE,WORD,S1,CORE,curated,,мысль,мысль,YES,same_sentence:Григорий,OTHERS_TO_HERO,direct_speech;unknown_speaker;hero_name_in_utterance;speechact=STATEMENT,LOW,UNKNOWN,Григорий,STATEMENT,3,Книга третья,6,Часть шестая
WORD,S1_001,22922,10,10,думать,думал,"«Ушли бы мы, — стискивая зубы, прижимаясь сердцем к углу подушки, думал Григорий.","Григорий, закинув руки, лежал молча.","— Ушли бы в отступ, и вот сейчас Наташку распинали бы на этой кровати и тешились над ней, как тогда в Польше над Франей…»","Григорий, закинув руки, лежал молча. «Ушли бы мы, — стискивая зубы, прижимаясь сердцем к углу подушки, думал Григорий. — Ушли бы в отступ, и вот сейчас Наташку распинали бы на этой кровати и тешились над ней, как тогда в Польше над Франей…»",False,,False,,True,784,думать [процесс размышления],процесс размышления,WORD_CORE,WORD,S1,CORE,curated,,думать,думать,YES,same_sentence:Григорий,NARRATOR_ABOUT_HERO,narrative_context;hero_link=YES,HIGH,NARRATOR,,,3,Книга третья,6,Часть шестая
WORD,S1_001,23127,9,9,думать,думает,Григорий смотрит от порога на сапоги и галифе и думает: «С офицера добыто…»,"Сапоги на нем хромовые, на одну портянку, галифе — офицерского сукна.","Потом переводит взгляд на лицо: оно исчерно-смугло, лоснится потом, как круп вороного коня, круглые ушные раковины оттопырены, губы толсты и обвислы.","Сапоги на нем хромовые, на одну портянку, галифе — офицерского сукна. Григорий смотрит от порога на сапоги и галифе и думает: «С офицера добыто…» Потом переводит взгляд на лицо: оно исчерно-смугло, лоснится потом, как круп вороного коня, круглые ушные раковины оттопырены, губы толсты и обвислы.",False,,False,,True,787,думать [процесс размышления],процесс размышления,WORD_CORE,WORD,S1,CORE,curated,,думать,думать,YES,same_sentence:Григорий,OTHERS_TO_HERO,direct_speech;unknown_speaker;hero_name_in_utterance;speechact=STATEMENT,LOW,UNKNOWN,Григорий,STATEMENT,3,Книга третья,6,Часть шестая
WORD,S1_005,23129,3,3,решать,решает,"«Жид, а ловкий!» — решает про себя Григорий.","Потом переводит взгляд на лицо: оно исчерно-смугло, лоснится потом, как круп вороного коня, круглые ушные раковины оттопырены, губы толсты и обвислы.",Ему и Петру налили самогонки.,"Потом переводит взгляд на лицо: оно исчерно-смугло, лоснится потом, как круп вороного коня, круглые ушные раковины оттопырены, губы толсты и обвислы. «Жид, а ловкий!» — решает про себя Григорий. Ему и Петру налили самогонки.",False,,False,,True,788,решать [решение],решение,WORD_CORE,WORD,S1,CORE,curated,,решать,решать,YES,same_sentence:Григорий,HERO_INNER_SPEECH,direct_or_inner_speech;hero_same_sentence;inner_marker,MEDIUM,UNKNOWN,,,3,Книга третья,6,Часть шестая
WORD,S1_014,23883,0,0,вспомнить,Вспомнил,"Вспомнил, сказал с ненавистью:
— Такие, как Гришка, в драке только под ногами болтаются.","Помеха — Григорий, разговор с ним.",Паскуда!,"Помеха — Григорий, разговор с ним. Вспомнил, сказал с ненавистью:
— Такие, как Гришка, в драке только под ногами болтаются. Паскуда!",False,,False,,True,810,вспомнить [память / воспоминание],память / воспоминание,WORD_CORE,WORD,S1,CORE,curated,,вспомнить,вспомнить,YES,same_sentence:Гришка,NARRATOR_ABOUT_HERO,narrative_context;hero_link=YES,HIGH,NARRATOR,,,3,Книга третья,6,Часть шестая
WORD,S1_001,23943,17,17,думать,думал,"«Они воюют, чтобы им лучше жить, а мы за свою хорошую жизнь воевали, — все о том же думал Григорий под равномерный качкий ступ быков, полулежа в санях, кутая зипуном голову.","Около моховского магазина, занятого под продовольственный склад, перегрузили ящики со снарядами, тронулись.",— Одной правды нету в жизни.,"Около моховского магазина, занятого под продовольственный склад, перегрузили ящики со снарядами, тронулись. «Они воюют, чтобы им лучше жить, а мы за свою хорошую жизнь воевали, — все о том же думал Григорий под равномерный качкий ступ быков, полулежа в санях, кутая зипуном голову. — Одной правды нету в жизни.",False,,False,,True,813,думать [процесс размышления],процесс размышления,WORD_CORE,WORD,S1,CORE,curated,,думать,думать,YES,same_sentence:Григорий,NARRATOR_ABOUT_HERO,narrative_context;hero_link=YES,HIGH,NARRATOR,,,3,Книга третья,6,Часть шестая
WORD,S1_001,24906,5,5,думать,думал,"Об этом, опаляемый слепой ненавистью, думал Григорий, пока конь нес его по белогривому покрову Дона.",А теперь — за шашку!,"На миг в нем ворохнулось противоречие: «Богатые с бедными, а не казаки с Русью…","А теперь — за шашку! Об этом, опаляемый слепой ненавистью, думал Григорий, пока конь нес его по белогривому покрову Дона. На миг в нем ворохнулось противоречие: «Богатые с бедными, а не казаки с Русью…",False,,False,,True,847,думать [процесс размышления],процесс размышления,WORD_CORE,WORD,S1,CORE,curated,,думать,думать,YES,same_sentence:Григорий,NARRATOR_ABOUT_HERO,narrative_context;hero_link=YES,HIGH,NARRATOR,,,3,Книга третья,6,Часть шестая
WORD,S1_004,25192,3,3,решить,решил,И Петро Мелехов решил выступить со своими двумя сотнями.,В такой обстановке некогда было дожидаться распоряжений из округа.,Он принял командование и над остальными четырьмя сотнями соседних хуторов.,В такой обстановке некогда было дожидаться распоряжений из округа. И Петро Мелехов решил выступить со своими двумя сотнями. Он принял командование и над остальными четырьмя сотнями соседних хуторов.,False,,False,,True,856,решить [решение],решение,WORD_CORE,WORD,S1,CORE,curated,,решить,решить,YES,same_sentence:Мелехов,NARRATOR_ABOUT_HERO,narrative_context;hero_link=YES,HIGH,NARRATOR,,,3,Книга третья,6,Часть шестая
WORD,S1_013,25264,0,0,мыслить,Мысля,"— Мысля пришла, товарищ Мелехов!","— Ты чего? — настропалился, сдвигая брови, Петро.","Пошли ты одну сотню низом, к Дону.","— Ты чего? — настропалился, сдвигая брови, Петро. — Мысля пришла, товарищ Мелехов! Пошли ты одну сотню низом, к Дону.",False,,False,,True,857,мыслить [мысленный акт/реплика],мысленный акт/реплика,WORD_CORE,WORD,S1,CORE,curated,,мыслить,мыслить,YES,same_sentence:Мелехов,OTHERS_TO_HERO,direct_speech;unknown_speaker;hero_name_in_utterance;speechact=STATEMENT,LOW,UNKNOWN,Мелехов,STATEMENT,3,Книга третья,6,Часть шестая
WORD,S1_012,25563,12,12,мысленно,мысленно,"«Лучше б погиб ты где-нибудь в Пруссии, чем тут, на материных глазах!» — мысленно с укором говорил брату Григорий и, взглянув на труп, вдруг побелел: по щеке Петра к пониклой усине ползла слеза.","А потом придет Дарья, вложит в широкие, ледяные руки, еще вчера обнимавшие ее, ту свечу, которая светила им обоим в церкви, когда они ходили вокруг аналоя, — и готов казак Петро Мелехов к проводам туда, откуда не возвращаются на побывку к родным куреням.","Григорий даже вскочил, но, всмотревшись внимательней, вздохнул облегченно: не мертвая слеза, а капелька с оттаявшего курчавого чуба упала Петру на лоб, медленно скатилась по щеке.","А потом придет Дарья, вложит в широкие, ледяные руки, еще вчера обнимавшие ее, ту свечу, которая светила им обоим в церкви, когда они ходили вокруг аналоя, — и готов казак Петро Мелехов к проводам туда, откуда не возвращаются на побывку к родным куреням. «Лучше б погиб ты где-нибудь в Пруссии, чем тут, на материных глазах!» — мысленно с укором говорил брату Григорий и, взглянув на труп, вдруг побелел: по щеке Петра к пониклой усине ползла слеза. Григорий даже вскочил, но, всмотревшись внимательней, вздохнул облегченно: не мертвая слеза, а капелька с оттаявшего курчавого чуба упала Петру на лоб, медленно скатилась по щеке.",False,,False,,True,863,мысленно [мысленный акт/реплика],мысленный акт/реплика,WORD_CORE,WORD,S1,CORE,curated,,мысленно,мысленно,YES,same_sentence:Григорий,HERO_INNER_SPEECH,direct_or_inner_speech;hero_same_sentence;inner_marker,MEDIUM,UNKNOWN,,,3,Книга третья,6,Часть шестая
WORD,S1_004,25816,4,4,решить,решил,"Используя это преимущество, Григорий решил вести войну «казачьим» способом: охватывать фланги, заходить в тыл, громить обозы, тревожить и деморализовать красных ночными набегами.",Обилие конницы (в отряде Григория она преобладала) было важным преимуществом.,"Но под Свиридовом решил он действовать иначе: крупной рысью вывел на позиции сотни, одну из них оставил в хуторе, приказал спешиться, залечь в левадах в засаду, предварительно отправив коноводов вглубь хутора во дворы, а с двумя остальными выскочил на пригорок в полуверсте от ветряка и помалу ввязался в бой.","Обилие конницы (в отряде Григория она преобладала) было важным преимуществом. Используя это преимущество, Григорий решил вести войну «казачьим» способом: охватывать фланги, заходить в тыл, громить обозы, тревожить и деморализовать красных ночными набегами. Но под Свиридовом решил он действовать иначе: крупной рысью вывел на позиции сотни, одну из них оставил в хуторе, приказал спешиться, залечь в левадах в засаду, предварительно отправив коноводов вглубь хутора во дворы, а с двумя остальными выскочил на пригорок в полуверсте от ветряка и помалу ввязался в бой.",False,,False,,True,870,решить [решение],решение,WORD_CORE,WORD,S1,CORE,curated,,решить,решить,YES,same_sentence:Григорий,HERO_DIRECT_SPEECH,direct_speech;speech_verb_after_name:Григорий,HIGH,Григорий,,,3,Книга третья,6,Часть шестая
WORD,S1_001,25843,14,14,думать,думал,"Если бы кто мог посмотреть на Григория со стороны в час атаки, тот, наверно, думал бы, что движениями его управляет холодный, не теряющийся ум. Так были они с виду уверенны, выверенны и расчетливы.","Разум, хладнокровие, расчетливость — все покидало Григория в этот страшный миг, и один звериный инстинкт властно и неделимо вступал в управление его волей.",Расстояние между обеими сторонами сокращалось с облегчающей быстротой.,"Разум, хладнокровие, расчетливость — все покидало Григория в этот страшный миг, и один звериный инстинкт властно и неделимо вступал в управление его волей. Если бы кто мог посмотреть на Григория со стороны в час атаки, тот, наверно, думал бы, что движениями его управляет холодный, не теряющийся ум. Так были они с виду уверенны, выверенны и расчетливы. Расстояние между обеими сторонами сокращалось с облегчающей быстротой.",False,,False,,True,873,думать [процесс размышления],процесс размышления,WORD_CORE,WORD,S1,CORE,curated,,думать,думать,YES,same_sentence:Григория,NARRATOR_ABOUT_HERO,narrative_context;hero_link=YES,HIGH,NARRATOR,,,3,Книга третья,6,Часть шестая
WORD,S1_001,25862,4,4,думать,думать,"Побои и ругань, надо думать, возымели действие на малолетнего Гришку.","Жестоко бивал его за это Пантелей Прокофьевич, даже ребятишки-сверстники прозвали его «Гришка-левша».",С десяти лет вместе с кличкой «левша» отпала у него привычка заменять правую руку левой.,"Жестоко бивал его за это Пантелей Прокофьевич, даже ребятишки-сверстники прозвали его «Гришка-левша». Побои и ругань, надо думать, возымели действие на малолетнего Гришку. С десяти лет вместе с кличкой «левша» отпала у него привычка заменять правую руку левой.",False,,False,,True,874,думать [процесс размышления],процесс размышления,WORD_CORE,WORD,S1,CORE,curated,,думать,думать,YES,same_sentence:Гришку,NARRATOR_ABOUT_HERO,narrative_context;hero_link=YES,HIGH,NARRATOR,,,3,Книга третья,6,Часть шестая
WORD,S1_002,26152,9,9,подумать,подумал,"«Говорит, а про себя смеется, гадюка!» — вслушиваясь в интонации, подумал Григорий.","Через дверь слышал, как Георгидзе, шелестя сворачиваемой картой, отвечал:
— Вешенцы, да и вообще все повстанцы, искупят свою вину перед Доном и Россией, если будут так же мужественно бороться с большевиками…","И снова, как вначале, при встрече с этим неожиданно появившимся в Вешенской офицером, Григорий почувствовал какую-то тревогу и беспричинное озлобление.","Через дверь слышал, как Георгидзе, шелестя сворачиваемой картой, отвечал:
— Вешенцы, да и вообще все повстанцы, искупят свою вину перед Доном и Россией, если будут так же мужественно бороться с большевиками… «Говорит, а про себя смеется, гадюка!» — вслушиваясь в интонации, подумал Григорий. И снова, как вначале, при встрече с этим неожиданно появившимся в Вешенской офицером, Григорий почувствовал какую-то тревогу и беспричинное озлобление.",False,,False,,True,880,подумать [инициация мысли],инициация мысли,WORD_CORE,WORD,S1,CORE,curated,,подумать,подумать,YES,same_sentence:Григорий,HERO_INNER_SPEECH,direct_speech+inner_marker;speech_verb_after_quote:Григорий,HIGH,Григорий,,,3,Книга третья,6,Часть шестая
WORD,S1_011,26280,4,4,мысль,мыслям,"Снова вернулся Григорий к мыслям о совещании в Вешенской, о гонце с Хопра и снова, вспомнив подполковника, его чуждую, интеллигентную внешность и манеру говорить, — ощутил неприятное, тягучее волнение.","Искрится на камельке осколок зеркала, лишь в переднем углу темно и тускло отсвечивает посеребренный оклад иконы…","Козленок, взобравшись на шубу, на живот Григорию, долго и глупо всматривался, сучил ушами, потом, осмелев, подпрыгнул раз и два и вдруг раздвинул курчавые ноги.","Искрится на камельке осколок зеркала, лишь в переднем углу темно и тускло отсвечивает посеребренный оклад иконы… Снова вернулся Григорий к мыслям о совещании в Вешенской, о гонце с Хопра и снова, вспомнив подполковника, его чуждую, интеллигентную внешность и манеру говорить, — ощутил неприятное, тягучее волнение. Козленок, взобравшись на шубу, на живот Григорию, долго и глупо всматривался, сучил ушами, потом, осмелев, подпрыгнул раз и два и вдруг раздвинул курчавые ноги.",False,,False,,True,883,мысль [мысленный акт/реплика],мысленный акт/реплика,WORD_CORE,WORD,S1,CORE,curated,,мысль,мысль,YES,same_sentence:Григорий,NARRATOR_ABOUT_HERO,narrative_context;hero_link=YES,HIGH,NARRATOR,,,3,Книга третья,6,Часть шестая
WORD,S1_014,26280,15,15,вспомнить,вспомнив,"Снова вернулся Григорий к мыслям о совещании в Вешенской, о гонце с Хопра и снова, вспомнив подполковника, его чуждую, интеллигентную внешность и манеру говорить, — ощутил неприятное, тягучее волнение.","Искрится на камельке осколок зеркала, лишь в переднем углу темно и тускло отсвечивает посеребренный оклад иконы…","Козленок, взобравшись на шубу, на живот Григорию, долго и глупо всматривался, сучил ушами, потом, осмелев, подпрыгнул раз и два и вдруг раздвинул курчавые ноги.","Искрится на камельке осколок зеркала, лишь в переднем углу темно и тускло отсвечивает посеребренный оклад иконы… Снова вернулся Григорий к мыслям о совещании в Вешенской, о гонце с Хопра и снова, вспомнив подполковника, его чуждую, интеллигентную внешность и манеру говорить, — ощутил неприятное, тягучее волнение. Козленок, взобравшись на шубу, на живот Григорию, долго и глупо всматривался, сучил ушами, потом, осмелев, подпрыгнул раз и два и вдруг раздвинул курчавые ноги.",False,,False,,True,884,вспомнить [память / воспоминание],память / воспоминание,WORD_CORE,WORD,S1,CORE,curated,,вспомнить,вспомнить,YES,same_sentence:Григорий,NARRATOR_ABOUT_HERO,narrative_context;hero_link=YES,HIGH,NARRATOR,,,3,Книга третья,6,Часть шестая
WORD,S1_004,26630,9,9,решить,решил,"Григорий Мелехов, прекрасно учитывая стратегическую выгодность позиции под Каргинской, решил ни в коем случае ее не сдавать.","XLI
Станица Каргинская стала опорным пунктом для 1-й повстанческой дивизии.","Горы, тянувшиеся левобережьем реки Чира, были теми командными высотами, которые давали казакам прекрасную возможность обороняться.","XLI
Станица Каргинская стала опорным пунктом для 1-й повстанческой дивизии. Григорий Мелехов, прекрасно учитывая стратегическую выгодность позиции под Каргинской, решил ни в коем случае ее не сдавать. Горы, тянувшиеся левобережьем реки Чира, были теми командными высотами, которые давали казакам прекрасную возможность обороняться.",False,,False,,True,898,решить [решение],решение,WORD_CORE,WORD,S1,CORE,curated,,решить,решить,YES,same_sentence:Григорий,NARRATOR_ABOUT_HERO,narrative_context;hero_link=YES,HIGH,NARRATOR,,,3,Книга третья,6,Часть шестая
WORD,S1_011,26647,3,3,мысль,мысли,"Обходное движение, по мысли Григория, должно было начаться с рассветом, для того чтобы лучше замаскироваться.",На совещании вечером все командиры самостоятельных частей получили точные инструкции и приказы.,"Все было просто, как в игре в шашки.","На совещании вечером все командиры самостоятельных частей получили точные инструкции и приказы. Обходное движение, по мысли Григория, должно было начаться с рассветом, для того чтобы лучше замаскироваться. Все было просто, как в игре в шашки.",False,,False,,True,899,мысль [мысленный акт/реплика],мысленный акт/реплика,WORD_CORE,WORD,S1,CORE,curated,,мысль,мысль,YES,same_sentence:Григория,NARRATOR_ABOUT_HERO,narrative_context;hero_link=YES,HIGH,NARRATOR,,,3,Книга третья,6,Часть шестая
PHRASE,PHR_100,26649,5,7,прикинуть в ум,прикинув в уме,"И Григорий, тщательно проверив и прикинув в уме все возможные случайности, все, что непредвиденно могло помешать осуществлению его плана, выпил два стакана самогонки, не раздеваясь повалился на койку; покрыв голову влажной полой шинели, уснул мертвецки.","Все было просто, как в игре в шашки.",На следующий день около четырех часов утра красные цепи уже занимали Каргинскую.,"Все было просто, как в игре в шашки. И Григорий, тщательно проверив и прикинув в уме все возможные случайности, все, что непредвиденно могло помешать осуществлению его плана, выпил два стакана самогонки, не раздеваясь повалился на койку; покрыв голову влажной полой шинели, уснул мертвецки. На следующий день около четырех часов утра красные цепи уже занимали Каргинскую.",False,,False,,True,900,прикинуть в уме [рассуждение / вывод],рассуждение / вывод,HEAD_MIND,PHRASE,PHRASE,EXTENDED,manual_existing,,прикинуть в уме,прикинуть в ум,YES,same_sentence:Григорий,NARRATOR_ABOUT_HERO,narrative_context;hero_link=YES,HIGH,NARRATOR,,,3,Книга третья,6,Часть шестая
WORD,S1_011,26702,7,7,мысль,мыслей,"В эти дни Григорий, уходя от черных мыслей, пытаясь заглушить сознание, не думать о том, что творилось вокруг и чему он был видным участником, — начал пить.","Оттуда ежедневно утренними зорями слышался орудийный гул, но сообщения о ходе боев приходили с большим опозданием и не давали ясного представления о положении на фронте 2-й дивизии.","Если повстанцы испытывали острую нужду в муке при огромных запасах пшеницы (мельницы не успевали работать на армию, и зачастую казаки питались вареной пшеницей), то в самогоне не было недостатка.","Оттуда ежедневно утренними зорями слышался орудийный гул, но сообщения о ходе боев приходили с большим опозданием и не давали ясного представления о положении на фронте 2-й дивизии. В эти дни Григорий, уходя от черных мыслей, пытаясь заглушить сознание, не думать о том, что творилось вокруг и чему он был видным участником, — начал пить. Если повстанцы испытывали острую нужду в муке при огромных запасах пшеницы (мельницы не успевали работать на армию, и зачастую казаки питались вареной пшеницей), то в самогоне не было недостатка.",False,,False,,True,902,мысль [мысленный акт/реплика],мысленный акт/реплика,WORD_CORE,WORD,S1,CORE,curated,,мысль,мысль,YES,same_sentence:Григорий,NARRATOR_ABOUT_HERO,narrative_context;hero_link=YES,HIGH,NARRATOR,,,3,Книга третья,6,Часть шестая
WORD,S1_001,26702,12,12,думать,думать,"В эти дни Григорий, уходя от черных мыслей, пытаясь заглушить сознание, не думать о том, что творилось вокруг и чему он был видным участником, — начал пить.","Оттуда ежедневно утренними зорями слышался орудийный гул, но сообщения о ходе боев приходили с большим опозданием и не давали ясного представления о положении на фронте 2-й дивизии.","Если повстанцы испытывали острую нужду в муке при огромных запасах пшеницы (мельницы не успевали работать на армию, и зачастую казаки питались вареной пшеницей), то в самогоне не было недостатка.","Оттуда ежедневно утренними зорями слышался орудийный гул, но сообщения о ходе боев приходили с большим опозданием и не давали ясного представления о положении на фронте 2-й дивизии. В эти дни Григорий, уходя от черных мыслей, пытаясь заглушить сознание, не думать о том, что творилось вокруг и чему он был видным участником, — начал пить. Если повстанцы испытывали острую нужду в муке при огромных запасах пшеницы (мельницы не успевали работать на армию, и зачастую казаки питались вареной пшеницей), то в самогоне не было недостатка.",False,,False,,True,903,думать [процесс размышления],процесс размышления,WORD_CORE,WORD,S1,CORE,curated,,думать,думать,YES,same_sentence:Григорий,NARRATOR_ABOUT_HERO,narrative_context;hero_link=YES,HIGH,NARRATOR,,,3,Книга третья,6,Часть шестая
PHRASE,PHR_048,26833,4,5,вспомнить разговор,вспомнил разговор,"XLII
Наутро, проснувшись, Григорий вспомнил разговор с Ермаковым и Медведевым.","Ронял голову на руки, а через несколько минут, дико озираясь, опять начинал:
Да со служб’цы д’мой!..",Он не был ночью уж настолько пьян и без особого напряжения восстановил в памяти разговоры о замене власти.,"Ронял голову на руки, а через несколько минут, дико озираясь, опять начинал:
Да со служб’цы д’мой!.. XLII
Наутро, проснувшись, Григорий вспомнил разговор с Ермаковым и Медведевым. Он не был ночью уж настолько пьян и без особого напряжения восстановил в памяти разговоры о замене власти.",False,,False,,True,905,вспомнить разговор [память / воспоминание],память / воспоминание,REMEMBER,PHRASE,PHRASE,CORE,manual_existing,,вспомнить разговор,вспомнить разговор,YES,same_sentence:Григорий,NARRATOR_ABOUT_HERO,narrative_context;hero_link=YES,HIGH,NARRATOR,,,3,Книга третья,6,Часть шестая
WORD,S1_014,26833,4,4,вспомнить,вспомнил,"XLII
Наутро, проснувшись, Григорий вспомнил разговор с Ермаковым и Медведевым.","Ронял голову на руки, а через несколько минут, дико озираясь, опять начинал:
Да со служб’цы д’мой!..",Он не был ночью уж настолько пьян и без особого напряжения восстановил в памяти разговоры о замене власти.,"Ронял голову на руки, а через несколько минут, дико озираясь, опять начинал:
Да со служб’цы д’мой!.. XLII
Наутро, проснувшись, Григорий вспомнил разговор с Ермаковым и Медведевым. Он не был ночью уж настолько пьян и без особого напряжения восстановил в памяти разговоры о замене власти.",True,PHR_048,False,,False,906,вспомнить [память / воспоминание],память / воспоминание,WORD_CORE,WORD,S1,CORE,curated,,вспомнить,вспомнить,YES,same_sentence:Григорий,NARRATOR_ABOUT_HERO,narrative_context;hero_link=YES,HIGH,NARRATOR,,,3,Книга третья,6,Часть шестая
PHRASE,PHR_035,26838,2,3,мысленно проговорить,мысленно проговорил,"«Ребячья игра», — мысленно проговорил Григорий и легко вскочил с кровати.","Григория же хотели привлечь к себе, не понимая всей гибельности распри внутри повстанческого лагеря, когда каждую минуту красный фронт, будучи поколеблен у Донца, мог без труда смести их вместе с их «междуусобьем».","Одевшись, он разбудил Ермакова и Медведева, позвал их в горницу, плотно притворил дверь.","Григория же хотели привлечь к себе, не понимая всей гибельности распри внутри повстанческого лагеря, когда каждую минуту красный фронт, будучи поколеблен у Донца, мог без труда смести их вместе с их «междуусобьем». «Ребячья игра», — мысленно проговорил Григорий и легко вскочил с кровати. Одевшись, он разбудил Ермакова и Медведева, позвал их в горницу, плотно притворил дверь.",False,,False,,True,910,мысленно проговорил [внутренняя речь],внутренняя речь,INNER_SPEECH,PHRASE,PHRASE,EXTENDED,manual_existing,,мысленно проговорил,мысленно проговорить,YES,same_sentence:Григорий,HERO_INNER_SPEECH,direct_speech+inner_marker;speech_verb_after_quote:Григорий,HIGH,Григорий,,,3,Книга третья,6,Часть шестая
WORD,S1_012,26838,2,2,мысленно,мысленно,"«Ребячья игра», — мысленно проговорил Григорий и легко вскочил с кровати.","Григория же хотели привлечь к себе, не понимая всей гибельности распри внутри повстанческого лагеря, когда каждую минуту красный фронт, будучи поколеблен у Донца, мог без труда смести их вместе с их «междуусобьем».","Одевшись, он разбудил Ермакова и Медведева, позвал их в горницу, плотно притворил дверь.","Григория же хотели привлечь к себе, не понимая всей гибельности распри внутри повстанческого лагеря, когда каждую минуту красный фронт, будучи поколеблен у Донца, мог без труда смести их вместе с их «междуусобьем». «Ребячья игра», — мысленно проговорил Григорий и легко вскочил с кровати. Одевшись, он разбудил Ермакова и Медведева, позвал их в горницу, плотно притворил дверь.",True,PHR_035,False,,False,911,мысленно [мысленный акт/реплика],мысленный акт/реплика,WORD_CORE,WORD,S1,CORE,curated,,мысленно,мысленно,YES,same_sentence:Григорий,HERO_INNER_SPEECH,direct_speech+inner_marker;speech_verb_after_quote:Григорий,HIGH,Григорий,,,3,Книга третья,6,Часть шестая
WORD,S1_001,26860,15,15,думать,думал,"Но к утру, пресытившись любовной горячностью очередной утехи, Григорий трезво и равнодушно, как о постороннем, думал: «Жил и все испытал я за отжитое время.","Бабы и потерявшие девичий цвет девки шли через руки Григория, деля с ним короткую любовь.","Баб и девок перелюбил, на хороших конях… эх!.. потоптал степя, отцовством радовался и людей убивал, сам на смерть ходил, на синее небо красовался.","Бабы и потерявшие девичий цвет девки шли через руки Григория, деля с ним короткую любовь. Но к утру, пресытившись любовной горячностью очередной утехи, Григорий трезво и равнодушно, как о постороннем, думал: «Жил и все испытал я за отжитое время. Баб и девок перелюбил, на хороших конях… эх!.. потоптал степя, отцовством радовался и людей убивал, сам на смерть ходил, на синее небо красовался.",False,,False,,True,916,думать [процесс размышления],процесс размышления,WORD_CORE,WORD,S1,CORE,curated,,думать,думать,YES,same_sentence:Григорий,NARRATOR_ABOUT_HERO,narrative_context;hero_link=YES,HIGH,NARRATOR,,,3,Книга третья,6,Часть шестая
WORD,S1_011,26871,2,2,мысль,мыслях,"Григорий в мыслях, спутанных, как сетная дель, ворошил пережитое, натыкался в этой ушедшей куда-то в невозвратное жизни на Аксинью, думал: «Любушка!","Память направляла луч воспоминаний на давно забытый, когда-то виденный пейзаж, и вдруг ослепительно возникали перед Григорием — степной простор, летний шлях, арба, отец на передке, быки, пашня в золотистой щетине скошенных хлебов, черная россыпь грачей на дороге…","Незабудняя!» — и брезгливо отодвигался от спавшей рядом с ним женщины, вздыхал, нетерпеливо ждал рассвета и, едва лишь солнце малиновой росшивью, золотым позументом начинало узорить восток, — вскакивал, умывался, спешил к коню.","Память направляла луч воспоминаний на давно забытый, когда-то виденный пейзаж, и вдруг ослепительно возникали перед Григорием — степной простор, летний шлях, арба, отец на передке, быки, пашня в золотистой щетине скошенных хлебов, черная россыпь грачей на дороге… Григорий в мыслях, спутанных, как сетная дель, ворошил пережитое, натыкался в этой ушедшей куда-то в невозвратное жизни на Аксинью, думал: «Любушка! Незабудняя!» — и брезгливо отодвигался от спавшей рядом с ним женщины, вздыхал, нетерпеливо ждал рассвета и, едва лишь солнце малиновой росшивью, золотым позументом начинало узорить восток, — вскакивал, умывался, спешил к коню.",False,,False,,True,917,мысль [мысленный акт/реплика],мысленный акт/реплика,WORD_CORE,WORD,S1,CORE,curated,,мысль,мысль,YES,same_sentence:Григорий,NARRATOR_ABOUT_HERO,narrative_context;hero_link=YES,HIGH,NARRATOR,,,3,Книга третья,6,Часть шестая
WORD,S1_001,26871,19,19,думать,думал,"Григорий в мыслях, спутанных, как сетная дель, ворошил пережитое, натыкался в этой ушедшей куда-то в невозвратное жизни на Аксинью, думал: «Любушка!","Память направляла луч воспоминаний на давно забытый, когда-то виденный пейзаж, и вдруг ослепительно возникали перед Григорием — степной простор, летний шлях, арба, отец на передке, быки, пашня в золотистой щетине скошенных хлебов, черная россыпь грачей на дороге…","Незабудняя!» — и брезгливо отодвигался от спавшей рядом с ним женщины, вздыхал, нетерпеливо ждал рассвета и, едва лишь солнце малиновой росшивью, золотым позументом начинало узорить восток, — вскакивал, умывался, спешил к коню.","Память направляла луч воспоминаний на давно забытый, когда-то виденный пейзаж, и вдруг ослепительно возникали перед Григорием — степной простор, летний шлях, арба, отец на передке, быки, пашня в золотистой щетине скошенных хлебов, черная россыпь грачей на дороге… Григорий в мыслях, спутанных, как сетная дель, ворошил пережитое, натыкался в этой ушедшей куда-то в невозвратное жизни на Аксинью, думал: «Любушка! Незабудняя!» — и брезгливо отодвигался от спавшей рядом с ним женщины, вздыхал, нетерпеливо ждал рассвета и, едва лишь солнце малиновой росшивью, золотым позументом начинало узорить восток, — вскакивал, умывался, спешил к коню.",False,,False,,True,918,думать [процесс размышления],процесс размышления,WORD_CORE,WORD,S1,CORE,curated,,думать,думать,YES,same_sentence:Григорий,NARRATOR_ABOUT_HERO,narrative_context;hero_link=YES,HIGH,NARRATOR,,,3,Книга третья,6,Часть шестая
WORD,S1_002,27001,4,4,подумать,подумал,"«Можно с постоянного прицела», — подумал Григорий, с бьющимся сердцем прижимая к плечу приклад винтовки, беря на мушку сторожевого гусака.","Тихий гогот, кряканье, всплески воды доносило от пруда.","После выстрела Григорий вскочил на ноги, оглушенный хлопаньем крыльев, гагаканьем гусиной станицы.","Тихий гогот, кряканье, всплески воды доносило от пруда. «Можно с постоянного прицела», — подумал Григорий, с бьющимся сердцем прижимая к плечу приклад винтовки, беря на мушку сторожевого гусака. После выстрела Григорий вскочил на ноги, оглушенный хлопаньем крыльев, гагаканьем гусиной станицы.",False,,False,,True,920,подумать [инициация мысли],инициация мысли,WORD_CORE,WORD,S1,CORE,curated,,подумать,подумать,YES,same_sentence:Григорий,HERO_DIRECT_SPEECH,direct_speech;speech_verb_after_quote:Григорий,HIGH,Григорий,,,3,Книга третья,6,Часть шестая
WORD,S1_001,27100,1,1,думать,думали,"— Мы думали, в тюрьме бунтуются, товарищ Мелехов!",Марш!,"— Писаренок прибег, говорит: «Налетел какой-то черный, замки сбивает!»","Марш! — Мы думали, в тюрьме бунтуются, товарищ Мелехов! — Писаренок прибег, говорит: «Налетел какой-то черный, замки сбивает!»",False,,False,,True,921,думать [процесс размышления],процесс размышления,WORD_CORE,WORD,S1,CORE,curated,,думать,думать,YES,same_sentence:Мелехов,OTHERS_TO_HERO,direct_speech;unknown_speaker;hero_name_in_utterance;speechact=STATEMENT,LOW,UNKNOWN,Мелехов,STATEMENT,3,Книга третья,6,Часть шестая
WORD,S1_002,27308,6,6,подумать,подумал,"«Скоро все покачнулось без хозяина», — равнодушно подумал Григорий, обходя коршуновское подворье.",Всюду виднелись следы запустения и разрухи.,Он вернулся в курень.,"Всюду виднелись следы запустения и разрухи. «Скоро все покачнулось без хозяина», — равнодушно подумал Григорий, обходя коршуновское подворье. Он вернулся в курень.",False,,False,,True,926,подумать [инициация мысли],инициация мысли,WORD_CORE,WORD,S1,CORE,curated,,подумать,подумать,YES,same_sentence:Григорий,HERO_DIRECT_SPEECH,direct_speech;speech_verb_after_quote:Григорий,HIGH,Григорий,,,3,Книга третья,6,Часть шестая
WORD,S1_017,27435,1,1,понять,понять,"Как понять? — спросил Григорий, плохо понимавший церковнославянский язык.",— Это к чему же?,"— К тому, поганец, что бегать вам, смутителям, по горам.","— Это к чему же? Как понять? — спросил Григорий, плохо понимавший церковнославянский язык. — К тому, поганец, что бегать вам, смутителям, по горам.",False,,False,,True,928,понять [понимание / ясность],понимание / ясность,WORD_CORE,WORD,S1,CORE,curated,,понять,понять,YES,same_sentence:Григорий,NARRATOR_ABOUT_HERO,narrative_context;hero_link=YES,HIGH,NARRATOR,,,3,Книга третья,6,Часть шестая
WORD,S1_017,27452,3,3,понять,понять,"— Как же это понять? — снова спросил Григорий, ощущая легкую досаду.","От гнева Господня не поживут вовек, но будет весь в запустение, и всяк ходяй сквозе Вавилон подивится и позвиждет над всякою язвою его».","Дед Гришака не отвечал, закрыл Библию и прилег на лежанку.","От гнева Господня не поживут вовек, но будет весь в запустение, и всяк ходяй сквозе Вавилон подивится и позвиждет над всякою язвою его». — Как же это понять? — снова спросил Григорий, ощущая легкую досаду. Дед Гришака не отвечал, закрыл Библию и прилег на лежанку.",False,,False,,True,929,понять [понимание / ясность],понимание / ясность,WORD_CORE,WORD,S1,CORE,curated,,понять,понять,YES,same_sentence:Григорий,HERO_DIRECT_SPEECH,direct_speech;speech_verb_after_quote:Григорий,HIGH,Григорий,,,3,Книга третья,6,Часть шестая
WORD,S1_001,27454,5,5,думать,думал,"«И вот сроду люди так, — думал Григорий, выходя из горенки.","Дед Гришака не отвечал, закрыл Библию и прилег на лежанку.","— Смолоду бесются, водку жрут и к другим грехам прикладываются, а под старость, что ни лютей смолоду был, то больше начинает за Бога хорониться.","Дед Гришака не отвечал, закрыл Библию и прилег на лежанку. «И вот сроду люди так, — думал Григорий, выходя из горенки. — Смолоду бесются, водку жрут и к другим грехам прикладываются, а под старость, что ни лютей смолоду был, то больше начинает за Бога хорониться.",False,,False,,True,930,думать [процесс размышления],процесс размышления,WORD_CORE,WORD,S1,CORE,curated,,думать,думать,YES,same_sentence:Григорий,NARRATOR_ABOUT_HERO,narrative_context;hero_link=YES,HIGH,NARRATOR,,,3,Книга третья,6,Часть шестая
WORD,S1_001,27462,4,4,думать,думая,"Григорий возвращался от тещи, думая о разговоре с дедом Гришакой, о таинственных, непонятных «речениях» Библии.",Я до Библиев не охотник».,Наталья тоже шла молча.,"Я до Библиев не охотник». Григорий возвращался от тещи, думая о разговоре с дедом Гришакой, о таинственных, непонятных «речениях» Библии. Наталья тоже шла молча.",False,,False,,True,931,думать [процесс размышления],процесс размышления,WORD_CORE,WORD,S1,CORE,curated,,думать,думать,YES,same_sentence:Григорий,OTHERS_TO_HERO,direct_speech;unknown_speaker;hero_name_in_utterance;speechact=STATEMENT,LOW,UNKNOWN,Григорий,STATEMENT,3,Книга третья,6,Часть шестая
WORD,S1_004,27467,4,4,решить,решив,"Ночь промолчал и Григорий, решив, что лучше пока не допытываться у нее о причинах столь небывалого в их взаимоотношениях холода…","Но ни единого слова в упрек не сказала, ни о чем не спрашивала.","Они шли молча по безлюдной улице, чужие друг другу больше, чем когда бы то ни было.","Но ни единого слова в упрек не сказала, ни о чем не спрашивала. Ночь промолчал и Григорий, решив, что лучше пока не допытываться у нее о причинах столь небывалого в их взаимоотношениях холода… Они шли молча по безлюдной улице, чужие друг другу больше, чем когда бы то ни было.",False,,False,,True,932,решить [решение],решение,WORD_CORE,WORD,S1,CORE,curated,,решить,решить,YES,same_sentence:Григорий,NARRATOR_ABOUT_HERO,narrative_context;hero_link=YES,HIGH,NARRATOR,,,3,Книга третья,6,Часть шестая
WORD,S1_001,27554,1,1,думать,думал,"Григорий думал поработать дней пять, посеять себе и теще, вспахать десятины две под бахчу и подсолнухи, а потом вызвать из сотни отца, чтобы он доканчивал посев.","Ильинична с Дуняшкой, на ночь глядя, затеяли топить печь, чтобы сготовить пахарю к заре харчи.","Из трубы куреня вился сиреневый дымок, по базу бегала взматеревшая в девках Дуняшка, собирая сухой хворост на поджижки.","Ильинична с Дуняшкой, на ночь глядя, затеяли топить печь, чтобы сготовить пахарю к заре харчи. Григорий думал поработать дней пять, посеять себе и теще, вспахать десятины две под бахчу и подсолнухи, а потом вызвать из сотни отца, чтобы он доканчивал посев. Из трубы куреня вился сиреневый дымок, по базу бегала взматеревшая в девках Дуняшка, собирая сухой хворост на поджижки.",False,,False,,True,937,думать [процесс размышления],процесс размышления,WORD_CORE,WORD,S1,CORE,curated,,думать,думать,YES,same_sentence:Григорий,NARRATOR_ABOUT_HERO,narrative_context;hero_link=YES,HIGH,NARRATOR,,,3,Книга третья,6,Часть шестая
WORD,S1_001,27556,14,14,думать,думал,"Григорий поглядывал на ее округленный стан, на крутые скаты грудей, с грустью и досадой думал: «Эка девнища какая вымахала!","Из трубы куреня вился сиреневый дымок, по базу бегала взматеревшая в девках Дуняшка, собирая сухой хворост на поджижки.","Летит жизня, как резвый конь.","Из трубы куреня вился сиреневый дымок, по базу бегала взматеревшая в девках Дуняшка, собирая сухой хворост на поджижки. Григорий поглядывал на ее округленный стан, на крутые скаты грудей, с грустью и досадой думал: «Эка девнища какая вымахала! Летит жизня, как резвый конь.",False,,False,,True,938,думать [процесс размышления],процесс размышления,WORD_CORE,WORD,S1,CORE,curated,,думать,думать,YES,same_sentence:Григорий,NARRATOR_ABOUT_HERO,narrative_context;hero_link=YES,HIGH,NARRATOR,,,3,Книга третья,6,Часть шестая
WORD,S1_001,27623,5,5,думать,думал,"«Усчастливился ты, брат Петро, помереть… — думал развеселившийся Григорий.","Дарья скрипнула зубами, захохотала и пошла в курень, оглядываясь на смеющегося и смущенного Григория, поблескивая золотыми серьгами.","— Это не Дарья, а распрочерт!","Дарья скрипнула зубами, захохотала и пошла в курень, оглядываясь на смеющегося и смущенного Григория, поблескивая золотыми серьгами. «Усчастливился ты, брат Петро, помереть… — думал развеселившийся Григорий. — Это не Дарья, а распрочерт!",False,,False,,True,939,думать [процесс размышления],процесс размышления,WORD_CORE,WORD,S1,CORE,curated,,думать,думать,YES,same_sentence:Григорий,NARRATOR_ABOUT_HERO,narrative_context;hero_link=YES,HIGH,NARRATOR,,,3,Книга третья,6,Часть шестая
WORD,S1_003,28154,16,16,задуматься,задумался,"В другое время Пантелей Прокофьевич, доглядев, что Григорий разговаривает с Аксиньей вдвоем, наиздальке от людей, не задумался бы потянуть его вдоль спины чем попадя, а в этот момент — растерялся, ничего не сказал и даже виду не подал, что догадался об истинных причинах, понудивших Григория внезапно отложить отъезд.",Дак как его побить-то?»,"И все это — потому, что теперь Григорий был уже не «Гришкой» — взгальным молодым казаком, а командиром дивизии, хотя и без погонов, но «генералом», которому подчинялись тысячи казаков и которого все называли теперь не иначе как Григорием Пантелеевичем.","Дак как его побить-то?» В другое время Пантелей Прокофьевич, доглядев, что Григорий разговаривает с Аксиньей вдвоем, наиздальке от людей, не задумался бы потянуть его вдоль спины чем попадя, а в этот момент — растерялся, ничего не сказал и даже виду не подал, что догадался об истинных причинах, понудивших Григория внезапно отложить отъезд. И все это — потому, что теперь Григорий был уже не «Гришкой» — взгальным молодым казаком, а командиром дивизии, хотя и без погонов, но «генералом», которому подчинялись тысячи казаков и которого все называли теперь не иначе как Григорием Пантелеевичем.",False,,False,,True,952,задуматься [инициация мысли],инициация мысли,WORD_CORE,WORD,S1,CORE,curated,,задуматься,задуматься,YES,same_sentence:Григорий,NARRATOR_ABOUT_HERO,narrative_context;hero_link=YES,HIGH,NARRATOR,,,3,Книга третья,6,Часть шестая
WORD,ALEX_012,28154,38,38,догадаться,догадался,"В другое время Пантелей Прокофьевич, доглядев, что Григорий разговаривает с Аксиньей вдвоем, наиздальке от людей, не задумался бы потянуть его вдоль спины чем попадя, а в этот момент — растерялся, ничего не сказал и даже виду не подал, что догадался об истинных причинах, понудивших Григория внезапно отложить отъезд.",Дак как его побить-то?»,"И все это — потому, что теперь Григорий был уже не «Гришкой» — взгальным молодым казаком, а командиром дивизии, хотя и без погонов, но «генералом», которому подчинялись тысячи казаков и которого все называли теперь не иначе как Григорием Пантелеевичем.","Дак как его побить-то?» В другое время Пантелей Прокофьевич, доглядев, что Григорий разговаривает с Аксиньей вдвоем, наиздальке от людей, не задумался бы потянуть его вдоль спины чем попадя, а в этот момент — растерялся, ничего не сказал и даже виду не подал, что догадался об истинных причинах, понудивших Григория внезапно отложить отъезд. И все это — потому, что теперь Григорий был уже не «Гришкой» — взгальным молодым казаком, а командиром дивизии, хотя и без погонов, но «генералом», которому подчинялись тысячи казаков и которого все называли теперь не иначе как Григорием Пантелеевичем.",False,,False,,True,953,догадаться [понимание / ясность],понимание / ясность,WORD_ALEXANDROVA,WORD,ALEXANDROVA,CORE,dictionary,,догадаться,догадаться,YES,same_sentence:Григорий,NARRATOR_ABOUT_HERO,narrative_context;hero_link=YES,HIGH,NARRATOR,,,3,Книга третья,6,Часть шестая
WORD,S1_001,28181,5,5,думать,думала,"И о чем бы ни думала, что бы ни делала, всегда неизменно, неотрывно в думках своих была около Григория.","Не о нем ли все эти годы вспоминала она ежедневно, ежечасно, в навязчивых мыслях возвращаясь все к нему же?","Так ходит по кругу в чигире слепая лошадь, вращая вокруг оси поливальное колесо…","Не о нем ли все эти годы вспоминала она ежедневно, ежечасно, в навязчивых мыслях возвращаясь все к нему же? И о чем бы ни думала, что бы ни делала, всегда неизменно, неотрывно в думках своих была около Григория. Так ходит по кругу в чигире слепая лошадь, вращая вокруг оси поливальное колесо…",False,,False,,True,956,думать [процесс размышления],процесс размышления,WORD_CORE,WORD,S1,CORE,curated,,думать,думать,YES,same_sentence:Григория,NARRATOR_ABOUT_HERO,narrative_context;hero_link=YES,HIGH,NARRATOR,,,3,Книга третья,6,Часть шестая
WORD,S1_002,28246,13,13,подумать,подумал,"Поведу ее на гумно, завяжу над головою юбку и выпорю, как суку!» — озлобленно подумал Григорий, все это время хмуро принимавший ухаживанья невестки.","«Ежели она мною покойного Петра хочет заменить и зараз что-нибудь скажет про это, — побью!","Но, вылезши из-за стола и закурив, он не спеша пошел к выходу.","«Ежели она мною покойного Петра хочет заменить и зараз что-нибудь скажет про это, — побью! Поведу ее на гумно, завяжу над головою юбку и выпорю, как суку!» — озлобленно подумал Григорий, все это время хмуро принимавший ухаживанья невестки. Но, вылезши из-за стола и закурив, он не спеша пошел к выходу.",False,,False,,True,958,подумать [инициация мысли],инициация мысли,WORD_CORE,WORD,S1,CORE,curated,,подумать,подумать,YES,same_sentence:Григорий,NARRATOR_ABOUT_HERO,narrative_context;hero_link=YES,HIGH,NARRATOR,,,3,Книга третья,6,Часть шестая
WORD,S1_017,28272,16,16,понять,понял,"Заметно было в ней некое колебание, но в глазах посвечивала скрытность, и Григорий так и не понял — поверила или нет.",Наталья больше ни о чем не спросила.,Он наскоро позавтракал.,"Наталья больше ни о чем не спросила. Заметно было в ней некое колебание, но в глазах посвечивала скрытность, и Григорий так и не понял — поверила или нет. Он наскоро позавтракал.",False,,False,,True,959,понять [понимание / ясность],понимание / ясность,WORD_CORE,WORD,S1,CORE,curated,,понять,понять,YES,same_sentence:Григорий,NARRATOR_ABOUT_HERO,narrative_context;hero_link=YES,HIGH,NARRATOR,,,3,Книга третья,6,Часть шестая
WORD,ALEX_012,28295,2,2,догадаться,догадался,"«Битых везут», — догадался Григорий, поглядывая на бычиную подводу.",В верховых узнал Антипа Бреховича и Стремянникова — молодого черненького и бойкого казачишку с верхнего конца хутора.,"Еще не поравнявшись с казаками, спросил:
— Кого везете?","В верховых узнал Антипа Бреховича и Стремянникова — молодого черненького и бойкого казачишку с верхнего конца хутора. «Битых везут», — догадался Григорий, поглядывая на бычиную подводу. Еще не поравнявшись с казаками, спросил:
— Кого везете?",False,,False,,True,962,догадаться [понимание / ясность],понимание / ясность,WORD_ALEXANDROVA,WORD,ALEXANDROVA,CORE,dictionary,,догадаться,догадаться,YES,same_sentence:Григорий,OTHERS_TO_HERO,direct_speech;unknown_speaker;hero_name_in_utterance;speechact=STATEMENT,LOW,UNKNOWN,Григорий,STATEMENT,3,Книга третья,6,Часть шестая
WORD,S1_004,28443,9,9,решить,решил,"Это и было основной целью того наступления, которое Григорий решил предпринять.",Необходимо было с боем добыть их.,К вечеру в Каргинскую было стянуто три полка конницы и полк пехоты.,"Необходимо было с боем добыть их. Это и было основной целью того наступления, которое Григорий решил предпринять. К вечеру в Каргинскую было стянуто три полка конницы и полк пехоты.",False,,False,,True,964,решить [решение],решение,WORD_CORE,WORD,S1,CORE,curated,,решить,решить,YES,same_sentence:Григорий,NARRATOR_ABOUT_HERO,narrative_context;hero_link=YES,HIGH,NARRATOR,,,3,Книга третья,6,Часть шестая
WORD,S1_001,28488,10,10,думать,думал,"Кровь легла промеж нас, но ить не чужие ж мы?!» — думал Григорий, бешено охаживая коня плетью, намётом спускаясь с бугра.",Выручить…,"LII
Как только повстанческие сотни вошли в Усть-Хоперскую и окружили митинговавших сердобцев, командир 6-й бригады Богатырев с Вороновским и Волковым удалились на совещание.","Выручить… Кровь легла промеж нас, но ить не чужие ж мы?!» — думал Григорий, бешено охаживая коня плетью, намётом спускаясь с бугра. LII
Как только повстанческие сотни вошли в Усть-Хоперскую и окружили митинговавших сердобцев, командир 6-й бригады Богатырев с Вороновским и Волковым удалились на совещание.",False,,False,,True,966,думать [процесс размышления],процесс размышления,WORD_CORE,WORD,S1,CORE,curated,,думать,думать,YES,same_sentence:Григорий,NARRATOR_ABOUT_HERO,narrative_context;hero_link=YES,HIGH,NARRATOR,,,3,Книга третья,6,Часть шестая
WORD,S1_017,28971,13,13,понять,понял,"Белки Дуняшкиных глаз сверкнули слезами, и по страху, застывшему в ее зрачках, Григорий понял, что он не ослышался.","— Чего ты мелешь? — испуганно хватая сестру за ворот расшитой рубахи, вскричал Григорий.",— А Мишка Кошевой?,"— Чего ты мелешь? — испуганно хватая сестру за ворот расшитой рубахи, вскричал Григорий. Белки Дуняшкиных глаз сверкнули слезами, и по страху, застывшему в ее зрачках, Григорий понял, что он не ослышался. — А Мишка Кошевой?",False,,False,,True,992,понять [понимание / ясность],понимание / ясность,WORD_CORE,WORD,S1,CORE,curated,,понять,понять,YES,same_sentence:Григорий,NARRATOR_ABOUT_HERO,narrative_context;hero_link=YES,HIGH,NARRATOR,,,3,Книга третья,6,Часть шестая
WORD,S1_004,29055,3,3,решить,решил,"Воспользовавшись этим, Григорий решил обыденкой съездить в Вешенскую, так как Кудинов неотступно просил его приехать на совещание.",Казанцы на некоторое время задержали наступление шедшей напролом 33-й Кубанской дивизии.,"LVIII
В Вешенскую он прибыл рано утром.","Казанцы на некоторое время задержали наступление шедшей напролом 33-й Кубанской дивизии. Воспользовавшись этим, Григорий решил обыденкой съездить в Вешенскую, так как Кудинов неотступно просил его приехать на совещание. LVIII
В Вешенскую он прибыл рано утром.",False,,False,,True,995,решить [решение],решение,WORD_CORE,WORD,S1,CORE,curated,,решить,решить,YES,same_sentence:Григорий,NARRATOR_ABOUT_HERO,narrative_context;hero_link=YES,HIGH,NARRATOR,,,3,Книга третья,6,Часть шестая
WORD,S1_014,29102,13,13,вспомнить,вспомнив,"— С кем это ты совет держал, с князем, что ли? — перебил его Григорий, вспомнив совещание, происходившее в этой же комнате зимой, и подполковника-кавказца.","Кудинов развернул карту; все так же не глядя в глаза Григорию, сказал:
— Мы тут без тебя держали совет и порешили…","Кудинов нахмурился, потускнел.","Кудинов развернул карту; все так же не глядя в глаза Григорию, сказал:
— Мы тут без тебя держали совет и порешили… — С кем это ты совет держал, с князем, что ли? — перебил его Григорий, вспомнив совещание, происходившее в этой же комнате зимой, и подполковника-кавказца. Кудинов нахмурился, потускнел.",False,,False,,True,998,вспомнить [память / воспоминание],память / воспоминание,WORD_CORE,WORD,S1,CORE,curated,,вспомнить,вспомнить,YES,same_sentence:Григорий,OTHERS_TO_HERO,direct_speech;unknown_speaker;hero_name_in_utterance;speechact=STATEMENT,LOW,UNKNOWN,Григорий,STATEMENT,3,Книга третья,6,Часть шестая
WORD,S1_004,29324,11,11,решить,решил,"Прохора что-то не потянуло ехать туда, где возгорался бой, и он решил добраться до Базков, там обождать, пока к Дону подойдет Григорий со своей 1-й дивизией.","Но орудийный гул, глухо докатываясь до Обдонья, звучал еще как будто где-то по Чиру.","Всю дорогу до самого Громка Прохор ехал, обгоняемый подводами беженцев.","Но орудийный гул, глухо докатываясь до Обдонья, звучал еще как будто где-то по Чиру. Прохора что-то не потянуло ехать туда, где возгорался бой, и он решил добраться до Базков, там обождать, пока к Дону подойдет Григорий со своей 1-й дивизией. Всю дорогу до самого Громка Прохор ехал, обгоняемый подводами беженцев.",False,,False,,True,1006,решить [решение],решение,WORD_CORE,WORD,S1,CORE,curated,,решить,решить,YES,same_sentence:Григорий,NARRATOR_ABOUT_HERO,narrative_context;hero_link=YES,HIGH,NARRATOR,,,3,Книга третья,6,Часть шестая
WORD,S1_004,29965,27,27,решить,решил,"Можно было дождаться вечерних сумерек, чтобы пересечь ровное полотнище луга затемно, но Григорий, не любивший ожидания, всегда говаривавший, что «хуже всего на свете — это дожидаться и догонять», решил ехать сейчас же.",Ехать к траншеям лугом — значило подвергнуться обстрелу.,"«Ахну намётом во всю конскую резвость, небось не попадут!» — подумал он, выезжая из кустов.","Ехать к траншеям лугом — значило подвергнуться обстрелу. Можно было дождаться вечерних сумерек, чтобы пересечь ровное полотнище луга затемно, но Григорий, не любивший ожидания, всегда говаривавший, что «хуже всего на свете — это дожидаться и догонять», решил ехать сейчас же. «Ахну намётом во всю конскую резвость, небось не попадут!» — подумал он, выезжая из кустов.",False,,False,,True,1018,решить [решение],решение,WORD_CORE,WORD,S1,CORE,curated,,решить,решить,YES,same_sentence:Григорий,OTHERS_TO_HERO,direct_speech;unknown_speaker;hero_name_in_utterance;speechact=STATEMENT,LOW,UNKNOWN,Григорий,STATEMENT,3,Книга третья,6,Часть шестая
WORD,S1_002,29975,2,2,подумать,подумал,"«Увышал, дядя!» — подумал Григорий, стискивая конские бока, пуская поводья, касаясь щекой вихрившейся под встречным ветром конской гривы.",Тью!» — по-сурчиному засвистали пули.,"И, словно угадав его мысль, красный пулеметчик, лежавший за зеленым щитком станкового пулемета где-то на беломысом бугре, взял прицел с упреждением, резанул струею пулеметного огня ниже, и уже под передними копытами коня смачно зачмокали, по-змеиному зашипели накаленные в полете пули.","Тью!» — по-сурчиному засвистали пули. «Увышал, дядя!» — подумал Григорий, стискивая конские бока, пуская поводья, касаясь щекой вихрившейся под встречным ветром конской гривы. И, словно угадав его мысль, красный пулеметчик, лежавший за зеленым щитком станкового пулемета где-то на беломысом бугре, взял прицел с упреждением, резанул струею пулеметного огня ниже, и уже под передними копытами коня смачно зачмокали, по-змеиному зашипели накаленные в полете пули.",False,,False,,True,1020,подумать [инициация мысли],инициация мысли,WORD_CORE,WORD,S1,CORE,curated,,подумать,подумать,YES,same_sentence:Григорий,HERO_DIRECT_SPEECH,direct_speech;speech_verb_after_quote:Григорий,HIGH,Григорий,,,3,Книга третья,6,Часть шестая
WORD,S1_007,30379,3,3,раздумывать,раздумывая,"Польщенный Григорий, не раздумывая, согласился:
— Поведу, конечно!","С переправой можно так засыпаться, что ни один не возвернется!","— Мы тут плановали и надумали так, — оживленно заговорил Кудинов, встав с табурета, расхаживая по скрипучим половицам горницы.","С переправой можно так засыпаться, что ни один не возвернется! Польщенный Григорий, не раздумывая, согласился:
— Поведу, конечно! — Мы тут плановали и надумали так, — оживленно заговорил Кудинов, встав с табурета, расхаживая по скрипучим половицам горницы.",False,,False,,True,1028,раздумывать [процесс размышления],процесс размышления,WORD_CORE,WORD,S1,CORE,curated,,раздумывать,раздумывать,YES,same_sentence:Григорий,NARRATOR_ABOUT_HERO,narrative_context;hero_link=YES,HIGH,NARRATOR,,,3,Книга третья,6,Часть шестая
PHRASE,PHR_635,30400,0,3,ты понять,Ты не так понял,"— Ты не так понял, Мелехов!",— …Плюю!,— Все я понял!,"— …Плюю! — Ты не так понял, Мелехов! — Все я понял!",False,,False,,True,1030,ты пойми [побуждение к мышлению],побуждение к мышлению,UNDERSTAND,PHRASE,PHRASE,CORE,manual_expanded,,ты пойми,ты понять,YES,same_sentence:Мелехов,OTHERS_TO_HERO,direct_speech;unknown_speaker;hero_name_in_utterance;speechact=STATEMENT,LOW,UNKNOWN,Мелехов,STATEMENT,3,Книга третья,6,Часть шестая
WORD,S1_017,30400,3,3,понять,понял,"— Ты не так понял, Мелехов!",— …Плюю!,— Все я понял!,"— …Плюю! — Ты не так понял, Мелехов! — Все я понял!",True,PHR_635,False,,False,1031,понять [понимание / ясность],понимание / ясность,WORD_CORE,WORD,S1,CORE,curated,,понять,понять,YES,same_sentence:Мелехов,OTHERS_TO_HERO,direct_speech;unknown_speaker;hero_name_in_utterance;speechact=STATEMENT,LOW,UNKNOWN,Мелехов,STATEMENT,3,Книга третья,6,Часть шестая
WORD,S1_002,30414,2,2,подумать,подумал,"А ты подумал, что я это сурьезно? — изворачивался Кудинов и смеялся так натурально, что у Григория на миг даже ворохнулась мыслишка: «А может, он и на самом деле дурковал?»","Ить я-то знаю, что ты недоделанный большевик и чины всякие не любишь.","— Нет, это ты… х-х-хо-хо-хо!.. по-го-ря-чился, браток!","Ить я-то знаю, что ты недоделанный большевик и чины всякие не любишь. А ты подумал, что я это сурьезно? — изворачивался Кудинов и смеялся так натурально, что у Григория на миг даже ворохнулась мыслишка: «А может, он и на самом деле дурковал?» — Нет, это ты… х-х-хо-хо-хо!.. по-го-ря-чился, браток!",False,,False,,True,1036,подумать [инициация мысли],инициация мысли,WORD_CORE,WORD,S1,CORE,curated,,подумать,подумать,YES,same_sentence:Григория,OTHERS_TO_HERO,direct_speech;unknown_speaker;hero_name_in_utterance;speechact=STATEMENT,LOW,UNKNOWN,Григория,STATEMENT,3,Книга третья,6,Часть шестая
WORD,S1_001,30817,1,1,думать,думала,"Неотвязно думала о Григории, об их последней размолвке, предшествовавшей поездке его в сотню.","Согнутой в локте полной и смуглой рукой она проводила по лицу, отгоняя комаров.","«Может, он зараз уже ищет меня?","Согнутой в локте полной и смуглой рукой она проводила по лицу, отгоняя комаров. Неотвязно думала о Григории, об их последней размолвке, предшествовавшей поездке его в сотню. «Может, он зараз уже ищет меня?",False,,False,,True,1050,думать [процесс размышления],процесс размышления,WORD_CORE,WORD,S1,CORE,curated,,думать,думать,YES,same_sentence:Григории,NARRATOR_ABOUT_HERO,narrative_context;hero_link=YES,HIGH,NARRATOR,,,4,Книга четвертая,7,Часть седьмая
WORD,S1_004,30819,7,7,решить,решила,"Нынче же ночью вернусь в станицу!» — бесповоротно решила Аксинья и улыбнулась своим мыслям о том, как она встретится с Григорием и каким скорым будет примирение.","«Может, он зараз уже ищет меня?","И диковинно: последнее время, думая о Григории, она почему-то не представляла его внешнего облика таким, каким он был на самом деле.","«Может, он зараз уже ищет меня? Нынче же ночью вернусь в станицу!» — бесповоротно решила Аксинья и улыбнулась своим мыслям о том, как она встретится с Григорием и каким скорым будет примирение. И диковинно: последнее время, думая о Григории, она почему-то не представляла его внешнего облика таким, каким он был на самом деле.",False,,False,,True,1051,решить [решение],решение,WORD_CORE,WORD,S1,CORE,curated,,решить,решить,YES,same_sentence:Григорием,NARRATOR_ABOUT_HERO,narrative_context;hero_link=YES,HIGH,NARRATOR,,,4,Книга четвертая,7,Часть седьмая
WORD,S1_011,30819,12,12,мысль,мыслям,"Нынче же ночью вернусь в станицу!» — бесповоротно решила Аксинья и улыбнулась своим мыслям о том, как она встретится с Григорием и каким скорым будет примирение.","«Может, он зараз уже ищет меня?","И диковинно: последнее время, думая о Григории, она почему-то не представляла его внешнего облика таким, каким он был на самом деле.","«Может, он зараз уже ищет меня? Нынче же ночью вернусь в станицу!» — бесповоротно решила Аксинья и улыбнулась своим мыслям о том, как она встретится с Григорием и каким скорым будет примирение. И диковинно: последнее время, думая о Григории, она почему-то не представляла его внешнего облика таким, каким он был на самом деле.",False,,False,,True,1052,мысль [мысленный акт/реплика],мысленный акт/реплика,WORD_CORE,WORD,S1,CORE,curated,,мысль,мысль,YES,same_sentence:Григорием,NARRATOR_ABOUT_HERO,narrative_context;hero_link=YES,HIGH,NARRATOR,,,4,Книга четвертая,7,Часть седьмая
WORD,S1_001,30820,4,4,думать,думая,"И диковинно: последнее время, думая о Григории, она почему-то не представляла его внешнего облика таким, каким он был на самом деле.","Нынче же ночью вернусь в станицу!» — бесповоротно решила Аксинья и улыбнулась своим мыслям о том, как она встретится с Григорием и каким скорым будет примирение.","Перед глазами ее возникал не теперешний Григорий, большой, мужественный, поживший и много испытавший казачина с усталым прижмуром глаз, с порыжелыми кончиками черных усов, с преждевременной сединой на висках и жесткими морщинами на лбу — неистребимыми следами пережитых за годы войны лишений, — а тот прежний Гришка Мелехов, по-юношески грубоватый и неумелый в ласках, с юношески круглой и тонкой шеей и беспечным складом постоянно улыбающихся губ.","Нынче же ночью вернусь в станицу!» — бесповоротно решила Аксинья и улыбнулась своим мыслям о том, как она встретится с Григорием и каким скорым будет примирение. И диковинно: последнее время, думая о Григории, она почему-то не представляла его внешнего облика таким, каким он был на самом деле. Перед глазами ее возникал не теперешний Григорий, большой, мужественный, поживший и много испытавший казачина с усталым прижмуром глаз, с порыжелыми кончиками черных усов, с преждевременной сединой на висках и жесткими морщинами на лбу — неистребимыми следами пережитых за годы войны лишений, — а тот прежний Гришка Мелехов, по-юношески грубоватый и неумелый в ласках, с юношески круглой и тонкой шеей и беспечным складом постоянно улыбающихся губ.",False,,False,,True,1053,думать [процесс размышления],процесс размышления,WORD_CORE,WORD,S1,CORE,curated,,думать,думать,YES,same_sentence:Григории,NARRATOR_ABOUT_HERO,narrative_context;hero_link=YES,HIGH,NARRATOR,,,4,Книга четвертая,7,Часть седьмая
WORD,S1_002,31216,4,4,подумать,подумал,"Чем черт не шутит», — подумал Григорий и не спеша повернул домой.",«А и в самом деле могут накинуть.,"В этот день Кудинов, обойдя приглашением Мелехова, созвал в штабе строго секретное совещание.","«А и в самом деле могут накинуть. Чем черт не шутит», — подумал Григорий и не спеша повернул домой. В этот день Кудинов, обойдя приглашением Мелехова, созвал в штабе строго секретное совещание.",False,,False,,True,1068,подумать [инициация мысли],инициация мысли,WORD_CORE,WORD,S1,CORE,curated,,подумать,подумать,YES,same_sentence:Григорий,NARRATOR_ABOUT_HERO,narrative_context;hero_link=YES,HIGH,NARRATOR,,,4,Книга четвертая,7,Часть седьмая
WORD,S1_002,31606,9,9,подумать,подумал,"«Будто в плен сдаются!» — с тревогой и неосознанной тоской подумал Григорий, глядя, как медленно, как бы нехотя, спускается колонна в суходол, а навстречу ей прямо по зеленям на рысях идет конная группа секретевцев.","Кликнув Прохора, Григорий повернул в сторону Ягодного и, когда отъехал с полверсты, увидел, как над головной сотней взвилось и заполоскалось по ветру белое полотнище, предусмотрительно захваченное кем-то из казаков.","Грустью и запустением пахнуло на Григория, когда через поваленные ворота въехал он на заросший лебедою двор имения.","Кликнув Прохора, Григорий повернул в сторону Ягодного и, когда отъехал с полверсты, увидел, как над головной сотней взвилось и заполоскалось по ветру белое полотнище, предусмотрительно захваченное кем-то из казаков. «Будто в плен сдаются!» — с тревогой и неосознанной тоской подумал Григорий, глядя, как медленно, как бы нехотя, спускается колонна в суходол, а навстречу ей прямо по зеленям на рысях идет конная группа секретевцев. Грустью и запустением пахнуло на Григория, когда через поваленные ворота въехал он на заросший лебедою двор имения.",False,,False,,True,1078,подумать [инициация мысли],инициация мысли,WORD_CORE,WORD,S1,CORE,curated,,подумать,подумать,YES,same_sentence:Григорий,HERO_DIRECT_SPEECH,direct_speech;speech_verb_after_quote:Григорий,HIGH,Григорий,,,4,Книга четвертая,7,Часть седьмая
WORD,S1_002,31850,3,3,подумать,подумал,"Должно, из добровольцев», — подумал Григорий.",«Какой-то идейный.,"Пил войсковой старшина, как лошадь.","«Какой-то идейный. Должно, из добровольцев», — подумал Григорий. Пил войсковой старшина, как лошадь.",False,,False,,True,1084,подумать [инициация мысли],инициация мысли,WORD_CORE,WORD,S1,CORE,curated,,подумать,подумать,YES,same_sentence:Григорий,NARRATOR_ABOUT_HERO,narrative_context;hero_link=YES,HIGH,NARRATOR,,,4,Книга четвертая,7,Часть седьмая
WORD,S1_002,31881,9,9,подумать,подумал,«Ну и мы вам послужим постольку-поскольку!» — с холодным бешенством подумал опьяневший Григорий и встал.,"Пусть это зарубят себе на носу все, кто переметнулся осенью к красным…","Не надевая фуражки, вышел на крыльцо, с облегчением, всей грудью вдохнул свежий ночной воздух.","Пусть это зарубят себе на носу все, кто переметнулся осенью к красным… «Ну и мы вам послужим постольку-поскольку!» — с холодным бешенством подумал опьяневший Григорий и встал. Не надевая фуражки, вышел на крыльцо, с облегчением, всей грудью вдохнул свежий ночной воздух.",False,,False,,True,1085,подумать [инициация мысли],инициация мысли,WORD_CORE,WORD,S1,CORE,curated,,подумать,подумать,YES,same_sentence:Григорий,OTHERS_TO_HERO,direct_speech;unknown_speaker;hero_name_in_utterance;speechact=STATEMENT,LOW,UNKNOWN,Григорий,STATEMENT,4,Книга четвертая,7,Часть седьмая
WORD,S1_001,31894,7,7,думать,думал,"Отвыкли козырять да тянуться перед их благородиями», — думал Григорий, сходя с крыльца и ощупью пробираясь к калитке.",То-то казаки теперь носами закрутят!,"Спирт подействовал и на него: кружилась голова, движения обретали неуверенную тяжеловесность.","То-то казаки теперь носами закрутят! Отвыкли козырять да тянуться перед их благородиями», — думал Григорий, сходя с крыльца и ощупью пробираясь к калитке. Спирт подействовал и на него: кружилась голова, движения обретали неуверенную тяжеловесность.",False,,False,,True,1087,думать [процесс размышления],процесс размышления,WORD_CORE,WORD,S1,CORE,curated,,думать,думать,YES,same_sentence:Григорий,NARRATOR_ABOUT_HERO,narrative_context;hero_link=YES,HIGH,NARRATOR,,,4,Книга четвертая,7,Часть седьмая
PHRASE,PHR_080,32047,2,4,решить идти,решил не идти,"Поразмыслив, Григорий решил не идти, чтобы дать Степану высказаться.",Потом вошел Прохор.,"— Пойди туда и скажи, что не нашел меня.","Потом вошел Прохор. Поразмыслив, Григорий решил не идти, чтобы дать Степану высказаться. — Пойди туда и скажи, что не нашел меня.",False,,False,,True,1090,решил идти [решение / намерение],решение / намерение,DECIDE,PHRASE,PHRASE,CORE,manual_existing,,решил идти,решить идти,YES,same_sentence:Григорий,NARRATOR_ABOUT_HERO,narrative_context;hero_link=YES,HIGH,NARRATOR,,,4,Книга четвертая,7,Часть седьмая
WORD,S1_004,32047,2,2,решить,решил,"Поразмыслив, Григорий решил не идти, чтобы дать Степану высказаться.",Потом вошел Прохор.,"— Пойди туда и скажи, что не нашел меня.","Потом вошел Прохор. Поразмыслив, Григорий решил не идти, чтобы дать Степану высказаться. — Пойди туда и скажи, что не нашел меня.",True,PHR_080,False,,False,1091,решить [решение],решение,WORD_CORE,WORD,S1,CORE,curated,,решить,решить,YES,same_sentence:Григорий,NARRATOR_ABOUT_HERO,narrative_context;hero_link=YES,HIGH,NARRATOR,,,4,Книга четвертая,7,Часть седьмая
WORD,S1_017,32082,19,19,понять,понял,"А Наталья молча обнимала своего единственного, прижималась к нему всем телом, и по тому, как вздрагивали ее плечи, Григорий понял, что она плачет.","При виде Григория заспанные глаза ее вспыхнули таким ярким брызжущим светом радости, что у Григория дрогнуло сердце и мгновенно и неожиданно увлажнились глаза.","Он вошел в дом, перецеловал стариков и спавших в горнице детишек, стал посреди кухни.","При виде Григория заспанные глаза ее вспыхнули таким ярким брызжущим светом радости, что у Григория дрогнуло сердце и мгновенно и неожиданно увлажнились глаза. А Наталья молча обнимала своего единственного, прижималась к нему всем телом, и по тому, как вздрагивали ее плечи, Григорий понял, что она плачет. Он вошел в дом, перецеловал стариков и спавших в горнице детишек, стал посреди кухни.",False,,False,,True,1096,понять [понимание / ясность],понимание / ясность,WORD_CORE,WORD,S1,CORE,curated,,понять,понять,YES,same_sentence:Григорий,NARRATOR_ABOUT_HERO,narrative_context;hero_link=YES,HIGH,NARRATOR,,,4,Книга четвертая,7,Часть седьмая
WORD,S1_001,32200,8,8,думать,думать,И Григорий правильно сказал: об таком подлеце будешь думать — так тебя и убить мало!,Отцовским словом тебе говорю!,Нашла присуху!,Отцовским словом тебе говорю! И Григорий правильно сказал: об таком подлеце будешь думать — так тебя и убить мало! Нашла присуху!,False,,False,,True,1103,думать [процесс размышления],процесс размышления,WORD_CORE,WORD,S1,CORE,curated,,думать,думать,YES,same_sentence:Григорий,NARRATOR_ABOUT_HERO,narrative_context;hero_link=YES,HIGH,NARRATOR,,,4,Книга четвертая,7,Часть седьмая
WORD,S1_003,32328,2,2,задуматься,задумавшись,"Григорий молчал, задумавшись.","Маманя рассказывала: как только застреляли в хуторе, он прямо со стойла переплыл Дон, в луке и спасался все время.",Почему у нее такие печальные глаза?,"Маманя рассказывала: как только застреляли в хуторе, он прямо со стойла переплыл Дон, в луке и спасался все время. Григорий молчал, задумавшись. Почему у нее такие печальные глаза?",False,,False,,True,1106,задуматься [инициация мысли],инициация мысли,WORD_CORE,WORD,S1,CORE,curated,,задуматься,задуматься,YES,same_sentence:Григорий,NARRATOR_ABOUT_HERO,narrative_context;hero_link=YES,HIGH,NARRATOR,,,4,Книга четвертая,7,Часть седьмая
WORD,S1_002,32507,1,1,подумать,подумал,"Григорий подумал, что в комнатах никого нет, но, войдя в коридор, услышал глухой оживленный говор.","В доме, занятом под штаб, ставни были наглухо закрыты.","После ночной темноты свет большой лампы, висевшей в горнице под потолком, ослепил его, в ноздри ударил густой и горький запах махорочного дыма.","В доме, занятом под штаб, ставни были наглухо закрыты. Григорий подумал, что в комнатах никого нет, но, войдя в коридор, услышал глухой оживленный говор. После ночной темноты свет большой лампы, висевшей в горнице под потолком, ослепил его, в ноздри ударил густой и горький запах махорочного дыма.",False,,False,,True,1113,подумать [инициация мысли],инициация мысли,WORD_CORE,WORD,S1,CORE,curated,,подумать,подумать,YES,same_sentence:Григорий,NARRATOR_ABOUT_HERO,narrative_context;hero_link=YES,HIGH,NARRATOR,,,4,Книга четвертая,7,Часть седьмая
WORD,S1_001,32575,27,27,думать,думал,"Григорий вначале относился к новому начальнику штаба не без предвзятости, но за два месяца узнал его ближе и однажды после боя сказал напрямик: «Я о тебе погано думал, Копылов, зараз вижу, что ошибался, так ты вот чего, извиняй уж как-нибудь».","Он так же добросовестно просиживал в штабе над разработкой операций, как когда-то над исправлением ученических тетрадей, однако, в случае необходимости, по первому слову Григория бросал штаб, садился на коня и, приняв командование полком, вел его в бой.","Копылов улыбнулся, промолчал, но грубоватым этим признанием был очевидно польщен.","Он так же добросовестно просиживал в штабе над разработкой операций, как когда-то над исправлением ученических тетрадей, однако, в случае необходимости, по первому слову Григория бросал штаб, садился на коня и, приняв командование полком, вел его в бой. Григорий вначале относился к новому начальнику штаба не без предвзятости, но за два месяца узнал его ближе и однажды после боя сказал напрямик: «Я о тебе погано думал, Копылов, зараз вижу, что ошибался, так ты вот чего, извиняй уж как-нибудь». Копылов улыбнулся, промолчал, но грубоватым этим признанием был очевидно польщен.",False,,False,,True,1114,думать [процесс размышления],процесс размышления,WORD_CORE,WORD,S1,CORE,curated,,думать,думать,YES,same_sentence:Григорий,OTHERS_TO_HERO,direct_speech;unknown_speaker;hero_name_in_utterance;speechact=STATEMENT,LOW,UNKNOWN,Григорий,STATEMENT,4,Книга четвертая,7,Часть седьмая
PHRASE,PHR_038,32626,6,7,мысленно повторить,мысленно повторил,"Надоела ты нам, службица, надоскучила», — улыбаясь, мысленно повторил Григорий и тотчас заснул.",«Все об этом гутарют…,"И как только заснул — увидел сон, снившийся ему и прежде: по бурому полю, по высокой стерне идут цепи красноармейцев.","«Все об этом гутарют… Надоела ты нам, службица, надоскучила», — улыбаясь, мысленно повторил Григорий и тотчас заснул. И как только заснул — увидел сон, снившийся ему и прежде: по бурому полю, по высокой стерне идут цепи красноармейцев.",False,,False,,True,1123,мысленно повторил [внутренняя речь],внутренняя речь,INNER_SPEECH,PHRASE,PHRASE,EXTENDED,manual_existing,,мысленно повторил,мысленно повторить,YES,same_sentence:Григорий,HERO_INNER_SPEECH,inner_speech_marker;hero_link=YES,HIGH,HERO_PROBABLE,,,4,Книга четвертая,7,Часть седьмая
WORD,S1_012,32626,6,6,мысленно,мысленно,"Надоела ты нам, службица, надоскучила», — улыбаясь, мысленно повторил Григорий и тотчас заснул.",«Все об этом гутарют…,"И как только заснул — увидел сон, снившийся ему и прежде: по бурому полю, по высокой стерне идут цепи красноармейцев.","«Все об этом гутарют… Надоела ты нам, службица, надоскучила», — улыбаясь, мысленно повторил Григорий и тотчас заснул. И как только заснул — увидел сон, снившийся ему и прежде: по бурому полю, по высокой стерне идут цепи красноармейцев.",True,PHR_038,False,,False,1124,мысленно [мысленный акт/реплика],мысленный акт/реплика,WORD_CORE,WORD,S1,CORE,curated,,мысленно,мысленно,YES,same_sentence:Григорий,HERO_INNER_SPEECH,inner_speech_marker;hero_link=YES,HIGH,HERO_PROBABLE,,,4,Книга четвертая,7,Часть седьмая
WORD,S1_010,32643,31,31,колебаться,колеблющееся,"Какой-то миг Григорий рассматривает подбегающего врага, видит его блестящие глаза и бледные щеки, поросшие молодой курчавой бородкой, видит короткие широкие голенища сапог, черный глазок чуть опущенного винтовочного дула и над ним колеблющееся в такт бега острие темного штыка.","Он бежит легко, почти не касаясь ногами земли, брови его сдвинуты, шапка на затылке, полы шинели подоткнуты.",Непостижимый страх охватывает Григория.,"Он бежит легко, почти не касаясь ногами земли, брови его сдвинуты, шапка на затылке, полы шинели подоткнуты. Какой-то миг Григорий рассматривает подбегающего врага, видит его блестящие глаза и бледные щеки, поросшие молодой курчавой бородкой, видит короткие широкие голенища сапог, черный глазок чуть опущенного винтовочного дула и над ним колеблющееся в такт бега острие темного штыка. Непостижимый страх охватывает Григория.",False,,False,,True,1125,колебаться [сомнение / колебание],сомнение / колебание,WORD_CORE,WORD,S1,CORE,curated,,колебаться,колебаться,YES,same_sentence:Григорий,NARRATOR_ABOUT_HERO,narrative_context;hero_link=YES,HIGH,NARRATOR,,,4,Книга четвертая,7,Часть седьмая
WORD,S1_002,32669,8,8,подумать,подумал,"Григорий критически осмотрел его с ног до головы, подумал: «Ишь как выщелкнулся!",Но во всем его облике была видна какая-то ранее несвойственная ему щеголеватая подтянутость.,Не хочет к генералу явиться абы в чем!..»,"Но во всем его облике была видна какая-то ранее несвойственная ему щеголеватая подтянутость. Григорий критически осмотрел его с ног до головы, подумал: «Ишь как выщелкнулся! Не хочет к генералу явиться абы в чем!..»",False,,False,,True,1130,подумать [инициация мысли],инициация мысли,WORD_CORE,WORD,S1,CORE,curated,,подумать,подумать,YES,same_sentence:Григорий,NARRATOR_ABOUT_HERO,narrative_context;hero_link=YES,HIGH,NARRATOR,,,4,Книга четвертая,7,Часть седьмая
WORD,S1_017,32706,3,3,понять,понять,"— Не хотят они понять того, что все старое рухнулось к едреной бабушке! — уже тише сказал Григорий.",На смуглом лице его резко белел не тронутый загаром лоб.,"— Они думают, что мы из другого теста деланные, что неученый человек, какой из простых, вроде скотины.","На смуглом лице его резко белел не тронутый загаром лоб. — Не хотят они понять того, что все старое рухнулось к едреной бабушке! — уже тише сказал Григорий. — Они думают, что мы из другого теста деланные, что неученый человек, какой из простых, вроде скотины.",False,,False,,True,1133,понять [понимание / ясность],понимание / ясность,WORD_CORE,WORD,S1,CORE,curated,,понять,понять,YES,same_sentence:Григорий,HERO_DIRECT_SPEECH,direct_speech;speech_verb_after_quote:Григорий,HIGH,Григорий,,,4,Книга четвертая,7,Часть седьмая
PHRASE,PHR_635,32735,12,13,ты понять,тебя понять,"Но я вот давно к тебе приглядываюсь, Григорий Пантелеевич, и не могу тебя понять…",В числе этих усмирителей и мы с тобой.,— Потом поймешь.,"В числе этих усмирителей и мы с тобой. Но я вот давно к тебе приглядываюсь, Григорий Пантелеевич, и не могу тебя понять… — Потом поймешь.",False,,False,,True,1136,ты пойми [побуждение к мышлению],побуждение к мышлению,UNDERSTAND,PHRASE,PHRASE,CORE,manual_expanded,,ты пойми,ты понять,YES,same_sentence:Григорий,NARRATOR_ABOUT_HERO,narrative_context;hero_link=YES,HIGH,NARRATOR,,,4,Книга четвертая,7,Часть седьмая
WORD,S1_017,32735,13,13,понять,понять,"Но я вот давно к тебе приглядываюсь, Григорий Пантелеевич, и не могу тебя понять…",В числе этих усмирителей и мы с тобой.,— Потом поймешь.,"В числе этих усмирителей и мы с тобой. Но я вот давно к тебе приглядываюсь, Григорий Пантелеевич, и не могу тебя понять… — Потом поймешь.",True,PHR_635,False,,False,1137,понять [понимание / ясность],понимание / ясность,WORD_CORE,WORD,S1,CORE,curated,,понять,понять,YES,same_sentence:Григорий,NARRATOR_ABOUT_HERO,narrative_context;hero_link=YES,HIGH,NARRATOR,,,4,Книга четвертая,7,Часть седьмая
PHRASE,PHR_635,32764,20,22,ты понять,ты не поймешь,"Прохор и трое остальных ординарцев приотстали, и Григорий, ехавший рядом с Копыловым, продолжая начатый разговор, насмешливо спросил:
— Ну так чего ты не поймешь?","Езжай пять шагов сзади! — приказал Григорий, выезжая из ворот.","Может, я тебе растолкую?","Езжай пять шагов сзади! — приказал Григорий, выезжая из ворот. Прохор и трое остальных ординарцев приотстали, и Григорий, ехавший рядом с Копыловым, продолжая начатый разговор, насмешливо спросил:
— Ну так чего ты не поймешь? Может, я тебе растолкую?",False,,False,,True,1139,ты пойми [побуждение к мышлению],побуждение к мышлению,UNDERSTAND,PHRASE,PHRASE,CORE,manual_expanded,,ты пойми,ты понять,YES,same_sentence:Григорий,NARRATOR_ABOUT_HERO,narrative_context;hero_link=YES,HIGH,NARRATOR,,,4,Книга четвертая,7,Часть седьмая
WORD,S1_017,32764,22,22,понять,поймешь,"Прохор и трое остальных ординарцев приотстали, и Григорий, ехавший рядом с Копыловым, продолжая начатый разговор, насмешливо спросил:
— Ну так чего ты не поймешь?","Езжай пять шагов сзади! — приказал Григорий, выезжая из ворот.","Может, я тебе растолкую?","Езжай пять шагов сзади! — приказал Григорий, выезжая из ворот. Прохор и трое остальных ординарцев приотстали, и Григорий, ехавший рядом с Копыловым, продолжая начатый разговор, насмешливо спросил:
— Ну так чего ты не поймешь? Может, я тебе растолкую?",True,PHR_635,False,,False,1140,понять [понимание / ясность],понимание / ясность,WORD_CORE,WORD,S1,CORE,curated,,понять,понять,YES,same_sentence:Григорий,NARRATOR_ABOUT_HERO,narrative_context;hero_link=YES,HIGH,NARRATOR,,,4,Книга четвертая,7,Часть седьмая
WORD,S1_007,32992,9,9,раздумывать,раздумывая,"Григорий не нашелся что ответить, долго ехал молча, мучительно раздумывая, потом сказал, и в голосе его зазвучала нескрываемая досада:
— Вот вы, ученые люди, всегда так…","— А этих, по-твоему, силою сюда тянули?","Скидок наделаете, как зайцы на снегу!","— А этих, по-твоему, силою сюда тянули? Григорий не нашелся что ответить, долго ехал молча, мучительно раздумывая, потом сказал, и в голосе его зазвучала нескрываемая досада:
— Вот вы, ученые люди, всегда так… Скидок наделаете, как зайцы на снегу!",False,,False,,True,1151,раздумывать [процесс размышления],процесс размышления,WORD_CORE,WORD,S1,CORE,curated,,раздумывать,раздумывать,YES,same_sentence:Григорий,NARRATOR_ABOUT_HERO,narrative_context;hero_link=YES,HIGH,NARRATOR,,,4,Книга четвертая,7,Часть седьмая
WORD,S1_001,33063,10,10,думать,думая,"Григорий провожал глазами бесстрашно скакавшего под выстрелами Ермакова, с тревогой думая: «И чего его черт понес напрямки?","— А я тебе не это говорил? — укоризненно сказал Ермаков, садясь на своего разгоряченного скачкой и стрельбой коня.",Скосят пулеметом!,"— А я тебе не это говорил? — укоризненно сказал Ермаков, садясь на своего разгоряченного скачкой и стрельбой коня. Григорий провожал глазами бесстрашно скакавшего под выстрелами Ермакова, с тревогой думая: «И чего его черт понес напрямки? Скосят пулеметом!",False,,False,,True,1153,думать [процесс размышления],процесс размышления,WORD_CORE,WORD,S1,CORE,curated,,думать,думать,YES,same_sentence:Григорий,NARRATOR_ABOUT_HERO,narrative_context;hero_link=YES,HIGH,NARRATOR,,,4,Книга четвертая,7,Часть седьмая
WORD,S1_004,33068,3,3,решить,решил,"Теперь доберется», — облегченно решил Григорий и прилег возле кургана, не спеша свернул цигарку.","«Значит, понял!",Странное равнодушие овладело им!,"«Значит, понял! Теперь доберется», — облегченно решил Григорий и прилег возле кургана, не спеша свернул цигарку. Странное равнодушие овладело им!",False,,False,,True,1155,решить [решение],решение,WORD_CORE,WORD,S1,CORE,curated,,решить,решить,YES,same_sentence:Григорий,NARRATOR_ABOUT_HERO,narrative_context;hero_link=YES,HIGH,NARRATOR,,,4,Книга четвертая,7,Часть седьмая
PHRASE,PHR_099,33179,2,3,сообразить что,сообразила что,"Дуняшка первая сообразила, что отец боится черных вестей о Григории, поспешно сказала:
— Нет, батенька, это не об Грише весть.","— И, словно обессилевший от крика, опустился на лавку, поглаживая трясущиеся ноги.",Митрий Кошевых побил.,"— И, словно обессилевший от крика, опустился на лавку, поглаживая трясущиеся ноги. Дуняшка первая сообразила, что отец боится черных вестей о Григории, поспешно сказала:
— Нет, батенька, это не об Грише весть. Митрий Кошевых побил.",False,,False,,True,1165,сообразить что [рассуждение / вывод],рассуждение / вывод,PROMPT_TO_THINK,PHRASE,PHRASE,EXTENDED,manual_existing,,сообразить что,сообразить что,YES,same_sentence:Григории,NARRATOR_ABOUT_HERO,narrative_context;hero_link=YES,HIGH,NARRATOR,,,4,Книга четвертая,7,Часть седьмая
WORD,S1_022,33179,2,2,сообразить,сообразила,"Дуняшка первая сообразила, что отец боится черных вестей о Григории, поспешно сказала:
— Нет, батенька, это не об Грише весть.","— И, словно обессилевший от крика, опустился на лавку, поглаживая трясущиеся ноги.",Митрий Кошевых побил.,"— И, словно обессилевший от крика, опустился на лавку, поглаживая трясущиеся ноги. Дуняшка первая сообразила, что отец боится черных вестей о Григории, поспешно сказала:
— Нет, батенька, это не об Грише весть. Митрий Кошевых побил.",True,PHR_099,False,,False,1166,сообразить [рассуждение / вывод],рассуждение / вывод,WORD_CORE,WORD,S1,CORE,curated,,сообразить,сообразить,YES,same_sentence:Григории,NARRATOR_ABOUT_HERO,narrative_context;hero_link=YES,HIGH,NARRATOR,,,4,Книга четвертая,7,Часть седьмая
WORD,S1_014,33793,1,1,вспомнить,вспомнила,"Она вспомнила, глядя на закат, как когда-то давно, когда она была еще невестой Григория, приезжал он ее проведать, и она вышла проводить его за ворота, и тогда так же горел закат, малиновое зарево вставало на западе, кричали в вербах грачи…",Наталья отозвалась не сразу.,"Григорий отъезжал, полуобернувшись на седле, и она смотрела ему вслед со слезами взволнованной радости и, прижав к острой девичьей груди руки, ощущала стремительное биение сердца…","Наталья отозвалась не сразу. Она вспомнила, глядя на закат, как когда-то давно, когда она была еще невестой Григория, приезжал он ее проведать, и она вышла проводить его за ворота, и тогда так же горел закат, малиновое зарево вставало на западе, кричали в вербах грачи… Григорий отъезжал, полуобернувшись на седле, и она смотрела ему вслед со слезами взволнованной радости и, прижав к острой девичьей груди руки, ощущала стремительное биение сердца…",False,,False,,True,1198,вспомнить [память / воспоминание],память / воспоминание,WORD_CORE,WORD,S1,CORE,curated,,вспомнить,вспомнить,YES,same_sentence:Григория,NARRATOR_ABOUT_HERO,narrative_context;hero_link=YES,HIGH,NARRATOR,,,4,Книга четвертая,7,Часть седьмая
WORD,S1_016,33797,0,0,помнить,Помнишь,"Помнишь, весной приезжал Григорий с фронта на побывку?",— Был такой грех…,"Вечером в энтот день, помнится, я доила корову.","— Был такой грех… Помнишь, весной приезжал Григорий с фронта на побывку? Вечером в энтот день, помнится, я доила корову.",False,,False,,True,1199,помнить [память / воспоминание],память / воспоминание,WORD_CORE,WORD,S1,CORE,curated,,помнить,помнить,YES,same_sentence:Григорий,NARRATOR_ABOUT_HERO,narrative_context;hero_link=YES,HIGH,NARRATOR,,,4,Книга четвертая,7,Часть седьмая
WORD,S1_002,33950,6,6,подумать,подумал,"«Здорово ощипал он полковничка!» — с удовольствием подумал Григорий и не без злорадства глянул на мясистые, багровые щеки Андреянова, подергивавшиеся от нервного тика.","Не обмолвившийся ни словом Григорий присел к столу, с сочувственной улыбкой смотрел на бледного от негодования, бесстрашно огрызавшегося пленника.",Своего начальника штаба Григорий невзлюбил с первой же встречи.,"Не обмолвившийся ни словом Григорий присел к столу, с сочувственной улыбкой смотрел на бледного от негодования, бесстрашно огрызавшегося пленника. «Здорово ощипал он полковничка!» — с удовольствием подумал Григорий и не без злорадства глянул на мясистые, багровые щеки Андреянова, подергивавшиеся от нервного тика. Своего начальника штаба Григорий невзлюбил с первой же встречи.",False,,False,,True,1210,подумать [инициация мысли],инициация мысли,WORD_CORE,WORD,S1,CORE,curated,,подумать,подумать,YES,same_sentence:Григорий,HERO_DIRECT_SPEECH,direct_speech;speech_verb_after_quote:Григорий,HIGH,Григорий,,,4,Книга четвертая,7,Часть седьмая
WORD,S1_001,33961,21,21,думать,думал,"Григорий ложился на спину, закрывал глаза и, стиснув зубы, слушал, потом неучтиво поворачивался к неугомонному рассказчику спиной, с головой укрывался шинелью, думал с немой яростью: «Как только получу приказ о переводе — лупану его чем-нибудь тяжелым по голове: может, после этого он хоть на неделю языка лишится!»","Эй, кто там, принесите мой чемодан и постель сюда!»","— «Вы спите, сотник?» — спрашивал Андреянов.","Эй, кто там, принесите мой чемодан и постель сюда!» Григорий ложился на спину, закрывал глаза и, стиснув зубы, слушал, потом неучтиво поворачивался к неугомонному рассказчику спиной, с головой укрывался шинелью, думал с немой яростью: «Как только получу приказ о переводе — лупану его чем-нибудь тяжелым по голове: может, после этого он хоть на неделю языка лишится!» — «Вы спите, сотник?» — спрашивал Андреянов.",False,,False,,True,1211,думать [процесс размышления],процесс размышления,WORD_CORE,WORD,S1,CORE,curated,,думать,думать,YES,same_sentence:Григорий,OTHERS_TO_HERO,direct_speech;unknown_speaker;hero_name_in_utterance;speechact=STATEMENT,LOW,UNKNOWN,Григорий,STATEMENT,4,Книга четвертая,7,Часть седьмая
WORD,S1_001,33966,3,3,думать,думал,Сквозь сон Григорий думал: «Нарочно подсунули мне этого балабона.,И рассказ продолжался.,"Должно, Фицхелауров постарался.","И рассказ продолжался. Сквозь сон Григорий думал: «Нарочно подсунули мне этого балабона. Должно, Фицхелауров постарался.",False,,False,,True,1212,думать [процесс размышления],процесс размышления,WORD_CORE,WORD,S1,CORE,curated,,думать,думать,YES,same_sentence:Григорий,NARRATOR_ABOUT_HERO,narrative_context;hero_link=YES,HIGH,NARRATOR,,,4,Книга четвертая,7,Часть седьмая
WORD,S1_001,34094,3,3,думать,думаю,"— Я тоже так думаю, — равнодушно ответил Григорий.","А за обедом Андреянов взволнованно сказал:
— Очевидно, не сработаемся мы с вами…","Не замечая улыбки Сулина, он пальцами достал из тарелки кусок вареной баранины, начал с таким волчьим хрустом дробить зубами твердоватый хрящ, что Сулин сморщился, как от сильной боли, и даже глаза на секунду закрыл.","А за обедом Андреянов взволнованно сказал:
— Очевидно, не сработаемся мы с вами… — Я тоже так думаю, — равнодушно ответил Григорий. Не замечая улыбки Сулина, он пальцами достал из тарелки кусок вареной баранины, начал с таким волчьим хрустом дробить зубами твердоватый хрящ, что Сулин сморщился, как от сильной боли, и даже глаза на секунду закрыл.",False,,False,,True,1219,думать [процесс размышления],процесс размышления,WORD_CORE,WORD,S1,CORE,curated,,думать,думать,YES,same_sentence:Григорий,HERO_DIRECT_SPEECH,direct_speech;speech_verb_after_quote:Григорий,HIGH,Григорий,,,4,Книга четвертая,7,Часть седьмая
WORD,S1_014,34737,4,4,вспомнить,вспомнил,"XVII
Многое передумал и вспомнил Григорий за двое суток пути от фронта до родного хутора…",В полдень она умерла.,"Чтобы не оставаться в степи одному со своим горем, с неотступными мыслями о Наталье, он взял с собою Прохора Зыкова.","В полдень она умерла. XVII
Многое передумал и вспомнил Григорий за двое суток пути от фронта до родного хутора… Чтобы не оставаться в степи одному со своим горем, с неотступными мыслями о Наталье, он взял с собою Прохора Зыкова.",False,,False,,True,1248,вспомнить [память / воспоминание],память / воспоминание,WORD_CORE,WORD,S1,CORE,curated,,вспомнить,вспомнить,YES,same_sentence:Григорий,NARRATOR_ABOUT_HERO,narrative_context;hero_link=YES,HIGH,NARRATOR,,,4,Книга четвертая,7,Часть седьмая
WORD,S1_014,34739,12,12,вспомнить,вспомнил,"Как только выехали с места стоянки сотни, Григорий завел разговор о войне, вспомнил, как служил в 12-м полку на австрийском фронте, как ходили в Румынию, как бились с немцами.","Чтобы не оставаться в степи одному со своим горем, с неотступными мыслями о Наталье, он взял с собою Прохора Зыкова.","Говорил он без умолку, вспоминал всякие потешные истории, происходившие с их однополчанами, смеялся…","Чтобы не оставаться в степи одному со своим горем, с неотступными мыслями о Наталье, он взял с собою Прохора Зыкова. Как только выехали с места стоянки сотни, Григорий завел разговор о войне, вспомнил, как служил в 12-м полку на австрийском фронте, как ходили в Румынию, как бились с немцами. Говорил он без умолку, вспоминал всякие потешные истории, происходившие с их однополчанами, смеялся…",False,,False,,True,1250,вспомнить [память / воспоминание],память / воспоминание,WORD_CORE,WORD,S1,CORE,curated,,вспомнить,вспомнить,YES,same_sentence:Григорий,NARRATOR_ABOUT_HERO,narrative_context;hero_link=YES,HIGH,NARRATOR,,,4,Книга четвертая,7,Часть седьмая
WORD,ALEX_012,34741,15,15,догадаться,догадался,"Простоватый Прохор вначале недоуменно косился на Григория, дивясь его необычайной разговорчивости, а потом все же догадался, что Григорий воспоминаниями о давнишних днях хочет отвлечь себя от тяжелых думок, — и стал поддерживать разговор, и быть может, даже с излишним старанием.","Говорил он без умолку, вспоминал всякие потешные истории, происходившие с их однополчанами, смеялся…","Со всеми подробностями рассказывая о том, как пришлось ему когда-то лежать в черниговском госпитале, Прохор случайно взглянул на Григория, увидел, как по смуглым щекам его обильно текут слезы…","Говорил он без умолку, вспоминал всякие потешные истории, происходившие с их однополчанами, смеялся… Простоватый Прохор вначале недоуменно косился на Григория, дивясь его необычайной разговорчивости, а потом все же догадался, что Григорий воспоминаниями о давнишних днях хочет отвлечь себя от тяжелых думок, — и стал поддерживать разговор, и быть может, даже с излишним старанием. Со всеми подробностями рассказывая о том, как пришлось ему когда-то лежать в черниговском госпитале, Прохор случайно взглянул на Григория, увидел, как по смуглым щекам его обильно текут слезы…",False,,False,,True,1252,догадаться [понимание / ясность],понимание / ясность,WORD_ALEXANDROVA,WORD,ALEXANDROVA,CORE,dictionary,,догадаться,догадаться,YES,same_sentence:Григорий,NARRATOR_ABOUT_HERO,narrative_context;hero_link=YES,HIGH,NARRATOR,,,4,Книга четвертая,7,Часть седьмая
WORD,S1_001,34840,2,2,думать,думала,"— А ты думала — как? — задыхаясь, ответил Григорий.",Горюешь?,"Движимая чувством сострадания, Дуняшка поцеловала его в плечо и, отчего-то смутившись до слез, быстро отвернулась, повела коня к скотиньему базу.","Горюешь? — А ты думала — как? — задыхаясь, ответил Григорий. Движимая чувством сострадания, Дуняшка поцеловала его в плечо и, отчего-то смутившись до слез, быстро отвернулась, повела коня к скотиньему базу.",False,,False,,True,1256,думать [процесс размышления],процесс размышления,WORD_CORE,WORD,S1,CORE,curated,,думать,думать,YES,same_sentence:Григорий,HERO_DIRECT_SPEECH,direct_speech;speech_verb_after_quote:Григорий,HIGH,Григорий,,,4,Книга четвертая,7,Часть седьмая
WORD,S1_002,34864,3,3,подумать,подумал,"И опять Григорий подумал: «Бывало, Наталья угощала…»","Ильинична собрала на стол, подала чистый рушник.","Чтобы не выдать волнения, он проворно стал есть.","Ильинична собрала на стол, подала чистый рушник. И опять Григорий подумал: «Бывало, Наталья угощала…» Чтобы не выдать волнения, он проворно стал есть.",False,,False,,True,1259,подумать [инициация мысли],инициация мысли,WORD_CORE,WORD,S1,CORE,curated,,подумать,подумать,YES,same_sentence:Григорий,HERO_DIRECT_SPEECH,direct_speech;speech_verb_after_name:Григорий,HIGH,Григорий,,,4,Книга четвертая,7,Часть седьмая
WORD,S1_004,34910,4,4,решить,решил,"«Гроб Наталье отец делал», — решил Григорий.","Около приготовленной к покосу лобогрейки увидел валявшиеся на земле сосновые щепки, стружки, косой обрезок доски.",И торопливо зашагал к крыльцу.,"Около приготовленной к покосу лобогрейки увидел валявшиеся на земле сосновые щепки, стружки, косой обрезок доски. «Гроб Наталье отец делал», — решил Григорий. И торопливо зашагал к крыльцу.",False,,False,,True,1264,решить [решение],решение,WORD_CORE,WORD,S1,CORE,curated,,решить,решить,YES,same_sentence:Григорий,HERO_DIRECT_SPEECH,direct_speech;speech_verb_after_quote:Григорий,HIGH,Григорий,,,4,Книга четвертая,7,Часть седьмая
WORD,S1_001,34925,7,7,думать,думал,"После разрыва с Аксиньей Григорий никогда не думал всерьез о том, чтобы разойтись с женой; никогда, даже вновь сойдясь с Аксиньей, он не думал, чтобы она когда-нибудь заменила мать его детям.","Детская любовь возбудила и у Григория ответное чувство, и это чувство, как огонек, перебросилось на Наталью.","Он не прочь был жить с ними с обеими, любя каждую из них по-разному, но, потеряв жену, вдруг почувствовал и к Аксинье какую-то отчужденность, потом глухую злобу за то, что она выдала их отношения и — тем самым — толкнула Наталью на смерть.","Детская любовь возбудила и у Григория ответное чувство, и это чувство, как огонек, перебросилось на Наталью. После разрыва с Аксиньей Григорий никогда не думал всерьез о том, чтобы разойтись с женой; никогда, даже вновь сойдясь с Аксиньей, он не думал, чтобы она когда-нибудь заменила мать его детям. Он не прочь был жить с ними с обеими, любя каждую из них по-разному, но, потеряв жену, вдруг почувствовал и к Аксинье какую-то отчужденность, потом глухую злобу за то, что она выдала их отношения и — тем самым — толкнула Наталью на смерть.",False,,False,,True,1266,думать [процесс размышления],процесс размышления,WORD_CORE,WORD,S1,CORE,curated,,думать,думать,YES,same_sentence:Григорий,NARRATOR_ABOUT_HERO,narrative_context;hero_link=YES,HIGH,NARRATOR,,,4,Книга четвертая,7,Часть седьмая
WORD,S1_001,34925,23,23,думать,думал,"После разрыва с Аксиньей Григорий никогда не думал всерьез о том, чтобы разойтись с женой; никогда, даже вновь сойдясь с Аксиньей, он не думал, чтобы она когда-нибудь заменила мать его детям.","Детская любовь возбудила и у Григория ответное чувство, и это чувство, как огонек, перебросилось на Наталью.","Он не прочь был жить с ними с обеими, любя каждую из них по-разному, но, потеряв жену, вдруг почувствовал и к Аксинье какую-то отчужденность, потом глухую злобу за то, что она выдала их отношения и — тем самым — толкнула Наталью на смерть.","Детская любовь возбудила и у Григория ответное чувство, и это чувство, как огонек, перебросилось на Наталью. После разрыва с Аксиньей Григорий никогда не думал всерьез о том, чтобы разойтись с женой; никогда, даже вновь сойдясь с Аксиньей, он не думал, чтобы она когда-нибудь заменила мать его детям. Он не прочь был жить с ними с обеими, любя каждую из них по-разному, но, потеряв жену, вдруг почувствовал и к Аксинье какую-то отчужденность, потом глухую злобу за то, что она выдала их отношения и — тем самым — толкнула Наталью на смерть.",False,,False,,True,1267,думать [процесс размышления],процесс размышления,WORD_CORE,WORD,S1,CORE,curated,,думать,думать,YES,same_sentence:Григорий,NARRATOR_ABOUT_HERO,narrative_context;hero_link=YES,HIGH,NARRATOR,,,4,Книга четвертая,7,Часть седьмая
WORD,S1_011,34927,12,12,мысль,мыслях,"Как ни старался Григорий, уехав в поле, забыть о своем горе, в мыслях он неизбежно возвращался к этому.","Он не прочь был жить с ними с обеими, любя каждую из них по-разному, но, потеряв жену, вдруг почувствовал и к Аксинье какую-то отчужденность, потом глухую злобу за то, что она выдала их отношения и — тем самым — толкнула Наталью на смерть.","Он изнурял себя работой, часами не слезая с лобогрейки, и все же вспоминал Наталью; память настойчиво воскрешала давно минувшее, различные, зачастую незначительные эпизоды совместной жизни, разговоры.","Он не прочь был жить с ними с обеими, любя каждую из них по-разному, но, потеряв жену, вдруг почувствовал и к Аксинье какую-то отчужденность, потом глухую злобу за то, что она выдала их отношения и — тем самым — толкнула Наталью на смерть. Как ни старался Григорий, уехав в поле, забыть о своем горе, в мыслях он неизбежно возвращался к этому. Он изнурял себя работой, часами не слезая с лобогрейки, и все же вспоминал Наталью; память настойчиво воскрешала давно минувшее, различные, зачастую незначительные эпизоды совместной жизни, разговоры.",False,,False,,True,1268,мысль [мысленный акт/реплика],мысленный акт/реплика,WORD_CORE,WORD,S1,CORE,curated,,мысль,мысль,YES,same_sentence:Григорий,NARRATOR_ABOUT_HERO,narrative_context;hero_link=YES,HIGH,NARRATOR,,,4,Книга четвертая,7,Часть седьмая
WORD,ALEX_012,34966,4,4,догадаться,догадавшись,"Христоня проявил некоторую сообразительность, догадавшись, что в его сочувствии Григорий не нуждается, и стал охотно, но медлительно рассказывать о взятии Балашова, о своем ранении.","Григорий обрадовался новому человеку, возможности поговорить о чем-то постороннем, что не касалось его переживаний.","Дымя огромной цигаркой, он густо басил:
— Шли в пешем строго по подсолнухам.","Григорий обрадовался новому человеку, возможности поговорить о чем-то постороннем, что не касалось его переживаний. Христоня проявил некоторую сообразительность, догадавшись, что в его сочувствии Григорий не нуждается, и стал охотно, но медлительно рассказывать о взятии Балашова, о своем ранении. Дымя огромной цигаркой, он густо басил:
— Шли в пешем строго по подсолнухам.",False,,False,,True,1271,догадаться [понимание / ясность],понимание / ясность,WORD_ALEXANDROVA,WORD,ALEXANDROVA,CORE,dictionary,,догадаться,догадаться,YES,same_sentence:Григорий,NARRATOR_ABOUT_HERO,narrative_context;hero_link=YES,HIGH,NARRATOR,,,4,Книга четвертая,7,Часть седьмая
WORD,S1_004,35020,6,6,решить,решил,"Проводив Христоню, Григорий после короткого размышления решил: «Поживу с неделю и уеду на фронт.","Гутарили так, что дальше Хоперского округа не пойдут…",Тут с тоски пропадешь».,"Гутарили так, что дальше Хоперского округа не пойдут… Проводив Христоню, Григорий после короткого размышления решил: «Поживу с неделю и уеду на фронт. Тут с тоски пропадешь».",False,,False,,True,1275,решить [решение],решение,WORD_CORE,WORD,S1,CORE,curated,,решить,решить,YES,same_sentence:Григорий,NARRATOR_ABOUT_HERO,narrative_context;hero_link=YES,HIGH,NARRATOR,,,4,Книга четвертая,7,Часть седьмая
WORD,S1_004,35028,13,13,решить,решим,"Григорий взял в свои большие руки маленькие ручонки сына, сказал:
— Ежели так — давай решим: ты — казак, вот и поедем со мной нá поля, будем ячмень косить, копнить, на косилке будешь с дедом сидеть, коней будешь погонять.",Мне не нужно!,Сколько там кузнецов в траве!,"Мне не нужно! Григорий взял в свои большие руки маленькие ручонки сына, сказал:
— Ежели так — давай решим: ты — казак, вот и поедем со мной нá поля, будем ячмень косить, копнить, на косилке будешь с дедом сидеть, коней будешь погонять. Сколько там кузнецов в траве!",False,,False,,True,1277,решить [решение],решение,WORD_CORE,WORD,S1,CORE,curated,,решить,решить,YES,same_sentence:Григорий,NARRATOR_ABOUT_HERO,narrative_context;hero_link=YES,HIGH,NARRATOR,,,4,Книга четвертая,7,Часть седьмая
WORD,S1_014,35080,5,5,вспомнить,вспомнить,"— Здравствуй! — ответил Григорий, тщетно пытаясь вспомнить, где он встречался с этим рыжебородым, мрачным на вид казаком.","— Здорово живешь, Григорий Пантелевич! — приветствовал он Григория.","Его, как видно, недавно произвели в подхорунжии, и он, чтобы не сойти за простого казака, нашил новенькие погоны прямо на зипун.","— Здорово живешь, Григорий Пантелевич! — приветствовал он Григория. — Здравствуй! — ответил Григорий, тщетно пытаясь вспомнить, где он встречался с этим рыжебородым, мрачным на вид казаком. Его, как видно, недавно произвели в подхорунжии, и он, чтобы не сойти за простого казака, нашил новенькие погоны прямо на зипун.",False,,False,,True,1280,вспомнить [память / воспоминание],память / воспоминание,WORD_CORE,WORD,S1,CORE,curated,,вспомнить,вспомнить,YES,same_sentence:Григорий,HERO_DIRECT_SPEECH,direct_speech;speech_verb_after_quote:Григорий,HIGH,Григорий,,,4,Книга четвертая,7,Часть седьмая
WORD,S1_015,35094,3,3,припомнить,припомнил,"Григорий с трудом припомнил, при каких обстоятельствах виделся с рыжим подхорунжим, вспомнил и кличку его: Семак, и отзыв о нем Кудинова: «Стреляет, проклятый, без промаху!","Езжайте помаленьку, я догоню! — крикнул бородач приостановившимся неподалеку казакам.","Зайцев на бегу из винтовки бьет, и в бою лихой, и разведчик хороший, а умом — малое дите».","Езжайте помаленьку, я догоню! — крикнул бородач приостановившимся неподалеку казакам. Григорий с трудом припомнил, при каких обстоятельствах виделся с рыжим подхорунжим, вспомнил и кличку его: Семак, и отзыв о нем Кудинова: «Стреляет, проклятый, без промаху! Зайцев на бегу из винтовки бьет, и в бою лихой, и разведчик хороший, а умом — малое дите».",False,,False,,True,1281,припомнить [память / воспоминание],память / воспоминание,WORD_CORE,WORD,S1,CORE,curated,,припомнить,припомнить,YES,same_sentence:Григорий,NARRATOR_ABOUT_HERO,narrative_context;hero_link=YES,HIGH,NARRATOR,,,4,Книга четвертая,7,Часть седьмая
WORD,S1_014,35094,11,11,вспомнить,вспомнил,"Григорий с трудом припомнил, при каких обстоятельствах виделся с рыжим подхорунжим, вспомнил и кличку его: Семак, и отзыв о нем Кудинова: «Стреляет, проклятый, без промаху!","Езжайте помаленьку, я догоню! — крикнул бородач приостановившимся неподалеку казакам.","Зайцев на бегу из винтовки бьет, и в бою лихой, и разведчик хороший, а умом — малое дите».","Езжайте помаленьку, я догоню! — крикнул бородач приостановившимся неподалеку казакам. Григорий с трудом припомнил, при каких обстоятельствах виделся с рыжим подхорунжим, вспомнил и кличку его: Семак, и отзыв о нем Кудинова: «Стреляет, проклятый, без промаху! Зайцев на бегу из винтовки бьет, и в бою лихой, и разведчик хороший, а умом — малое дите».",False,,False,,True,1282,вспомнить [память / воспоминание],память / воспоминание,WORD_CORE,WORD,S1,CORE,curated,,вспомнить,вспомнить,YES,same_sentence:Григорий,NARRATOR_ABOUT_HERO,narrative_context;hero_link=YES,HIGH,NARRATOR,,,4,Книга четвертая,7,Часть седьмая
WORD,S1_016,35100,2,2,помнить,помню,"Я добро помню, Григорий Пантелевич!","Чудок, верст полтораста, кругу дал, заезжал в Слащевскую, там у меня — сродствие.","Не откажи в милости, хочу угостить тебя, а?","Чудок, верст полтораста, кругу дал, заезжал в Слащевскую, там у меня — сродствие. Я добро помню, Григорий Пантелевич! Не откажи в милости, хочу угостить тебя, а?",False,,False,,True,1283,помнить [память / воспоминание],память / воспоминание,WORD_CORE,WORD,S1,CORE,curated,,помнить,помнить,YES,same_sentence:Григорий,NARRATOR_ABOUT_HERO,narrative_context;hero_link=YES,HIGH,NARRATOR,,,4,Книга четвертая,7,Часть седьмая
WORD,S1_017,35483,7,7,понять,понять,"Где-то далеко погромыхивало, и Григорий не мог понять — гром это или орудийный гул.",В ставни барабанил частый дождь.,"Кэмпбелл, окутанный синим облаком сигарного дыма, цедил коньяк.","В ставни барабанил частый дождь. Где-то далеко погромыхивало, и Григорий не мог понять — гром это или орудийный гул. Кэмпбелл, окутанный синим облаком сигарного дыма, цедил коньяк.",False,,False,,True,1287,понять [понимание / ясность],понимание / ясность,WORD_CORE,WORD,S1,CORE,curated,,понять,понять,YES,same_sentence:Григорий,NARRATOR_ABOUT_HERO,narrative_context;hero_link=YES,HIGH,NARRATOR,,,4,Книга четвертая,7,Часть седьмая
WORD,S1_001,35722,8,8,думать,думала,Да разве ее Гришка после такого греха возьмет?» — думала старуха.,Только не выйдет ее дело!,"От ее проницательного и ревнивого материнского взора не скрылось то обстоятельство, что Григорий, будучи дома, избегал встреч с Аксиньей.","Только не выйдет ее дело! Да разве ее Гришка после такого греха возьмет?» — думала старуха. От ее проницательного и ревнивого материнского взора не скрылось то обстоятельство, что Григорий, будучи дома, избегал встреч с Аксиньей.",False,,False,,True,1293,думать [процесс размышления],процесс размышления,WORD_CORE,WORD,S1,CORE,curated,,думать,думать,YES,same_sentence:Гришка,NARRATOR_ABOUT_HERO,narrative_context;hero_link=YES,HIGH,NARRATOR,,,4,Книга четвертая,7,Часть седьмая
WORD,S1_001,35769,2,2,думать,думай,"И не думай, что этим ты милее станешь Григорию.","— Ну как бы то ни было, а больше не смей мальчонку заманывать к себе.","Женой его тебе не бывать, так и знай!","— Ну как бы то ни было, а больше не смей мальчонку заманывать к себе. И не думай, что этим ты милее станешь Григорию. Женой его тебе не бывать, так и знай!",False,,False,,True,1296,думать [процесс размышления],процесс размышления,WORD_CORE,WORD,S1,CORE,curated,,думать,думать,YES,same_sentence:Григорию,NARRATOR_ABOUT_HERO,narrative_context;hero_link=YES,HIGH,NARRATOR,,,4,Книга четвертая,7,Часть седьмая
WORD,S1_015,36198,10,10,припомнить,припомнив,"«Зря я гневил Бога — хвалился Григорием, — укорил себя Пантелей Прокофьевич, припомнив разговор с Бесхлебновым.","Пантелей Прокофьевич вспомнил Дуняшкины слова и, с неожиданной яркостью восстановив в памяти улыбающееся, безусое, скопцеватое лицо Аникушки, никак не мог представить себе теперешнего Аникушку — бездыханного, с размозженной головой.","— Может, и Григорий теперь лежит где-нибудь, проклеванный пулями?","Пантелей Прокофьевич вспомнил Дуняшкины слова и, с неожиданной яркостью восстановив в памяти улыбающееся, безусое, скопцеватое лицо Аникушки, никак не мог представить себе теперешнего Аникушку — бездыханного, с размозженной головой. «Зря я гневил Бога — хвалился Григорием, — укорил себя Пантелей Прокофьевич, припомнив разговор с Бесхлебновым. — Может, и Григорий теперь лежит где-нибудь, проклеванный пулями?",False,,False,,True,1324,припомнить [память / воспоминание],память / воспоминание,WORD_CORE,WORD,S1,CORE,curated,,припомнить,припомнить,YES,same_sentence:Григорием,NARRATOR_ABOUT_HERO,narrative_context;hero_link=YES,HIGH,NARRATOR,,,4,Книга четвертая,7,Часть седьмая
WORD,S1_001,36363,4,4,думать,думай,"— Ты об ней не думай, моя ро́дная, не надо, — глухо сказал Григорий.","— А я думала, что она когда-нибудь соскучится по нас и прийдет… — чуть слышно прошептала Полюшка.",— Как же об ней не думать?,"— А я думала, что она когда-нибудь соскучится по нас и прийдет… — чуть слышно прошептала Полюшка. — Ты об ней не думай, моя ро́дная, не надо, — глухо сказал Григорий. — Как же об ней не думать?",False,,False,,True,1335,думать [процесс размышления],процесс размышления,WORD_CORE,WORD,S1,CORE,curated,,думать,думать,YES,same_sentence:Григорий,HERO_DIRECT_SPEECH,direct_speech;speech_verb_after_quote:Григорий,HIGH,Григорий,,,4,Книга четвертая,7,Часть седьмая
WORD,S1_012,36401,1,1,мысленно,мысленно,"Григорий мысленно перебирал в памяти убитых за две войны казаков своего хутора, и оказалось, что нет в Татарском ни одного двора, где бы не было покойника.",В боях под Грибановкой и Кардаилом были убиты еще двое татарцев; привезли раненого Герасима Ахваткина; умер болевший тифом Дмитрий Голощеков.,"Григорий еще не выходил из дома, а уж хуторской атаман принес распоряжение станичного атамана, предписывавшее уведомить сотника Мелехова о незамедлительной явке на врачебную комиссию для переосвидетельствования.","В боях под Грибановкой и Кардаилом были убиты еще двое татарцев; привезли раненого Герасима Ахваткина; умер болевший тифом Дмитрий Голощеков. Григорий мысленно перебирал в памяти убитых за две войны казаков своего хутора, и оказалось, что нет в Татарском ни одного двора, где бы не было покойника. Григорий еще не выходил из дома, а уж хуторской атаман принес распоряжение станичного атамана, предписывавшее уведомить сотника Мелехова о незамедлительной явке на врачебную комиссию для переосвидетельствования.",False,,False,,True,1337,мысленно [мысленный акт/реплика],мысленный акт/реплика,WORD_CORE,WORD,S1,CORE,curated,,мысленно,мысленно,YES,same_sentence:Григорий,HERO_INNER_SPEECH,inner_speech_marker;hero_link=YES,HIGH,HERO_PROBABLE,,,4,Книга четвертая,7,Часть седьмая
WORD,S1_008,36681,3,3,обдумывать,обдумывал,"Григорий, сворачивая папироску, обдумывал план поездки.","Порывшись в сумах, ушел в горницу, негромко сказал оттуда: — Прийдет она — займи ее разговором, а я на одной ноге!","«Лошадей спрягем и поедем на паре, — решил он.","Порывшись в сумах, ушел в горницу, негромко сказал оттуда: — Прийдет она — займи ее разговором, а я на одной ноге! Григорий, сворачивая папироску, обдумывал план поездки. «Лошадей спрягем и поедем на паре, — решил он.",False,,False,,True,1361,обдумывать [процесс размышления],процесс размышления,WORD_CORE,WORD,S1,CORE,curated,,обдумывать,обдумывать,YES,same_sentence:Григорий,NARRATOR_ABOUT_HERO,narrative_context;hero_link=YES,HIGH,NARRATOR,,,4,Книга четвертая,7,Часть седьмая
WORD,S1_011,36692,7,7,мысль,мыслями,"— Не нашли виноватого? — рассеянно спросил Григорий, поглощенный мыслями о предстоящей поездке.","Выходит, зазря я беду принимал, вот что досадно!",— Когда там искать!,"Выходит, зазря я беду принимал, вот что досадно! — Не нашли виноватого? — рассеянно спросил Григорий, поглощенный мыслями о предстоящей поездке. — Когда там искать!",False,,False,,True,1363,мысль [мысленный акт/реплика],мысленный акт/реплика,WORD_CORE,WORD,S1,CORE,curated,,мысль,мысль,YES,same_sentence:Григорий,HERO_DIRECT_SPEECH,direct_speech;speech_verb_after_quote:Григорий,HIGH,Григорий,,,4,Книга четвертая,7,Часть седьмая
WORD,S1_001,36751,10,10,думать,думала,"Она улыбалась, ощущая всем телом присутствие Григория, и уже не думала ни о том, какой ценою досталось ей это счастье, ни о будущем, которое было задернуто такой же темной мглой, как и эти степные, манящие вдаль горизонты.","Но изредка, опустив глаза и ощущая на ресницах приятный пощипывающий холодок инея, она улыбалась тому, что так неожиданно и странно сбылась давно пленившая ее мечта — уехать с Григорием куда-нибудь подальше от Татарского, от родной и проклятой стороны, где так много она перестрадала, где полжизни промучилась с нелюбимым мужем, где все для нее было исполнено неумолчных и тягостных воспоминаний.","Прохор, случайно оглянувшись, заметил трепетную улыбку на румяных и припухших от мороза губах Аксиньи, с досадой спросил:
— Ну, чего оскаляешься-то?","Но изредка, опустив глаза и ощущая на ресницах приятный пощипывающий холодок инея, она улыбалась тому, что так неожиданно и странно сбылась давно пленившая ее мечта — уехать с Григорием куда-нибудь подальше от Татарского, от родной и проклятой стороны, где так много она перестрадала, где полжизни промучилась с нелюбимым мужем, где все для нее было исполнено неумолчных и тягостных воспоминаний. Она улыбалась, ощущая всем телом присутствие Григория, и уже не думала ни о том, какой ценою досталось ей это счастье, ни о будущем, которое было задернуто такой же темной мглой, как и эти степные, манящие вдаль горизонты. Прохор, случайно оглянувшись, заметил трепетную улыбку на румяных и припухших от мороза губах Аксиньи, с досадой спросил:
— Ну, чего оскаляешься-то?",False,,False,,True,1366,думать [процесс размышления],процесс размышления,WORD_CORE,WORD,S1,CORE,curated,,думать,думать,YES,same_sentence:Григория,NARRATOR_ABOUT_HERO,narrative_context;hero_link=YES,HIGH,NARRATOR,,,4,Книга четвертая,7,Часть седьмая
WORD,S1_007,36874,24,24,раздумывать,раздумывал,"Ничего не видно; лоб у тебя холодный, может — и не тиф, — утешал Григорий, но в душе был убежден, что Аксинья заболела сыпняком, и мучительно раздумывал, как же поступить с ней, если болезнь свалит ее с ног.",— Не болтай зря!,"— Ох, тяжело так ехать! — шептала Аксинья, прижимаясь к Григорию.","— Не болтай зря! Ничего не видно; лоб у тебя холодный, может — и не тиф, — утешал Григорий, но в душе был убежден, что Аксинья заболела сыпняком, и мучительно раздумывал, как же поступить с ней, если болезнь свалит ее с ног. — Ох, тяжело так ехать! — шептала Аксинья, прижимаясь к Григорию.",False,,False,,True,1370,раздумывать [процесс размышления],процесс размышления,WORD_CORE,WORD,S1,CORE,curated,,раздумывать,раздумывать,YES,same_sentence:Григорий,NARRATOR_ABOUT_HERO,narrative_context;hero_link=YES,HIGH,NARRATOR,,,4,Книга четвертая,7,Часть седьмая
WORD,S1_020,37048,3,3,ясно,ясно,Это было Григорию ясно.,"Аксинью надо было оставлять в поселке, дальнейшая поездка могла окончиться для нее гибелью.","Он вошел в дом, снова присел к кровати.","Аксинью надо было оставлять в поселке, дальнейшая поездка могла окончиться для нее гибелью. Это было Григорию ясно. Он вошел в дом, снова присел к кровати.",False,,False,,True,1373,ясно [понимание / ясность],понимание / ясность,WORD_CORE,WORD,S1,CORE,curated,,ясно,ясно,YES,same_sentence:Григорию,NARRATOR_ABOUT_HERO,narrative_context;hero_link=YES,HIGH,NARRATOR,,,4,Книга четвертая,7,Часть седьмая
PHRASE,PHR_044,37182,12,13,спрашивать себя,спрашивал себя,"Там, на Дону, была Советская власть, и Григорий постоянно с тоскливой тревогой спрашивал себя: «Неужто будут за меня терзать маманю или Дуняшку?»","Сидя на санях, устремив затуманенный взор в снежные просторы исполненной мертвого безмолвия степи, или лежа ночью с закрытыми глазами и стиснутыми зубами где-нибудь в душной, переполненной людьми комнатушке, думал все об одном: об Аксинье, больной, обеспамятевшей, брошенной в безвестном поселке, о близких, оставленных в Татарском…","И тотчас же начинал успокаивать себя, припоминал не раз слышанные в дороге рассказы о том, что красноармейцы идут мирно и обращаются с населением занятых станиц хорошо.","Сидя на санях, устремив затуманенный взор в снежные просторы исполненной мертвого безмолвия степи, или лежа ночью с закрытыми глазами и стиснутыми зубами где-нибудь в душной, переполненной людьми комнатушке, думал все об одном: об Аксинье, больной, обеспамятевшей, брошенной в безвестном поселке, о близких, оставленных в Татарском… Там, на Дону, была Советская власть, и Григорий постоянно с тоскливой тревогой спрашивал себя: «Неужто будут за меня терзать маманю или Дуняшку?» И тотчас же начинал успокаивать себя, припоминал не раз слышанные в дороге рассказы о том, что красноармейцы идут мирно и обращаются с населением занятых станиц хорошо.",False,,False,,True,1382,спрашивал себя [внутренняя речь],внутренняя речь,ВНУТРЕННЯЯ_РЕЧЬ,PHRASE,PHRASE,EXTENDED,manual_existing,,спрашивал себя,спрашивать себя,YES,same_sentence:Григорий,OTHERS_TO_HERO,direct_speech;unknown_speaker;hero_name_in_utterance;speechact=STATEMENT,LOW,UNKNOWN,Григорий,STATEMENT,4,Книга четвертая,7,Часть седьмая
WORD,ALEX_012,37356,11,11,догадаться,догадался,"Прохор заткнул горлышко фляжки, снова наклонился над Григорием, и тот скорее догадался по движениям обветренных Прохоровых губ, нежели услышал обращенный к нему вопрос:
— Может, тебя оставить в станице?",После нескольких глотков он стиснул зубы.,Трудно тебе?,"После нескольких глотков он стиснул зубы. Прохор заткнул горлышко фляжки, снова наклонился над Григорием, и тот скорее догадался по движениям обветренных Прохоровых губ, нежели услышал обращенный к нему вопрос:
— Может, тебя оставить в станице? Трудно тебе?",False,,False,,True,1389,догадаться [понимание / ясность],понимание / ясность,WORD_ALEXANDROVA,WORD,ALEXANDROVA,CORE,dictionary,,догадаться,догадаться,YES,same_sentence:Григорием,NARRATOR_ABOUT_HERO,narrative_context;hero_link=YES,HIGH,NARRATOR,,,4,Книга четвертая,7,Часть седьмая
WORD,S1_016,37391,16,16,помнить,помнил,"За ним следили все с тем же напряженным и мрачным молчанием.
…И еще, как сквозь сон, помнил Григорий: очнулся он в теплой комнате, — не раскрывая глаз, всем телом ощутил приятную свежесть чистого постельного белья, в ноздри ему ударил терпкий запах каких-то лекарств.","Уж и песенников не стало слышно, а подголосок звенел, падал и снова взлетал.","В первый момент он подумал, что находится в лазарете, но из соседней комнаты донесся взрыв безудержного мужского хохота, звон посуды, зазвучали нетрезвые голоса.","Уж и песенников не стало слышно, а подголосок звенел, падал и снова взлетал. За ним следили все с тем же напряженным и мрачным молчанием.
…И еще, как сквозь сон, помнил Григорий: очнулся он в теплой комнате, — не раскрывая глаз, всем телом ощутил приятную свежесть чистого постельного белья, в ноздри ему ударил терпкий запах каких-то лекарств. В первый момент он подумал, что находится в лазарете, но из соседней комнаты донесся взрыв безудержного мужского хохота, звон посуды, зазвучали нетрезвые голоса.",False,,False,,True,1392,помнить [память / воспоминание],память / воспоминание,WORD_CORE,WORD,S1,CORE,curated,,помнить,помнить,YES,same_sentence:Григорий,NARRATOR_ABOUT_HERO,narrative_context;hero_link=YES,HIGH,NARRATOR,,,4,Книга четвертая,7,Часть седьмая
WORD,S1_002,37521,7,7,подумать,подумал,"«Зараз Гриша его резнет!» — со злобным удовольствием подумал Рябчиков, но, увидев, как двое марковцев, прикладами очищая дорогу сквозь толпу, спешат на выручку полковнику, — предупреждающе тронул Григория за рукав:
— Не связывайся с ним, Пантелевич!","Сейчас же пропускай нас, а то…",Пойдем…,"Сейчас же пропускай нас, а то… «Зараз Гриша его резнет!» — со злобным удовольствием подумал Рябчиков, но, увидев, как двое марковцев, прикладами очищая дорогу сквозь толпу, спешат на выручку полковнику, — предупреждающе тронул Григория за рукав:
— Не связывайся с ним, Пантелевич! Пойдем…",False,,False,,True,1398,подумать [инициация мысли],инициация мысли,WORD_CORE,WORD,S1,CORE,curated,,подумать,подумать,YES,same_sentence:Гриша,OTHERS_TO_HERO,direct_speech;speech_verb_other:Рябчиков;hero_name_in_utterance;speechact=STATEMENT,MEDIUM,Рябчиков,Гриша,STATEMENT,4,Книга четвертая,7,Часть седьмая
WORD,ALEX_008,38095,3,3,вспоминать,вспоминала,"О Степане Аксинья вспоминала с неохотой, и почему-то ей казалось, что он не вернется, но, когда в хутор приходил кто-либо из казаков, она сначала спрашивала: «Степана моего не видал?» — а уж потом, осторожно и исподволь, пыталась выведать что-либо о Григории.","Дни проходили в работе, но тревога за жизнь Григория ни на час не покидала Аксинью.",Про их связь знали все в хуторе.,"Дни проходили в работе, но тревога за жизнь Григория ни на час не покидала Аксинью. О Степане Аксинья вспоминала с неохотой, и почему-то ей казалось, что он не вернется, но, когда в хутор приходил кто-либо из казаков, она сначала спрашивала: «Степана моего не видал?» — а уж потом, осторожно и исподволь, пыталась выведать что-либо о Григории. Про их связь знали все в хуторе.",False,,False,,True,1427,вспоминать [память / воспоминание],память / воспоминание,WORD_ALEXANDROVA,WORD,ALEXANDROVA,CORE,dictionary,,вспоминать,вспоминать,YES,same_sentence:Григории,OTHERS_TO_HERO,direct_speech;unknown_speaker;hero_name_in_utterance;speechact=STATEMENT,LOW,UNKNOWN,Григории,STATEMENT,4,Книга четвертая,8,Часть восьмая
WORD,ALEX_008,38230,19,19,вспоминать,вспоминала,После этого она унесла из кухни к себе в горницу поддевку и фуражку Григория и несколько дней вслух не вспоминала о сыне.,"Ты народи своих, а тогда узнаешь… — тихо ответила Ильинична.","Но незадолго до начала лугового покоса она сказала Дуняшке:
— Вот ты серчаешь, как я вспоминаю об Грише, а как же мы будем без него жить?","Ты народи своих, а тогда узнаешь… — тихо ответила Ильинична. После этого она унесла из кухни к себе в горницу поддевку и фуражку Григория и несколько дней вслух не вспоминала о сыне. Но незадолго до начала лугового покоса она сказала Дуняшке:
— Вот ты серчаешь, как я вспоминаю об Грише, а как же мы будем без него жить?",False,,False,,True,1434,вспоминать [память / воспоминание],память / воспоминание,WORD_ALEXANDROVA,WORD,ALEXANDROVA,CORE,dictionary,,вспоминать,вспоминать,YES,same_sentence:Григория,NARRATOR_ABOUT_HERO,narrative_context;hero_link=YES,HIGH,NARRATOR,,,4,Книга четвертая,8,Часть восьмая
WORD,ALEX_008,38231,14,14,вспоминать,вспоминаю,"Но незадолго до начала лугового покоса она сказала Дуняшке:
— Вот ты серчаешь, как я вспоминаю об Грише, а как же мы будем без него жить?",После этого она унесла из кухни к себе в горницу поддевку и фуражку Григория и несколько дней вслух не вспоминала о сыне.,"Об этом ты подумала, глупая?","После этого она унесла из кухни к себе в горницу поддевку и фуражку Григория и несколько дней вслух не вспоминала о сыне. Но незадолго до начала лугового покоса она сказала Дуняшке:
— Вот ты серчаешь, как я вспоминаю об Грише, а как же мы будем без него жить? Об этом ты подумала, глупая?",False,,False,,True,1435,вспоминать [память / воспоминание],память / воспоминание,WORD_ALEXANDROVA,WORD,ALEXANDROVA,CORE,dictionary,,вспоминать,вспоминать,YES,same_sentence:Грише,NARRATOR_ABOUT_HERO,narrative_context;hero_link=YES,HIGH,NARRATOR,,,4,Книга четвертая,8,Часть восьмая
WORD,S1_011,38614,6,6,мысль,мыслях,"Почему-то чаще всего в воспоминаниях, в мыслях обращалась она к Григорию.","Удивительно, как коротка и бедна оказалась эта жизнь и как много в ней было тяжелого и горестного, о чем не хотелось вспоминать.","Быть может, потому, что тревога за его судьбу не покидала ее все годы с начала войны и все, что связывало теперь ее с жизнью, заключалось только в нем. Или же тоска по старшему сыну и мужу притупилась, выветрилась со временем, но о них, о мертвых, она вспоминала реже, и виделись они ей как бы сквозь серую туманную дымку.","Удивительно, как коротка и бедна оказалась эта жизнь и как много в ней было тяжелого и горестного, о чем не хотелось вспоминать. Почему-то чаще всего в воспоминаниях, в мыслях обращалась она к Григорию. Быть может, потому, что тревога за его судьбу не покидала ее все годы с начала войны и все, что связывало теперь ее с жизнью, заключалось только в нем. Или же тоска по старшему сыну и мужу притупилась, выветрилась со временем, но о них, о мертвых, она вспоминала реже, и виделись они ей как бы сквозь серую туманную дымку.",False,,False,,True,1452,мысль [мысленный акт/реплика],мысленный акт/реплика,WORD_CORE,WORD,S1,CORE,curated,,мысль,мысль,YES,same_sentence:Григорию,NARRATOR_ABOUT_HERO,narrative_context;hero_link=YES,HIGH,NARRATOR,,,4,Книга четвертая,8,Часть восьмая
WORD,S1_002,39262,1,1,подумать,подумал,"«Довоевались!» — подумал Григорий, с отвращением глядя на убогую справу.","Колеса на старенькой арбе визгливо скрипели, вместо задней грядушки торчали обломки, клочьями свисало неряшливо наваленное сено.","Подводчица шагала рядом с быками, помахивая кнутом.","Колеса на старенькой арбе визгливо скрипели, вместо задней грядушки торчали обломки, клочьями свисало неряшливо наваленное сено. «Довоевались!» — подумал Григорий, с отвращением глядя на убогую справу. Подводчица шагала рядом с быками, помахивая кнутом.",False,,False,,True,1478,подумать [инициация мысли],инициация мысли,WORD_CORE,WORD,S1,CORE,curated,,подумать,подумать,YES,same_sentence:Григорий,HERO_DIRECT_SPEECH,direct_speech;speech_verb_after_quote:Григорий,HIGH,Григорий,,,4,Книга четвертая,8,Часть восьмая
WORD,S1_002,39458,1,1,подумать,подумал,"Григорий подумал и со вздохом ответил:
— Спасибо, девка, не хочу.","Прийдешь, что ли?",Кабы год-два назад…,"Прийдешь, что ли? Григорий подумал и со вздохом ответил:
— Спасибо, девка, не хочу. Кабы год-два назад…",False,,False,,True,1488,подумать [инициация мысли],инициация мысли,WORD_CORE,WORD,S1,CORE,curated,,подумать,подумать,YES,same_sentence:Григорий,NARRATOR_ABOUT_HERO,narrative_context;hero_link=YES,HIGH,NARRATOR,,,4,Книга четвертая,8,Часть восьмая
WORD,S1_017,39809,9,9,понять,понял,"Впрочем, никакие заверения уже не могли убедить Кошевого, Григорий понял это и умолк.","Ты поверь, Михаил, говорю это от чистого сердца!",Он испытал мгновенную и горькую досаду на себя.,"Ты поверь, Михаил, говорю это от чистого сердца! Впрочем, никакие заверения уже не могли убедить Кошевого, Григорий понял это и умолк. Он испытал мгновенную и горькую досаду на себя.",False,,False,,True,1500,понять [понимание / ясность],понимание / ясность,WORD_CORE,WORD,S1,CORE,curated,,понять,понять,YES,same_sentence:Григорий,NARRATOR_ABOUT_HERO,narrative_context;hero_link=YES,HIGH,NARRATOR,,,4,Книга четвертая,8,Часть восьмая
WORD,S1_002,39891,5,5,подумать,подумал,"«Кирпич на печки понадобился», — равнодушно подумал Григорий.","На площади чернели обуглившиеся развалины купеческих домов и лавок, сожженных Кошевым в прошлом году, полуразрушенная церковная ограда зияла проломами.","Церковь стояла по-прежнему маленькая, вросшая в землю.","На площади чернели обуглившиеся развалины купеческих домов и лавок, сожженных Кошевым в прошлом году, полуразрушенная церковная ограда зияла проломами. «Кирпич на печки понадобился», — равнодушно подумал Григорий. Церковь стояла по-прежнему маленькая, вросшая в землю.",False,,False,,True,1506,подумать [инициация мысли],инициация мысли,WORD_CORE,WORD,S1,CORE,curated,,подумать,подумать,YES,same_sentence:Григорий,HERO_DIRECT_SPEECH,direct_speech;speech_verb_after_quote:Григорий,HIGH,Григорий,,,4,Книга четвертая,8,Часть восьмая
WORD,S1_002,39897,8,8,подумать,подумал,"«Надо на могилки сходить, проведать мать и Наталью, — подумал Григорий и свернул в проулок по дороге к кладбищу, но, пройдя немного, остановился.","Они молча, как чужому, кланялись Григорию и только тогда, когда он проходил мимо, останавливались и подолгу глядели ему вслед.",И без того тяжело и смутно было у него на сердце.,"Они молча, как чужому, кланялись Григорию и только тогда, когда он проходил мимо, останавливались и подолгу глядели ему вслед. «Надо на могилки сходить, проведать мать и Наталью, — подумал Григорий и свернул в проулок по дороге к кладбищу, но, пройдя немного, остановился. И без того тяжело и смутно было у него на сердце.",False,,False,,True,1507,подумать [инициация мысли],инициация мысли,WORD_CORE,WORD,S1,CORE,curated,,подумать,подумать,YES,same_sentence:Григорий,NARRATOR_ABOUT_HERO,narrative_context;hero_link=YES,HIGH,NARRATOR,,,4,Книга четвертая,8,Часть восьмая
PHRASE,PHR_125,39911,2,3,стать думать,стал думать,Потом Григорий стал думать о детях.,"Григорий уже не смотрел по сторонам, шел, глядя под ноги, на белый, слегка увлажненный оттепелью и очень мягкий снежок, настолько мягкий, что он даже не ощущался под ногами и почти не скрипел.","Какие-то они стали не по летам сдержанные, молчаливые, не такие, какими были при матери.","Григорий уже не смотрел по сторонам, шел, глядя под ноги, на белый, слегка увлажненный оттепелью и очень мягкий снежок, настолько мягкий, что он даже не ощущался под ногами и почти не скрипел. Потом Григорий стал думать о детях. Какие-то они стали не по летам сдержанные, молчаливые, не такие, какими были при матери.",False,,False,,True,1509,стал думать [процесс размышления],процесс размышления,THINK_GENERAL,PHRASE,PHRASE,CORE,manual_expanded,,стал думать,стать думать,YES,same_sentence:Григорий,NARRATOR_ABOUT_HERO,narrative_context;hero_link=YES,HIGH,NARRATOR,,,4,Книга четвертая,8,Часть восьмая
WORD,S1_001,39911,3,3,думать,думать,Потом Григорий стал думать о детях.,"Григорий уже не смотрел по сторонам, шел, глядя под ноги, на белый, слегка увлажненный оттепелью и очень мягкий снежок, настолько мягкий, что он даже не ощущался под ногами и почти не скрипел.","Какие-то они стали не по летам сдержанные, молчаливые, не такие, какими были при матери.","Григорий уже не смотрел по сторонам, шел, глядя под ноги, на белый, слегка увлажненный оттепелью и очень мягкий снежок, настолько мягкий, что он даже не ощущался под ногами и почти не скрипел. Потом Григорий стал думать о детях. Какие-то они стали не по летам сдержанные, молчаливые, не такие, какими были при матери.",True,PHR_125,False,,False,1510,думать [процесс размышления],процесс размышления,WORD_CORE,WORD,S1,CORE,curated,,думать,думать,YES,same_sentence:Григорий,NARRATOR_ABOUT_HERO,narrative_context;hero_link=YES,HIGH,NARRATOR,,,4,Книга четвертая,8,Часть восьмая
WORD,S1_002,40121,9,9,подумать,подумал,"«Видно, и на самом деле собираются выступать на восстание», — подумал Григорий.","Один из пулеметчиков, упитанный и рослый, шутливо покрикивал: «А ну сторонись, штрафная рота, а то задавлю!»",Его задержали на регистрации недолго.,"Один из пулеметчиков, упитанный и рослый, шутливо покрикивал: «А ну сторонись, штрафная рота, а то задавлю!» «Видно, и на самом деле собираются выступать на восстание», — подумал Григорий. Его задержали на регистрации недолго.",False,,False,,True,1526,подумать [инициация мысли],инициация мысли,WORD_CORE,WORD,S1,CORE,curated,,подумать,подумать,YES,same_sentence:Григорий,HERO_DIRECT_SPEECH,direct_speech;speech_verb_after_quote:Григорий,HIGH,Григорий,,,4,Книга четвертая,8,Часть восьмая
WORD,S1_001,40166,6,6,думать,Думаешь,"Фомин, искоса посматривая на Григория, спросил:
— Думаешь дома жить?",Они пошли по улице.,— А где же мне жить?,"Они пошли по улице. Фомин, искоса посматривая на Григория, спросил:
— Думаешь дома жить? — А где же мне жить?",False,,False,,True,1528,думать [процесс размышления],процесс размышления,WORD_CORE,WORD,S1,CORE,curated,,думать,думать,YES,same_sentence:Григория,NARRATOR_ABOUT_HERO,narrative_context;hero_link=YES,HIGH,NARRATOR,,,4,Книга четвертая,8,Часть восьмая
WORD,S1_011,40188,2,2,мысль,мыслями,"Занятый своими мыслями, Григорий слушал его невнимательно.","Фомин заговорил о положении в округе, о своих взаимоотношениях с окружным начальством и с окрвоенкомом Шахаевым.","Они прошли три квартала, и Фомин приостановился.","Фомин заговорил о положении в округе, о своих взаимоотношениях с окружным начальством и с окрвоенкомом Шахаевым. Занятый своими мыслями, Григорий слушал его невнимательно. Они прошли три квартала, и Фомин приостановился.",False,,False,,True,1529,мысль [мысленный акт/реплика],мысленный акт/реплика,WORD_CORE,WORD,S1,CORE,curated,,мысль,мысль,YES,same_sentence:Григорий,NARRATOR_ABOUT_HERO,narrative_context;hero_link=YES,HIGH,NARRATOR,,,4,Книга четвертая,8,Часть восьмая
WORD,S1_001,40312,13,13,думать,думая,"Григорий был тут, рядом с ней; на него можно было смотреть безотрывно, не думая о том, что посторонние подстерегают ее взгляды, можно было говорить глазами все, не таясь и не смущаясь.","Они сели ужинать, и снова к Аксинье вернулось то полновесное счастье, которое испытывала она утром.","Господи, как она соскучилась по нем, как истомилось, наскучало по этим большим неласковым рукам ее тело!","Они сели ужинать, и снова к Аксинье вернулось то полновесное счастье, которое испытывала она утром. Григорий был тут, рядом с ней; на него можно было смотреть безотрывно, не думая о том, что посторонние подстерегают ее взгляды, можно было говорить глазами все, не таясь и не смущаясь. Господи, как она соскучилась по нем, как истомилось, наскучало по этим большим неласковым рукам ее тело!",False,,False,,True,1541,думать [процесс размышления],процесс размышления,WORD_CORE,WORD,S1,CORE,curated,,думать,думать,YES,same_sentence:Григорий,NARRATOR_ABOUT_HERO,narrative_context;hero_link=YES,HIGH,NARRATOR,,,4,Книга четвертая,8,Часть восьмая
WORD,S1_020,40844,11,11,ясно,ясно,"Григорий молча вынул руки из карманов шинели и, еще не совсем ясно осознавая, что с ним произошло и что это за люди, остановившие его, — спросил:
— Куда идти?","Вынай, а то голову срублю!",— В хутор.,"Вынай, а то голову срублю! Григорий молча вынул руки из карманов шинели и, еще не совсем ясно осознавая, что с ним произошло и что это за люди, остановившие его, — спросил:
— Куда идти? — В хутор.",False,,False,,True,1563,ясно [понимание / ясность],понимание / ясность,WORD_CORE,WORD,S1,CORE,curated,,ясно,ясно,YES,same_sentence:Григорий,NARRATOR_ABOUT_HERO,narrative_context;hero_link=YES,HIGH,NARRATOR,,,4,Книга четвертая,8,Часть восьмая
WORD,ALEX_011,40844,12,12,осознавать,осознавая,"Григорий молча вынул руки из карманов шинели и, еще не совсем ясно осознавая, что с ним произошло и что это за люди, остановившие его, — спросил:
— Куда идти?","Вынай, а то голову срублю!",— В хутор.,"Вынай, а то голову срублю! Григорий молча вынул руки из карманов шинели и, еще не совсем ясно осознавая, что с ним произошло и что это за люди, остановившие его, — спросил:
— Куда идти? — В хутор.",False,,False,,True,1564,осознавать [понимание / ясность],понимание / ясность,WORD_ALEXANDROVA,WORD,ALEXANDROVA,CORE,dictionary,,осознавать,осознавать,YES,same_sentence:Григорий,NARRATOR_ABOUT_HERO,narrative_context;hero_link=YES,HIGH,NARRATOR,,,4,Книга четвертая,8,Часть восьмая
WORD,S1_001,40898,3,3,думать,думал,"Попался, как дурак», — думал Григорий, нарочно мешкая в сенях, пытаясь собраться с мыслями.",Попался!,"Первый, кого он увидел, открыв дверь, был Фомин.","Попался! Попался, как дурак», — думал Григорий, нарочно мешкая в сенях, пытаясь собраться с мыслями. Первый, кого он увидел, открыв дверь, был Фомин.",False,,False,,True,1566,думать [процесс размышления],процесс размышления,WORD_CORE,WORD,S1,CORE,curated,,думать,думать,YES,same_sentence:Григорий,NARRATOR_ABOUT_HERO,narrative_context;hero_link=YES,HIGH,NARRATOR,,,4,Книга четвертая,8,Часть восьмая
WORD,S1_011,40898,12,12,мысль,мыслями,"Попался, как дурак», — думал Григорий, нарочно мешкая в сенях, пытаясь собраться с мыслями.",Попался!,"Первый, кого он увидел, открыв дверь, был Фомин.","Попался! Попался, как дурак», — думал Григорий, нарочно мешкая в сенях, пытаясь собраться с мыслями. Первый, кого он увидел, открыв дверь, был Фомин.",False,,False,,True,1567,мысль [мысленный акт/реплика],мысленный акт/реплика,WORD_CORE,WORD,S1,CORE,curated,,мысль,мысль,YES,same_sentence:Григорий,NARRATOR_ABOUT_HERO,narrative_context;hero_link=YES,HIGH,NARRATOR,,,4,Книга четвертая,8,Часть восьмая
WORD,S1_001,40921,13,13,думать,думаешь,"Фомин еще раз внимательно посмотрел Григорию в глаза и улыбнулся:
— Ты, я вижу, думаешь, что мы тебя словили и в Вешки повезем?",— Куда глаза глядят…,"Нет, брат, нам туда дорога заказанная…","— Куда глаза глядят… Фомин еще раз внимательно посмотрел Григорию в глаза и улыбнулся:
— Ты, я вижу, думаешь, что мы тебя словили и в Вешки повезем? Нет, брат, нам туда дорога заказанная…",False,,False,,True,1568,думать [процесс размышления],процесс размышления,WORD_CORE,WORD,S1,CORE,curated,,думать,думать,YES,same_sentence:Григорию,NARRATOR_ABOUT_HERO,narrative_context;hero_link=YES,HIGH,NARRATOR,,,4,Книга четвертая,8,Часть восьмая
WORD,S1_017,41164,5,5,понять,понял,"По лицу Григория он, вероятно, понял, что расправа над красноармейцем произвела на него гнетущее впечатление, потому и сказал:
— Ты не думай, что мы со всеми так строго обходимся.","Фомин радушно придвинул Григорию стул, сам присел на сундук.","Это же, чудак, — из продотрядников.","Фомин радушно придвинул Григорию стул, сам присел на сундук. По лицу Григория он, вероятно, понял, что расправа над красноармейцем произвела на него гнетущее впечатление, потому и сказал:
— Ты не думай, что мы со всеми так строго обходимся. Это же, чудак, — из продотрядников.",False,,False,,True,1573,понять [понимание / ясность],понимание / ясность,WORD_CORE,WORD,S1,CORE,curated,,понять,понять,YES,same_sentence:Григория,NARRATOR_ABOUT_HERO,narrative_context;hero_link=YES,HIGH,NARRATOR,,,4,Книга четвертая,8,Часть восьмая
WORD,S1_001,41164,20,20,думать,думай,"По лицу Григория он, вероятно, понял, что расправа над красноармейцем произвела на него гнетущее впечатление, потому и сказал:
— Ты не думай, что мы со всеми так строго обходимся.","Фомин радушно придвинул Григорию стул, сам присел на сундук.","Это же, чудак, — из продотрядников.","Фомин радушно придвинул Григорию стул, сам присел на сундук. По лицу Григория он, вероятно, понял, что расправа над красноармейцем произвела на него гнетущее впечатление, потому и сказал:
— Ты не думай, что мы со всеми так строго обходимся. Это же, чудак, — из продотрядников.",False,,False,,True,1574,думать [процесс размышления],процесс размышления,WORD_CORE,WORD,S1,CORE,curated,,думать,думать,YES,same_sentence:Григория,NARRATOR_ABOUT_HERO,narrative_context;hero_link=YES,HIGH,NARRATOR,,,4,Книга четвертая,8,Часть восьмая
WORD,S1_001,41186,7,7,думать,думаешь,"— Он помолчал, потом спросил: — Ты как, Мелехов, думаешь: ежели кадеты подопрут от Черного моря и мы соединимся с ними, — нам же это зачтется, что мы первые восстали в тылу?","Нехай ихние ученые люди власть устанавливают, мы им поможем.",Капарин говорит — непременно зачтется.,"Нехай ихние ученые люди власть устанавливают, мы им поможем. — Он помолчал, потом спросил: — Ты как, Мелехов, думаешь: ежели кадеты подопрут от Черного моря и мы соединимся с ними, — нам же это зачтется, что мы первые восстали в тылу? Капарин говорит — непременно зачтется.",False,,False,,True,1577,думать [процесс размышления],процесс размышления,WORD_CORE,WORD,S1,CORE,curated,,думать,думать,YES,same_sentence:Мелехов,OTHERS_TO_HERO,direct_speech;unknown_speaker;hero_name_in_utterance;speechact=STATEMENT,LOW,UNKNOWN,Мелехов,STATEMENT,4,Книга четвертая,8,Часть восьмая
WORD,S1_002,41190,3,3,подумать,подумал,"Дурак, а хитрый…» — подумал Григорий, невольно улыбнувшись.",«Вот ты куда стреляешь!,Фомин ждал ответа.,"«Вот ты куда стреляешь! Дурак, а хитрый…» — подумал Григорий, невольно улыбнувшись. Фомин ждал ответа.",False,,False,,True,1578,подумать [инициация мысли],инициация мысли,WORD_CORE,WORD,S1,CORE,curated,,подумать,подумать,YES,same_sentence:Григорий,NARRATOR_ABOUT_HERO,narrative_context;hero_link=YES,HIGH,NARRATOR,,,4,Книга четвертая,8,Часть восьмая
WORD,S1_001,41201,6,6,думать,думал,"Григорий снова смотрел под ноги себе, думал.","Пока конную часть им подкинут, мы весь округ кверх ногами постановим!","Капарин извинился, прилег на кровать.","Пока конную часть им подкинут, мы весь округ кверх ногами постановим! Григорий снова смотрел под ноги себе, думал. Капарин извинился, прилег на кровать.",False,,False,,True,1580,думать [процесс размышления],процесс размышления,WORD_CORE,WORD,S1,CORE,curated,,думать,думать,YES,same_sentence:Григорий,NARRATOR_ABOUT_HERO,narrative_context;hero_link=YES,HIGH,NARRATOR,,,4,Книга четвертая,8,Часть восьмая
WORD,S1_002,41246,6,6,подумать,подумал,"Григорий окинул взглядом колонну, с грустью подумал: «Нарвался бы ты со своим войском на мой буденновский эскадрон, мы бы тебя за полчаса по косточкам растрепали!»",— Черту рога можно сломать с такими ребятами!,"Фомин указал плетью, спросил:
— Как они на вид?","— Черту рога можно сломать с такими ребятами! Григорий окинул взглядом колонну, с грустью подумал: «Нарвался бы ты со своим войском на мой буденновский эскадрон, мы бы тебя за полчаса по косточкам растрепали!» Фомин указал плетью, спросил:
— Как они на вид?",False,,False,,True,1582,подумать [инициация мысли],инициация мысли,WORD_CORE,WORD,S1,CORE,curated,,подумать,подумать,YES,same_sentence:Григорий,OTHERS_TO_HERO,direct_speech;unknown_speaker;hero_name_in_utterance;speechact=STATEMENT,LOW,UNKNOWN,Григорий,STATEMENT,4,Книга четвертая,8,Часть восьмая
WORD,S1_001,41256,14,14,думать,думаешь,"Они долго молча ехали рядом, стремя к стремени, потом Григорий спросил:
— В Татарском не думаешь побывать?",— Добрый конь.,— По своим наскучал?,"— Добрый конь. Они долго молча ехали рядом, стремя к стремени, потом Григорий спросил:
— В Татарском не думаешь побывать? — По своим наскучал?",False,,False,,True,1583,думать [процесс размышления],процесс размышления,WORD_CORE,WORD,S1,CORE,curated,,думать,думать,YES,same_sentence:Григорий,NARRATOR_ABOUT_HERO,narrative_context;hero_link=YES,HIGH,NARRATOR,,,4,Книга четвертая,8,Часть восьмая
WORD,S1_001,41370,21,21,думать,думал,"Растянувшийся по грязной дороге фоминский отряд выбрался уже на бугор, скрылся из глаз негостеприимный хутор, а Григорий все еще изредка улыбался, думал: «Хорошо, что веселый народ мы, казаки.","Багровея от сдерживаемого смеха, Григорий поскакал к своему взводу.","Шутка у нас гостюет чаще, чем горе, а, не дай бог, делалось бы все всурьез — при такой жизни давно бы завеситься можно!»","Багровея от сдерживаемого смеха, Григорий поскакал к своему взводу. Растянувшийся по грязной дороге фоминский отряд выбрался уже на бугор, скрылся из глаз негостеприимный хутор, а Григорий все еще изредка улыбался, думал: «Хорошо, что веселый народ мы, казаки. Шутка у нас гостюет чаще, чем горе, а, не дай бог, делалось бы все всурьез — при такой жизни давно бы завеситься можно!»",False,,False,,True,1588,думать [процесс размышления],процесс размышления,WORD_CORE,WORD,S1,CORE,curated,,думать,думать,YES,same_sentence:Григорий,NARRATOR_ABOUT_HERO,narrative_context;hero_link=YES,HIGH,NARRATOR,,,4,Книга четвертая,8,Часть восьмая
PHRASE,PHR_020,41571,14,16,думать долго,думаю что долго,"— Знаете, Мелехов, — сказал он, на ходу сломив ветку боярышника, ощипывая набухшие тугие почки, — я думаю, что долго мы не продержимся, если не вольемся в какую-нибудь крупную антисоветскую часть, например в бригаду Маслака, которая бродит где-то на юге области.","Капарин высыпал из полы на землю остатки зерна, последовал за Григорием.","Надо пробиваться туда, иначе нас здесь уничтожат в одно прекрасное время.","Капарин высыпал из полы на землю остатки зерна, последовал за Григорием. — Знаете, Мелехов, — сказал он, на ходу сломив ветку боярышника, ощипывая набухшие тугие почки, — я думаю, что долго мы не продержимся, если не вольемся в какую-нибудь крупную антисоветскую часть, например в бригаду Маслака, которая бродит где-то на юге области. Надо пробиваться туда, иначе нас здесь уничтожат в одно прекрасное время.",False,,False,,True,1603,думать долго [процесс размышления],процесс размышления,THINK_INTENSIVE,PHRASE,PHRASE,CORE,manual_existing,,думать долго,думать долго,YES,same_sentence:Мелехов,OTHERS_TO_HERO,direct_speech;unknown_speaker;hero_name_in_utterance;speechact=STATEMENT,LOW,UNKNOWN,Мелехов,STATEMENT,4,Книга четвертая,8,Часть восьмая
WORD,S1_001,41571,14,14,думать,думаю,"— Знаете, Мелехов, — сказал он, на ходу сломив ветку боярышника, ощипывая набухшие тугие почки, — я думаю, что долго мы не продержимся, если не вольемся в какую-нибудь крупную антисоветскую часть, например в бригаду Маслака, которая бродит где-то на юге области.","Капарин высыпал из полы на землю остатки зерна, последовал за Григорием.","Надо пробиваться туда, иначе нас здесь уничтожат в одно прекрасное время.","Капарин высыпал из полы на землю остатки зерна, последовал за Григорием. — Знаете, Мелехов, — сказал он, на ходу сломив ветку боярышника, ощипывая набухшие тугие почки, — я думаю, что долго мы не продержимся, если не вольемся в какую-нибудь крупную антисоветскую часть, например в бригаду Маслака, которая бродит где-то на юге области. Надо пробиваться туда, иначе нас здесь уничтожат в одно прекрасное время.",True,PHR_020,False,,False,1604,думать [процесс размышления],процесс размышления,WORD_CORE,WORD,S1,CORE,curated,,думать,думать,YES,same_sentence:Мелехов,OTHERS_TO_HERO,direct_speech;unknown_speaker;hero_name_in_utterance;speechact=STATEMENT,LOW,UNKNOWN,Мелехов,STATEMENT,4,Книга четвертая,8,Часть восьмая
WORD,S1_017,41623,8,8,понять,понял,"Но и последний пулемет сразу умолк, и Григорий понял, что красноармейцы — уже на месте стоянки и что позади началась рубка.","Пулеметы в лесу смолкли, лишь крайний справа бил короткими злыми очередями по суетившимся около обозных повозок фоминцам.","Он догадывался об этом по глухим отчаянным вскрикам, по редкой прерывистой стрельбе оборонявшихся.","Пулеметы в лесу смолкли, лишь крайний справа бил короткими злыми очередями по суетившимся около обозных повозок фоминцам. Но и последний пулемет сразу умолк, и Григорий понял, что красноармейцы — уже на месте стоянки и что позади началась рубка. Он догадывался об этом по глухим отчаянным вскрикам, по редкой прерывистой стрельбе оборонявшихся.",False,,False,,True,1607,понять [понимание / ясность],понимание / ясность,WORD_CORE,WORD,S1,CORE,curated,,понять,понять,YES,same_sentence:Григорий,NARRATOR_ABOUT_HERO,narrative_context;hero_link=YES,HIGH,NARRATOR,,,4,Книга четвертая,8,Часть восьмая
PHRASE,PHR_016,41667,11,12,долго думать,долго думаете,"Григорий вынул из седельных сум патроны и кусок хлеба, сказал:
— Вы долго думаете ладиться?",— Ну а куда же нам деваться? — растерянно спросил Фомин.,Пошли!,"— Ну а куда же нам деваться? — растерянно спросил Фомин. Григорий вынул из седельных сум патроны и кусок хлеба, сказал:
— Вы долго думаете ладиться? Пошли!",False,,False,,True,1609,долго думать [процесс размышления],процесс размышления,THINK_INTENSIVE,PHRASE,PHRASE,CORE,manual_existing,,долго думать,долго думать,YES,same_sentence:Григорий,NARRATOR_ABOUT_HERO,narrative_context;hero_link=YES,HIGH,NARRATOR,,,4,Книга четвертая,8,Часть восьмая
WORD,S1_001,41667,12,12,думать,думаете,"Григорий вынул из седельных сум патроны и кусок хлеба, сказал:
— Вы долго думаете ладиться?",— Ну а куда же нам деваться? — растерянно спросил Фомин.,Пошли!,"— Ну а куда же нам деваться? — растерянно спросил Фомин. Григорий вынул из седельных сум патроны и кусок хлеба, сказал:
— Вы долго думаете ладиться? Пошли!",True,PHR_016,False,,False,1610,думать [процесс размышления],процесс размышления,WORD_CORE,WORD,S1,CORE,curated,,думать,думать,YES,same_sentence:Григорий,NARRATOR_ABOUT_HERO,narrative_context;hero_link=YES,HIGH,NARRATOR,,,4,Книга четвертая,8,Часть восьмая
WORD,S1_017,41883,3,3,понять,поняли,"— Вы меня не поняли, Мелехов.",Капарин посмотрел на него остро заблестевшими глазами.,Могу я вам довериться?,"Капарин посмотрел на него остро заблестевшими глазами. — Вы меня не поняли, Мелехов. Могу я вам довериться?",False,,False,,True,1620,понять [понимание / ясность],понимание / ясность,WORD_CORE,WORD,S1,CORE,curated,,понять,понять,YES,same_sentence:Мелехов,OTHERS_TO_HERO,direct_speech;unknown_speaker;hero_name_in_utterance;speechact=STATEMENT,LOW,UNKNOWN,Мелехов,STATEMENT,4,Книга четвертая,8,Часть восьмая
WORD,S1_002,42106,5,5,подумать,подумав,"— Туда и дорога была бы, — подумав, тихо ответил Григорий.","А вот ежели бы ночью, через эту твою жалость, ни за что ни про что на тот свет тебя отправил бы, тогда как?","И больше для себя, чем для остальных, добавил: — Это в яви смерть животу принимать страшно, а во время сна она, должно быть, легкая…","А вот ежели бы ночью, через эту твою жалость, ни за что ни про что на тот свет тебя отправил бы, тогда как? — Туда и дорога была бы, — подумав, тихо ответил Григорий. И больше для себя, чем для остальных, добавил: — Это в яви смерть животу принимать страшно, а во время сна она, должно быть, легкая…",False,,False,,True,1627,подумать [инициация мысли],инициация мысли,WORD_CORE,WORD,S1,CORE,curated,,подумать,подумать,YES,same_sentence:Григорий,HERO_DIRECT_SPEECH,direct_speech;speech_verb_after_quote:Григорий,HIGH,Григорий,,,4,Книга четвертая,8,Часть восьмая
WORD,S1_001,42489,5,5,думать,думаю,"— Ничего я про это не думаю, зря ты догадываешься, — внимательно рассматривая темляк на шашке, сказал Григорий.","Дожидайся, как же.",— А чего не знаю — за это и браться не хочу…,"Дожидайся, как же. — Ничего я про это не думаю, зря ты догадываешься, — внимательно рассматривая темляк на шашке, сказал Григорий. — А чего не знаю — за это и браться не хочу…",False,,False,,True,1633,думать [процесс размышления],процесс размышления,WORD_CORE,WORD,S1,CORE,curated,,думать,думать,YES,same_sentence:Григорий,HERO_DIRECT_SPEECH,direct_speech;speech_verb_after_quote:Григорий,HIGH,Григорий,,,4,Книга четвертая,8,Часть восьмая
PHRASE,PHR_048,42635,1,2,вспомнить разговор,вспомнил разговор,"Григорий вспомнил разговор со старухой и тоскливо огляделся по сторонам, расстегнув ворот рубашки.","Одинаково угрюмыми и ненавидящими взглядами встречали его тогда — немцы, теперь — казаки Верхнего Дона.",Опять подступила к сердцу проклятая боль…,"Одинаково угрюмыми и ненавидящими взглядами встречали его тогда — немцы, теперь — казаки Верхнего Дона. Григорий вспомнил разговор со старухой и тоскливо огляделся по сторонам, расстегнув ворот рубашки. Опять подступила к сердцу проклятая боль…",False,,False,,True,1644,вспомнить разговор [память / воспоминание],память / воспоминание,REMEMBER,PHRASE,PHRASE,CORE,manual_existing,,вспомнить разговор,вспомнить разговор,YES,same_sentence:Григорий,NARRATOR_ABOUT_HERO,narrative_context;hero_link=YES,HIGH,NARRATOR,,,4,Книга четвертая,8,Часть восьмая
WORD,S1_014,42635,1,1,вспомнить,вспомнил,"Григорий вспомнил разговор со старухой и тоскливо огляделся по сторонам, расстегнув ворот рубашки.","Одинаково угрюмыми и ненавидящими взглядами встречали его тогда — немцы, теперь — казаки Верхнего Дона.",Опять подступила к сердцу проклятая боль…,"Одинаково угрюмыми и ненавидящими взглядами встречали его тогда — немцы, теперь — казаки Верхнего Дона. Григорий вспомнил разговор со старухой и тоскливо огляделся по сторонам, расстегнув ворот рубашки. Опять подступила к сердцу проклятая боль…",True,PHR_048,False,,False,1645,вспомнить [память / воспоминание],память / воспоминание,WORD_CORE,WORD,S1,CORE,curated,,вспомнить,вспомнить,YES,same_sentence:Григорий,NARRATOR_ABOUT_HERO,narrative_context;hero_link=YES,HIGH,NARRATOR,,,4,Книга четвертая,8,Часть восьмая
WORD,S1_014,42897,11,11,вспомнить,вспомнив,"Аксинья нарвала их большую охапку, осторожно присела неподалеку от Григория и, вспомнив молодость, стала плести венок.",Возле кустов и на солнцепеке росли душистые пестрые цветы.,Он получился нарядный и красивый.,"Возле кустов и на солнцепеке росли душистые пестрые цветы. Аксинья нарвала их большую охапку, осторожно присела неподалеку от Григория и, вспомнив молодость, стала плести венок. Он получился нарядный и красивый.",False,,False,,True,1656,вспомнить [память / воспоминание],память / воспоминание,WORD_CORE,WORD,S1,CORE,curated,,вспомнить,вспомнить,YES,same_sentence:Григория,NARRATOR_ABOUT_HERO,narrative_context;hero_link=YES,HIGH,NARRATOR,,,4,Книга четвертая,8,Часть восьмая
WORD,S1_002,42958,8,8,подумать,подумай,"Они сами, Гриша, стали звать меня матерью, не подумай, что я их учила.",Никак ему не втолкую…,"А Михаил ничего с ними обходился, ласково.","Никак ему не втолкую… Они сами, Гриша, стали звать меня матерью, не подумай, что я их учила. А Михаил ничего с ними обходился, ласково.",False,,False,,True,1657,подумать [инициация мысли],инициация мысли,WORD_CORE,WORD,S1,CORE,curated,,подумать,подумать,YES,same_sentence:Гриша,NARRATOR_ABOUT_HERO,narrative_context;hero_link=YES,HIGH,NARRATOR,,,4,Книга четвертая,8,Часть восьмая
WORD,S1_017,43010,5,5,понять,понял,"И Григорий, мертвея от ужаса, понял, что все кончено, что самое страшное, что только могло случиться в его жизни, — уже случилось.","Кровь текла также из полуоткрытого рта Аксиньи, клокотала и булькала в горле.","По крутому склону яра, по тропинке, пробитой в траве и усеянной овечьими орешками, он осторожно спустился в яр, неся на руках Аксинью.","Кровь текла также из полуоткрытого рта Аксиньи, клокотала и булькала в горле. И Григорий, мертвея от ужаса, понял, что все кончено, что самое страшное, что только могло случиться в его жизни, — уже случилось. По крутому склону яра, по тропинке, пробитой в траве и усеянной овечьими орешками, он осторожно спустился в яр, неся на руках Аксинью.",False,,False,,True,1658,понять [понимание / ясность],понимание / ясность,WORD_CORE,WORD,S1,CORE,curated,,понять,понять,YES,same_sentence:Григорий,NARRATOR_ABOUT_HERO,narrative_context;hero_link=YES,HIGH,NARRATOR,,,4,Книга четвертая,8,Часть восьмая
WORD,ALEX_008,43126,10,10,вспоминать,вспоминая,"Все ласковые и нежные слова, которые по ночам шептал Григорий, вспоминая там, в дубраве, своих детей, сейчас вылетели у него из памяти.",Он узнал в этом бородатом и страшном на вид человеке отца…,"Опустившись на колени, целуя розовые холодные ручонки сына, он сдавленным голосом твердил только одно слово:
— Сынок… сынок…","Он узнал в этом бородатом и страшном на вид человеке отца… Все ласковые и нежные слова, которые по ночам шептал Григорий, вспоминая там, в дубраве, своих детей, сейчас вылетели у него из памяти. Опустившись на колени, целуя розовые холодные ручонки сына, он сдавленным голосом твердил только одно слово:
— Сынок… сынок…",False,,False,,True,1661,вспоминать [память / воспоминание],память / воспоминание,WORD_ALEXANDROVA,WORD,ALEXANDROVA,CORE,dictionary,,вспоминать,вспоминать,YES,same_sentence:Григорий,NARRATOR_ABOUT_HERO,narrative_context;hero_link=YES,HIGH,NARRATOR,,,4,Книга четвертая,8,Часть восьмая
PHRASE,PHR_060,18,7,8,не забывать,не забывая,"В курень его не ходил до смерти, не забывая обиды.","Пленная турчанка сторонилась родных Прокофия, и старик Мелехов вскоре отделил сына.","Прокофий обстроился скоро: плотники срубили курень, сам пригородил базы для скотины и к осени увел на новое хозяйство сгорбленную иноземку-жену.","Пленная турчанка сторонилась родных Прокофия, и старик Мелехов вскоре отделил сына. В курень его не ходил до смерти, не забывая обиды. Прокофий обстроился скоро: плотники срубили курень, сам пригородил базы для скотины и к осени увел на новое хозяйство сгорбленную иноземку-жену.",False,,False,,True,1,не забывать [память / воспоминание],память / воспоминание,ПАМЯТЬ_ВОСПОМИНАНИЕ,PHRASE,PHRASE,CORE,manual_existing,,не забывать,не забывать,PROBABLE,prev_sentence:Мелехов+pronoun,NARRATOR_ABOUT_HERO,narrative_context;hero_near+pronoun,MEDIUM,NARRATOR,,,1,Книга первая,1,Часть первая
WORD,S1_001,225,8,8,думать,думал,"«Выкуси, батя, хоть стреноженный уйду ноне на игрище», — думал, злобно обгрызая глазами крутой отцовский затылок.","Покусывая губы, шел Григорий позади отца.","Дома Григорий заботливо смыл с сазаньей чешуи присохший песок, продел сквозь жабры хворостинку.","Покусывая губы, шел Григорий позади отца. «Выкуси, батя, хоть стреноженный уйду ноне на игрище», — думал, злобно обгрызая глазами крутой отцовский затылок. Дома Григорий заботливо смыл с сазаньей чешуи присохший песок, продел сквозь жабры хворостинку.",False,,False,,True,2,думать [процесс размышления],процесс размышления,WORD_CORE,WORD,S1,CORE,curated,,думать,думать,PROBABLE,prev_sentence:Григорий,OTHERS_NEAR_HERO,direct_speech;unknown_speaker;hero_near,LOW,UNKNOWN,,STATEMENT,1,Книга первая,1,Часть первая
WORD,S1_020,489,6,6,ясно,ясно,"Поднимаясь в гору, Аксинья клонилась вперед, ясно вылегала под рубахой продольная ложбинка на спине.","На тяжелом узле волос пламенела расшитая цветным шелком шлычка, розовая рубаха, заправленная в юбку, не морщинясь, охватывала крутую спину и налитые плечи.","Григорий видел бурые круги слинявшей под мышками от пота рубахи, провожал глазами каждое движение.","На тяжелом узле волос пламенела расшитая цветным шелком шлычка, розовая рубаха, заправленная в юбку, не морщинясь, охватывала крутую спину и налитые плечи. Поднимаясь в гору, Аксинья клонилась вперед, ясно вылегала под рубахой продольная ложбинка на спине. Григорий видел бурые круги слинявшей под мышками от пота рубахи, провожал глазами каждое движение.",False,,False,,True,4,ясно [понимание / ясность],понимание / ясность,WORD_CORE,WORD,S1,CORE,curated,,ясно,ясно,PROBABLE,next_sentence:Григорий,NARRATOR_ABOUT_HERO,narrative_context;hero_link=PROBABLE,MEDIUM,NARRATOR,,,1,Книга первая,1,Часть первая
WORD,S1_002,558,0,0,подумать,Подумав,"— Подумав, добавил, как новость сообщил: — Уехал Петро.",— Ворота возьмись поправь да стояно́к на углу врой.,"Через плетень Григорий видел, как собирался Степан.","— Ворота возьмись поправь да стояно́к на углу врой. — Подумав, добавил, как новость сообщил: — Уехал Петро. Через плетень Григорий видел, как собирался Степан.",False,,False,,True,6,подумать [инициация мысли],инициация мысли,WORD_CORE,WORD,S1,CORE,curated,,подумать,подумать,PROBABLE,next_sentence:Григорий,OTHERS_NEAR_HERO,direct_speech;unknown_speaker;hero_near,LOW,UNKNOWN,,STATEMENT,1,Книга первая,1,Часть первая
WORD,S1_020,706,5,5,ясно,ясно,"Небо, выстиранное дождем, строго и ясно.",Лоснится земля невпитанной влагой.,"Распутывая бредень, Григорий всматривается в Аксинью.","Лоснится земля невпитанной влагой. Небо, выстиранное дождем, строго и ясно. Распутывая бредень, Григорий всматривается в Аксинью.",False,,False,,True,7,ясно [понимание / ясность],понимание / ясность,WORD_CORE,WORD,S1,CORE,curated,,ясно,ясно,PROBABLE,next_sentence:Григорий,NARRATOR_ABOUT_HERO,narrative_context;hero_link=PROBABLE,MEDIUM,NARRATOR,,,1,Книга первая,1,Часть первая
WORD,S1_011,967,9,9,мысль,мыслях,"Пугало это новое, заполнявшее всю ее чувство, и в мыслях шла ощупью, осторожно, как через Дон по мартовскому ноздреватому льду.",Гриша…»,"Проводив Степана в лагеря, решила с Гришкой видеться как можно реже.","Гриша…» Пугало это новое, заполнявшее всю ее чувство, и в мыслях шла ощупью, осторожно, как через Дон по мартовскому ноздреватому льду. Проводив Степана в лагеря, решила с Гришкой видеться как можно реже.",False,,False,,True,13,мысль [мысленный акт/реплика],мысленный акт/реплика,WORD_CORE,WORD,S1,CORE,curated,,мысль,мысль,PROBABLE,prev_sentence:Гриша,NARRATOR_ABOUT_HERO,narrative_context;hero_link=PROBABLE,MEDIUM,NARRATOR,,,1,Книга первая,1,Часть первая
WORD,ALEX_008,1964,1,1,вспоминать,вспоминая,"После, вспоминая эту встречу, ей стоило немалых усилий, чтобы уверить себя, что это было наяву.","Увидела и почувствовала, как похолодело под руками коромысло и жаром осыпала кровь виски.","Григорий увидел ее, когда она почти поравнялась с ним.","Увидела и почувствовала, как похолодело под руками коромысло и жаром осыпала кровь виски. После, вспоминая эту встречу, ей стоило немалых усилий, чтобы уверить себя, что это было наяву. Григорий увидел ее, когда она почти поравнялась с ним.",False,,False,,True,31,вспоминать [память / воспоминание],память / воспоминание,WORD_ALEXANDROVA,WORD,ALEXANDROVA,CORE,dictionary,,вспоминать,вспоминать,PROBABLE,next_sentence:Григорий,NARRATOR_ABOUT_HERO,narrative_context;hero_link=PROBABLE,MEDIUM,NARRATOR,,,1,Книга первая,1,Часть первая
WORD,S1_014,2086,0,0,вспомнить,Вспомнила,"Вспомнила тогда о Степане и норовисто мотнула головой, отгоняя некстати подвернувшуюся мысль.",С кем же жизнь свяжу?!»,"— Значится, кончилась наша любовь? — спросил Григорий и лег на живот, облокотившись и выплевывая розовые, изжеванные под разговор лепестки повительного цветка.","С кем же жизнь свяжу?!» Вспомнила тогда о Степане и норовисто мотнула головой, отгоняя некстати подвернувшуюся мысль. — Значится, кончилась наша любовь? — спросил Григорий и лег на живот, облокотившись и выплевывая розовые, изжеванные под разговор лепестки повительного цветка.",False,,False,,True,36,вспомнить [память / воспоминание],память / воспоминание,WORD_CORE,WORD,S1,CORE,curated,,вспомнить,вспомнить,PROBABLE,next_sentence:Григорий,NARRATOR_ABOUT_HERO,narrative_context;hero_link=PROBABLE,MEDIUM,NARRATOR,,,1,Книга первая,1,Часть первая
WORD,S1_011,2086,11,11,мысль,мысль,"Вспомнила тогда о Степане и норовисто мотнула головой, отгоняя некстати подвернувшуюся мысль.",С кем же жизнь свяжу?!»,"— Значится, кончилась наша любовь? — спросил Григорий и лег на живот, облокотившись и выплевывая розовые, изжеванные под разговор лепестки повительного цветка.","С кем же жизнь свяжу?!» Вспомнила тогда о Степане и норовисто мотнула головой, отгоняя некстати подвернувшуюся мысль. — Значится, кончилась наша любовь? — спросил Григорий и лег на живот, облокотившись и выплевывая розовые, изжеванные под разговор лепестки повительного цветка.",False,,False,,True,37,мысль [мысленный акт/реплика],мысленный акт/реплика,WORD_CORE,WORD,S1,CORE,curated,,мысль,мысль,PROBABLE,next_sentence:Григорий,NARRATOR_ABOUT_HERO,narrative_context;hero_link=PROBABLE,MEDIUM,NARRATOR,,,1,Книга первая,1,Часть первая
WORD,S1_001,2524,5,5,думать,думала,"По ночам, исступленно лаская мужа, думала Аксинья о другом, и плелась в душе ненависть с великой любовью.","От росы, от солнца поднимается втолоченный в землю стебель; сначала гнется, как человек, надорвавшийся непосильной тяжестью, потом прямится, поднимает голову, и так же светит ему день, и тот же качает ветер…","В мыслях шла баба на новое бесчестье, на прежний позор: решила отнять Гришку у счастливой, ни горя, ни радости любовной не ведавшей Натальи Коршуновой.","От росы, от солнца поднимается втолоченный в землю стебель; сначала гнется, как человек, надорвавшийся непосильной тяжестью, потом прямится, поднимает голову, и так же светит ему день, и тот же качает ветер… По ночам, исступленно лаская мужа, думала Аксинья о другом, и плелась в душе ненависть с великой любовью. В мыслях шла баба на новое бесчестье, на прежний позор: решила отнять Гришку у счастливой, ни горя, ни радости любовной не ведавшей Натальи Коршуновой.",False,,False,,True,45,думать [процесс размышления],процесс размышления,WORD_CORE,WORD,S1,CORE,curated,,думать,думать,PROBABLE,next_sentence:Гришку,NARRATOR_ABOUT_HERO,narrative_context;hero_link=PROBABLE,MEDIUM,NARRATOR,,,1,Книга первая,1,Часть первая
WORD,S1_011,2526,4,4,мысль,мыслей,"По ночам передумывала вороха мыслей, моргала сухими глазами в темь.","В мыслях шла баба на новое бесчестье, на прежний позор: решила отнять Гришку у счастливой, ни горя, ни радости любовной не ведавшей Натальи Коршуновой.","На правой руке тяжелела во сне голова Степана, красивая, с курчавым длинным чубом на сторону.","В мыслях шла баба на новое бесчестье, на прежний позор: решила отнять Гришку у счастливой, ни горя, ни радости любовной не ведавшей Натальи Коршуновой. По ночам передумывала вороха мыслей, моргала сухими глазами в темь. На правой руке тяжелела во сне голова Степана, красивая, с курчавым длинным чубом на сторону.",False,,False,,True,48,мысль [мысленный акт/реплика],мысленный акт/реплика,WORD_CORE,WORD,S1,CORE,curated,,мысль,мысль,PROBABLE,prev_sentence:Гришку,NARRATOR_ABOUT_HERO,narrative_context;hero_link=PROBABLE,MEDIUM,NARRATOR,,,1,Книга первая,1,Часть первая
WORD,ALEX_008,3361,7,7,вспоминать,вспоминая,"— Нехай хучь первый годок покохается, — вздыхала Ильинична, вспоминая свою горбатую в работе жизнь.","Румянится да брови чернит, мать ее суку.","Григорий малость пообвык в новом своем, женатом положении, пообтерхался и недели через три со страхом и озлоблением осознал в душе, что не вконец порвано с Аксиньей, осталось что-то, как заноза в сердце.","Румянится да брови чернит, мать ее суку. — Нехай хучь первый годок покохается, — вздыхала Ильинична, вспоминая свою горбатую в работе жизнь. Григорий малость пообвык в новом своем, женатом положении, пообтерхался и недели через три со страхом и озлоблением осознал в душе, что не вконец порвано с Аксиньей, осталось что-то, как заноза в сердце.",False,,False,,True,66,вспоминать [память / воспоминание],память / воспоминание,WORD_ALEXANDROVA,WORD,ALEXANDROVA,CORE,dictionary,,вспоминать,вспоминать,PROBABLE,next_sentence:Григорий,OTHERS_NEAR_HERO,direct_speech;unknown_speaker;hero_near,LOW,UNKNOWN,,STATEMENT,1,Книга первая,2,Часть вторая
WORD,S1_002,3963,3,3,подумать,подумал,"«Эх, выхолил бабу!» — подумал, еще раз взглянув на склоненную над лавкой гладко причесанную голову Натальи.",Старик остановился в дверях.,"Григорий сидел у окна, дергая напилком, на лбу его черной спутанной челкой прыгали волосы.","Старик остановился в дверях. «Эх, выхолил бабу!» — подумал, еще раз взглянув на склоненную над лавкой гладко причесанную голову Натальи. Григорий сидел у окна, дергая напилком, на лбу его черной спутанной челкой прыгали волосы.",False,,False,,True,77,подумать [инициация мысли],инициация мысли,WORD_CORE,WORD,S1,CORE,curated,,подумать,подумать,PROBABLE,next_sentence:Григорий,OTHERS_NEAR_HERO,direct_speech;unknown_speaker;hero_near,LOW,UNKNOWN,,STATEMENT,1,Книга первая,2,Часть вторая
WORD,S1_001,4218,10,10,думать,думал,"Подходил под крест и, целуя обслюнявленное многими ртами влажное серебро, думал об Аксинье, о жене.","Поднятая рука Григория затекала, в уме вразброд шла угарная возня мыслей.","Как вспышка зигзагистой молнии, перерезало мысли короткое воспоминание: лес, бурые стволы деревьев в белом пышном уборе, как в нарядной серебряной шлее; влажный, горячий блеск черных, из-под пухового платка Аксиньиных глаз…","Поднятая рука Григория затекала, в уме вразброд шла угарная возня мыслей. Подходил под крест и, целуя обслюнявленное многими ртами влажное серебро, думал об Аксинье, о жене. Как вспышка зигзагистой молнии, перерезало мысли короткое воспоминание: лес, бурые стволы деревьев в белом пышном уборе, как в нарядной серебряной шлее; влажный, горячий блеск черных, из-под пухового платка Аксиньиных глаз…",False,,False,,True,79,думать [процесс размышления],процесс размышления,WORD_CORE,WORD,S1,CORE,curated,,думать,думать,PROBABLE,prev_sentence:Григория,NARRATOR_ABOUT_HERO,narrative_context;hero_link=PROBABLE,MEDIUM,NARRATOR,,,1,Книга первая,2,Часть вторая
WORD,S1_017,4274,5,5,понять,понял,"По лицу его, беспокойно выжидающему, понял: что-то случилось.","Кинув по кухне беглый взгляд, Григорий остановил глаза на Петре.",— Присягнул?,"Кинув по кухне беглый взгляд, Григорий остановил глаза на Петре. По лицу его, беспокойно выжидающему, понял: что-то случилось. — Присягнул?",False,,False,,True,83,понять [понимание / ясность],понимание / ясность,WORD_CORE,WORD,S1,CORE,curated,,понять,понять,PROBABLE,prev_sentence:Григорий+pronoun,NARRATOR_ABOUT_HERO,narrative_context;hero_near+pronoun,MEDIUM,NARRATOR,,,1,Книга первая,2,Часть вторая
WORD,S1_004,4435,2,2,решить,решила,"— Надо сказать», — решила было, но сейчас же, дрогнув от испуга, отогнала страшную мысль.","«Сказать или не сказать? — думала она, вспомнив про свою беременность.","Женским своим чутьем угадала, что не время об этом говорить, поняла, что можно навек потерять Григория, и, сомневаясь, от кого из двух зачала ворохнувшегося под сердцем ребенка, слукавила душой: не сказала.","«Сказать или не сказать? — думала она, вспомнив про свою беременность. — Надо сказать», — решила было, но сейчас же, дрогнув от испуга, отогнала страшную мысль. Женским своим чутьем угадала, что не время об этом говорить, поняла, что можно навек потерять Григория, и, сомневаясь, от кого из двух зачала ворохнувшегося под сердцем ребенка, слукавила душой: не сказала.",False,,False,,True,92,решить [решение],решение,WORD_CORE,WORD,S1,CORE,curated,,решить,решить,PROBABLE,next_sentence:Григория,OTHERS_NEAR_HERO,direct_speech;unknown_speaker;hero_near,LOW,UNKNOWN,,STATEMENT,1,Книга первая,2,Часть вторая
PHRASE,PHR_121,4435,11,12,страшный мысль,страшную мысль,"— Надо сказать», — решила было, но сейчас же, дрогнув от испуга, отогнала страшную мысль.","«Сказать или не сказать? — думала она, вспомнив про свою беременность.","Женским своим чутьем угадала, что не время об этом говорить, поняла, что можно навек потерять Григория, и, сомневаясь, от кого из двух зачала ворохнувшегося под сердцем ребенка, слукавила душой: не сказала.","«Сказать или не сказать? — думала она, вспомнив про свою беременность. — Надо сказать», — решила было, но сейчас же, дрогнув от испуга, отогнала страшную мысль. Женским своим чутьем угадала, что не время об этом говорить, поняла, что можно навек потерять Григория, и, сомневаясь, от кого из двух зачала ворохнувшегося под сердцем ребенка, слукавила душой: не сказала.",False,,False,,True,91,страшная мысль [эмоционально окрашенная мысль],эмоционально окрашенная мысль,ЭМОЦИОНАЛЬНО_ОКРАШЕННАЯ_МЫСЛЬ,PHRASE,PHRASE,EXTENDED,manual_existing,,страшная мысль,страшный мысль,PROBABLE,next_sentence:Григория,OTHERS_NEAR_HERO,direct_speech;unknown_speaker;hero_near,LOW,UNKNOWN,,STATEMENT,1,Книга первая,2,Часть вторая
WORD,S1_011,4435,12,12,мысль,мысль,"— Надо сказать», — решила было, но сейчас же, дрогнув от испуга, отогнала страшную мысль.","«Сказать или не сказать? — думала она, вспомнив про свою беременность.","Женским своим чутьем угадала, что не время об этом говорить, поняла, что можно навек потерять Григория, и, сомневаясь, от кого из двух зачала ворохнувшегося под сердцем ребенка, слукавила душой: не сказала.","«Сказать или не сказать? — думала она, вспомнив про свою беременность. — Надо сказать», — решила было, но сейчас же, дрогнув от испуга, отогнала страшную мысль. Женским своим чутьем угадала, что не время об этом говорить, поняла, что можно навек потерять Григория, и, сомневаясь, от кого из двух зачала ворохнувшегося под сердцем ребенка, слукавила душой: не сказала.",True,PHR_121,False,,False,93,мысль [мысленный акт/реплика],мысленный акт/реплика,WORD_CORE,WORD,S1,CORE,curated,,мысль,мысль,PROBABLE,next_sentence:Григория,OTHERS_NEAR_HERO,direct_speech;unknown_speaker;hero_near,LOW,UNKNOWN,,STATEMENT,1,Книга первая,2,Часть вторая
WORD,S1_016,4535,1,1,помнить,помнил,Он помнил рассказы отца об отставном генерале Листницком — герое Русско-турецкой войны.,— Григорий тянулся струною.,— Почему нанимаешься? — грохотало сверху.,— Григорий тянулся струною. Он помнил рассказы отца об отставном генерале Листницком — герое Русско-турецкой войны. — Почему нанимаешься? — грохотало сверху.,False,,False,,True,95,помнить [память / воспоминание],память / воспоминание,WORD_CORE,WORD,S1,CORE,curated,,помнить,помнить,PROBABLE,prev_sentence:Григорий+pronoun,NARRATOR_ABOUT_HERO,narrative_context;hero_near+pronoun,MEDIUM,NARRATOR,,,1,Книга первая,2,Часть вторая
WORD,S1_001,5059,10,10,думать,думали,"Да, ишо новостишка: оттель выхожу, на крыльце — кто бы вы думали?",— На станцию едет.,Гришка Мелехов.,"— На станцию едет. Да, ишо новостишка: оттель выхожу, на крыльце — кто бы вы думали? Гришка Мелехов.",False,,False,,True,105,думать [процесс размышления],процесс размышления,WORD_CORE,WORD,S1,CORE,curated,,думать,думать,PROBABLE,next_sentence:Гришка,NARRATOR_ABOUT_HERO,narrative_context;hero_link=PROBABLE,MEDIUM,NARRATOR,,,1,Книга первая,2,Часть вторая
WORD,S1_001,5373,3,3,думать,думать,"Узнаю — буду одно думать, а то я стою посередь дороги.",Пожалей напоследок и пропиши.,"Ты, Гриша, не серчай на меня, ради Христа.","Пожалей напоследок и пропиши. Узнаю — буду одно думать, а то я стою посередь дороги. Ты, Гриша, не серчай на меня, ради Христа.",False,,False,,True,113,думать [процесс размышления],процесс размышления,WORD_CORE,WORD,S1,CORE,curated,,думать,думать,PROBABLE,next_sentence:Гриша,NARRATOR_ABOUT_HERO,narrative_context;hero_link=PROBABLE,MEDIUM,NARRATOR,,,1,Книга первая,2,Часть вторая
WORD,S1_017,5490,5,5,понять,пойму,"— Ты мне не жалься, не пойму.","Крепко ты меня обидел, Григорий!..",Сытый голодного не разумеет.,"Крепко ты меня обидел, Григорий!.. — Ты мне не жалься, не пойму. Сытый голодного не разумеет.",False,,False,,True,128,понять [понимание / ясность],понимание / ясность,WORD_CORE,WORD,S1,CORE,curated,,понять,понять,PROBABLE,prev_sentence:Григорий,OTHERS_NEAR_HERO,direct_speech;unknown_speaker;hero_near,LOW,UNKNOWN,,STATEMENT,1,Книга первая,2,Часть вторая
WORD,ALEX_008,5503,5,5,вспоминать,вспоминая,"Степан потер лоб рукой, что-то вспоминая.","— Не горюй, ишо как-нибудь цокнемся.","Пан, ведя Крепыша в поводу, крикнул Григорию:
— Трогай!","— Не горюй, ишо как-нибудь цокнемся. Степан потер лоб рукой, что-то вспоминая. Пан, ведя Крепыша в поводу, крикнул Григорию:
— Трогай!",False,,False,,True,132,вспоминать [память / воспоминание],память / воспоминание,WORD_ALEXANDROVA,WORD,ALEXANDROVA,CORE,dictionary,,вспоминать,вспоминать,PROBABLE,next_sentence:Григорию,NARRATOR_ABOUT_HERO,narrative_context;hero_link=PROBABLE,MEDIUM,NARRATOR,,,1,Книга первая,2,Часть вторая
WORD,S1_001,5573,0,0,думать,Думаешь,"Думаешь, угоняешься за длинным рублем?","Петро посидел на крылечке, расспросил о работе, харчах, жалованье; на все придакивая, жевал обгрызенный окомелок усины и, выведав, сказал Григорию на прощанье:
— Шел бы ты домой жить, хвост-то ломать нечего.",— Я за ним не гоняюсь.,"Петро посидел на крылечке, расспросил о работе, харчах, жалованье; на все придакивая, жевал обгрызенный окомелок усины и, выведав, сказал Григорию на прощанье:
— Шел бы ты домой жить, хвост-то ломать нечего. Думаешь, угоняешься за длинным рублем? — Я за ним не гоняюсь.",False,,False,,True,135,думать [процесс размышления],процесс размышления,WORD_CORE,WORD,S1,CORE,curated,,думать,думать,PROBABLE,prev_sentence:Григорию,NARRATOR_ABOUT_HERO,narrative_context;hero_link=PROBABLE,MEDIUM,NARRATOR,,,1,Книга первая,2,Часть вторая
WORD,ALEX_012,5659,7,7,догадаться,догадался,"Вглядываясь в пышущий жаром рот Аксиньи, скорее догадался, чем разобрал:
— Пу-по-вину пер-гры-зи… за-вя-жи ниткой… от ру-ба-хи…","Ошалевший Григорий соскочил на землю и путано, как стреноженный, шагнул к задку повозки.","Григорий прыгающими пальцами выдернул из рукава своей бязевой рубахи пучок ниток, зажмурясь до боли в глазах, перегрыз пуповину и надежно завязал кровоточащий отросток нитками.","Ошалевший Григорий соскочил на землю и путано, как стреноженный, шагнул к задку повозки. Вглядываясь в пышущий жаром рот Аксиньи, скорее догадался, чем разобрал:
— Пу-по-вину пер-гры-зи… за-вя-жи ниткой… от ру-ба-хи… Григорий прыгающими пальцами выдернул из рукава своей бязевой рубахи пучок ниток, зажмурясь до боли в глазах, перегрыз пуповину и надежно завязал кровоточащий отросток нитками.",False,,False,,True,139,догадаться [понимание / ясность],понимание / ясность,WORD_ALEXANDROVA,WORD,ALEXANDROVA,CORE,dictionary,,догадаться,догадаться,PROBABLE,prev_sentence:Григорий,NARRATOR_ABOUT_HERO,narrative_context;hero_link=PROBABLE,MEDIUM,NARRATOR,,,1,Книга первая,2,Часть вторая
WORD,S1_011,5806,4,4,мысль,мысли,"Аксинья пробовала уснуть, но мысли разметывали сон, как ветер копну сена.","Григорий повернулся на бок, сказал внятно:
— На хуторе Ольшанском… — и смолк.","Она до света продумала об этой бессвязной фразе, подыскивая к ней отгадку…","Григорий повернулся на бок, сказал внятно:
— На хуторе Ольшанском… — и смолк. Аксинья пробовала уснуть, но мысли разметывали сон, как ветер копну сена. Она до света продумала об этой бессвязной фразе, подыскивая к ней отгадку…",False,,False,,True,142,мысль [мысленный акт/реплика],мысленный акт/реплика,WORD_CORE,WORD,S1,CORE,curated,,мысль,мысль,PROBABLE,prev_sentence:Григорий,NARRATOR_ABOUT_HERO,narrative_context;hero_link=PROBABLE,MEDIUM,NARRATOR,,,1,Книга первая,2,Часть вторая
WORD,S1_004,5935,7,7,решить,решили,"К концу обмера чины, посоветовавшись за столом, решили:
— В армию.",Чирьяки это.,"— В Двенадцатый полк, Мелехов.","Чирьяки это. К концу обмера чины, посоветовавшись за столом, решили:
— В армию. — В Двенадцатый полк, Мелехов.",False,,False,,True,146,решить [решение],решение,WORD_CORE,WORD,S1,CORE,curated,,решить,решить,PROBABLE,next_sentence:Мелехов,NARRATOR_ABOUT_HERO,narrative_context;hero_link=PROBABLE,MEDIUM,NARRATOR,,,1,Книга первая,2,Часть вторая
WORD,S1_011,6103,18,18,мысль,мысль,"Пантелей Прокофьевич заставлял Дуняшку или Петра перечитывать их по нескольку раз, вдумываясь в затаенную меж строк неведомую Григорьеву мысль.","На сообщение о том, что Наталья пришла к отцу, ответил сдержанно, просил передать ей поклон; содержание писем его было уклончиво и мутно.","Перед Пасхой он в письме прямо поставил вопрос о том, будет ли Григорий по возвращении со службы жить с женой или по-прежнему с Аксиньей.","На сообщение о том, что Наталья пришла к отцу, ответил сдержанно, просил передать ей поклон; содержание писем его было уклончиво и мутно. Пантелей Прокофьевич заставлял Дуняшку или Петра перечитывать их по нескольку раз, вдумываясь в затаенную меж строк неведомую Григорьеву мысль. Перед Пасхой он в письме прямо поставил вопрос о том, будет ли Григорий по возвращении со службы жить с женой или по-прежнему с Аксиньей.",False,,False,,True,152,мысль [мысленный акт/реплика],мысленный акт/реплика,WORD_CORE,WORD,S1,CORE,curated,,мысль,мысль,PROBABLE,next_sentence:Григорий,NARRATOR_ABOUT_HERO,narrative_context;hero_link=PROBABLE,MEDIUM,NARRATOR,,,1,Книга первая,3,Часть третья
WORD,ALEX_008,6182,1,1,вспоминать,вспоминали,"Старики вспоминали минувшие войны, делились предположениями:
— Не бывать войне, по урожаю видать.","Мелехов Пантелей, беседуя на майдане со стариками, веско доказывал:
— Пишет Григорий наш, что астрицкий царь наезжал на границу и отдал приказ, чтоб всю свою войску согнать в одну месту и идтить на Москву и Петербург.",— Урожай тут ни при чем.,"Мелехов Пантелей, беседуя на майдане со стариками, веско доказывал:
— Пишет Григорий наш, что астрицкий царь наезжал на границу и отдал приказ, чтоб всю свою войску согнать в одну месту и идтить на Москву и Петербург. Старики вспоминали минувшие войны, делились предположениями:
— Не бывать войне, по урожаю видать. — Урожай тут ни при чем.",False,,False,,True,154,вспоминать [память / воспоминание],память / воспоминание,WORD_ALEXANDROVA,WORD,ALEXANDROVA,CORE,dictionary,,вспоминать,вспоминать,PROBABLE,prev_sentence:Григорий,NARRATOR_ABOUT_HERO,narrative_context;hero_link=PROBABLE,MEDIUM,NARRATOR,,,1,Книга первая,3,Часть третья
WORD,S1_017,6455,0,0,понять,Понял,Понял?,"— Вот что, — Григорий оторвал от сруба голову, — ежели когда ты вдаришь меня — все одно убью!","Вахмистр изумленно зевал квадратным сазаньим ртом, не находил ответа.","— Вот что, — Григорий оторвал от сруба голову, — ежели когда ты вдаришь меня — все одно убью! Понял? Вахмистр изумленно зевал квадратным сазаньим ртом, не находил ответа.",False,,False,,True,161,понять [понимание / ясность],понимание / ясность,WORD_CORE,WORD,S1,CORE,curated,,понять,понять,PROBABLE,prev_sentence:Григорий,NARRATOR_ABOUT_HERO,narrative_context;hero_link=PROBABLE,MEDIUM,NARRATOR,,,1,Книга первая,3,Часть третья
WORD,S1_016,6533,7,7,помнить,помнил,"У дверей ему кто-то, он даже не помнил кто, деловито и ясно сказал:
— Вякнешь кому — истинный Христос, убьем!","Григорий прыгнул с перегородки, растирая ладонью горло; он задыхался.",Ну?,"Григорий прыгнул с перегородки, растирая ладонью горло; он задыхался. У дверей ему кто-то, он даже не помнил кто, деловито и ясно сказал:
— Вякнешь кому — истинный Христос, убьем! Ну?",False,,False,,True,163,помнить [память / воспоминание],память / воспоминание,WORD_CORE,WORD,S1,CORE,curated,,помнить,помнить,PROBABLE,prev_sentence:Григорий+pronoun,NARRATOR_ABOUT_HERO,narrative_context;hero_near+pronoun,MEDIUM,NARRATOR,,,1,Книга первая,3,Часть третья
WORD,S1_020,6533,11,11,ясно,ясно,"У дверей ему кто-то, он даже не помнил кто, деловито и ясно сказал:
— Вякнешь кому — истинный Христос, убьем!","Григорий прыгнул с перегородки, растирая ладонью горло; он задыхался.",Ну?,"Григорий прыгнул с перегородки, растирая ладонью горло; он задыхался. У дверей ему кто-то, он даже не помнил кто, деловито и ясно сказал:
— Вякнешь кому — истинный Христос, убьем! Ну?",False,,False,,True,164,ясно [понимание / ясность],понимание / ясность,WORD_CORE,WORD,S1,CORE,curated,,ясно,ясно,PROBABLE,prev_sentence:Григорий+pronoun,NARRATOR_ABOUT_HERO,narrative_context;hero_near+pronoun,MEDIUM,NARRATOR,,,1,Книга первая,3,Часть третья
WORD,S1_011,6985,2,2,мысль,мысль,"Выхолощенная страхом мысль путала в голове тяжелый, застывающий клубок.","В середине грудной клетки Григория словно одубело то, что до атаки суетливо гоняло кровь, он не чувствовал ничего, кроме звона в ушах и боли в пальцах левой ноги.",Первым упал с коня хорунжий Ляховский.,"В середине грудной клетки Григория словно одубело то, что до атаки суетливо гоняло кровь, он не чувствовал ничего, кроме звона в ушах и боли в пальцах левой ноги. Выхолощенная страхом мысль путала в голове тяжелый, застывающий клубок. Первым упал с коня хорунжий Ляховский.",False,,False,,True,171,мысль [мысленный акт/реплика],мысленный акт/реплика,WORD_CORE,WORD,S1,CORE,curated,,мысль,мысль,PROBABLE,prev_sentence:Григория,NARRATOR_ABOUT_HERO,narrative_context;hero_link=PROBABLE,MEDIUM,NARRATOR,,,1,Книга первая,3,Часть третья
WORD,S1_002,7785,2,2,подумать,подумал,"«Нового купили», — подумал и перевел взгляд на лицо брата, странно измененное давностью последнего свидания, загорелое, с подрезанными усами пшеничного цвета и обожженными солнцем серебристыми бровями.","Собрав на скулах рытвинки морщин, Григорий вглядывался, стараясь узнать под Петром коня.","Григорий пошел ему навстречу, сняв фуражку, помахивая рукой, как на ученье.","Собрав на скулах рытвинки морщин, Григорий вглядывался, стараясь узнать под Петром коня. «Нового купили», — подумал и перевел взгляд на лицо брата, странно измененное давностью последнего свидания, загорелое, с подрезанными усами пшеничного цвета и обожженными солнцем серебристыми бровями. Григорий пошел ему навстречу, сняв фуражку, помахивая рукой, как на ученье.",False,,False,,True,182,подумать [инициация мысли],инициация мысли,WORD_CORE,WORD,S1,CORE,curated,,подумать,подумать,PROBABLE,prev_sentence:Григорий,OTHERS_NEAR_HERO,direct_speech;unknown_speaker;hero_near,LOW,UNKNOWN,,STATEMENT,1,Книга первая,3,Часть третья
WORD,S1_017,8730,8,8,понять,понял,"Он ощутил во рту горячий рассол крови и понял, что падает, — откуда-то сбоку, кружась, стремительно неслась на него одетая жнивьем земля.",Страшный удар в голову сзади вырвал у Григория сознание.,Жестокий толчок при падении на секунду вернул его к действительности.,"Страшный удар в голову сзади вырвал у Григория сознание. Он ощутил во рту горячий рассол крови и понял, что падает, — откуда-то сбоку, кружась, стремительно неслась на него одетая жнивьем земля. Жестокий толчок при падении на секунду вернул его к действительности.",False,,False,,True,216,понять [понимание / ясность],понимание / ясность,WORD_CORE,WORD,S1,CORE,curated,,понять,понять,PROBABLE,prev_sentence:Григория+pronoun,NARRATOR_ABOUT_HERO,narrative_context;hero_near+pronoun,MEDIUM,NARRATOR,,,1,Книга первая,3,Часть третья
WORD,S1_011,8735,4,4,мысль,мысль,"«Все», — змейкой скользнула облегчающая мысль.","В последний раз открыл Григорий глаза, увидел раздутые розовые ноздри лошади, чей-то пронизавший стремя сапог.",Гул и черная пустота.,"В последний раз открыл Григорий глаза, увидел раздутые розовые ноздри лошади, чей-то пронизавший стремя сапог. «Все», — змейкой скользнула облегчающая мысль. Гул и черная пустота.",False,,False,,True,217,мысль [мысленный акт/реплика],мысленный акт/реплика,WORD_CORE,WORD,S1,CORE,curated,,мысль,мысль,PROBABLE,prev_sentence:Григорий,OTHERS_NEAR_HERO,direct_speech;unknown_speaker;hero_near,LOW,UNKNOWN,,STATEMENT,1,Книга первая,3,Часть третья
WORD,S1_001,9527,5,5,думать,думая,"Лежала, ни о чем не думая, раздавленная неизъяснимой тоской…","Наталья отошла от имения версты три, прилегла под кустом дикого терна.",Перед глазами ее неотступно маячили на лице ребенка угрюмоватые черные глаза Григория.,"Наталья отошла от имения версты три, прилегла под кустом дикого терна. Лежала, ни о чем не думая, раздавленная неизъяснимой тоской… Перед глазами ее неотступно маячили на лице ребенка угрюмоватые черные глаза Григория.",False,,False,,True,249,думать [процесс размышления],процесс размышления,WORD_CORE,WORD,S1,CORE,curated,,думать,думать,PROBABLE,next_sentence:Григория,NARRATOR_ABOUT_HERO,narrative_context;hero_link=PROBABLE,MEDIUM,NARRATOR,,,1,Книга первая,3,Часть третья
WORD,S1_018,9537,0,0,осознать,Осознав,"Осознав случившееся с ним, чувствуя неотвратимо подступающий ужас, он полз на четвереньках, скрипя зубами.","Григорий смотрел, не мигая, широко открытыми глазами; ему казалось, это — не звезды, а полные голубовато-желтые неведомые плоды висят на черенках листьев.","Боль играла с ним, валила его навзничь…","Григорий смотрел, не мигая, широко открытыми глазами; ему казалось, это — не звезды, а полные голубовато-желтые неведомые плоды висят на черенках листьев. Осознав случившееся с ним, чувствуя неотвратимо подступающий ужас, он полз на четвереньках, скрипя зубами. Боль играла с ним, валила его навзничь…",False,,False,,True,250,осознать [понимание / ясность],понимание / ясность,WORD_CORE,WORD,S1,CORE,curated,,осознать,осознать,PROBABLE,prev_sentence:Григорий+pronoun,NARRATOR_ABOUT_HERO,narrative_context;hero_near+pronoun,MEDIUM,NARRATOR,,,1,Книга первая,3,Часть третья
WORD,S1_016,9650,3,3,помнить,помню,"— Я уже не помню, когда ел, — улыбнулся он виновато.",На его место устало присел Григорий.,По городу двигались части 3-го корпуса.,"На его место устало присел Григорий. — Я уже не помню, когда ел, — улыбнулся он виновато. По городу двигались части 3-го корпуса.",False,,False,,True,252,помнить [память / воспоминание],память / воспоминание,WORD_CORE,WORD,S1,CORE,curated,,помнить,помнить,PROBABLE,prev_sentence:Григорий+pronoun,OTHERS_NEAR_HERO,direct_speech;unknown_speaker;hero_near,LOW,UNKNOWN,,STATEMENT,1,Книга первая,3,Часть третья
WORD,S1_004,9819,9,9,решить,решило,"XXII
На Юго-Западном фронте в районе Шевеля командование армии решило грандиозной кавалерийской атакой прорвать фронт противника и кинуть в тыл ему большой кавалерийский отряд, которому надлежало совершить рейд вдоль фронта, разрушая по пути коммуникационные линии, дезорганизуя части противника внезапными налетами.","— Мелехов, пойдемте, посмотрим ваш глаз, — сказала она низким грудным голосом и посторонилась, пропуская Григория в коридор.","На успешное осуществление этого плана командование возлагало большие надежды; небывалое количество конницы было стянуто к указанному району; в числе остальных кавалерийских полков был переброшен на этот участок и казачий полк, в котором служил сотник Листницкий.","— Мелехов, пойдемте, посмотрим ваш глаз, — сказала она низким грудным голосом и посторонилась, пропуская Григория в коридор. XXII
На Юго-Западном фронте в районе Шевеля командование армии решило грандиозной кавалерийской атакой прорвать фронт противника и кинуть в тыл ему большой кавалерийский отряд, которому надлежало совершить рейд вдоль фронта, разрушая по пути коммуникационные линии, дезорганизуя части противника внезапными налетами. На успешное осуществление этого плана командование возлагало большие надежды; небывалое количество конницы было стянуто к указанному району; в числе остальных кавалерийских полков был переброшен на этот участок и казачий полк, в котором служил сотник Листницкий.",False,,False,,True,255,решить [решение],решение,WORD_CORE,WORD,S1,CORE,curated,,решить,решить,PROBABLE,prev_sentence:Мелехов+pronoun,NARRATOR_ABOUT_HERO,narrative_context;hero_near+pronoun,MEDIUM,NARRATOR,,,1,Книга первая,3,Часть третья
WORD,S1_002,10006,8,8,подумать,подумал,"Уже лежа в постели, потирая пухлую, мягкую грудь, подумал: «С точки зрения честного человека — это подло, безнравственно.",Его подмывало бодрящее веселье.,Григорий…,"Его подмывало бодрящее веселье. Уже лежа в постели, потирая пухлую, мягкую грудь, подумал: «С точки зрения честного человека — это подло, безнравственно. Григорий…",False,,False,,True,263,подумать [инициация мысли],инициация мысли,WORD_CORE,WORD,S1,CORE,curated,,подумать,подумать,PROBABLE,next_sentence:Григорий,NARRATOR_ABOUT_HERO,narrative_context;hero_link=PROBABLE,MEDIUM,NARRATOR,,,1,Книга первая,3,Часть третья
WORD,S1_017,10233,11,11,понять,понять,"Зарывшись головой в подушку, вздрагивая плечами, лежал несколько минут; нельзя было понять — плакал он или смеялся, но встал с сухими, проясневшими глазами.",После отъезда высоких гостей Григорий упал на койку.,Его сейчас же вызвал в кабинет заведующий госпиталем.,"После отъезда высоких гостей Григорий упал на койку. Зарывшись головой в подушку, вздрагивая плечами, лежал несколько минут; нельзя было понять — плакал он или смеялся, но встал с сухими, проясневшими глазами. Его сейчас же вызвал в кабинет заведующий госпиталем.",False,,False,,True,269,понять [понимание / ясность],понимание / ясность,WORD_CORE,WORD,S1,CORE,curated,,понять,понять,PROBABLE,prev_sentence:Григорий+pronoun,NARRATOR_ABOUT_HERO,narrative_context;hero_near+pronoun,MEDIUM,NARRATOR,,,1,Книга первая,3,Часть третья
WORD,S1_004,10261,1,1,решить,решил,"Он решил переночевать на первом хуторе по Чиру, чтобы на следующий день засветло добраться до Ягодного.","Сойдя с дороги, Григорий пошел по влажно хрупкой, скованной морозцем траве.","Уже за полночь пришел на хутор Грачев, в крайнем дворе заночевал и вышел, чуть только поредели лиловые утренние сумерки.","Сойдя с дороги, Григорий пошел по влажно хрупкой, скованной морозцем траве. Он решил переночевать на первом хуторе по Чиру, чтобы на следующий день засветло добраться до Ягодного. Уже за полночь пришел на хутор Грачев, в крайнем дворе заночевал и вышел, чуть только поредели лиловые утренние сумерки.",False,,False,,True,271,решить [решение],решение,WORD_CORE,WORD,S1,CORE,curated,,решить,решить,PROBABLE,prev_sentence:Григорий+pronoun,NARRATOR_ABOUT_HERO,narrative_context;hero_near+pronoun,MEDIUM,NARRATOR,,,1,Книга первая,3,Часть третья
WORD,S1_001,10350,6,6,думать,думаю,"Хотела тебе гостинцев послать, а потом думаю, погожу, — может, от него письмо получу…",Ты получил от меня последнюю письмо?,Она изредка взглядывала на Григория.,"Ты получил от меня последнюю письмо? Хотела тебе гостинцев послать, а потом думаю, погожу, — может, от него письмо получу… Она изредка взглядывала на Григория.",False,,False,,True,274,думать [процесс размышления],процесс размышления,WORD_CORE,WORD,S1,CORE,curated,,думать,думать,PROBABLE,next_sentence:Григория,NARRATOR_ABOUT_HERO,narrative_context;hero_link=PROBABLE,MEDIUM,NARRATOR,,,1,Книга первая,3,Часть третья
WORD,S1_014,11394,6,6,вспомнить,вспомнил,"Лежа здесь, на холме, он почему-то вспомнил ту ночь, когда с хутора Нижне-Яблоновского шел в Ягодное к Аксинье; с режущей болью вспомнил и ее.","Григорий, щурясь, глядел на нее, и от ледяного света звезды, неяркого, но остро коловшего глаза, под ресницами выступали такие же холодные слезы.","Память вылепила неясные, стертые временем бесконечно дорогие и чуждые линии лица.","Григорий, щурясь, глядел на нее, и от ледяного света звезды, неяркого, но остро коловшего глаза, под ресницами выступали такие же холодные слезы. Лежа здесь, на холме, он почему-то вспомнил ту ночь, когда с хутора Нижне-Яблоновского шел в Ягодное к Аксинье; с режущей болью вспомнил и ее. Память вылепила неясные, стертые временем бесконечно дорогие и чуждые линии лица.",False,,False,,True,312,вспомнить [память / воспоминание],память / воспоминание,WORD_CORE,WORD,S1,CORE,curated,,вспомнить,вспомнить,PROBABLE,prev_sentence:Григорий+pronoun,NARRATOR_ABOUT_HERO,narrative_context;hero_near+pronoun,MEDIUM,NARRATOR,,,2,Книга вторая,4,Часть четвертая
WORD,S1_014,11394,21,21,вспомнить,вспомнил,"Лежа здесь, на холме, он почему-то вспомнил ту ночь, когда с хутора Нижне-Яблоновского шел в Ягодное к Аксинье; с режущей болью вспомнил и ее.","Григорий, щурясь, глядел на нее, и от ледяного света звезды, неяркого, но остро коловшего глаза, под ресницами выступали такие же холодные слезы.","Память вылепила неясные, стертые временем бесконечно дорогие и чуждые линии лица.","Григорий, щурясь, глядел на нее, и от ледяного света звезды, неяркого, но остро коловшего глаза, под ресницами выступали такие же холодные слезы. Лежа здесь, на холме, он почему-то вспомнил ту ночь, когда с хутора Нижне-Яблоновского шел в Ягодное к Аксинье; с режущей болью вспомнил и ее. Память вылепила неясные, стертые временем бесконечно дорогие и чуждые линии лица.",False,,False,,True,313,вспомнить [память / воспоминание],память / воспоминание,WORD_CORE,WORD,S1,CORE,curated,,вспомнить,вспомнить,PROBABLE,prev_sentence:Григорий+pronoun,NARRATOR_ABOUT_HERO,narrative_context;hero_near+pronoun,MEDIUM,NARRATOR,,,2,Книга вторая,4,Часть четвертая
WORD,S1_014,11403,1,1,вспомнить,вспомнил,"Он вспомнил те недели, которые провел на хуторе Татарском, в семье, после разрыва с Аксиньей; по ночам — жадные, опустошающие ласки Натальи, словно старавшейся вознаградить за свою прежнюю девическую холодность; днями — внимательное, почти заискивающее отношение семьи, почет, с каким встречали хуторные первого георгиевского кавалера.",Отдельные куски несвязных воспоминаний затемняли образ Аксиньи.,"Григорий всюду, даже в семье, ловил боковые, изумленно-почтительные взгляды, — его разглядывали так, как будто не верили, что он — тот самый Григорий, некогда своевольный и веселый парень.","Отдельные куски несвязных воспоминаний затемняли образ Аксиньи. Он вспомнил те недели, которые провел на хуторе Татарском, в семье, после разрыва с Аксиньей; по ночам — жадные, опустошающие ласки Натальи, словно старавшейся вознаградить за свою прежнюю девическую холодность; днями — внимательное, почти заискивающее отношение семьи, почет, с каким встречали хуторные первого георгиевского кавалера. Григорий всюду, даже в семье, ловил боковые, изумленно-почтительные взгляды, — его разглядывали так, как будто не верили, что он — тот самый Григорий, некогда своевольный и веселый парень.",False,,False,,True,314,вспомнить [память / воспоминание],память / воспоминание,WORD_CORE,WORD,S1,CORE,curated,,вспомнить,вспомнить,PROBABLE,next_sentence:Григорий+pronoun,NARRATOR_ABOUT_HERO,narrative_context;hero_near+pronoun,MEDIUM,NARRATOR,,,2,Книга вторая,4,Часть четвертая
WORD,S1_016,11411,15,15,помнить,помнишь,"Год от рождения тебе сравнялся, и по давнишнему казачьему обычаю вынес я тебя на баз — помнишь, старуха? — и посадил верхом на коня.","— Я знал, Гришка, — подвыпив, на прощанье говорил Пантелей Прокофьевич и, волнуясь, гладил серебряные с чернью волосы, — знал давно, что из тебя добрый казак выйдет.","А ты, сукин сын, цап его за гриву ручонками!..","— Я знал, Гришка, — подвыпив, на прощанье говорил Пантелей Прокофьевич и, волнуясь, гладил серебряные с чернью волосы, — знал давно, что из тебя добрый казак выйдет. Год от рождения тебе сравнялся, и по давнишнему казачьему обычаю вынес я тебя на баз — помнишь, старуха? — и посадил верхом на коня. А ты, сукин сын, цап его за гриву ручонками!..",False,,False,,True,315,помнить [память / воспоминание],память / воспоминание,WORD_CORE,WORD,S1,CORE,curated,,помнить,помнить,PROBABLE,prev_sentence:Гришка,NARRATOR_ABOUT_HERO,narrative_context;hero_link=PROBABLE,MEDIUM,NARRATOR,,,2,Книга вторая,4,Часть четвертая
WORD,S1_004,11548,2,2,решить,решил,"— Вонючее мясо, — решил Чубатый.","Чубатый, нагнувшись над своим котелком, ворочал ноздрями, кривился, и, невольно подражая ему, так же двигал ноздрями, морщил тусклое лицо Кошевой.","Он брезгливо отставил котелок, глянул на Григория.","Чубатый, нагнувшись над своим котелком, ворочал ноздрями, кривился, и, невольно подражая ему, так же двигал ноздрями, морщил тусклое лицо Кошевой. — Вонючее мясо, — решил Чубатый. Он брезгливо отставил котелок, глянул на Григория.",False,,False,,True,322,решить [решение],решение,WORD_CORE,WORD,S1,CORE,curated,,решить,решить,PROBABLE,next_sentence:Григория,OTHERS_NEAR_HERO,direct_speech;speech_verb_other:Чубатый;hero_near,LOW,Чубатый,,STATEMENT,2,Книга вторая,4,Часть четвертая
WORD,S1_013,14823,5,5,мыслить,мыслю,"Изварин терпеливо разъяснял:
— Я не мыслю самостоятельного и обособленного существования одной Донской области.","— Как же мы без России будем жить, ежели у нас, окромя пшеницы, ничего нету? — спрашивал Григорий.","На основах федерации, то есть объединения, мы будем жить совместно с Кубанью, Тереком и горцами Кавказа.","— Как же мы без России будем жить, ежели у нас, окромя пшеницы, ничего нету? — спрашивал Григорий. Изварин терпеливо разъяснял:
— Я не мыслю самостоятельного и обособленного существования одной Донской области. На основах федерации, то есть объединения, мы будем жить совместно с Кубанью, Тереком и горцами Кавказа.",False,,False,,True,484,мыслить [мысленный акт/реплика],мысленный акт/реплика,WORD_CORE,WORD,S1,CORE,curated,,мыслить,мыслить,PROBABLE,prev_sentence:Григорий,NARRATOR_ABOUT_HERO,narrative_context;hero_link=PROBABLE,MEDIUM,NARRATOR,,,2,Книга вторая,5,Часть пятая
WORD,S1_021,14848,8,8,рассуждать,Рассуждают,"Углом избочив бровь, смешливо морща нос, Изварин кхакал:
— Рассуждают?","Обуреваемый противоречиями, Григорий осторожно расспрашивал о большевиках:
— А вот скажи, Ефим Иваныч, большевики, по-твоему, как они — правильно али нет рассуждают?",Кха-кха…,"Обуреваемый противоречиями, Григорий осторожно расспрашивал о большевиках:
— А вот скажи, Ефим Иваныч, большевики, по-твоему, как они — правильно али нет рассуждают? Углом избочив бровь, смешливо морща нос, Изварин кхакал:
— Рассуждают? Кха-кха…",False,,False,,True,487,рассуждать [рассуждение / вывод],рассуждение / вывод,WORD_CORE,WORD,S1,CORE,curated,,рассуждать,рассуждать,PROBABLE,prev_sentence:Григорий,NARRATOR_ABOUT_HERO,narrative_context;hero_link=PROBABLE,MEDIUM,NARRATOR,,,2,Книга вторая,5,Часть пятая
WORD,S1_004,15552,2,2,решить,решили,Ты знаешь… решили делегатов посылать от хутора в Каменскую.,"— Были все хуторные фронтовики, Петро Мелехов не был.",Там десятого января съезд фронтовиков.,"— Были все хуторные фронтовики, Петро Мелехов не был. Ты знаешь… решили делегатов посылать от хутора в Каменскую. Там десятого января съезд фронтовиков.",False,,False,,True,516,решить [решение],решение,WORD_CORE,WORD,S1,CORE,curated,,решить,решить,PROBABLE,prev_sentence:Мелехов,NARRATOR_ABOUT_HERO,narrative_context;hero_link=PROBABLE,MEDIUM,NARRATOR,,,2,Книга вторая,5,Часть пятая
WORD,S1_017,16115,4,4,понять,понял,"Нежданно услышав про Листницкого, понял, что не заросла давностью старая ранка: тронь неосторожным словом, — закровоточит.","Он не ощущал с былой силой злобы к врагу, но знал, что, если встретится с ним теперь, в условиях начавшейся Гражданской войны, — быть между ними крови.","За давнее сладко отомстил бы Григорий — за то, что по вине проклятого человека выцвела жизнь и осталась на месте прежней полнокровной большой радости сосущая голодная тоска, линялая выцветень.","Он не ощущал с былой силой злобы к врагу, но знал, что, если встретится с ним теперь, в условиях начавшейся Гражданской войны, — быть между ними крови. Нежданно услышав про Листницкого, понял, что не заросла давностью старая ранка: тронь неосторожным словом, — закровоточит. За давнее сладко отомстил бы Григорий — за то, что по вине проклятого человека выцвела жизнь и осталась на месте прежней полнокровной большой радости сосущая голодная тоска, линялая выцветень.",False,,False,,True,533,понять [понимание / ясность],понимание / ясность,WORD_CORE,WORD,S1,CORE,curated,,понять,понять,PROBABLE,next_sentence:Григорий,NARRATOR_ABOUT_HERO,narrative_context;hero_link=PROBABLE,MEDIUM,NARRATOR,,,2,Книга вторая,5,Часть пятая
WORD,ALEX_008,16123,7,7,вспоминать,вспоминал,"Ходил как одурманенный, уже чаще, чем обычно, вспоминал Аксинью, и горечь плавилась во рту, каменело сердце.","Все последующие дни Григорий, как ни старался загасить тлевшую в душе боль, — не мог.","Думал о Наталье, детишках, но радость от этого приходила зазубренная временем, изжитая давностью.","Все последующие дни Григорий, как ни старался загасить тлевшую в душе боль, — не мог. Ходил как одурманенный, уже чаще, чем обычно, вспоминал Аксинью, и горечь плавилась во рту, каменело сердце. Думал о Наталье, детишках, но радость от этого приходила зазубренная временем, изжитая давностью.",False,,False,,True,534,вспоминать [память / воспоминание],память / воспоминание,WORD_ALEXANDROVA,WORD,ALEXANDROVA,CORE,dictionary,,вспоминать,вспоминать,PROBABLE,prev_sentence:Григорий,NARRATOR_ABOUT_HERO,narrative_context;hero_link=PROBABLE,MEDIUM,NARRATOR,,,2,Книга вторая,5,Часть пятая
WORD,S1_017,16431,0,0,понять,Понял,Понял?..,"Получив утвердительный ответ, Голубов поравнялся с Григорием, сказал:
— Скажи Подтелкову, что Чернецова я беру на поруки!","Ну, так и передай.","Получив утвердительный ответ, Голубов поравнялся с Григорием, сказал:
— Скажи Подтелкову, что Чернецова я беру на поруки! Понял?.. Ну, так и передай.",False,,False,,True,543,понять [понимание / ясность],понимание / ясность,WORD_CORE,WORD,S1,CORE,curated,,понять,понять,PROBABLE,prev_sentence:Григорием,NARRATOR_ABOUT_HERO,narrative_context;hero_link=PROBABLE,MEDIUM,NARRATOR,,,2,Книга вторая,5,Часть пятая
WORD,S1_001,16465,1,1,думать,думай,"Не думай, что на тачанке спасался.","Издали крикнул:
— Я был там!","А ты, Мелехов, помолчи возьми-ка!..","Издали крикнул:
— Я был там! Не думай, что на тачанке спасался. А ты, Мелехов, помолчи возьми-ка!..",False,,False,,True,544,думать [процесс размышления],процесс размышления,WORD_CORE,WORD,S1,CORE,curated,,думать,думать,PROBABLE,next_sentence:Мелехов,NARRATOR_ABOUT_HERO,narrative_context;hero_link=PROBABLE,MEDIUM,NARRATOR,,,2,Книга вторая,5,Часть пятая
WORD,S1_017,16467,0,0,понять,Понял,Понял?..,"А ты, Мелехов, помолчи возьми-ка!..",Ты с кем гутаришь?..,"А ты, Мелехов, помолчи возьми-ка!.. Понял?.. Ты с кем гутаришь?..",False,,False,,True,545,понять [понимание / ясность],понимание / ясность,WORD_CORE,WORD,S1,CORE,curated,,понять,понять,PROBABLE,prev_sentence:Мелехов,NARRATOR_ABOUT_HERO,narrative_context;hero_link=PROBABLE,MEDIUM,NARRATOR,,,2,Книга вторая,5,Часть пятая
WORD,S1_001,16517,19,19,думать,думал,"Сзади его поперек схватил Минаев, — ломая, выворачивая руки, отнял наган; заглядывая в глаза померкшими глазами, задыхаясь, спросил:
— А ты думал — как?","Григорий в первый момент, как только началась расправа, оторвался от тачанки, — не сводя с Подтелкова налитых мутью глаз, хромая, быстро заковылял к нему.","XIII
Слепяще-яркий снеговой хребет бугра, облитый глазурью солнца и синью безоблачного дня, белел, сахарно искрился.","Григорий в первый момент, как только началась расправа, оторвался от тачанки, — не сводя с Подтелкова налитых мутью глаз, хромая, быстро заковылял к нему. Сзади его поперек схватил Минаев, — ломая, выворачивая руки, отнял наган; заглядывая в глаза померкшими глазами, задыхаясь, спросил:
— А ты думал — как? XIII
Слепяще-яркий снеговой хребет бугра, облитый глазурью солнца и синью безоблачного дня, белел, сахарно искрился.",False,,False,,True,546,думать [процесс размышления],процесс размышления,WORD_CORE,WORD,S1,CORE,curated,,думать,думать,PROBABLE,prev_sentence:Григорий+pronoun,NARRATOR_ABOUT_HERO,narrative_context;hero_near+pronoun,MEDIUM,NARRATOR,,,2,Книга вторая,5,Часть пятая
WORD,S1_001,16562,7,7,думать,думал,"«Приеду, поотдохну трошки, залечу ранку, а там… — думал он и мысленно махал рукой, — там видно будет.","Всю дорогу до самого хутора Григорий как-то несвязно и бестолково думал о недавнем, пытался хоть вехами наметить будущее, но мысль доходила до отдыха дома и дальше напарывалась на тупик.",Само дело покажет…»,"Всю дорогу до самого хутора Григорий как-то несвязно и бестолково думал о недавнем, пытался хоть вехами наметить будущее, но мысль доходила до отдыха дома и дальше напарывалась на тупик. «Приеду, поотдохну трошки, залечу ранку, а там… — думал он и мысленно махал рукой, — там видно будет. Само дело покажет…»",False,,False,,True,554,думать [процесс размышления],процесс размышления,WORD_CORE,WORD,S1,CORE,curated,,думать,думать,PROBABLE,prev_sentence:Григорий+pronoun,HERO_INNER_SPEECH,inner_speech_marker;hero_link=PROBABLE,MEDIUM,HERO_PROBABLE,,,2,Книга вторая,5,Часть пятая
WORD,S1_012,16562,10,10,мысленно,мысленно,"«Приеду, поотдохну трошки, залечу ранку, а там… — думал он и мысленно махал рукой, — там видно будет.","Всю дорогу до самого хутора Григорий как-то несвязно и бестолково думал о недавнем, пытался хоть вехами наметить будущее, но мысль доходила до отдыха дома и дальше напарывалась на тупик.",Само дело покажет…»,"Всю дорогу до самого хутора Григорий как-то несвязно и бестолково думал о недавнем, пытался хоть вехами наметить будущее, но мысль доходила до отдыха дома и дальше напарывалась на тупик. «Приеду, поотдохну трошки, залечу ранку, а там… — думал он и мысленно махал рукой, — там видно будет. Само дело покажет…»",False,,False,,True,555,мысленно [мысленный акт/реплика],мысленный акт/реплика,WORD_CORE,WORD,S1,CORE,curated,,мысленно,мысленно,PROBABLE,prev_sentence:Григорий+pronoun,HERO_INNER_SPEECH,inner_speech_marker;hero_link=PROBABLE,MEDIUM,HERO_PROBABLE,,,2,Книга вторая,5,Часть пятая
WORD,S1_001,16643,6,6,думать,думал,"Ишо какая девка вышла, а я-то думал — дурненькая будет, никудышненькая.","Обнимая крутые, вызревшие плечи сестры, Григорий поцеловал ее в губы и глаза, сказал, отступая, дивясь:
— Да ты, Дуняха, черт тебя знает!..","— Ну уж ты, братушка!..","Обнимая крутые, вызревшие плечи сестры, Григорий поцеловал ее в губы и глаза, сказал, отступая, дивясь:
— Да ты, Дуняха, черт тебя знает!.. Ишо какая девка вышла, а я-то думал — дурненькая будет, никудышненькая. — Ну уж ты, братушка!..",False,,False,,True,558,думать [процесс размышления],процесс размышления,WORD_CORE,WORD,S1,CORE,curated,,думать,думать,PROBABLE,prev_sentence:Григорий,NARRATOR_ABOUT_HERO,narrative_context;hero_link=PROBABLE,MEDIUM,NARRATOR,,,2,Книга вторая,5,Часть пятая
WORD,S1_001,18235,1,1,думать,думаю,— Я думаю погодить с этим.,— Не думаете уходить?,"Уйти завсегда не поздно… вы — как, Григорий Пантелеев, и ты, Христан?..","— Не думаете уходить? — Я думаю погодить с этим. Уйти завсегда не поздно… вы — как, Григорий Пантелеев, и ты, Христан?..",False,,False,,True,616,думать [процесс размышления],процесс размышления,WORD_CORE,WORD,S1,CORE,curated,,думать,думать,PROBABLE,next_sentence:Григорий,OTHERS_NEAR_HERO,direct_speech;unknown_speaker;hero_near,LOW,UNKNOWN,,STATEMENT,2,Книга вторая,5,Часть пятая
WORD,S1_004,18349,2,2,решить,решил,"Единственное, что решил Иван Алексеевич твердо, — при первой же стычке перебежать к большевикам.","Те оправдания, которые мысленно подсовывал он себе, были ненадежны, и чей-то рассудочный насмешливый голос, звучавший внутри, давил их, как конское копыто — корочку ледка на луже.","Решение это выспело в нем, пока шли к майдану, но ни Григорию, ни Христоне Иван Алексеевич не сказал о нем, смутно понимая, что они переживают что-то иное, и в глубине сознания уже опасаясь их.","Те оправдания, которые мысленно подсовывал он себе, были ненадежны, и чей-то рассудочный насмешливый голос, звучавший внутри, давил их, как конское копыто — корочку ледка на луже. Единственное, что решил Иван Алексеевич твердо, — при первой же стычке перебежать к большевикам. Решение это выспело в нем, пока шли к майдану, но ни Григорию, ни Христоне Иван Алексеевич не сказал о нем, смутно понимая, что они переживают что-то иное, и в глубине сознания уже опасаясь их.",False,,False,,True,625,решить [решение],решение,WORD_CORE,WORD,S1,CORE,curated,,решить,решить,PROBABLE,next_sentence:Григорию,NARRATOR_ABOUT_HERO,narrative_context;hero_link=PROBABLE,MEDIUM,NARRATOR,,,2,Книга вторая,5,Часть пятая
WORD,S1_016,19668,0,0,помнить,Помнишь,"Помнишь, как офицеров стреляли…","Григорий поймал его за рукав, спросил, задыхаясь:
— Под Глубокой бой помнишь?",По твоему приказу стреляли!,"Григорий поймал его за рукав, спросил, задыхаясь:
— Под Глубокой бой помнишь? Помнишь, как офицеров стреляли… По твоему приказу стреляли!",False,,False,,True,657,помнить [память / воспоминание],память / воспоминание,WORD_CORE,WORD,S1,CORE,curated,,помнить,помнить,PROBABLE,prev_sentence:Григорий,NARRATOR_ABOUT_HERO,narrative_context;hero_link=PROBABLE,MEDIUM,NARRATOR,,,2,Книга вторая,5,Часть пятая
WORD,S1_001,20248,7,7,думать,думая,"Весь день он покачивался в седле, несвязано думая о будущем; как горошины стеклянного мониста, перебирал в уме Петровы слова, горько нудился.",Густая тоска полонила Григория.,"Терпкий бражный привкус полыни жег губы, дорога дымилась зноем.","Густая тоска полонила Григория. Весь день он покачивался в седле, несвязано думая о будущем; как горошины стеклянного мониста, перебирал в уме Петровы слова, горько нудился. Терпкий бражный привкус полыни жег губы, дорога дымилась зноем.",False,,False,,True,683,думать [процесс размышления],процесс размышления,WORD_CORE,WORD,S1,CORE,curated,,думать,думать,PROBABLE,prev_sentence:Григория+pronoun,NARRATOR_ABOUT_HERO,narrative_context;hero_near+pronoun,MEDIUM,NARRATOR,,,3,Книга третья,6,Часть шестая
PHRASE,PHR_058,20321,10,12,хранить в память,храня в памяти,"Он уснул, ощущая на губах солонцеватый запах ее губ, бережно храня в памяти охочее на ласку тело казачки и запах его — сложный запах чабрецового меда, пота и тепла.","Григорий ушел в горницу, легко неся опорожненное, налитое сладостным звоном устали тело.",Через два часа его разбудили казаки.,"Григорий ушел в горницу, легко неся опорожненное, налитое сладостным звоном устали тело. Он уснул, ощущая на губах солонцеватый запах ее губ, бережно храня в памяти охочее на ласку тело казачки и запах его — сложный запах чабрецового меда, пота и тепла. Через два часа его разбудили казаки.",False,,False,,True,684,хранить в памяти [память / воспоминание],память / воспоминание,MEMORY_SURFACE,PHRASE,PHRASE,CORE,manual_existing,,хранить в памяти,хранить в память,PROBABLE,prev_sentence:Григорий+pronoun,NARRATOR_ABOUT_HERO,narrative_context;hero_near+pronoun,MEDIUM,NARRATOR,,,3,Книга третья,6,Часть шестая
WORD,S1_014,21244,7,7,вспомнить,вспомнил,— Сказал и досадливо осекся: не ко времени вспомнил.,"— Тебя-то уж отпоминали, как Гришку моего…","Попробовал исправить обмолвку: — Слава богу, живой-здоровый пришел…","— Тебя-то уж отпоминали, как Гришку моего… — Сказал и досадливо осекся: не ко времени вспомнил. Попробовал исправить обмолвку: — Слава богу, живой-здоровый пришел…",False,,False,,True,721,вспомнить [память / воспоминание],память / воспоминание,WORD_CORE,WORD,S1,CORE,curated,,вспомнить,вспомнить,PROBABLE,prev_sentence:Гришку,OTHERS_NEAR_HERO,direct_speech;unknown_speaker;hero_near,LOW,UNKNOWN,,STATEMENT,3,Книга третья,6,Часть шестая
WORD,S1_001,21411,3,3,думать,думал,"— Об чем раньше думал, когда жизнь мою молодую в прах затолочил?","— Об чем же ты раньше думал, милый друг Степа? — с веселыми слезами, с дрожью заговорила Аксинья и оторвалась от лежанки, в упор подошла к столу.",Ты меня к Гришке пихнул…,"— Об чем же ты раньше думал, милый друг Степа? — с веселыми слезами, с дрожью заговорила Аксинья и оторвалась от лежанки, в упор подошла к столу. — Об чем раньше думал, когда жизнь мою молодую в прах затолочил? Ты меня к Гришке пихнул…",False,,False,,True,730,думать [процесс размышления],процесс размышления,WORD_CORE,WORD,S1,CORE,curated,,думать,думать,PROBABLE,next_sentence:Гришке,OTHERS_NEAR_HERO,direct_speech;unknown_speaker;hero_near,LOW,UNKNOWN,,STATEMENT,3,Книга третья,6,Часть шестая
WORD,ALEX_008,21723,16,16,вспоминать,вспоминал,"И каждый, глядя на неубранные валы пшеницы, на полегший под копытами нескошенный хлеб, на пустые гумна, вспоминал свои десятины, над которыми хрипели в непосильной работе бабы, и черствел сердцем, зверел.","Всем им казалось, что только по вине большевиков, напиравших на Область, идет эта война.","Григорию иногда в бою казалось, что и враги его — тамбовские, рязанские, саратовские мужики — идут, движимые таким же ревнивым чувством к земле.","Всем им казалось, что только по вине большевиков, напиравших на Область, идет эта война. И каждый, глядя на неубранные валы пшеницы, на полегший под копытами нескошенный хлеб, на пустые гумна, вспоминал свои десятины, над которыми хрипели в непосильной работе бабы, и черствел сердцем, зверел. Григорию иногда в бою казалось, что и враги его — тамбовские, рязанские, саратовские мужики — идут, движимые таким же ревнивым чувством к земле.",False,,False,,True,748,вспоминать [память / воспоминание],память / воспоминание,WORD_ALEXANDROVA,WORD,ALEXANDROVA,CORE,dictionary,,вспоминать,вспоминать,PROBABLE,next_sentence:Григорию,NARRATOR_ABOUT_HERO,narrative_context;hero_link=PROBABLE,MEDIUM,NARRATOR,,,3,Книга третья,6,Часть шестая
WORD,S1_004,22092,7,7,решить,решили,"Они неподалеку в речке увязили орудие и решили заночевать, чтобы утром выручить его быками.","В полночь, разбудив хозяев и казаков, вломились трое из прислуги батареи.","Григорий проснулся, долго глядел, как батарейцы, кряхтя, счищая с сапог липкую мерзлую грязь, разуваются и развешивают на боровке подземки мокрые портянки.","В полночь, разбудив хозяев и казаков, вломились трое из прислуги батареи. Они неподалеку в речке увязили орудие и решили заночевать, чтобы утром выручить его быками. Григорий проснулся, долго глядел, как батарейцы, кряхтя, счищая с сапог липкую мерзлую грязь, разуваются и развешивают на боровке подземки мокрые портянки.",False,,False,,True,758,решить [решение],решение,WORD_CORE,WORD,S1,CORE,curated,,решить,решить,PROBABLE,next_sentence:Григорий+pronoun,NARRATOR_ABOUT_HERO,narrative_context;hero_near+pronoun,MEDIUM,NARRATOR,,,3,Книга третья,6,Часть шестая
WORD,S1_001,22133,2,2,думать,думаете,"Как вы думаете, господин хорунжий?","Народу все равно, кто им правит.","Григорий, не отвечая, сонно следил за тугими движениями его мясистых плеч и рук, за неприятно-часто мелькавшим в скважине рта красным языком.","Народу все равно, кто им правит. Как вы думаете, господин хорунжий? Григорий, не отвечая, сонно следил за тугими движениями его мясистых плеч и рук, за неприятно-часто мелькавшим в скважине рта красным языком.",False,,False,,True,759,думать [процесс размышления],процесс размышления,WORD_CORE,WORD,S1,CORE,curated,,думать,думать,PROBABLE,next_sentence:Григорий,NARRATOR_ABOUT_HERO,narrative_context;hero_link=PROBABLE,MEDIUM,NARRATOR,,,3,Книга третья,6,Часть шестая
WORD,S1_017,22163,0,0,понять,Понял,Понял?,"Григорий поиграл зарозовевшими желваками скул, но ответил весело, с подмигом:
— На кудыкино поле.",И вышел.,"Григорий поиграл зарозовевшими желваками скул, но ответил весело, с подмигом:
— На кудыкино поле. Понял? И вышел.",False,,False,,True,761,понять [понимание / ясность],понимание / ясность,WORD_CORE,WORD,S1,CORE,curated,,понять,понять,PROBABLE,prev_sentence:Григорий,NARRATOR_ABOUT_HERO,narrative_context;hero_link=PROBABLE,MEDIUM,NARRATOR,,,3,Книга третья,6,Часть шестая
WORD,S1_004,22224,9,9,решить,решили,Казаки после тайных переговоров с командованием 15-й Инзенской дивизии решили сняться с фронта и беспрепятственно пропустить через территорию Верхне-Донского округа красные войска.,"Первым обнажил занятый участок находившийся на калачовском направлении 28-й полк, в котором служил Петро Мелехов.","Яков Фомин, недалекий, умственно ограниченный казак, стал во главе мятежного полка, но, по сути, только вывеска была фоминская, а за спиной Фомина правила делами и руководила Фоминым группа большевистски настроенных казаков.","Первым обнажил занятый участок находившийся на калачовском направлении 28-й полк, в котором служил Петро Мелехов. Казаки после тайных переговоров с командованием 15-й Инзенской дивизии решили сняться с фронта и беспрепятственно пропустить через территорию Верхне-Донского округа красные войска. Яков Фомин, недалекий, умственно ограниченный казак, стал во главе мятежного полка, но, по сути, только вывеска была фоминская, а за спиной Фомина правила делами и руководила Фоминым группа большевистски настроенных казаков.",False,,False,,True,764,решить [решение],решение,WORD_CORE,WORD,S1,CORE,curated,,решить,решить,PROBABLE,prev_sentence:Мелехов,NARRATOR_ABOUT_HERO,narrative_context;hero_link=PROBABLE,MEDIUM,NARRATOR,,,3,Книга третья,6,Часть шестая
WORD,S1_001,22409,1,1,думать,думать,— И думать нечего.,"— Как же ты думаешь? — спросил Григорий, не снимая с головы дочери черножилую руку.","Завтра вот переднюю, а к ночи поеду.","— Как же ты думаешь? — спросил Григорий, не снимая с головы дочери черножилую руку. — И думать нечего. Завтра вот переднюю, а к ночи поеду.",False,,False,,True,771,думать [процесс размышления],процесс размышления,WORD_CORE,WORD,S1,CORE,curated,,думать,думать,PROBABLE,prev_sentence:Григорий,OTHERS_NEAR_HERO,direct_speech;unknown_speaker;hero_near,LOW,UNKNOWN,,STATEMENT,3,Книга третья,6,Часть шестая
WORD,ALEX_012,22987,2,2,догадаться,догадался,Но старик догадался раньше их.,"Твой конь, Григорий, из себя видный, видит Бог — возьмут!","На ночь повел Григорий обоих строевых поить, вывел из дверей, увидел: кони улегают на передние.","Твой конь, Григорий, из себя видный, видит Бог — возьмут! Но старик догадался раньше их. На ночь повел Григорий обоих строевых поить, вывел из дверей, увидел: кони улегают на передние.",False,,False,,True,785,догадаться [понимание / ясность],понимание / ясность,WORD_ALEXANDROVA,WORD,ALEXANDROVA,CORE,dictionary,,догадаться,догадаться,PROBABLE,prev_sentence:Григорий,NARRATOR_ABOUT_HERO,narrative_context;hero_link=PROBABLE,MEDIUM,NARRATOR,,,3,Книга третья,6,Часть шестая
WORD,S1_016,23102,3,3,помнить,помни,"Ты иди, не помни зла.","Григорий отказался идти, но Пантелей Прокофьевич посоветовал:
— Пойди, а то скажут: мол, за низкое считает.",Вышли на баз.,"Григорий отказался идти, но Пантелей Прокофьевич посоветовал:
— Пойди, а то скажут: мол, за низкое считает. Ты иди, не помни зла. Вышли на баз.",False,,False,,True,786,помнить [память / воспоминание],память / воспоминание,WORD_CORE,WORD,S1,CORE,curated,,помнить,помнить,PROBABLE,prev_sentence:Григорий,NARRATOR_ABOUT_HERO,narrative_context;hero_link=PROBABLE,MEDIUM,NARRATOR,,,3,Книга третья,6,Часть шестая
WORD,S1_004,23182,1,1,решить,решил,"Взволнованно-радостно решил: «Нет, живьем вы меня не возьмете!»","— Домой, — не останавливаясь, увлекая его за собой, ответил Григорий.","Курчавый левой рукой держался за локоть Григория; тяжело дыша, ступал рядом.","— Домой, — не останавливаясь, увлекая его за собой, ответил Григорий. Взволнованно-радостно решил: «Нет, живьем вы меня не возьмете!» Курчавый левой рукой держался за локоть Григория; тяжело дыша, ступал рядом.",False,,False,,True,789,решить [решение],решение,WORD_CORE,WORD,S1,CORE,curated,,решить,решить,PROBABLE,prev_sentence:Григорий,OTHERS_NEAR_HERO,direct_speech;unknown_speaker;hero_near,LOW,UNKNOWN,,STATEMENT,3,Книга третья,6,Часть шестая
WORD,S1_002,23201,5,5,подумать,подумал,"«Как за зверем били! — механически подумал он, опять останавливаясь.","Григория не согрела радость избавления, но чувство равнодушия к пережитому смутило.","— Искать не будут, побоятся в лес идти…","Григория не согрела радость избавления, но чувство равнодушия к пережитому смутило. «Как за зверем били! — механически подумал он, опять останавливаясь. — Искать не будут, побоятся в лес идти…",False,,False,,True,790,подумать [инициация мысли],инициация мысли,WORD_CORE,WORD,S1,CORE,curated,,подумать,подумать,PROBABLE,prev_sentence:Григория+pronoun,NARRATOR_ABOUT_HERO,narrative_context;hero_near+pronoun,MEDIUM,NARRATOR,,,3,Книга третья,6,Часть шестая
WORD,S1_001,23785,5,5,думать,думал,— Ты раньше будто не так думал.,"Ему, видно, тоже никто по совести не пришелся.","Мишка сказал с целью уязвить Григория, но тот и виду не подал, что замечание его задело.","Ему, видно, тоже никто по совести не пришелся. — Ты раньше будто не так думал. Мишка сказал с целью уязвить Григория, но тот и виду не подал, что замечание его задело.",False,,False,,True,805,думать [процесс размышления],процесс размышления,WORD_CORE,WORD,S1,CORE,curated,,думать,думать,PROBABLE,next_sentence:Григория,OTHERS_NEAR_HERO,direct_speech;unknown_speaker;hero_near,LOW,UNKNOWN,,STATEMENT,3,Книга третья,6,Часть шестая
WORD,S1_001,23787,7,7,думать,думали,— И я и ты — все мы по-разному думали…,"Мишка сказал с целью уязвить Григория, но тот и виду не подал, что замечание его задело.","Иван Алексеевич хотел, выпроводив Григория, передать Мишке поподробней о своей поездке и беседе с председателем, но разговор начал его волновать.","Мишка сказал с целью уязвить Григория, но тот и виду не подал, что замечание его задело. — И я и ты — все мы по-разному думали… Иван Алексеевич хотел, выпроводив Григория, передать Мишке поподробней о своей поездке и беседе с председателем, но разговор начал его волновать.",False,,False,,True,806,думать [процесс размышления],процесс размышления,WORD_CORE,WORD,S1,CORE,curated,,думать,думать,PROBABLE,prev_sentence:Григория,OTHERS_NEAR_HERO,direct_speech;unknown_speaker;hero_near,LOW,UNKNOWN,,STATEMENT,3,Книга третья,6,Часть шестая
WORD,S1_001,23877,9,9,думать,думал,"Он, в сущности, только высказал вгорячах то, о чем думал эти дни, что копилось в нем и искало выхода.","Григорий шел, испытывая такое чувство, будто перешагнул порог, и то, что казалось неясным, неожиданно встало с предельной яркостью.","И оттого, что стал он на грани в борьбе двух начал, отрицая оба их, — родилось глухое неумолчное раздражение.","Григорий шел, испытывая такое чувство, будто перешагнул порог, и то, что казалось неясным, неожиданно встало с предельной яркостью. Он, в сущности, только высказал вгорячах то, о чем думал эти дни, что копилось в нем и искало выхода. И оттого, что стал он на грани в борьбе двух начал, отрицая оба их, — родилось глухое неумолчное раздражение.",False,,False,,True,809,думать [процесс размышления],процесс размышления,WORD_CORE,WORD,S1,CORE,curated,,думать,думать,PROBABLE,prev_sentence:Григорий+pronoun,NARRATOR_ABOUT_HERO,narrative_context;hero_near+pronoun,MEDIUM,NARRATOR,,,3,Книга третья,6,Часть шестая
WORD,S1_001,24000,2,2,думать,думаю,"Я так думаю, надо нам кое-кого…",Или ты не видишь ничего?,"Григория Мелехова надо взять, старика Болдырева, Матвея Кашулина, Мирона Коршунова.","Или ты не видишь ничего? Я так думаю, надо нам кое-кого… Григория Мелехова надо взять, старика Болдырева, Матвея Кашулина, Мирона Коршунова.",False,,False,,True,814,думать [процесс размышления],процесс размышления,WORD_CORE,WORD,S1,CORE,curated,,думать,думать,PROBABLE,next_sentence:Григория,NARRATOR_ABOUT_HERO,narrative_context;hero_link=PROBABLE,MEDIUM,NARRATOR,,,3,Книга третья,6,Часть шестая
WORD,S1_020,24190,1,1,ясно,ясно,Это ясно!,"Может быть, не всех, но Коршунова, например, незачем исправлять!","А вот Мелехов хоть и временно, а ускользнул.","Может быть, не всех, но Коршунова, например, незачем исправлять! Это ясно! А вот Мелехов хоть и временно, а ускользнул.",False,,False,,True,820,ясно [понимание / ясность],понимание / ясность,WORD_CORE,WORD,S1,CORE,curated,,ясно,ясно,PROBABLE,next_sentence:Мелехов,NARRATOR_ABOUT_HERO,narrative_context;hero_link=PROBABLE,MEDIUM,NARRATOR,,,3,Книга третья,6,Часть шестая
WORD,S1_017,24815,0,0,понять,Понял,"Понял, куда оно махнуло?","Кубыть, восстала Казанская, Шумилинская, Мигулинская.","У Григория вздулись на лбу и на шее связки вен, зеленоватыми искорками брызнули зрачки.","Кубыть, восстала Казанская, Шумилинская, Мигулинская. Понял, куда оно махнуло? У Григория вздулись на лбу и на шее связки вен, зеленоватыми искорками брызнули зрачки.",False,,False,,True,842,понять [понимание / ясность],понимание / ясность,WORD_CORE,WORD,S1,CORE,curated,,понять,понять,PROBABLE,next_sentence:Григория,NARRATOR_ABOUT_HERO,narrative_context;hero_link=PROBABLE,MEDIUM,NARRATOR,,,3,Книга третья,6,Часть шестая
WORD,S1_014,24935,1,1,вспомнить,вспомнил,"Мишка вспомнил, как брали его в плен, беззащитность свою, винтовку, оставленную в санях, — мучительно, до слез покраснел.","Погиб, думаем, смертью героя.","XXX
В Татарском в день приезда Григория уже сформировались две сотни казаков.","Погиб, думаем, смертью героя. Мишка вспомнил, как брали его в плен, беззащитность свою, винтовку, оставленную в санях, — мучительно, до слез покраснел. XXX
В Татарском в день приезда Григория уже сформировались две сотни казаков.",False,,False,,True,850,вспомнить [память / воспоминание],память / воспоминание,WORD_CORE,WORD,S1,CORE,curated,,вспомнить,вспомнить,PROBABLE,next_sentence:Григория+pronoun,NARRATOR_ABOUT_HERO,narrative_context;hero_near+pronoun,MEDIUM,NARRATOR,,,3,Книга третья,6,Часть шестая
WORD,S1_013,25271,0,0,мыслить,Мысля,«Мысля» Петру понравилась.,Опять же панику наведут.,"Он скомандовал своей полусотне стрельбу, махнул рукой стоявшему во весь рост Латышеву и валко зашагал к Григорию.","Опять же панику наведут. «Мысля» Петру понравилась. Он скомандовал своей полусотне стрельбу, махнул рукой стоявшему во весь рост Латышеву и валко зашагал к Григорию.",False,,False,,True,858,мыслить [мысленный акт/реплика],мысленный акт/реплика,WORD_CORE,WORD,S1,CORE,curated,,мыслить,мыслить,PROBABLE,next_sentence:Григорию,OTHERS_NEAR_HERO,direct_speech;unknown_speaker;hero_near,LOW,UNKNOWN,,STATEMENT,3,Книга третья,6,Часть шестая
WORD,S1_016,25540,3,3,помнить,помня,"— Уйди, Дашка! — не помня себя, дико закричал он и, не рассчитав, толкнул Дарью в грудь.",У Григория чернь в глазах.,Она упала в сугроб.,"У Григория чернь в глазах. — Уйди, Дашка! — не помня себя, дико закричал он и, не рассчитав, толкнул Дарью в грудь. Она упала в сугроб.",False,,False,,True,862,помнить [память / воспоминание],память / воспоминание,WORD_CORE,WORD,S1,CORE,curated,,помнить,помнить,PROBABLE,prev_sentence:Григория+pronoun,OTHERS_NEAR_HERO,direct_speech;unknown_speaker;hero_near,LOW,UNKNOWN,,STATEMENT,3,Книга третья,6,Часть шестая
WORD,S1_002,25589,6,6,подумать,подумал,"«Даже замки не успели попортить», — пренебрежительно подумал он.",Григория радовала захваченная батарея.,Быками выручали застрявшие орудия.,"Григория радовала захваченная батарея. «Даже замки не успели попортить», — пренебрежительно подумал он. Быками выручали застрявшие орудия.",False,,False,,True,864,подумать [инициация мысли],инициация мысли,WORD_CORE,WORD,S1,CORE,curated,,подумать,подумать,PROBABLE,prev_sentence:Григория+pronoun,OTHERS_NEAR_HERO,direct_speech;unknown_speaker;hero_near,LOW,UNKNOWN,,STATEMENT,3,Книга третья,6,Часть шестая
WORD,S1_002,25642,6,6,подумать,подумал,"«Это им за Петра первый платеж», — подумал он, трогая рысью, и без видимой причины плетью выбил на крупе коня белесый вспухший рубец.","— Он махнул плетью в направлении нависшего над станицей песчаного кургана, тронул коня.","XXXVI
Из Каргинской Григорий повел на Боковскую уже три с половиной тысячи сабель.","— Он махнул плетью в направлении нависшего над станицей песчаного кургана, тронул коня. «Это им за Петра первый платеж», — подумал он, трогая рысью, и без видимой причины плетью выбил на крупе коня белесый вспухший рубец. XXXVI
Из Каргинской Григорий повел на Боковскую уже три с половиной тысячи сабель.",False,,False,,True,866,подумать [инициация мысли],инициация мысли,WORD_CORE,WORD,S1,CORE,curated,,подумать,подумать,PROBABLE,next_sentence:Григорий+pronoun,OTHERS_NEAR_HERO,direct_speech;unknown_speaker;hero_near,LOW,UNKNOWN,,STATEMENT,3,Книга третья,6,Часть шестая
WORD,S1_002,25748,1,1,подумать,подумать,Дай подумать.,"Грачевский сотенный так и сказал:
— Погоди трошки, Мелехов!",Это ить не палашом секануть.,"Грачевский сотенный так и сказал:
— Погоди трошки, Мелехов! Дай подумать. Это ить не палашом секануть.",False,,False,,True,868,подумать [инициация мысли],инициация мысли,WORD_CORE,WORD,S1,CORE,curated,,подумать,подумать,PROBABLE,prev_sentence:Мелехов,NARRATOR_ABOUT_HERO,narrative_context;hero_link=PROBABLE,MEDIUM,NARRATOR,,,3,Книга третья,6,Часть шестая
WORD,S1_004,25817,3,3,решить,решил,"Но под Свиридовом решил он действовать иначе: крупной рысью вывел на позиции сотни, одну из них оставил в хуторе, приказал спешиться, залечь в левадах в засаду, предварительно отправив коноводов вглубь хутора во дворы, а с двумя остальными выскочил на пригорок в полуверсте от ветряка и помалу ввязался в бой.","Используя это преимущество, Григорий решил вести войну «казачьим» способом: охватывать фланги, заходить в тыл, громить обозы, тревожить и деморализовать красных ночными набегами.",Против него было побольше двух эскадронов красной кавалерии.,"Используя это преимущество, Григорий решил вести войну «казачьим» способом: охватывать фланги, заходить в тыл, громить обозы, тревожить и деморализовать красных ночными набегами. Но под Свиридовом решил он действовать иначе: крупной рысью вывел на позиции сотни, одну из них оставил в хуторе, приказал спешиться, залечь в левадах в засаду, предварительно отправив коноводов вглубь хутора во дворы, а с двумя остальными выскочил на пригорок в полуверсте от ветряка и помалу ввязался в бой. Против него было побольше двух эскадронов красной кавалерии.",False,,False,,True,871,решить [решение],решение,WORD_CORE,WORD,S1,CORE,curated,,решить,решить,PROBABLE,prev_sentence:Григорий+pronoun,NARRATOR_ABOUT_HERO,narrative_context;hero_near+pronoun,MEDIUM,NARRATOR,,,3,Книга третья,6,Часть шестая
WORD,S1_011,25835,5,5,мысль,мысль,«Подведет он меня!» — полохнулась колючая мысль.,"После того как удар шашки взгорячил коня и он, не слушаясь поводьев, захватил в намёт, Григорий внутренне похолодел и даже чуть растерялся.","Но чем дальше и ровнее стлался в машистом намёте конь, чем больше повиновался он еле заметному движению руки, направлявшей его бег, тем увереннее и холоднее становился Григорий.","После того как удар шашки взгорячил коня и он, не слушаясь поводьев, захватил в намёт, Григорий внутренне похолодел и даже чуть растерялся. «Подведет он меня!» — полохнулась колючая мысль. Но чем дальше и ровнее стлался в машистом намёте конь, чем больше повиновался он еле заметному движению руки, направлявшей его бег, тем увереннее и холоднее становился Григорий.",False,,False,,True,872,мысль [мысленный акт/реплика],мысленный акт/реплика,WORD_CORE,WORD,S1,CORE,curated,,мысль,мысль,PROBABLE,prev_sentence:Григорий+pronoun,OTHERS_NEAR_HERO,direct_speech;unknown_speaker;hero_near,LOW,UNKNOWN,,STATEMENT,3,Книга третья,6,Часть шестая
WORD,S1_025,26118,1,1,полагать,полагаю,Я полагаю…,— …Ослабление активности противника на фронте Первой дивизии и настойчивые попытки его перейти в наступление на линии Мигулинская — Мешковская заставляют нас насторожиться.,"— Подполковник поперхнулся словом «товарищи» и, уже зло жестикулируя женски белой прозрачной рукой, повысил голос: —…что командующий Кудинов при поддержке Сафонова совершает крупнейшую ошибку, принимая маневрирование красных за чистую монету, идя на ослабление участка, занятого Мелеховым.","— …Ослабление активности противника на фронте Первой дивизии и настойчивые попытки его перейти в наступление на линии Мигулинская — Мешковская заставляют нас насторожиться. Я полагаю… — Подполковник поперхнулся словом «товарищи» и, уже зло жестикулируя женски белой прозрачной рукой, повысил голос: —…что командующий Кудинов при поддержке Сафонова совершает крупнейшую ошибку, принимая маневрирование красных за чистую монету, идя на ослабление участка, занятого Мелеховым.",False,,False,,True,877,полагать [мнение/суждение],мнение/суждение,WORD_CORE,WORD,S1,CORE,curated,,полагать,полагать,PROBABLE,next_sentence:Мелеховым,NARRATOR_ABOUT_HERO,narrative_context;hero_link=PROBABLE,MEDIUM,NARRATOR,,,3,Книга третья,6,Часть шестая
WORD,S1_002,26202,33,33,подумать,подумал,"В седле уже, медленно разбирая поводья, поправляя винтовочный погон, все еще пытался он отдать себе отчет в том непонятном чувстве неприязни и настороженности, которое испытал к обнаруженному в штабе подполковнику, и вдруг, ужаснувшись, подумал: «А что, если кадеты нарочно наоставляли у нас этих знающих офицеров, чтоб поднять нас в тылу у красных, чтоб они по-своему, по-ученому руководили нами?»","Григорий вернулся к штабу, знаком подозвал ординарца с лошадьми.","— И сознание с злорадной услужливостью подсунуло догадки и доводы: «Не сказал, какой части… замялся…","Григорий вернулся к штабу, знаком подозвал ординарца с лошадьми. В седле уже, медленно разбирая поводья, поправляя винтовочный погон, все еще пытался он отдать себе отчет в том непонятном чувстве неприязни и настороженности, которое испытал к обнаруженному в штабе подполковнику, и вдруг, ужаснувшись, подумал: «А что, если кадеты нарочно наоставляли у нас этих знающих офицеров, чтоб поднять нас в тылу у красных, чтоб они по-своему, по-ученому руководили нами?» — И сознание с злорадной услужливостью подсунуло догадки и доводы: «Не сказал, какой части… замялся…",False,,False,,True,882,подумать [инициация мысли],инициация мысли,WORD_CORE,WORD,S1,CORE,curated,,подумать,подумать,PROBABLE,prev_sentence:Григорий+pronoun,OTHERS_NEAR_HERO,direct_speech;unknown_speaker;hero_near,LOW,UNKNOWN,,STATEMENT,3,Книга третья,6,Часть шестая
PHRASE,PHR_047,26834,11,13,восстановить в память,восстановил в памяти,Он не был ночью уж настолько пьян и без особого напряжения восстановил в памяти разговоры о замене власти.,"XLII
Наутро, проснувшись, Григорий вспомнил разговор с Ермаковым и Медведевым.","Ему стало ясно, что пьянка в Лиховидовом была организована с заведомой целью: подбить его на переворот.","XLII
Наутро, проснувшись, Григорий вспомнил разговор с Ермаковым и Медведевым. Он не был ночью уж настолько пьян и без особого напряжения восстановил в памяти разговоры о замене власти. Ему стало ясно, что пьянка в Лиховидовом была организована с заведомой целью: подбить его на переворот.",False,,False,,True,907,восстановил в памяти [память / воспоминание],память / воспоминание,MEMORY_SURFACE,PHRASE,PHRASE,CORE,manual_existing,,восстановил в памяти,восстановить в память,PROBABLE,prev_sentence:Григорий+pronoun,NARRATOR_ABOUT_HERO,narrative_context;hero_near+pronoun,MEDIUM,NARRATOR,,,3,Книга третья,6,Часть шестая
WORD,S1_001,27505,4,4,думать,думать,— Я об ней и думать позабыл.,"— Григорий обнажил в улыбке кипенные зубы, засмеялся.","Какая уж там совесть, когда вся жизня похитнулась…","— Григорий обнажил в улыбке кипенные зубы, засмеялся. — Я об ней и думать позабыл. Какая уж там совесть, когда вся жизня похитнулась…",False,,False,,True,933,думать [процесс размышления],процесс размышления,WORD_CORE,WORD,S1,CORE,curated,,думать,думать,PROBABLE,prev_sentence:Григорий,OTHERS_NEAR_HERO,direct_speech;unknown_speaker;hero_near,LOW,UNKNOWN,,STATEMENT,3,Книга третья,6,Часть шестая
WORD,S1_016,28129,0,0,помнить,Помнишь,Помнишь?,"— А ить никак наша любовь вот тут, возле этой пристани и зачиналась, Григорий.","Казаков в энтот день в лагеря провожали, — заговорила она, улыбаясь, и в окрепшем голосе ее зазвучали веселые нотки.","— А ить никак наша любовь вот тут, возле этой пристани и зачиналась, Григорий. Помнишь? Казаков в энтот день в лагеря провожали, — заговорила она, улыбаясь, и в окрепшем голосе ее зазвучали веселые нотки.",False,,False,,True,947,помнить [память / воспоминание],память / воспоминание,WORD_CORE,WORD,S1,CORE,curated,,помнить,помнить,PROBABLE,prev_sentence:Григорий,NARRATOR_ABOUT_HERO,narrative_context;hero_link=PROBABLE,MEDIUM,NARRATOR,,,3,Книга третья,6,Часть шестая
WORD,S1_016,28131,1,1,помнить,помню,— Все помню!,"Казаков в энтот день в лагеря провожали, — заговорила она, улыбаясь, и в окрепшем голосе ее зазвучали веселые нотки.","Григорий ввел коня на баз, поставил к яслям.","Казаков в энтот день в лагеря провожали, — заговорила она, улыбаясь, и в окрепшем голосе ее зазвучали веселые нотки. — Все помню! Григорий ввел коня на баз, поставил к яслям.",False,,False,,True,948,помнить [память / воспоминание],память / воспоминание,WORD_CORE,WORD,S1,CORE,curated,,помнить,помнить,PROBABLE,next_sentence:Григорий,OTHERS_NEAR_HERO,direct_speech;unknown_speaker;hero_near,LOW,UNKNOWN,,STATEMENT,3,Книга третья,6,Часть шестая
WORD,S1_001,28145,5,5,думать,думал,"«Опять ухажи начались, — с тревогой думал старик.","— Краю нет, — согласился старик, но не поверил Григорию, так как несколько минут назад видел со скотиньего база его и Аксинью, разговаривавших на пристаньке.",— Опять как бы не пошло у него с Натальей наперекосяк…,"— Краю нет, — согласился старик, но не поверил Григорию, так как несколько минут назад видел со скотиньего база его и Аксинью, разговаривавших на пристаньке. «Опять ухажи начались, — с тревогой думал старик. — Опять как бы не пошло у него с Натальей наперекосяк…",False,,False,,True,949,думать [процесс размышления],процесс размышления,WORD_CORE,WORD,S1,CORE,curated,,думать,думать,PROBABLE,prev_sentence:Григорию,NARRATOR_ABOUT_HERO,narrative_context;hero_link=PROBABLE,MEDIUM,NARRATOR,,,3,Книга третья,6,Часть шестая
WORD,ALEX_008,28180,7,7,вспоминать,вспоминала,"Не о нем ли все эти годы вспоминала она ежедневно, ежечасно, в навязчивых мыслях возвращаясь все к нему же?",Он ли не был ей дорог?,"И о чем бы ни думала, что бы ни делала, всегда неизменно, неотрывно в думках своих была около Григория.","Он ли не был ей дорог? Не о нем ли все эти годы вспоминала она ежедневно, ежечасно, в навязчивых мыслях возвращаясь все к нему же? И о чем бы ни думала, что бы ни делала, всегда неизменно, неотрывно в думках своих была около Григория.",False,,False,,True,954,вспоминать [память / воспоминание],память / воспоминание,WORD_ALEXANDROVA,WORD,ALEXANDROVA,CORE,dictionary,,вспоминать,вспоминать,PROBABLE,next_sentence:Григория+pronoun,NARRATOR_ABOUT_HERO,narrative_context;hero_near+pronoun,MEDIUM,NARRATOR,,,3,Книга третья,6,Часть шестая
WORD,S1_011,28180,13,13,мысль,мыслях,"Не о нем ли все эти годы вспоминала она ежедневно, ежечасно, в навязчивых мыслях возвращаясь все к нему же?",Он ли не был ей дорог?,"И о чем бы ни думала, что бы ни делала, всегда неизменно, неотрывно в думках своих была около Григория.","Он ли не был ей дорог? Не о нем ли все эти годы вспоминала она ежедневно, ежечасно, в навязчивых мыслях возвращаясь все к нему же? И о чем бы ни думала, что бы ни делала, всегда неизменно, неотрывно в думках своих была около Григория.",False,,False,,True,955,мысль [мысленный акт/реплика],мысленный акт/реплика,WORD_CORE,WORD,S1,CORE,curated,,мысль,мысль,PROBABLE,next_sentence:Григория+pronoun,NARRATOR_ABOUT_HERO,narrative_context;hero_near+pronoun,MEDIUM,NARRATOR,,,3,Книга третья,6,Часть шестая
PHRASE,PHR_060,28275,2,3,не забывать,не забывай,"Бога, сынок, не забывай!","Пантелей Прокофьевич пошел седлать коня, а Ильинична, крестя и целуя Григория, зашептала скороговоркой:
— Ты Бога-то…","Слухом пользовались мы, что ты каких-то матросов порубил…","Пантелей Прокофьевич пошел седлать коня, а Ильинична, крестя и целуя Григория, зашептала скороговоркой:
— Ты Бога-то… Бога, сынок, не забывай! Слухом пользовались мы, что ты каких-то матросов порубил…",False,,False,,True,960,не забывать [память / воспоминание],память / воспоминание,ПАМЯТЬ_ВОСПОМИНАНИЕ,PHRASE,PHRASE,CORE,manual_existing,,не забывать,не забывать,PROBABLE,prev_sentence:Григория,NARRATOR_ABOUT_HERO,narrative_context;hero_link=PROBABLE,MEDIUM,NARRATOR,,,3,Книга третья,6,Часть шестая
WORD,S1_004,28843,37,37,решить,решили,"Им в этот день надо было выходить, но они прослышали о том, что в Вешенскую гонят пленных коммунистов, среди которых находятся и Мишка Кошевой с Иваном Алексеевичем, что пленные вот-вот должны прибыть в Татарский, — а поэтому и решили подождать.","Их перебросили на правую сторону Дона на помощь еланским сотням, с трудом удерживавшим натиск красной конницы, и татарцы по пути на позиции всею сотнею зашли в хутор, чтобы проведать родных и подживиться харчишками.","Особенно настаивали на встрече с Кошевым и Иваном Алексеевичем казаки, доводившиеся роднею убитым в первом бою вместе с Петром Мелеховым.","Их перебросили на правую сторону Дона на помощь еланским сотням, с трудом удерживавшим натиск красной конницы, и татарцы по пути на позиции всею сотнею зашли в хутор, чтобы проведать родных и подживиться харчишками. Им в этот день надо было выходить, но они прослышали о том, что в Вешенскую гонят пленных коммунистов, среди которых находятся и Мишка Кошевой с Иваном Алексеевичем, что пленные вот-вот должны прибыть в Татарский, — а поэтому и решили подождать. Особенно настаивали на встрече с Кошевым и Иваном Алексеевичем казаки, доводившиеся роднею убитым в первом бою вместе с Петром Мелеховым.",False,,False,,True,985,решить [решение],решение,WORD_CORE,WORD,S1,CORE,curated,,решить,решить,PROBABLE,next_sentence:Мелеховым+pronoun,NARRATOR_ABOUT_HERO,narrative_context;hero_near+pronoun,MEDIUM,NARRATOR,,,3,Книга третья,6,Часть шестая
WORD,S1_004,29940,1,1,решить,решено,"Было решено из имевшихся в самой Вешенской пулеметов выделить несколько штук для передачи Белогорской, Меркуловской и Громковской сотням, на участках которых переправа была всего возможней.","Кудинов стал на сторону Григория, решительно поддержав его предложение об усиленной охране наиболее подходящих для переправы мест и сосредоточении в непосредственной близости от угрожаемых участков резервных частей.","Предположение Григория о том, что красные не будут предпринимать попыток к переправе против Вешенской, а изберут для этого более удобное место, подтвердилось на другой же день.","Кудинов стал на сторону Григория, решительно поддержав его предложение об усиленной охране наиболее подходящих для переправы мест и сосредоточении в непосредственной близости от угрожаемых участков резервных частей. Было решено из имевшихся в самой Вешенской пулеметов выделить несколько штук для передачи Белогорской, Меркуловской и Громковской сотням, на участках которых переправа была всего возможней. Предположение Григория о том, что красные не будут предпринимать попыток к переправе против Вешенской, а изберут для этого более удобное место, подтвердилось на другой же день.",False,,False,,True,1017,решить [решение],решение,WORD_CORE,WORD,S1,CORE,curated,,решить,решить,PROBABLE,prev_sentence:Григория,NARRATOR_ABOUT_HERO,narrative_context;hero_link=PROBABLE,MEDIUM,NARRATOR,,,3,Книга третья,6,Часть шестая
WORD,S1_002,29966,9,9,подумать,подумал,"«Ахну намётом во всю конскую резвость, небось не попадут!» — подумал он, выезжая из кустов.","Можно было дождаться вечерних сумерек, чтобы пересечь ровное полотнище луга затемно, но Григорий, не любивший ожидания, всегда говаривавший, что «хуже всего на свете — это дожидаться и догонять», решил ехать сейчас же.","Выбрал зеленую гривку верб, отножиной выходившую из придонского леса, поднял плеть.","Можно было дождаться вечерних сумерек, чтобы пересечь ровное полотнище луга затемно, но Григорий, не любивший ожидания, всегда говаривавший, что «хуже всего на свете — это дожидаться и догонять», решил ехать сейчас же. «Ахну намётом во всю конскую резвость, небось не попадут!» — подумал он, выезжая из кустов. Выбрал зеленую гривку верб, отножиной выходившую из придонского леса, поднял плеть.",False,,False,,True,1019,подумать [инициация мысли],инициация мысли,WORD_CORE,WORD,S1,CORE,curated,,подумать,подумать,PROBABLE,prev_sentence:Григорий+pronoun,OTHERS_NEAR_HERO,direct_speech;unknown_speaker;hero_near,LOW,UNKNOWN,,STATEMENT,3,Книга третья,6,Часть шестая
WORD,S1_011,29976,4,4,мысль,мысль,"И, словно угадав его мысль, красный пулеметчик, лежавший за зеленым щитком станкового пулемета где-то на беломысом бугре, взял прицел с упреждением, резанул струею пулеметного огня ниже, и уже под передними копытами коня смачно зачмокали, по-змеиному зашипели накаленные в полете пули.","«Увышал, дядя!» — подумал Григорий, стискивая конские бока, пуская поводья, касаясь щекой вихрившейся под встречным ветром конской гривы.","Они вгрызались во влажную, еще не просохшую от полой воды почву, брызгали горячей грязью…","«Увышал, дядя!» — подумал Григорий, стискивая конские бока, пуская поводья, касаясь щекой вихрившейся под встречным ветром конской гривы. И, словно угадав его мысль, красный пулеметчик, лежавший за зеленым щитком станкового пулемета где-то на беломысом бугре, взял прицел с упреждением, резанул струею пулеметного огня ниже, и уже под передними копытами коня смачно зачмокали, по-змеиному зашипели накаленные в полете пули. Они вгрызались во влажную, еще не просохшую от полой воды почву, брызгали горячей грязью…",False,,False,,True,1021,мысль [мысленный акт/реплика],мысленный акт/реплика,WORD_CORE,WORD,S1,CORE,curated,,мысль,мысль,PROBABLE,prev_sentence:Григорий+pronoun,NARRATOR_ABOUT_HERO,narrative_context;hero_near+pronoun,MEDIUM,NARRATOR,,,3,Книга третья,6,Часть шестая
WORD,S1_002,30034,29,29,подумать,подумать,"Если бы не злобное тарахтенье пулемета за Доном, не гулкое буханье орудий, доносившееся по воде откуда-то сверху, не то с Мигулинского, не то с Казанского юртов, можно было бы подумать, что у Дона станом стали косари, — так мирен был вид пребывавшей на линии огня Громковской повстанческой сотни.","Он дремал, удобно лежа на боку, а жена проворно искала его, била на деревянном зубчатом гребне черноспинных головных вшей, отгоняла мух, садившихся на лицо ее престарелого «дружечки».",Впервые за пять лет войны Григорий видел столь необычайную позиционную картину.,"Он дремал, удобно лежа на боку, а жена проворно искала его, била на деревянном зубчатом гребне черноспинных головных вшей, отгоняла мух, садившихся на лицо ее престарелого «дружечки». Если бы не злобное тарахтенье пулемета за Доном, не гулкое буханье орудий, доносившееся по воде откуда-то сверху, не то с Мигулинского, не то с Казанского юртов, можно было бы подумать, что у Дона станом стали косари, — так мирен был вид пребывавшей на линии огня Громковской повстанческой сотни. Впервые за пять лет войны Григорий видел столь необычайную позиционную картину.",False,,False,,True,1023,подумать [инициация мысли],инициация мысли,WORD_CORE,WORD,S1,CORE,curated,,подумать,подумать,PROBABLE,next_sentence:Григорий,NARRATOR_ABOUT_HERO,narrative_context;hero_link=PROBABLE,MEDIUM,NARRATOR,,,3,Книга третья,6,Часть шестая
WORD,S1_001,30055,12,12,думать,думала,"«Вызвал в Вешки, сулил — вместе будем, а сам лытает черт-те где!» — озлобленно думала она, лежа в горнице на сундуке, покусывая яркие, но уже блекнущие губы.","Первый день она разыскивала Григория, но его еще не было в Вешенской, а на следующий день допоздна по улицам и переулкам свистали пули, рвались снаряды, и Аксинья не решилась выйти из хаты.","Старуха-тетка сидела у окна, вязала чулок, после каждого орудийного выстрела крестилась.","Первый день она разыскивала Григория, но его еще не было в Вешенской, а на следующий день допоздна по улицам и переулкам свистали пули, рвались снаряды, и Аксинья не решилась выйти из хаты. «Вызвал в Вешки, сулил — вместе будем, а сам лытает черт-те где!» — озлобленно думала она, лежа в горнице на сундуке, покусывая яркие, но уже блекнущие губы. Старуха-тетка сидела у окна, вязала чулок, после каждого орудийного выстрела крестилась.",False,,False,,True,1024,думать [процесс размышления],процесс размышления,WORD_CORE,WORD,S1,CORE,curated,,думать,думать,PROBABLE,prev_sentence:Григория+pronoun,OTHERS_NEAR_HERO,direct_speech;unknown_speaker;hero_near,LOW,UNKNOWN,,STATEMENT,3,Книга третья,6,Часть шестая
WORD,S1_002,30362,3,3,подумать,подумал,"Вот я и подумал: «Может, наш комдив с милушкой забавляется, а от нас хоронится?»","Позавчера никак всю станицу я перерыл, тебя искал, и вот приходит один посыльный, говорит: «На квартире Мелехова не оказалось, а ко мне из горенки вышла какая-то дюже красивая баба и сказала: „Уехал Григорий Пантелевич“, — а у самой глаза припухлые».",Григорий поморщился.,"Позавчера никак всю станицу я перерыл, тебя искал, и вот приходит один посыльный, говорит: «На квартире Мелехова не оказалось, а ко мне из горенки вышла какая-то дюже красивая баба и сказала: „Уехал Григорий Пантелевич“, — а у самой глаза припухлые». Вот я и подумал: «Может, наш комдив с милушкой забавляется, а от нас хоронится?» Григорий поморщился.",False,,False,,True,1026,подумать [инициация мысли],инициация мысли,WORD_CORE,WORD,S1,CORE,curated,,подумать,подумать,PROBABLE,prev_sentence:Григорий,OTHERS_NEAR_HERO,direct_speech;unknown_speaker;hero_near,LOW,UNKNOWN,,STATEMENT,3,Книга третья,6,Часть шестая
WORD,S1_001,30372,2,2,думать,думаешь,Как ты думаешь?,"Может, даже на Громок переправиться, чтобы им паники нагнать, а?","Григорий помолчал, потом ответил:
— Дело неплохое.","Может, даже на Громок переправиться, чтобы им паники нагнать, а? Как ты думаешь? Григорий помолчал, потом ответил:
— Дело неплохое.",False,,False,,True,1027,думать [процесс размышления],процесс размышления,WORD_CORE,WORD,S1,CORE,curated,,думать,думать,PROBABLE,next_sentence:Григорий,NARRATOR_ABOUT_HERO,narrative_context;hero_link=PROBABLE,MEDIUM,NARRATOR,,,3,Книга третья,6,Часть шестая
WORD,S1_002,30384,3,3,подумать,подумай,"Так вот, ты подумай, а завтра бери любых казаков на выбор и бузуй.",Верно?,"Мы так и порешили: окромя Мелехова, некому это проделать!","Верно? Так вот, ты подумай, а завтра бери любых казаков на выбор и бузуй. Мы так и порешили: окромя Мелехова, некому это проделать!",False,,False,,True,1029,подумать [инициация мысли],инициация мысли,WORD_CORE,WORD,S1,CORE,curated,,подумать,подумать,PROBABLE,next_sentence:Мелехова,NARRATOR_ABOUT_HERO,narrative_context;hero_link=PROBABLE,MEDIUM,NARRATOR,,,3,Книга третья,6,Часть шестая
WORD,S1_017,30401,2,2,понять,понял,— Все я понял!,"— Ты не так понял, Мелехов!",— Григорий разом вздохнул и снова сел на табурет.,"— Ты не так понял, Мелехов! — Все я понял! — Григорий разом вздохнул и снова сел на табурет.",False,,False,,True,1032,понять [понимание / ясность],понимание / ясность,WORD_CORE,WORD,S1,CORE,curated,,понять,понять,PROBABLE,prev_sentence:Мелехов,OTHERS_NEAR_HERO,direct_speech;unknown_speaker;hero_near,LOW,UNKNOWN,,STATEMENT,3,Книга третья,6,Часть шестая
WORD,S1_002,30602,9,9,подумать,подумал,"И так небось за меня трясли ее, как грушу…» — подумал он и, помедлив, вышел.","«Убоялась оставаться, да оно и лучше, а то казаки все одно убили бы.","Отвязал коня, но ехать к Мелеховым не решился: баз их был над самым Доном, а из-за Дона какой-нибудь искусный стрелок мог легко пометить Мишку свинцовой безоболочной повстанческой пулей.","«Убоялась оставаться, да оно и лучше, а то казаки все одно убили бы. И так небось за меня трясли ее, как грушу…» — подумал он и, помедлив, вышел. Отвязал коня, но ехать к Мелеховым не решился: баз их был над самым Доном, а из-за Дона какой-нибудь искусный стрелок мог легко пометить Мишку свинцовой безоболочной повстанческой пулей.",False,,False,,True,1043,подумать [инициация мысли],инициация мысли,WORD_CORE,WORD,S1,CORE,curated,,подумать,подумать,PROBABLE,next_sentence:Мелеховым+pronoun,NARRATOR_ABOUT_HERO,narrative_context;hero_near+pronoun,MEDIUM,NARRATOR,,,3,Книга третья,6,Часть шестая
WORD,S1_004,30604,2,2,решить,решил,"И Мишка решил поехать к Коршуновым, а в сумерках вернуться на плац и под прикрытием темноты запалить моховский и остальные купеческие и поповские дома.","Отвязал коня, но ехать к Мелеховым не решился: баз их был над самым Доном, а из-за Дона какой-нибудь искусный стрелок мог легко пометить Мишку свинцовой безоболочной повстанческой пулей.","По забазьям прискакал он к просторному коршуновскому подворью, въехал в распахнутые ворота, привязал к перилам коня и только что хотел идти в курень, как на крыльцо вышел дед Гришака.","Отвязал коня, но ехать к Мелеховым не решился: баз их был над самым Доном, а из-за Дона какой-нибудь искусный стрелок мог легко пометить Мишку свинцовой безоболочной повстанческой пулей. И Мишка решил поехать к Коршуновым, а в сумерках вернуться на плац и под прикрытием темноты запалить моховский и остальные купеческие и поповские дома. По забазьям прискакал он к просторному коршуновскому подворью, въехал в распахнутые ворота, привязал к перилам коня и только что хотел идти в курень, как на крыльцо вышел дед Гришака.",False,,False,,True,1044,решить [решение],решение,WORD_CORE,WORD,S1,CORE,curated,,решить,решить,PROBABLE,prev_sentence:Мелеховым,NARRATOR_ABOUT_HERO,narrative_context;hero_link=PROBABLE,MEDIUM,NARRATOR,,,3,Книга третья,6,Часть шестая
WORD,S1_018,30933,1,1,осознать,осознав,"Вмиг осознав, что шутка кончилась и дело принимает дурной оборот, она изо всей силы ударила кулаком по коричневому от загара носу и вырвалась из цепко державших ее рук.",— Это… чья болезня старше!.. — уже сквозь зубы бормотнул казак и вдруг легко приподнял Аксинью.,— Я жена Григория Мелехова!,"— Это… чья болезня старше!.. — уже сквозь зубы бормотнул казак и вдруг легко приподнял Аксинью. Вмиг осознав, что шутка кончилась и дело принимает дурной оборот, она изо всей силы ударила кулаком по коричневому от загара носу и вырвалась из цепко державших ее рук. — Я жена Григория Мелехова!",False,,False,,True,1063,осознать [понимание / ясность],понимание / ясность,WORD_CORE,WORD,S1,CORE,curated,,осознать,осознать,PROBABLE,next_sentence:Григория,NARRATOR_ABOUT_HERO,narrative_context;hero_link=PROBABLE,MEDIUM,NARRATOR,,,4,Книга четвертая,7,Часть седьмая
WORD,S1_024,30971,77,77,намереваться,намереваясь,"Он бросил на хутор Еринский триста сабель, с расчетом, чтобы они укрепили левый фланг и помогли Татарской и Лебяженской сотням сдержать напор противника, в случае если он устремится в обход Вешенской с востока; с запада, вниз по течению Дона, направил в помощь Базковской сотне Вешенскую иногороднюю дружину и одну из Чирских пеших сотен; на угрожаемых участках расставил восемь пулеметов, а сам с двумя конными сотнями — часов около двух ночи — разместился на опушке Горелого леса, дожидаясь рассвета и намереваясь атаковать красноармейцев в конном строю.",Общее руководство операцией взял на себя Григорий Мелехов.,"Еще не погасли Стожары, когда Вешенская иногородняя дружина, пробиравшаяся по лесу к базковскому колену, столкнулась с отступавшими базковцами и, приняв их за противника, после короткой перестрелки бежала.","Общее руководство операцией взял на себя Григорий Мелехов. Он бросил на хутор Еринский триста сабель, с расчетом, чтобы они укрепили левый фланг и помогли Татарской и Лебяженской сотням сдержать напор противника, в случае если он устремится в обход Вешенской с востока; с запада, вниз по течению Дона, направил в помощь Базковской сотне Вешенскую иногороднюю дружину и одну из Чирских пеших сотен; на угрожаемых участках расставил восемь пулеметов, а сам с двумя конными сотнями — часов около двух ночи — разместился на опушке Горелого леса, дожидаясь рассвета и намереваясь атаковать красноармейцев в конном строю. Еще не погасли Стожары, когда Вешенская иногородняя дружина, пробиравшаяся по лесу к базковскому колену, столкнулась с отступавшими базковцами и, приняв их за противника, после короткой перестрелки бежала.",False,,False,,True,1065,намереваться [намерение/мысль о действии],намерение/мысль о действии,WORD_CORE,WORD,S1,CORE,curated,,намереваться,намереваться,PROBABLE,prev_sentence:Григорий+pronoun,NARRATOR_ABOUT_HERO,narrative_context;hero_near+pronoun,MEDIUM,NARRATOR,,,4,Книга четвертая,7,Часть седьмая
WORD,S1_001,31007,4,4,думать,думал,Но Христоня и не думал останавливаться.,"Стой, говорят тебе!.. — тщетно кричал Григорий.","Он еще больше убыстрил бег, перейдя на какой-то разнузданный верблюжий галоп.","Стой, говорят тебе!.. — тщетно кричал Григорий. Но Христоня и не думал останавливаться. Он еще больше убыстрил бег, перейдя на какой-то разнузданный верблюжий галоп.",False,,False,,True,1066,думать [процесс размышления],процесс размышления,WORD_CORE,WORD,S1,CORE,curated,,думать,думать,PROBABLE,prev_sentence:Григорий,NARRATOR_ABOUT_HERO,narrative_context;hero_link=PROBABLE,MEDIUM,NARRATOR,,,4,Книга четвертая,7,Часть седьмая
WORD,S1_001,31699,0,0,думать,Думаешь,— Думаешь похоронить его? — спросил Прохор.,"— Дай две лопаты и рядно, — попросил Григорий.",— Да.,"— Дай две лопаты и рядно, — попросил Григорий. — Думаешь похоронить его? — спросил Прохор. — Да.",False,,False,,True,1082,думать [процесс размышления],процесс размышления,WORD_CORE,WORD,S1,CORE,curated,,думать,думать,PROBABLE,prev_sentence:Григорий+pronoun,OTHERS_NEAR_HERO,direct_speech;speech_verb_other:Прохор;hero_near,LOW,Прохор,,STATEMENT,4,Книга четвертая,7,Часть седьмая
WORD,S1_011,32072,2,2,мысль,мыслях,"Восстанавливая в мыслях встречу со Степаном, равнодушно подумал: «Ну что ж, теперь он знает.","Григорий присел к плетню, закурил.",Лишь бы не бил Аксинью».,"Григорий присел к плетню, закурил. Восстанавливая в мыслях встречу со Степаном, равнодушно подумал: «Ну что ж, теперь он знает. Лишь бы не бил Аксинью».",False,,False,,True,1094,мысль [мысленный акт/реплика],мысленный акт/реплика,WORD_CORE,WORD,S1,CORE,curated,,мысль,мысль,PROBABLE,prev_sentence:Григорий+pronoun,NARRATOR_ABOUT_HERO,narrative_context;hero_near+pronoun,MEDIUM,NARRATOR,,,4,Книга четвертая,7,Часть седьмая
WORD,S1_002,32072,7,7,подумать,подумал,"Восстанавливая в мыслях встречу со Степаном, равнодушно подумал: «Ну что ж, теперь он знает.","Григорий присел к плетню, закурил.",Лишь бы не бил Аксинью».,"Григорий присел к плетню, закурил. Восстанавливая в мыслях встречу со Степаном, равнодушно подумал: «Ну что ж, теперь он знает. Лишь бы не бил Аксинью».",False,,False,,True,1095,подумать [инициация мысли],инициация мысли,WORD_CORE,WORD,S1,CORE,curated,,подумать,подумать,PROBABLE,prev_sentence:Григорий+pronoun,NARRATOR_ABOUT_HERO,narrative_context;hero_near+pronoun,MEDIUM,NARRATOR,,,4,Книга четвертая,7,Часть седьмая
WORD,S1_017,32177,0,0,понять,Поняла,Поняла?,"Ежли услышу, что ты и после этого об нем сохнуть будешь, — на одну ногу наступлю, а за другую возьмусь — так и раздеру, как лягушонка!","Дуняшка вспыхнула, как маков цвет, — сквозь слезы посмотрела на Григория.","Ежли услышу, что ты и после этого об нем сохнуть будешь, — на одну ногу наступлю, а за другую возьмусь — так и раздеру, как лягушонка! Поняла? Дуняшка вспыхнула, как маков цвет, — сквозь слезы посмотрела на Григория.",False,,False,,True,1101,понять [понимание / ясность],понимание / ясность,WORD_CORE,WORD,S1,CORE,curated,,понять,понять,PROBABLE,next_sentence:Григория,NARRATOR_ABOUT_HERO,narrative_context;hero_link=PROBABLE,MEDIUM,NARRATOR,,,4,Книга четвертая,7,Часть седьмая
WORD,S1_002,32183,7,7,подумать,подумала,"«Не тебе бы, сынок, об этом гутарить…» — подумала Ильинична.","— Вырвать надо такое сердце, какое тебя слухаться не будет, — холодно посоветовал Григорий.",Но тут в разговор вступил Пантелей Прокофьевич.,"— Вырвать надо такое сердце, какое тебя слухаться не будет, — холодно посоветовал Григорий. «Не тебе бы, сынок, об этом гутарить…» — подумала Ильинична. Но тут в разговор вступил Пантелей Прокофьевич.",False,,False,,True,1102,подумать [инициация мысли],инициация мысли,WORD_CORE,WORD,S1,CORE,curated,,подумать,подумать,PROBABLE,prev_sentence:Григорий,OTHERS_NEAR_HERO,direct_speech;speech_verb_other:Ильинична;hero_near,LOW,Ильинична,,STATEMENT,4,Книга четвертая,7,Часть седьмая
WORD,S1_018,32286,5,5,осознать,осознал,"Как видно, только теперь старик осознал всю тщетность своих усилий наладить жизнь по-старому…",Не век же им стоять!,"Пред закатом солнца Григорий бросил работу, пошел в дом.","Не век же им стоять! Как видно, только теперь старик осознал всю тщетность своих усилий наладить жизнь по-старому… Пред закатом солнца Григорий бросил работу, пошел в дом.",False,,False,,True,1105,осознать [понимание / ясность],понимание / ясность,WORD_CORE,WORD,S1,CORE,curated,,осознать,осознать,PROBABLE,next_sentence:Григорий,NARRATOR_ABOUT_HERO,narrative_context;hero_link=PROBABLE,MEDIUM,NARRATOR,,,4,Книга четвертая,7,Часть седьмая
WORD,S1_001,32400,2,2,думать,думаешь,— А ты думаешь — как? — усмехнулся Прохор.,"Стал быть, чуть чего — и долой погоны?","Григорий, улыбаясь, сказал отцу:
— Видал, батя, каким вестовым я раздобылся?","Стал быть, чуть чего — и долой погоны? — А ты думаешь — как? — усмехнулся Прохор. Григорий, улыбаясь, сказал отцу:
— Видал, батя, каким вестовым я раздобылся?",False,,False,,True,1109,думать [процесс размышления],процесс размышления,WORD_CORE,WORD,S1,CORE,curated,,думать,думать,PROBABLE,next_sentence:Григорий,OTHERS_NEAR_HERO,direct_speech;unknown_speaker;hero_near,LOW,UNKNOWN,,STATEMENT,4,Книга четвертая,7,Часть седьмая
PHRASE,PHR_029,32578,6,7,размышлять о,размышлял о,"Вот и сейчас он вовсе не размышлял о том, как развернутся операции по овладению Усть-Медведицкой, а вспоминал домашних, родную станицу и думал, что было бы неплохо закатиться домой в отпуск, месяца на полтора…","Лишенный честолюбия и устойчивых политических взглядов, к войне Копылов относился как к неизбежному злу и не чаял ее окончания.","Григорий долго смотрел на Копылова, потом встал.","Лишенный честолюбия и устойчивых политических взглядов, к войне Копылов относился как к неизбежному злу и не чаял ее окончания. Вот и сейчас он вовсе не размышлял о том, как развернутся операции по овладению Усть-Медведицкой, а вспоминал домашних, родную станицу и думал, что было бы неплохо закатиться домой в отпуск, месяца на полтора… Григорий долго смотрел на Копылова, потом встал.",False,,False,,True,1115,размышлять о [процесс размышления],процесс размышления,REFLECT_GENERAL,PHRASE,PHRASE,CORE,manual_existing,,размышлять о,размышлять о,PROBABLE,next_sentence:Григорий+pronoun,NARRATOR_ABOUT_HERO,narrative_context;hero_near+pronoun,MEDIUM,NARRATOR,,,4,Книга четвертая,7,Часть седьмая
WORD,S1_006,32578,6,6,размышлять,размышлял,"Вот и сейчас он вовсе не размышлял о том, как развернутся операции по овладению Усть-Медведицкой, а вспоминал домашних, родную станицу и думал, что было бы неплохо закатиться домой в отпуск, месяца на полтора…","Лишенный честолюбия и устойчивых политических взглядов, к войне Копылов относился как к неизбежному злу и не чаял ее окончания.","Григорий долго смотрел на Копылова, потом встал.","Лишенный честолюбия и устойчивых политических взглядов, к войне Копылов относился как к неизбежному злу и не чаял ее окончания. Вот и сейчас он вовсе не размышлял о том, как развернутся операции по овладению Усть-Медведицкой, а вспоминал домашних, родную станицу и думал, что было бы неплохо закатиться домой в отпуск, месяца на полтора… Григорий долго смотрел на Копылова, потом встал.",True,PHR_029,False,,False,1116,размышлять [процесс размышления],процесс размышления,WORD_CORE,WORD,S1,CORE,curated,,размышлять,размышлять,PROBABLE,next_sentence:Григорий+pronoun,NARRATOR_ABOUT_HERO,narrative_context;hero_near+pronoun,MEDIUM,NARRATOR,,,4,Книга четвертая,7,Часть седьмая
WORD,ALEX_008,32578,16,16,вспоминать,вспоминал,"Вот и сейчас он вовсе не размышлял о том, как развернутся операции по овладению Усть-Медведицкой, а вспоминал домашних, родную станицу и думал, что было бы неплохо закатиться домой в отпуск, месяца на полтора…","Лишенный честолюбия и устойчивых политических взглядов, к войне Копылов относился как к неизбежному злу и не чаял ее окончания.","Григорий долго смотрел на Копылова, потом встал.","Лишенный честолюбия и устойчивых политических взглядов, к войне Копылов относился как к неизбежному злу и не чаял ее окончания. Вот и сейчас он вовсе не размышлял о том, как развернутся операции по овладению Усть-Медведицкой, а вспоминал домашних, родную станицу и думал, что было бы неплохо закатиться домой в отпуск, месяца на полтора… Григорий долго смотрел на Копылова, потом встал.",False,,False,,True,1117,вспоминать [память / воспоминание],память / воспоминание,WORD_ALEXANDROVA,WORD,ALEXANDROVA,CORE,dictionary,,вспоминать,вспоминать,PROBABLE,next_sentence:Григорий+pronoun,NARRATOR_ABOUT_HERO,narrative_context;hero_near+pronoun,MEDIUM,NARRATOR,,,4,Книга четвертая,7,Часть седьмая
WORD,S1_001,32578,21,21,думать,думал,"Вот и сейчас он вовсе не размышлял о том, как развернутся операции по овладению Усть-Медведицкой, а вспоминал домашних, родную станицу и думал, что было бы неплохо закатиться домой в отпуск, месяца на полтора…","Лишенный честолюбия и устойчивых политических взглядов, к войне Копылов относился как к неизбежному злу и не чаял ее окончания.","Григорий долго смотрел на Копылова, потом встал.","Лишенный честолюбия и устойчивых политических взглядов, к войне Копылов относился как к неизбежному злу и не чаял ее окончания. Вот и сейчас он вовсе не размышлял о том, как развернутся операции по овладению Усть-Медведицкой, а вспоминал домашних, родную станицу и думал, что было бы неплохо закатиться домой в отпуск, месяца на полтора… Григорий долго смотрел на Копылова, потом встал.",False,,False,,True,1118,думать [процесс размышления],процесс размышления,WORD_CORE,WORD,S1,CORE,curated,,думать,думать,PROBABLE,next_sentence:Григорий+pronoun,NARRATOR_ABOUT_HERO,narrative_context;hero_near+pronoun,MEDIUM,NARRATOR,,,4,Книга четвертая,7,Часть седьмая
WORD,S1_002,32682,23,23,подумать,подумать,"Тот яростно потер концом рушника кирпично-красное, обожженное холодной водой лицо, сказал подошедшему Копылову:
— Оно-то так, только господам генералам надо бы вот о чем подумать: народ другой стал с революции, как, скажи, заново народился!","Хозяйка бегом бросилась в дом, вынесла чистый расшитый рушник, с поклоном подала Григорию.",А они все старым аршином меряют.,"Хозяйка бегом бросилась в дом, вынесла чистый расшитый рушник, с поклоном подала Григорию. Тот яростно потер концом рушника кирпично-красное, обожженное холодной водой лицо, сказал подошедшему Копылову:
— Оно-то так, только господам генералам надо бы вот о чем подумать: народ другой стал с революции, как, скажи, заново народился! А они все старым аршином меряют.",False,,False,,True,1132,подумать [инициация мысли],инициация мысли,WORD_CORE,WORD,S1,CORE,curated,,подумать,подумать,PROBABLE,prev_sentence:Григорию,NARRATOR_ABOUT_HERO,narrative_context;hero_link=PROBABLE,MEDIUM,NARRATOR,,,4,Книга четвертая,7,Часть седьмая
WORD,S1_001,32707,1,1,думать,думают,"— Они думают, что мы из другого теста деланные, что неученый человек, какой из простых, вроде скотины.","— Не хотят они понять того, что все старое рухнулось к едреной бабушке! — уже тише сказал Григорий.","Они думают, что в военном деле я или такой, как я, меньше их понимаем.","— Не хотят они понять того, что все старое рухнулось к едреной бабушке! — уже тише сказал Григорий. — Они думают, что мы из другого теста деланные, что неученый человек, какой из простых, вроде скотины. Они думают, что в военном деле я или такой, как я, меньше их понимаем.",False,,False,,True,1134,думать [процесс размышления],процесс размышления,WORD_CORE,WORD,S1,CORE,curated,,думать,думать,PROBABLE,prev_sentence:Григорий,OTHERS_NEAR_HERO,direct_speech;unknown_speaker;hero_near,LOW,UNKNOWN,,STATEMENT,4,Книга четвертая,7,Часть седьмая
WORD,S1_017,32736,1,1,понять,поймешь,— Потом поймешь.,"Но я вот давно к тебе приглядываюсь, Григорий Пантелеевич, и не могу тебя понять…","Давай ехать, — бросил Григорий и направился к сараю.","Но я вот давно к тебе приглядываюсь, Григорий Пантелеевич, и не могу тебя понять… — Потом поймешь. Давай ехать, — бросил Григорий и направился к сараю.",False,,False,,True,1138,понять [понимание / ясность],понимание / ясность,WORD_CORE,WORD,S1,CORE,curated,,понять,понять,PROBABLE,prev_sentence:Григорий,OTHERS_NEAR_HERO,direct_speech;unknown_speaker;hero_near,LOW,UNKNOWN,,STATEMENT,4,Книга четвертая,7,Часть седьмая
WORD,S1_016,32782,3,3,помнить,помнишь,"Или еще лучше: помнишь, зимой как-то в Каргинской разговаривал ты при мне с одной интеллигентной женщиной, у которой мужа арестовали казаки, и в ее присутствии застегивал штаны…","Например: вместо того чтобы пользоваться носовым платком, как это делают все культурные люди, ты сморкаешься при помощи двух пальцев, во время еды руки вытираешь то о голенища сапог, то о волосы, после умывания не брезгаешь вытереть лицо лошадиной попонкой, ногти на руках либо обкусываешь, либо срезаешь кончиком шашки.","— Стал быть, было лучше, если б я штаны оставил расстегнутыми? — хмуро улыбаясь, спросил Григорий.","Например: вместо того чтобы пользоваться носовым платком, как это делают все культурные люди, ты сморкаешься при помощи двух пальцев, во время еды руки вытираешь то о голенища сапог, то о волосы, после умывания не брезгаешь вытереть лицо лошадиной попонкой, ногти на руках либо обкусываешь, либо срезаешь кончиком шашки. Или еще лучше: помнишь, зимой как-то в Каргинской разговаривал ты при мне с одной интеллигентной женщиной, у которой мужа арестовали казаки, и в ее присутствии застегивал штаны… — Стал быть, было лучше, если б я штаны оставил расстегнутыми? — хмуро улыбаясь, спросил Григорий.",False,,False,,True,1144,помнить [память / воспоминание],память / воспоминание,WORD_CORE,WORD,S1,CORE,curated,,помнить,помнить,PROBABLE,next_sentence:Григорий,NARRATOR_ABOUT_HERO,narrative_context;hero_link=PROBABLE,MEDIUM,NARRATOR,,,4,Книга четвертая,7,Часть седьмая
WORD,S1_005,32866,6,6,решать,решать,"— Вы вызвали нас для того, чтобы решать…",— Прошу на меня не орать! — громче повторил Григорий.,"— На секунду смолк, опустил глаза и, не отрывая взгляда от рук Фицхелаурова, сбавил голос почти до шепота: — Ежли вы, ваше превосходительство, спробуете тронуть меня хоть пальцем — зарублю на месте!","— Прошу на меня не орать! — громче повторил Григорий. — Вы вызвали нас для того, чтобы решать… — На секунду смолк, опустил глаза и, не отрывая взгляда от рук Фицхелаурова, сбавил голос почти до шепота: — Ежли вы, ваше превосходительство, спробуете тронуть меня хоть пальцем — зарублю на месте!",False,,False,,True,1148,решать [решение],решение,WORD_CORE,WORD,S1,CORE,curated,,решать,решать,PROBABLE,prev_sentence:Григорий,OTHERS_NEAR_HERO,direct_speech;unknown_speaker;hero_near,LOW,UNKNOWN,,STATEMENT,4,Книга четвертая,7,Часть седьмая
WORD,S1_001,32946,0,0,думать,Думал,"Думал небось, что тебя чаем угощать будут?","Григорий насмешливо оглядел Копылова, спросил:
— Ты из-за чего наряжался-то?",К столу под белы руки поведут?,"Григорий насмешливо оглядел Копылова, спросил:
— Ты из-за чего наряжался-то? Думал небось, что тебя чаем угощать будут? К столу под белы руки поведут?",False,,False,,True,1150,думать [процесс размышления],процесс размышления,WORD_CORE,WORD,S1,CORE,curated,,думать,думать,PROBABLE,prev_sentence:Григорий,NARRATOR_ABOUT_HERO,narrative_context;hero_link=PROBABLE,MEDIUM,NARRATOR,,,4,Книга четвертая,7,Часть седьмая
WORD,S1_004,33024,1,1,решить,решил,Он решил сам вести в атаку 2-й пехотный полк.,Следом за ним пошел Григорий.,"Около крайнего орудия, искусно замаскированного ветками боярышника, его задержал командир батареи:
— Полюбуйся, Григорий Пантелевич, на английскую работу.","Следом за ним пошел Григорий. Он решил сам вести в атаку 2-й пехотный полк. Около крайнего орудия, искусно замаскированного ветками боярышника, его задержал командир батареи:
— Полюбуйся, Григорий Пантелевич, на английскую работу.",False,,False,,True,1152,решить [решение],решение,WORD_CORE,WORD,S1,CORE,curated,,решить,решить,PROBABLE,prev_sentence:Григорий+pronoun,NARRATOR_ABOUT_HERO,narrative_context;hero_near+pronoun,MEDIUM,NARRATOR,,,4,Книга четвертая,7,Часть седьмая
WORD,S1_017,33067,1,1,понять,понял,"«Значит, понял!","Ермаков бешеным карьером доскакал до лощины, нырнул в нее и на той стороне не показался.","Теперь доберется», — облегченно решил Григорий и прилег возле кургана, не спеша свернул цигарку.","Ермаков бешеным карьером доскакал до лощины, нырнул в нее и на той стороне не показался. «Значит, понял! Теперь доберется», — облегченно решил Григорий и прилег возле кургана, не спеша свернул цигарку.",False,,False,,True,1154,понять [понимание / ясность],понимание / ясность,WORD_CORE,WORD,S1,CORE,curated,,понять,понять,PROBABLE,next_sentence:Григорий,NARRATOR_ABOUT_HERO,narrative_context;hero_link=PROBABLE,MEDIUM,NARRATOR,,,4,Книга четвертая,7,Часть седьмая
WORD,S1_016,33894,1,1,помнить,помнишь,— Приказ помнишь?,"Да ты в уме, Григорий Пантелевич?","— Это насчет того, чтобы…","Да ты в уме, Григорий Пантелевич? — Приказ помнишь? — Это насчет того, чтобы…",False,,False,,True,1206,помнить [память / воспоминание],память / воспоминание,WORD_CORE,WORD,S1,CORE,curated,,помнить,помнить,PROBABLE,prev_sentence:Григорий,OTHERS_NEAR_HERO,direct_speech;unknown_speaker;hero_near,LOW,UNKNOWN,,STATEMENT,4,Книга четвертая,7,Часть седьмая
WORD,S1_025,34057,1,1,полагать,полагаю,"— Я полагаю, надо расстрелять этого красноармейца, а командиров оставить!",— Выдал один из его же красноармейцев.,— Григорий выжидающе взглянул на Андреянова.,"— Выдал один из его же красноармейцев. — Я полагаю, надо расстрелять этого красноармейца, а командиров оставить! — Григорий выжидающе взглянул на Андреянова.",False,,False,,True,1217,полагать [мнение/суждение],мнение/суждение,WORD_CORE,WORD,S1,CORE,curated,,полагать,полагать,PROBABLE,next_sentence:Григорий,OTHERS_NEAR_HERO,direct_speech;unknown_speaker;hero_near,LOW,UNKNOWN,,STATEMENT,4,Книга четвертая,7,Часть седьмая
WORD,S1_016,34066,6,6,помнить,помните,"Я с вами был целиком согласный, помните?","Вчера, когда мы ложились спать, вы, господин полковник, дюже толково рассказывали, какие порядки надо будет заводить в армии после того, как разобьем большевиков, — чтобы вытравить из молодежи красную заразу.","— Григорий поглаживал усы, следя за меняющимся выражением лица полковника, рассудительно говорил: — А зараз вы что предлагаете?","Вчера, когда мы ложились спать, вы, господин полковник, дюже толково рассказывали, какие порядки надо будет заводить в армии после того, как разобьем большевиков, — чтобы вытравить из молодежи красную заразу. Я с вами был целиком согласный, помните? — Григорий поглаживал усы, следя за меняющимся выражением лица полковника, рассудительно говорил: — А зараз вы что предлагаете?",False,,False,,True,1218,помнить [память / воспоминание],память / воспоминание,WORD_CORE,WORD,S1,CORE,curated,,помнить,помнить,PROBABLE,next_sentence:Григорий,NARRATOR_ABOUT_HERO,narrative_context;hero_link=PROBABLE,MEDIUM,NARRATOR,,,4,Книга четвертая,7,Часть седьмая
WORD,ALEX_012,34190,3,3,догадаться,догадалась,"Лукавая Прохорова жененка догадалась, зачем пришла к ней Наталья, и отвечала сдержанно, сухо.","— Наталья перевела разговор на недавнее отступление за Дон, осторожно начала выспрашивать, как жили служивые в Вешенской и кто был с ними из хуторных.","Со слов мужа она все знала о Григории, но, хотя язык у нее и чесался, рассказывать побоялась, памятуя Прохорово наставление: «Так и знай: скажешь об этом кому хоть слово — положу тебя головой на дровосеку, язык твой поганый на аршин вытяну и отрублю.","— Наталья перевела разговор на недавнее отступление за Дон, осторожно начала выспрашивать, как жили служивые в Вешенской и кто был с ними из хуторных. Лукавая Прохорова жененка догадалась, зачем пришла к ней Наталья, и отвечала сдержанно, сухо. Со слов мужа она все знала о Григории, но, хотя язык у нее и чесался, рассказывать побоялась, памятуя Прохорово наставление: «Так и знай: скажешь об этом кому хоть слово — положу тебя головой на дровосеку, язык твой поганый на аршин вытяну и отрублю.",False,,False,,True,1223,догадаться [понимание / ясность],понимание / ясность,WORD_ALEXANDROVA,WORD,ALEXANDROVA,CORE,dictionary,,догадаться,догадаться,PROBABLE,next_sentence:Григории,NARRATOR_ABOUT_HERO,narrative_context;hero_link=PROBABLE,MEDIUM,NARRATOR,,,4,Книга четвертая,7,Часть седьмая
WORD,S1_017,34211,10,10,понять,поняла,"Такая глубокая, нескрываемая тревога прозвучала в Аксиньином вопросе, что Наталья поняла все.",С Григорием Пантелеевичем беда случилась?,"В одной фразе сказалась вся Аксинья, открылось все, чем она жила и чего боялась.","С Григорием Пантелеевичем беда случилась? Такая глубокая, нескрываемая тревога прозвучала в Аксиньином вопросе, что Наталья поняла все. В одной фразе сказалась вся Аксинья, открылось все, чем она жила и чего боялась.",False,,False,,True,1225,понять [понимание / ясность],понимание / ясность,WORD_CORE,WORD,S1,CORE,curated,,понять,понять,PROBABLE,prev_sentence:Григорием,NARRATOR_ABOUT_HERO,narrative_context;hero_link=PROBABLE,MEDIUM,NARRATOR,,,4,Книга четвертая,7,Часть седьмая
WORD,S1_008,34403,5,5,обдумывать,обдумывая,"Наталья долго шла, молча что-то обдумывая, потом сказала:
— Маманя, я об этом больше не хочу гутарить.","Приворожила она его, не иначе.","Григорий приедет, там видно будет, куда мне деваться…","Приворожила она его, не иначе. Наталья долго шла, молча что-то обдумывая, потом сказала:
— Маманя, я об этом больше не хочу гутарить. Григорий приедет, там видно будет, куда мне деваться…",False,,False,,True,1236,обдумывать [процесс размышления],процесс размышления,WORD_CORE,WORD,S1,CORE,curated,,обдумывать,обдумывать,PROBABLE,next_sentence:Григорий,NARRATOR_ABOUT_HERO,narrative_context;hero_link=PROBABLE,MEDIUM,NARRATOR,,,4,Книга четвертая,7,Часть седьмая
WORD,S1_011,34738,11,11,мысль,мыслями,"Чтобы не оставаться в степи одному со своим горем, с неотступными мыслями о Наталье, он взял с собою Прохора Зыкова.","XVII
Многое передумал и вспомнил Григорий за двое суток пути от фронта до родного хутора…","Как только выехали с места стоянки сотни, Григорий завел разговор о войне, вспомнил, как служил в 12-м полку на австрийском фронте, как ходили в Румынию, как бились с немцами.","XVII
Многое передумал и вспомнил Григорий за двое суток пути от фронта до родного хутора… Чтобы не оставаться в степи одному со своим горем, с неотступными мыслями о Наталье, он взял с собою Прохора Зыкова. Как только выехали с места стоянки сотни, Григорий завел разговор о войне, вспомнил, как служил в 12-м полку на австрийском фронте, как ходили в Румынию, как бились с немцами.",False,,False,,True,1249,мысль [мысленный акт/реплика],мысленный акт/реплика,WORD_CORE,WORD,S1,CORE,curated,,мысль,мысль,PROBABLE,prev_sentence:Григорий+pronoun,NARRATOR_ABOUT_HERO,narrative_context;hero_near+pronoun,MEDIUM,NARRATOR,,,4,Книга четвертая,7,Часть седьмая
WORD,ALEX_008,34740,4,4,вспоминать,вспоминал,"Говорил он без умолку, вспоминал всякие потешные истории, происходившие с их однополчанами, смеялся…","Как только выехали с места стоянки сотни, Григорий завел разговор о войне, вспомнил, как служил в 12-м полку на австрийском фронте, как ходили в Румынию, как бились с немцами.","Простоватый Прохор вначале недоуменно косился на Григория, дивясь его необычайной разговорчивости, а потом все же догадался, что Григорий воспоминаниями о давнишних днях хочет отвлечь себя от тяжелых думок, — и стал поддерживать разговор, и быть может, даже с излишним старанием.","Как только выехали с места стоянки сотни, Григорий завел разговор о войне, вспомнил, как служил в 12-м полку на австрийском фронте, как ходили в Румынию, как бились с немцами. Говорил он без умолку, вспоминал всякие потешные истории, происходившие с их однополчанами, смеялся… Простоватый Прохор вначале недоуменно косился на Григория, дивясь его необычайной разговорчивости, а потом все же догадался, что Григорий воспоминаниями о давнишних днях хочет отвлечь себя от тяжелых думок, — и стал поддерживать разговор, и быть может, даже с излишним старанием.",False,,False,,True,1251,вспоминать [память / воспоминание],память / воспоминание,WORD_ALEXANDROVA,WORD,ALEXANDROVA,CORE,dictionary,,вспоминать,вспоминать,PROBABLE,prev_sentence:Григорий+pronoun,NARRATOR_ABOUT_HERO,narrative_context;hero_near+pronoun,MEDIUM,NARRATOR,,,4,Книга четвертая,7,Часть седьмая
WORD,S1_001,34753,17,17,думать,думал,"Доскачется, дьявол, что придется до самого Татарского из такой дали пеши пороть либо на обывательских тянуться!» — раздраженно думал Прохор.","Ему хорошо, черту, он своего загонит и в любой момент себе другого под седло достанет, а я откуда возьму?","Наутро следующего дня возле одного из хуторов Федосеевской станицы он не стерпел, сказал, обращаясь к Григорию:
— Скажи как ты хозяином сроду не был…","Ему хорошо, черту, он своего загонит и в любой момент себе другого под седло достанет, а я откуда возьму? Доскачется, дьявол, что придется до самого Татарского из такой дали пеши пороть либо на обывательских тянуться!» — раздраженно думал Прохор. Наутро следующего дня возле одного из хуторов Федосеевской станицы он не стерпел, сказал, обращаясь к Григорию:
— Скажи как ты хозяином сроду не был…",False,,False,,True,1253,думать [процесс размышления],процесс размышления,WORD_CORE,WORD,S1,CORE,curated,,думать,думать,PROBABLE,next_sentence:Григорию,NARRATOR_ABOUT_HERO,narrative_context;hero_link=PROBABLE,MEDIUM,NARRATOR,,,4,Книга четвертая,7,Часть седьмая
WORD,S1_011,34872,19,19,мысль,мысли,"Он выпил второй стакан залпом, долго жевал кусок вяленой рыбы, все ждал, когда хмель ударит в голову, заглушит неотвязные мысли.","— Давай об этом не гутарить, батя! — попросил Григорий.",— Житá нонешний год хороши!,"— Давай об этом не гутарить, батя! — попросил Григорий. Он выпил второй стакан залпом, долго жевал кусок вяленой рыбы, все ждал, когда хмель ударит в голову, заглушит неотвязные мысли. — Житá нонешний год хороши!",False,,False,,True,1260,мысль [мысленный акт/реплика],мысленный акт/реплика,WORD_CORE,WORD,S1,CORE,curated,,мысль,мысль,PROBABLE,prev_sentence:Григорий+pronoun,NARRATOR_ABOUT_HERO,narrative_context;hero_near+pronoun,MEDIUM,NARRATOR,,,4,Книга четвертая,7,Часть седьмая
WORD,S1_002,34908,12,12,подумать,подумал,"Бесцельно бродя по двору, он осмотрел скотиний баз, конюшню; глядя на коня, подумал: «Надо бы искупать его», потом зашел под навес сарая.","— Ильинична метнулась к печке, но Григорий уже хлопнул дверью.","Около приготовленной к покосу лобогрейки увидел валявшиеся на земле сосновые щепки, стружки, косой обрезок доски.","— Ильинична метнулась к печке, но Григорий уже хлопнул дверью. Бесцельно бродя по двору, он осмотрел скотиний баз, конюшню; глядя на коня, подумал: «Надо бы искупать его», потом зашел под навес сарая. Около приготовленной к покосу лобогрейки увидел валявшиеся на земле сосновые щепки, стружки, косой обрезок доски.",False,,False,,True,1263,подумать [инициация мысли],инициация мысли,WORD_CORE,WORD,S1,CORE,curated,,подумать,подумать,PROBABLE,prev_sentence:Григорий+pronoun,OTHERS_NEAR_HERO,direct_speech;unknown_speaker;hero_near,LOW,UNKNOWN,,STATEMENT,4,Книга четвертая,7,Часть седьмая
WORD,ALEX_008,34915,16,16,вспоминать,вспоминала,"Но со слов Ильиничны он знал, что Наталья простила ему все, что она любила его и вспоминала о нем до последней минуты.","Если бы при жизни Наталья осуществила свою угрозу — взяла детей и ушла жить к матери; если бы она умерла там, ожесточенная в ненависти к неверному мужу и непримирившаяся, Григорий, пожалуй, не с такой силой испытывал бы тяжесть утраты и, уж наверное, раскаяние не терзало бы его столь яростно.","Это увеличивало его страдания, отягчало совесть немолкнущим укором, заставляло по-новому осмысливать прошлое и свое поведение в нем…","Если бы при жизни Наталья осуществила свою угрозу — взяла детей и ушла жить к матери; если бы она умерла там, ожесточенная в ненависти к неверному мужу и непримирившаяся, Григорий, пожалуй, не с такой силой испытывал бы тяжесть утраты и, уж наверное, раскаяние не терзало бы его столь яростно. Но со слов Ильиничны он знал, что Наталья простила ему все, что она любила его и вспоминала о нем до последней минуты. Это увеличивало его страдания, отягчало совесть немолкнущим укором, заставляло по-новому осмысливать прошлое и свое поведение в нем…",False,,False,,True,1265,вспоминать [память / воспоминание],память / воспоминание,WORD_ALEXANDROVA,WORD,ALEXANDROVA,CORE,dictionary,,вспоминать,вспоминать,PROBABLE,prev_sentence:Григорий+pronoun,NARRATOR_ABOUT_HERO,narrative_context;hero_near+pronoun,MEDIUM,NARRATOR,,,4,Книга четвертая,7,Часть седьмая
WORD,ALEX_008,34928,12,12,вспоминать,вспоминал,"Он изнурял себя работой, часами не слезая с лобогрейки, и все же вспоминал Наталью; память настойчиво воскрешала давно минувшее, различные, зачастую незначительные эпизоды совместной жизни, разговоры.","Как ни старался Григорий, уехав в поле, забыть о своем горе, в мыслях он неизбежно возвращался к этому.","Стоило на минуту снять узду с услужливой памяти, и перед глазами его вставала живая, улыбающаяся Наталья.","Как ни старался Григорий, уехав в поле, забыть о своем горе, в мыслях он неизбежно возвращался к этому. Он изнурял себя работой, часами не слезая с лобогрейки, и все же вспоминал Наталью; память настойчиво воскрешала давно минувшее, различные, зачастую незначительные эпизоды совместной жизни, разговоры. Стоило на минуту снять узду с услужливой памяти, и перед глазами его вставала живая, улыбающаяся Наталья.",False,,False,,True,1269,вспоминать [память / воспоминание],память / воспоминание,WORD_ALEXANDROVA,WORD,ALEXANDROVA,CORE,dictionary,,вспоминать,вспоминать,PROBABLE,prev_sentence:Григорий+pronoun,NARRATOR_ABOUT_HERO,narrative_context;hero_near+pronoun,MEDIUM,NARRATOR,,,4,Книга четвертая,7,Часть седьмая
WORD,S1_014,35023,0,0,вспомнить,Вспомнил,"Вспомнил детство и смастерил Мишатке ветряную мельницу из камышинок, ссучил из конского волоса силки для ловли воробьев, дочери искусно сделал крохотную коляску с вращающимися колесами и причудливо изукрашенным дышлом, пробовал даже свернуть из лоскутков куклу, но тут у него ничего не вышло; кукла была сделана при помощи Дуняшки.",До вечера он был дома.,"Дети, к которым Григорий никогда прежде не проявлял такого внимания, вначале отнеслись к его затеям с недоверием, но потом уже ни на минуту не отходили от него, и под вечер, когда Григорий собрался ехать в поле, Мишатка, сдерживая слезы, заявил:
— Ты сроду такой!","До вечера он был дома. Вспомнил детство и смастерил Мишатке ветряную мельницу из камышинок, ссучил из конского волоса силки для ловли воробьев, дочери искусно сделал крохотную коляску с вращающимися колесами и причудливо изукрашенным дышлом, пробовал даже свернуть из лоскутков куклу, но тут у него ничего не вышло; кукла была сделана при помощи Дуняшки. Дети, к которым Григорий никогда прежде не проявлял такого внимания, вначале отнеслись к его затеям с недоверием, но потом уже ни на минуту не отходили от него, и под вечер, когда Григорий собрался ехать в поле, Мишатка, сдерживая слезы, заявил:
— Ты сроду такой!",False,,False,,True,1276,вспомнить [память / воспоминание],память / воспоминание,WORD_CORE,WORD,S1,CORE,curated,,вспомнить,вспомнить,PROBABLE,next_sentence:Григорий,NARRATOR_ABOUT_HERO,narrative_context;hero_link=PROBABLE,MEDIUM,NARRATOR,,,4,Книга четвертая,7,Часть седьмая
PHRASE,PHR_099,35052,6,7,сообразить что,сообразила что,"Женским чутьем она распознала его настроение, сообразила, что всякое неосторожное и несвоевременное проявление ее чувств к нему может вооружить его против нее, кинуть какое-то пятно на их взаимоотношения.","Она, с присущим ей умом и тактом, избегала встреч, понимая, что лучше ей не попадаться Григорию на глаза.","Она ждала, когда Григорий сам заговорит с ней.","Она, с присущим ей умом и тактом, избегала встреч, понимая, что лучше ей не попадаться Григорию на глаза. Женским чутьем она распознала его настроение, сообразила, что всякое неосторожное и несвоевременное проявление ее чувств к нему может вооружить его против нее, кинуть какое-то пятно на их взаимоотношения. Она ждала, когда Григорий сам заговорит с ней.",False,,False,,True,1278,сообразить что [рассуждение / вывод],рассуждение / вывод,PROMPT_TO_THINK,PHRASE,PHRASE,EXTENDED,manual_existing,,сообразить что,сообразить что,PROBABLE,prev_sentence:Григорию+pronoun,NARRATOR_ABOUT_HERO,narrative_context;hero_near+pronoun,MEDIUM,NARRATOR,,,4,Книга четвертая,7,Часть седьмая
WORD,S1_022,35052,6,6,сообразить,сообразила,"Женским чутьем она распознала его настроение, сообразила, что всякое неосторожное и несвоевременное проявление ее чувств к нему может вооружить его против нее, кинуть какое-то пятно на их взаимоотношения.","Она, с присущим ей умом и тактом, избегала встреч, понимая, что лучше ей не попадаться Григорию на глаза.","Она ждала, когда Григорий сам заговорит с ней.","Она, с присущим ей умом и тактом, избегала встреч, понимая, что лучше ей не попадаться Григорию на глаза. Женским чутьем она распознала его настроение, сообразила, что всякое неосторожное и несвоевременное проявление ее чувств к нему может вооружить его против нее, кинуть какое-то пятно на их взаимоотношения. Она ждала, когда Григорий сам заговорит с ней.",True,PHR_099,False,,False,1279,сообразить [рассуждение / вывод],рассуждение / вывод,WORD_CORE,WORD,S1,CORE,curated,,сообразить,сообразить,PROBABLE,prev_sentence:Григорию+pronoun,NARRATOR_ABOUT_HERO,narrative_context;hero_near+pronoun,MEDIUM,NARRATOR,,,4,Книга четвертая,7,Часть седьмая
WORD,S1_014,35146,3,3,вспомнить,вспомню,"Нет, замстило, не вспомню!","Чей же он, дай бог памяти?","Да ты зря ругаешься, Григорий Пантелевич.","Чей же он, дай бог памяти? Нет, замстило, не вспомню! Да ты зря ругаешься, Григорий Пантелевич.",False,,False,,True,1285,вспомнить [память / воспоминание],память / воспоминание,WORD_CORE,WORD,S1,CORE,curated,,вспомнить,вспомнить,PROBABLE,next_sentence:Григорий,NARRATOR_ABOUT_HERO,narrative_context;hero_link=PROBABLE,MEDIUM,NARRATOR,,,4,Книга четвертая,7,Часть седьмая
WORD,S1_014,35195,11,11,вспомнить,вспомнит,"И небось у каждого из вас мать есть, и небось как вспомнит про сына, что он на войне гибнет, так слезьми и обольется…",До чего же вы хорошо да жалостно поете!,"— Блеснув на поздоровавшегося Григория желтыми белками, она вдруг злобно сказала: — И таких цветков ты, ваше благородие, на смерть водишь?","До чего же вы хорошо да жалостно поете! И небось у каждого из вас мать есть, и небось как вспомнит про сына, что он на войне гибнет, так слезьми и обольется… — Блеснув на поздоровавшегося Григория желтыми белками, она вдруг злобно сказала: — И таких цветков ты, ваше благородие, на смерть водишь?",False,,False,,True,1286,вспомнить [память / воспоминание],память / воспоминание,WORD_CORE,WORD,S1,CORE,curated,,вспомнить,вспомнить,PROBABLE,next_sentence:Григория+pronoun,NARRATOR_ABOUT_HERO,narrative_context;hero_near+pronoun,MEDIUM,NARRATOR,,,4,Книга четвертая,7,Часть седьмая
WORD,S1_004,35717,3,3,решить,решила,"Тогда же Ильинична решила поговорить с Аксиньей и твердо заявить ей, чтобы она оставила Мишатку в покое и не снискивала его расположения ни подарками, ни рассказыванием сказок.","— Опять… — растерянно проговорил Мишатка и тотчас добавил: — Я больше не буду, бабунюшка, ты только не ругайся…","«Свела со света Наталью, а зараз норовит, проклятая, к детям подобраться, чтобы через них потом Гришку опутать.","— Опять… — растерянно проговорил Мишатка и тотчас добавил: — Я больше не буду, бабунюшка, ты только не ругайся… Тогда же Ильинична решила поговорить с Аксиньей и твердо заявить ей, чтобы она оставила Мишатку в покое и не снискивала его расположения ни подарками, ни рассказыванием сказок. «Свела со света Наталью, а зараз норовит, проклятая, к детям подобраться, чтобы через них потом Гришку опутать.",False,,False,,True,1292,решить [решение],решение,WORD_CORE,WORD,S1,CORE,curated,,решить,решить,PROBABLE,next_sentence:Гришку+pronoun,NARRATOR_ABOUT_HERO,narrative_context;hero_near+pronoun,MEDIUM,NARRATOR,,,4,Книга четвертая,7,Часть седьмая
WORD,S1_014,36197,2,2,вспомнить,вспомнил,"Пантелей Прокофьевич вспомнил Дуняшкины слова и, с неожиданной яркостью восстановив в памяти улыбающееся, безусое, скопцеватое лицо Аникушки, никак не мог представить себе теперешнего Аникушку — бездыханного, с размозженной головой.","И Аникушка… какой веселый был, любил выпить, посмеяться, а зараз уж все, покойничек…»","«Зря я гневил Бога — хвалился Григорием, — укорил себя Пантелей Прокофьевич, припомнив разговор с Бесхлебновым.","И Аникушка… какой веселый был, любил выпить, посмеяться, а зараз уж все, покойничек…» Пантелей Прокофьевич вспомнил Дуняшкины слова и, с неожиданной яркостью восстановив в памяти улыбающееся, безусое, скопцеватое лицо Аникушки, никак не мог представить себе теперешнего Аникушку — бездыханного, с размозженной головой. «Зря я гневил Бога — хвалился Григорием, — укорил себя Пантелей Прокофьевич, припомнив разговор с Бесхлебновым.",False,,False,,True,1323,вспомнить [память / воспоминание],память / воспоминание,WORD_CORE,WORD,S1,CORE,curated,,вспомнить,вспомнить,PROBABLE,next_sentence:Григорием,NARRATOR_ABOUT_HERO,narrative_context;hero_link=PROBABLE,MEDIUM,NARRATOR,,,4,Книга четвертая,7,Часть седьмая
PHRASE,PHR_047,36197,9,11,восстановить в память,восстановив в памяти,"Пантелей Прокофьевич вспомнил Дуняшкины слова и, с неожиданной яркостью восстановив в памяти улыбающееся, безусое, скопцеватое лицо Аникушки, никак не мог представить себе теперешнего Аникушку — бездыханного, с размозженной головой.","И Аникушка… какой веселый был, любил выпить, посмеяться, а зараз уж все, покойничек…»","«Зря я гневил Бога — хвалился Григорием, — укорил себя Пантелей Прокофьевич, припомнив разговор с Бесхлебновым.","И Аникушка… какой веселый был, любил выпить, посмеяться, а зараз уж все, покойничек…» Пантелей Прокофьевич вспомнил Дуняшкины слова и, с неожиданной яркостью восстановив в памяти улыбающееся, безусое, скопцеватое лицо Аникушки, никак не мог представить себе теперешнего Аникушку — бездыханного, с размозженной головой. «Зря я гневил Бога — хвалился Григорием, — укорил себя Пантелей Прокофьевич, припомнив разговор с Бесхлебновым.",False,,False,,True,1322,восстановил в памяти [память / воспоминание],память / воспоминание,MEMORY_SURFACE,PHRASE,PHRASE,CORE,manual_existing,,восстановил в памяти,восстановить в память,PROBABLE,next_sentence:Григорием,NARRATOR_ABOUT_HERO,narrative_context;hero_link=PROBABLE,MEDIUM,NARRATOR,,,4,Книга четвертая,7,Часть седьмая
WORD,S1_001,36362,2,2,думать,думала,"— А я думала, что она когда-нибудь соскучится по нас и прийдет… — чуть слышно прошептала Полюшка.",Конечно мертвая.,"— Ты об ней не думай, моя ро́дная, не надо, — глухо сказал Григорий.","Конечно мертвая. — А я думала, что она когда-нибудь соскучится по нас и прийдет… — чуть слышно прошептала Полюшка. — Ты об ней не думай, моя ро́дная, не надо, — глухо сказал Григорий.",False,,False,,True,1334,думать [процесс размышления],процесс размышления,WORD_CORE,WORD,S1,CORE,curated,,думать,думать,PROBABLE,next_sentence:Григорий,OTHERS_NEAR_HERO,direct_speech;speech_verb_other:Полюшка;hero_near,LOW,Полюшка,,STATEMENT,4,Книга четвертая,7,Часть седьмая
WORD,S1_001,36364,5,5,думать,думать,— Как же об ней не думать?,"— Ты об ней не думай, моя ро́дная, не надо, — глухо сказал Григорий.",А они и проведывать не приходют?,"— Ты об ней не думай, моя ро́дная, не надо, — глухо сказал Григорий. — Как же об ней не думать? А они и проведывать не приходют?",False,,False,,True,1336,думать [процесс размышления],процесс размышления,WORD_CORE,WORD,S1,CORE,curated,,думать,думать,PROBABLE,prev_sentence:Григорий,OTHERS_NEAR_HERO,direct_speech;unknown_speaker;hero_near,LOW,UNKNOWN,,STATEMENT,4,Книга четвертая,7,Часть седьмая
WORD,S1_001,36466,3,3,думать,думал,"Вначале Пантелей Прокофьевич думал даже повозку везти на санях, чтобы весною не тратиться на покупку и ехать на своей, но потом, пораздумав, отказался от этой пагубной мысли.","Видал я их, чертей безрогих, знаю отлично!",Начал собираться и Григорий.,"Видал я их, чертей безрогих, знаю отлично! Вначале Пантелей Прокофьевич думал даже повозку везти на санях, чтобы весною не тратиться на покупку и ехать на своей, но потом, пораздумав, отказался от этой пагубной мысли. Начал собираться и Григорий.",False,,False,,True,1339,думать [процесс размышления],процесс размышления,WORD_CORE,WORD,S1,CORE,curated,,думать,думать,PROBABLE,next_sentence:Григорий,NARRATOR_ABOUT_HERO,narrative_context;hero_link=PROBABLE,MEDIUM,NARRATOR,,,4,Книга четвертая,7,Часть седьмая
WORD,S1_011,36466,26,26,мысль,мысли,"Вначале Пантелей Прокофьевич думал даже повозку везти на санях, чтобы весною не тратиться на покупку и ехать на своей, но потом, пораздумав, отказался от этой пагубной мысли.","Видал я их, чертей безрогих, знаю отлично!",Начал собираться и Григорий.,"Видал я их, чертей безрогих, знаю отлично! Вначале Пантелей Прокофьевич думал даже повозку везти на санях, чтобы весною не тратиться на покупку и ехать на своей, но потом, пораздумав, отказался от этой пагубной мысли. Начал собираться и Григорий.",False,,False,,True,1340,мысль [мысленный акт/реплика],мысленный акт/реплика,WORD_CORE,WORD,S1,CORE,curated,,мысль,мысль,PROBABLE,next_sentence:Григорий,NARRATOR_ABOUT_HERO,narrative_context;hero_link=PROBABLE,MEDIUM,NARRATOR,,,4,Книга четвертая,7,Часть седьмая
WORD,S1_001,36523,9,9,думать,думал,"Тот встретил его, невесело улыбаясь, сказал:
— А я уж думал, что ты прямо из Вешек зацвел в отступление.","Обрадованный Григорий наскоро повечерял, пошел к Прохору.","— Откуда тебя черти принесли? — спросил Григорий, смеясь и хлопая верного ординарца по плечу.","Обрадованный Григорий наскоро повечерял, пошел к Прохору. Тот встретил его, невесело улыбаясь, сказал:
— А я уж думал, что ты прямо из Вешек зацвел в отступление. — Откуда тебя черти принесли? — спросил Григорий, смеясь и хлопая верного ординарца по плечу.",False,,False,,True,1347,думать [процесс размышления],процесс размышления,WORD_CORE,WORD,S1,CORE,curated,,думать,думать,PROBABLE,prev_sentence:Григорий+pronoun,NARRATOR_ABOUT_HERO,narrative_context;hero_near+pronoun,MEDIUM,NARRATOR,,,4,Книга четвертая,7,Часть седьмая
WORD,S1_001,36653,2,2,думать,думаю,"«Господи Исусе, думаю, вот это я нарвался!","Не поверишь, Григорий Пантелевич, как она мне это сказала — так по мне холодный пот и посыпался!",Ишо чего недоставало!..»,"Не поверишь, Григорий Пантелевич, как она мне это сказала — так по мне холодный пот и посыпался! «Господи Исусе, думаю, вот это я нарвался! Ишо чего недоставало!..»",False,,False,,True,1360,думать [процесс размышления],процесс размышления,WORD_CORE,WORD,S1,CORE,curated,,думать,думать,PROBABLE,prev_sentence:Григорий,NARRATOR_ABOUT_HERO,narrative_context;hero_link=PROBABLE,MEDIUM,NARRATOR,,,4,Книга четвертая,7,Часть седьмая
WORD,S1_004,36682,6,6,решить,решил,"«Лошадей спрягем и поедем на паре, — решил он.","Григорий, сворачивая папироску, обдумывал план поездки.","— Надо на вечер выезжать, чтобы не видали наши, что Аксютку беру с собой.","Григорий, сворачивая папироску, обдумывал план поездки. «Лошадей спрягем и поедем на паре, — решил он. — Надо на вечер выезжать, чтобы не видали наши, что Аксютку беру с собой.",False,,False,,True,1362,решить [решение],решение,WORD_CORE,WORD,S1,CORE,curated,,решить,решить,PROBABLE,prev_sentence:Григорий+pronoun,NARRATOR_ABOUT_HERO,narrative_context;hero_near+pronoun,MEDIUM,NARRATOR,,,4,Книга четвертая,7,Часть седьмая
WORD,S1_001,36884,4,4,думать,думай,"— Ты об них не думай, заладила черт-те об чем!",Прямо посверх чекменя полозеют.,"Ну вши — и вши, их на службе не считают, — с досадой прошептал Григорий.","Прямо посверх чекменя полозеют. — Ты об них не думай, заладила черт-те об чем! Ну вши — и вши, их на службе не считают, — с досадой прошептал Григорий.",False,,False,,True,1372,думать [процесс размышления],процесс размышления,WORD_CORE,WORD,S1,CORE,curated,,думать,думать,PROBABLE,next_sentence:Григорий,OTHERS_TO_HERO,direct_speech;unknown_speaker;speechact=PROMPT;hero_link=PROBABLE,LOW,UNKNOWN,HERO_PROBABLE,PROMPT,4,Книга четвертая,7,Часть седьмая
WORD,S1_014,37179,5,5,вспомнить,вспомнить,"Времени, чтобы обдумать настоящее и вспомнить прошедшее, было у него в избытке.","Томительно длинными казались Григорию уходившие на передвижение дни, еще более долгими были нескончаемые зимние ночи.",Подолгу перебирал он в памяти пролетевшие годы своей диковинно и нехорошо сложившейся жизни.,"Томительно длинными казались Григорию уходившие на передвижение дни, еще более долгими были нескончаемые зимние ночи. Времени, чтобы обдумать настоящее и вспомнить прошедшее, было у него в избытке. Подолгу перебирал он в памяти пролетевшие годы своей диковинно и нехорошо сложившейся жизни.",False,,False,,True,1380,вспомнить [память / воспоминание],память / воспоминание,WORD_CORE,WORD,S1,CORE,curated,,вспомнить,вспомнить,PROBABLE,prev_sentence:Григорию,NARRATOR_ABOUT_HERO,narrative_context;hero_link=PROBABLE,MEDIUM,NARRATOR,,,4,Книга четвертая,7,Часть седьмая
WORD,S1_001,37181,28,28,думать,думал,"Сидя на санях, устремив затуманенный взор в снежные просторы исполненной мертвого безмолвия степи, или лежа ночью с закрытыми глазами и стиснутыми зубами где-нибудь в душной, переполненной людьми комнатушке, думал все об одном: об Аксинье, больной, обеспамятевшей, брошенной в безвестном поселке, о близких, оставленных в Татарском…",Подолгу перебирал он в памяти пролетевшие годы своей диковинно и нехорошо сложившейся жизни.,"Там, на Дону, была Советская власть, и Григорий постоянно с тоскливой тревогой спрашивал себя: «Неужто будут за меня терзать маманю или Дуняшку?»","Подолгу перебирал он в памяти пролетевшие годы своей диковинно и нехорошо сложившейся жизни. Сидя на санях, устремив затуманенный взор в снежные просторы исполненной мертвого безмолвия степи, или лежа ночью с закрытыми глазами и стиснутыми зубами где-нибудь в душной, переполненной людьми комнатушке, думал все об одном: об Аксинье, больной, обеспамятевшей, брошенной в безвестном поселке, о близких, оставленных в Татарском… Там, на Дону, была Советская власть, и Григорий постоянно с тоскливой тревогой спрашивал себя: «Неужто будут за меня терзать маманю или Дуняшку?»",False,,False,,True,1381,думать [процесс размышления],процесс размышления,WORD_CORE,WORD,S1,CORE,curated,,думать,думать,PROBABLE,next_sentence:Григорий,NARRATOR_ABOUT_HERO,narrative_context;hero_link=PROBABLE,MEDIUM,NARRATOR,,,4,Книга четвертая,7,Часть седьмая
WORD,ALEX_007,37183,6,6,припоминать,припоминал,"И тотчас же начинал успокаивать себя, припоминал не раз слышанные в дороге рассказы о том, что красноармейцы идут мирно и обращаются с населением занятых станиц хорошо.","Там, на Дону, была Советская власть, и Григорий постоянно с тоскливой тревогой спрашивал себя: «Неужто будут за меня терзать маманю или Дуняшку?»","Тревога постепенно угасала, мысль, что старуха-мать будет отвечать за него, уже казалась ему невероятной, дикой, ни на чем не основанной.","Там, на Дону, была Советская власть, и Григорий постоянно с тоскливой тревогой спрашивал себя: «Неужто будут за меня терзать маманю или Дуняшку?» И тотчас же начинал успокаивать себя, припоминал не раз слышанные в дороге рассказы о том, что красноармейцы идут мирно и обращаются с населением занятых станиц хорошо. Тревога постепенно угасала, мысль, что старуха-мать будет отвечать за него, уже казалась ему невероятной, дикой, ни на чем не основанной.",False,,False,,True,1383,припоминать [память / воспоминание],память / воспоминание,WORD_ALEXANDROVA,WORD,ALEXANDROVA,CORE,dictionary,,припоминать,припоминать,PROBABLE,prev_sentence:Григорий,NARRATOR_ABOUT_HERO,narrative_context;hero_link=PROBABLE,MEDIUM,NARRATOR,,,4,Книга четвертая,7,Часть седьмая
WORD,S1_011,37184,3,3,мысль,мысль,"Тревога постепенно угасала, мысль, что старуха-мать будет отвечать за него, уже казалась ему невероятной, дикой, ни на чем не основанной.","И тотчас же начинал успокаивать себя, припоминал не раз слышанные в дороге рассказы о том, что красноармейцы идут мирно и обращаются с населением занятых станиц хорошо.","При воспоминаниях о детишках на секунду сердце Григория сжималось грустью; он боялся, что не уберегут их от тифа, и в то же время чувствовал, что, при всей его любви к детям, после смерти Натальи уже никакое горе не сможет потрясти его с такой силой…","И тотчас же начинал успокаивать себя, припоминал не раз слышанные в дороге рассказы о том, что красноармейцы идут мирно и обращаются с населением занятых станиц хорошо. Тревога постепенно угасала, мысль, что старуха-мать будет отвечать за него, уже казалась ему невероятной, дикой, ни на чем не основанной. При воспоминаниях о детишках на секунду сердце Григория сжималось грустью; он боялся, что не уберегут их от тифа, и в то же время чувствовал, что, при всей его любви к детям, после смерти Натальи уже никакое горе не сможет потрясти его с такой силой…",False,,False,,True,1384,мысль [мысленный акт/реплика],мысленный акт/реплика,WORD_CORE,WORD,S1,CORE,curated,,мысль,мысль,PROBABLE,next_sentence:Григория+pronoun,NARRATOR_ABOUT_HERO,narrative_context;hero_near+pronoun,MEDIUM,NARRATOR,,,4,Книга четвертая,7,Часть седьмая
WORD,S1_004,37186,11,11,решить,решив,"В одном из сальских зимовников они с Прохором прожили четыре дня, решив дать лошадям отдых.","При воспоминаниях о детишках на секунду сердце Григория сжималось грустью; он боялся, что не уберегут их от тифа, и в то же время чувствовал, что, при всей его любви к детям, после смерти Натальи уже никакое горе не сможет потрясти его с такой силой…","За это время у них не раз возникали разговоры о том, что делать дальше.","При воспоминаниях о детишках на секунду сердце Григория сжималось грустью; он боялся, что не уберегут их от тифа, и в то же время чувствовал, что, при всей его любви к детям, после смерти Натальи уже никакое горе не сможет потрясти его с такой силой… В одном из сальских зимовников они с Прохором прожили четыре дня, решив дать лошадям отдых. За это время у них не раз возникали разговоры о том, что делать дальше.",False,,False,,True,1385,решить [решение],решение,WORD_CORE,WORD,S1,CORE,curated,,решить,решить,PROBABLE,prev_sentence:Григория,NARRATOR_ABOUT_HERO,narrative_context;hero_link=PROBABLE,MEDIUM,NARRATOR,,,4,Книга четвертая,7,Часть седьмая
WORD,S1_017,37353,11,11,понять,понял,"Напрягши всю волю, он вслушался в голос Прохора, с величайшим усилием понял — Прохор спрашивал у него:
— Молоко будешь пить?",До помраченного сознания Григория доходило все это словно из другого мира.,"Григорий, еле шевеля языком, облизал спекшиеся губы, почувствовал, как в рот ему льется густая, со знакомым пресным привкусом, холодная жидкость.","До помраченного сознания Григория доходило все это словно из другого мира. Напрягши всю волю, он вслушался в голос Прохора, с величайшим усилием понял — Прохор спрашивал у него:
— Молоко будешь пить? Григорий, еле шевеля языком, облизал спекшиеся губы, почувствовал, как в рот ему льется густая, со знакомым пресным привкусом, холодная жидкость.",False,,False,,True,1388,понять [понимание / ясность],понимание / ясность,WORD_CORE,WORD,S1,CORE,curated,,понять,понять,PROBABLE,prev_sentence:Григория+pronoun,NARRATOR_ABOUT_HERO,narrative_context;hero_near+pronoun,MEDIUM,NARRATOR,,,4,Книга четвертая,7,Часть седьмая
WORD,ALEX_012,37359,4,4,догадаться,догадался,"По лицу Прохора он догадался, что тот услышал его, и успокоенно закрыл глаза, как облегчение принимая беспамятство, погружаясь в густую темноту забытья, уходя от всего этого крикливого, шумного мира…","На лице Григория отразились страдание и тревога; еще раз он собрал в комок волю, прошептал:
— Вези… пока помру…","XXVIII
За всю дорогу до самой станицы Абинской Григорию запомнилось только одно: беспросветной темной ночью очнулся он от резкого, пронизывающего насквозь холода.","На лице Григория отразились страдание и тревога; еще раз он собрал в комок волю, прошептал:
— Вези… пока помру… По лицу Прохора он догадался, что тот услышал его, и успокоенно закрыл глаза, как облегчение принимая беспамятство, погружаясь в густую темноту забытья, уходя от всего этого крикливого, шумного мира… XXVIII
За всю дорогу до самой станицы Абинской Григорию запомнилось только одно: беспросветной темной ночью очнулся он от резкого, пронизывающего насквозь холода.",False,,False,,True,1390,догадаться [понимание / ясность],понимание / ясность,WORD_ALEXANDROVA,WORD,ALEXANDROVA,CORE,dictionary,,догадаться,догадаться,PROBABLE,prev_sentence:Григория+pronoun,NARRATOR_ABOUT_HERO,narrative_context;hero_near+pronoun,MEDIUM,NARRATOR,,,4,Книга четвертая,7,Часть седьмая
WORD,S1_002,37392,4,4,подумать,подумал,"В первый момент он подумал, что находится в лазарете, но из соседней комнаты донесся взрыв безудержного мужского хохота, звон посуды, зазвучали нетрезвые голоса.","За ним следили все с тем же напряженным и мрачным молчанием.
…И еще, как сквозь сон, помнил Григорий: очнулся он в теплой комнате, — не раскрывая глаз, всем телом ощутил приятную свежесть чистого постельного белья, в ноздри ему ударил терпкий запах каких-то лекарств.","Кто-то знакомый басил:
— …тоже умник нашелся!","За ним следили все с тем же напряженным и мрачным молчанием.
…И еще, как сквозь сон, помнил Григорий: очнулся он в теплой комнате, — не раскрывая глаз, всем телом ощутил приятную свежесть чистого постельного белья, в ноздри ему ударил терпкий запах каких-то лекарств. В первый момент он подумал, что находится в лазарете, но из соседней комнаты донесся взрыв безудержного мужского хохота, звон посуды, зазвучали нетрезвые голоса. Кто-то знакомый басил:
— …тоже умник нашелся!",False,,False,,True,1393,подумать [инициация мысли],инициация мысли,WORD_CORE,WORD,S1,CORE,curated,,подумать,подумать,PROBABLE,prev_sentence:Григорий+pronoun,NARRATOR_ABOUT_HERO,narrative_context;hero_near+pronoun,MEDIUM,NARRATOR,,,4,Книга четвертая,7,Часть седьмая
WORD,S1_004,37638,0,0,решить,Решили,— Решили не ехать.,"Что вы тут надумали? — хмурясь, пристально глядя на Григория, спросил Ермаков.",— Почему?,"Что вы тут надумали? — хмурясь, пристально глядя на Григория, спросил Ермаков. — Решили не ехать. — Почему?",False,,False,,True,1404,решить [решение],решение,WORD_CORE,WORD,S1,CORE,curated,,решить,решить,PROBABLE,prev_sentence:Григория,OTHERS_NEAR_HERO,direct_speech;unknown_speaker;hero_near,LOW,UNKNOWN,,STATEMENT,4,Книга четвертая,7,Часть седьмая
WORD,S1_001,37809,6,6,думать,думаем,"Тут собралось нас с полсотни казаков, думаем правиться на Геленджик, а оттудова в Грузию.","— И, не дождавшись, когда Григорий подойдет, еще издали закричал: — Пока не поздно, давай уходить.",Ты как?,"— И, не дождавшись, когда Григорий подойдет, еще издали закричал: — Пока не поздно, давай уходить. Тут собралось нас с полсотни казаков, думаем правиться на Геленджик, а оттудова в Грузию. Ты как?",False,,False,,True,1409,думать [процесс размышления],процесс размышления,WORD_CORE,WORD,S1,CORE,curated,,думать,думать,PROBABLE,prev_sentence:Григорий,NARRATOR_ABOUT_HERO,narrative_context;hero_link=PROBABLE,MEDIUM,NARRATOR,,,4,Книга четвертая,7,Часть седьмая
PHRASE,PHR_080,37864,5,6,решить идти,решила идти,"К концу недели Аксинья твердо решила идти домой, а тут вскоре нашелся ей и попутчик.","Несколько дней Аксинья провела в ожидании, что вот-вот появится Григорий, но потом узнала от заходивших к хозяину соседей, что война не кончилась, что многие казаки из Новороссийска уехали морем в Крым, а те, которые остались, пошли в Красную Армию и на рудники.","Как-то вечером в хату, не постучавшись, вошел маленький сутулый старичок.","Несколько дней Аксинья провела в ожидании, что вот-вот появится Григорий, но потом узнала от заходивших к хозяину соседей, что война не кончилась, что многие казаки из Новороссийска уехали морем в Крым, а те, которые остались, пошли в Красную Армию и на рудники. К концу недели Аксинья твердо решила идти домой, а тут вскоре нашелся ей и попутчик. Как-то вечером в хату, не постучавшись, вошел маленький сутулый старичок.",False,,False,,True,1410,решил идти [решение / намерение],решение / намерение,DECIDE,PHRASE,PHRASE,CORE,manual_existing,,решил идти,решить идти,PROBABLE,prev_sentence:Григорий,NARRATOR_ABOUT_HERO,narrative_context;hero_link=PROBABLE,MEDIUM,NARRATOR,,,4,Книга четвертая,8,Часть восьмая
WORD,S1_004,37864,5,5,решить,решила,"К концу недели Аксинья твердо решила идти домой, а тут вскоре нашелся ей и попутчик.","Несколько дней Аксинья провела в ожидании, что вот-вот появится Григорий, но потом узнала от заходивших к хозяину соседей, что война не кончилась, что многие казаки из Новороссийска уехали морем в Крым, а те, которые остались, пошли в Красную Армию и на рудники.","Как-то вечером в хату, не постучавшись, вошел маленький сутулый старичок.","Несколько дней Аксинья провела в ожидании, что вот-вот появится Григорий, но потом узнала от заходивших к хозяину соседей, что война не кончилась, что многие казаки из Новороссийска уехали морем в Крым, а те, которые остались, пошли в Красную Армию и на рудники. К концу недели Аксинья твердо решила идти домой, а тут вскоре нашелся ей и попутчик. Как-то вечером в хату, не постучавшись, вошел маленький сутулый старичок.",True,PHR_080,False,,False,1411,решить [решение],решение,WORD_CORE,WORD,S1,CORE,curated,,решить,решить,PROBABLE,prev_sentence:Григорий,NARRATOR_ABOUT_HERO,narrative_context;hero_link=PROBABLE,MEDIUM,NARRATOR,,,4,Книга четвертая,8,Часть восьмая
WORD,S1_002,38009,3,3,подумать,подумала,"— Я так и подумала, что она к тебе пошла.",— Была.,Про Гришу спрашивала?,"— Была. — Я так и подумала, что она к тебе пошла. Про Гришу спрашивала?",False,,False,,True,1422,подумать [инициация мысли],инициация мысли,WORD_CORE,WORD,S1,CORE,curated,,подумать,подумать,PROBABLE,next_sentence:Гришу,OTHERS_NEAR_HERO,direct_speech;unknown_speaker;hero_near,LOW,UNKNOWN,,STATEMENT,4,Книга четвертая,8,Часть восьмая
PHRASE,PHR_080,38083,10,11,решить идти,решила идти,"Пока пили быки, Аксинья прилегла на плотине и тут же решила идти в хутор.","От пруда он поехал — как рассудительный хозяин — шагом, но спустя немного оглянулся на Аксинью и поскакал так, что на спине его пузырем вздулась выцветшая голубенькая рубашонка.","Мельников был служивый казак, и он должен был знать что-либо об участи Григория.","От пруда он поехал — как рассудительный хозяин — шагом, но спустя немного оглянулся на Аксинью и поскакал так, что на спине его пузырем вздулась выцветшая голубенькая рубашонка. Пока пили быки, Аксинья прилегла на плотине и тут же решила идти в хутор. Мельников был служивый казак, и он должен был знать что-либо об участи Григория.",False,,False,,True,1425,решил идти [решение / намерение],решение / намерение,DECIDE,PHRASE,PHRASE,CORE,manual_existing,,решил идти,решить идти,PROBABLE,next_sentence:Григория,NARRATOR_ABOUT_HERO,narrative_context;hero_link=PROBABLE,MEDIUM,NARRATOR,,,4,Книга четвертая,8,Часть восьмая
WORD,S1_004,38083,10,10,решить,решила,"Пока пили быки, Аксинья прилегла на плотине и тут же решила идти в хутор.","От пруда он поехал — как рассудительный хозяин — шагом, но спустя немного оглянулся на Аксинью и поскакал так, что на спине его пузырем вздулась выцветшая голубенькая рубашонка.","Мельников был служивый казак, и он должен был знать что-либо об участи Григория.","От пруда он поехал — как рассудительный хозяин — шагом, но спустя немного оглянулся на Аксинью и поскакал так, что на спине его пузырем вздулась выцветшая голубенькая рубашонка. Пока пили быки, Аксинья прилегла на плотине и тут же решила идти в хутор. Мельников был служивый казак, и он должен был знать что-либо об участи Григория.",True,PHR_080,False,,False,1426,решить [решение],решение,WORD_CORE,WORD,S1,CORE,curated,,решить,решить,PROBABLE,next_sentence:Григория,NARRATOR_ABOUT_HERO,narrative_context;hero_link=PROBABLE,MEDIUM,NARRATOR,,,4,Книга четвертая,8,Часть восьмая
WORD,S1_001,38148,11,11,думать,думаешь,"Сдается мне, их легше будет рубить, чем своих — русских, — как ты думаешь?» — и подмигивает мне, оскаляется.","Шли туда, Григорий Пантелевич и говорит: «Немцев рубил, на всяких там австрияках палаш пробовал, неужли у поляков черенки крепше?","Переменился он, как в Красную Армию заступил, веселый из себя стал, гладкий, как мерин.","Шли туда, Григорий Пантелевич и говорит: «Немцев рубил, на всяких там австрияках палаш пробовал, неужли у поляков черенки крепше? Сдается мне, их легше будет рубить, чем своих — русских, — как ты думаешь?» — и подмигивает мне, оскаляется. Переменился он, как в Красную Армию заступил, веселый из себя стал, гладкий, как мерин.",False,,False,,True,1430,думать [процесс размышления],процесс размышления,WORD_CORE,WORD,S1,CORE,curated,,думать,думать,PROBABLE,prev_sentence:Григорий,NARRATOR_ABOUT_HERO,narrative_context;hero_link=PROBABLE,MEDIUM,NARRATOR,,,4,Книга четвертая,8,Часть восьмая
WORD,S1_002,38232,3,3,подумать,подумала,"Об этом ты подумала, глупая?","Но незадолго до начала лугового покоса она сказала Дуняшке:
— Вот ты серчаешь, как я вспоминаю об Грише, а как же мы будем без него жить?","Заходит покос, а у нас и грабельника обтесать некому…","Но незадолго до начала лугового покоса она сказала Дуняшке:
— Вот ты серчаешь, как я вспоминаю об Грише, а как же мы будем без него жить? Об этом ты подумала, глупая? Заходит покос, а у нас и грабельника обтесать некому…",False,,False,,True,1436,подумать [инициация мысли],инициация мысли,WORD_CORE,WORD,S1,CORE,curated,,подумать,подумать,PROBABLE,prev_sentence:Грише,NARRATOR_ABOUT_HERO,narrative_context;hero_link=PROBABLE,MEDIUM,NARRATOR,,,4,Книга четвертая,8,Часть восьмая
WORD,ALEX_008,38613,21,21,вспоминать,вспоминать,"Удивительно, как коротка и бедна оказалась эта жизнь и как много в ней было тяжелого и горестного, о чем не хотелось вспоминать.","И она, полузакрыв глаза, часами лежала не шевелясь, только припухшие пальцы ее перебирали складки одеяла, и вся жизнь проходила перед ней за эти часы.","Почему-то чаще всего в воспоминаниях, в мыслях обращалась она к Григорию.","И она, полузакрыв глаза, часами лежала не шевелясь, только припухшие пальцы ее перебирали складки одеяла, и вся жизнь проходила перед ней за эти часы. Удивительно, как коротка и бедна оказалась эта жизнь и как много в ней было тяжелого и горестного, о чем не хотелось вспоминать. Почему-то чаще всего в воспоминаниях, в мыслях обращалась она к Григорию.",False,,False,,True,1451,вспоминать [память / воспоминание],память / воспоминание,WORD_ALEXANDROVA,WORD,ALEXANDROVA,CORE,dictionary,,вспоминать,вспоминать,PROBABLE,next_sentence:Григорию,NARRATOR_ABOUT_HERO,narrative_context;hero_link=PROBABLE,MEDIUM,NARRATOR,,,4,Книга четвертая,8,Часть восьмая
WORD,ALEX_008,38615,46,46,вспоминать,вспоминала,"Быть может, потому, что тревога за его судьбу не покидала ее все годы с начала войны и все, что связывало теперь ее с жизнью, заключалось только в нем. Или же тоска по старшему сыну и мужу притупилась, выветрилась со временем, но о них, о мертвых, она вспоминала реже, и виделись они ей как бы сквозь серую туманную дымку.","Почему-то чаще всего в воспоминаниях, в мыслях обращалась она к Григорию.","Она неохотно вспоминала молодость, замужнюю свою жизнь.","Почему-то чаще всего в воспоминаниях, в мыслях обращалась она к Григорию. Быть может, потому, что тревога за его судьбу не покидала ее все годы с начала войны и все, что связывало теперь ее с жизнью, заключалось только в нем. Или же тоска по старшему сыну и мужу притупилась, выветрилась со временем, но о них, о мертвых, она вспоминала реже, и виделись они ей как бы сквозь серую туманную дымку. Она неохотно вспоминала молодость, замужнюю свою жизнь.",False,,False,,True,1453,вспоминать [память / воспоминание],память / воспоминание,WORD_ALEXANDROVA,WORD,ALEXANDROVA,CORE,dictionary,,вспоминать,вспоминать,PROBABLE,prev_sentence:Григорию+pronoun,NARRATOR_ABOUT_HERO,narrative_context;hero_near+pronoun,MEDIUM,NARRATOR,,,4,Книга четвертая,8,Часть восьмая
WORD,S1_017,38654,4,4,понять,поняла,"В эту ночь Ильинична поняла, что скоро умрет, что смерть уже подошла к ее изголовью.","Аксинья вся содрогнулась, охваченная неизъяснимым чувством тоски и страха, и, резко отшатнувшись от плетня, пошла к дому.","На рассвете она достала из сундука рубаху Григория, свернула и положила под подушку; приготовила и свое, смертное, во что ее должны были обрядить после последнего вздоха.","Аксинья вся содрогнулась, охваченная неизъяснимым чувством тоски и страха, и, резко отшатнувшись от плетня, пошла к дому. В эту ночь Ильинична поняла, что скоро умрет, что смерть уже подошла к ее изголовью. На рассвете она достала из сундука рубаху Григория, свернула и положила под подушку; приготовила и свое, смертное, во что ее должны были обрядить после последнего вздоха.",False,,False,,True,1458,понять [понимание / ясность],понимание / ясность,WORD_CORE,WORD,S1,CORE,curated,,понять,понять,PROBABLE,next_sentence:Григория,NARRATOR_ABOUT_HERO,narrative_context;hero_link=PROBABLE,MEDIUM,NARRATOR,,,4,Книга четвертая,8,Часть восьмая
PHRASE,PHR_029,38686,54,55,размышлять о,размышлял о,"IV
После смерти Ильиничны Кошевой, оставшийся в доме единственным и полновластным хозяином, казалось бы, должен был с еще большим усердием взяться за переустройство хозяйства, за дальнейшее его расширение, но на деле вышло не так: с каждым днем Мишка работал все менее охотно, все чаще уходил из дому, а вечерами допоздна сидел на крыльце, курил, размышлял о чем-то своем.","Она заплакала тяжело и горько, вздрагивая от сотрясавших ее рыданий, но она даже не могла вытереть слез: на руках ее спали дети Григория, а ей не хотелось их будить.",Дуняшка не могла не заметить происходившей с мужем перемены.,"Она заплакала тяжело и горько, вздрагивая от сотрясавших ее рыданий, но она даже не могла вытереть слез: на руках ее спали дети Григория, а ей не хотелось их будить. IV
После смерти Ильиничны Кошевой, оставшийся в доме единственным и полновластным хозяином, казалось бы, должен был с еще большим усердием взяться за переустройство хозяйства, за дальнейшее его расширение, но на деле вышло не так: с каждым днем Мишка работал все менее охотно, все чаще уходил из дому, а вечерами допоздна сидел на крыльце, курил, размышлял о чем-то своем. Дуняшка не могла не заметить происходившей с мужем перемены.",False,,False,,True,1461,размышлять о [процесс размышления],процесс размышления,REFLECT_GENERAL,PHRASE,PHRASE,CORE,manual_existing,,размышлять о,размышлять о,PROBABLE,prev_sentence:Григория+pronoun,NARRATOR_ABOUT_HERO,narrative_context;hero_near+pronoun,MEDIUM,NARRATOR,,,4,Книга четвертая,8,Часть восьмая
WORD,S1_006,38686,54,54,размышлять,размышлял,"IV
После смерти Ильиничны Кошевой, оставшийся в доме единственным и полновластным хозяином, казалось бы, должен был с еще большим усердием взяться за переустройство хозяйства, за дальнейшее его расширение, но на деле вышло не так: с каждым днем Мишка работал все менее охотно, все чаще уходил из дому, а вечерами допоздна сидел на крыльце, курил, размышлял о чем-то своем.","Она заплакала тяжело и горько, вздрагивая от сотрясавших ее рыданий, но она даже не могла вытереть слез: на руках ее спали дети Григория, а ей не хотелось их будить.",Дуняшка не могла не заметить происходившей с мужем перемены.,"Она заплакала тяжело и горько, вздрагивая от сотрясавших ее рыданий, но она даже не могла вытереть слез: на руках ее спали дети Григория, а ей не хотелось их будить. IV
После смерти Ильиничны Кошевой, оставшийся в доме единственным и полновластным хозяином, казалось бы, должен был с еще большим усердием взяться за переустройство хозяйства, за дальнейшее его расширение, но на деле вышло не так: с каждым днем Мишка работал все менее охотно, все чаще уходил из дому, а вечерами допоздна сидел на крыльце, курил, размышлял о чем-то своем. Дуняшка не могла не заметить происходившей с мужем перемены.",True,PHR_029,False,,False,1462,размышлять [процесс размышления],процесс размышления,WORD_CORE,WORD,S1,CORE,curated,,размышлять,размышлять,PROBABLE,prev_sentence:Григория+pronoun,NARRATOR_ABOUT_HERO,narrative_context;hero_near+pronoun,MEDIUM,NARRATOR,,,4,Книга четвертая,8,Часть восьмая
PHRASE,PHR_279,39322,1,2,стать вспоминать,стал вспоминать,"Он стал вспоминать тех быков, на которых ему в детстве и потом, когда он уже стал взрослым, пришлось работать.","Опираясь на локти, полузакрыв глаза, Григорий лежал на арбе.","Все они были разные по масти, по телосложению, по характеру, даже рога у каждого имели какую-то свою особую форму.","Опираясь на локти, полузакрыв глаза, Григорий лежал на арбе. Он стал вспоминать тех быков, на которых ему в детстве и потом, когда он уже стал взрослым, пришлось работать. Все они были разные по масти, по телосложению, по характеру, даже рога у каждого имели какую-то свою особую форму.",False,,False,,True,1479,стал вспоминать [память / воспоминание],память / воспоминание,REMEMBER,PHRASE,PHRASE,CORE,manual_expanded,,стал вспоминать,стать вспоминать,PROBABLE,prev_sentence:Григорий+pronoun,NARRATOR_ABOUT_HERO,narrative_context;hero_near+pronoun,MEDIUM,NARRATOR,,,4,Книга четвертая,8,Часть восьмая
WORD,ALEX_008,39322,2,2,вспоминать,вспоминать,"Он стал вспоминать тех быков, на которых ему в детстве и потом, когда он уже стал взрослым, пришлось работать.","Опираясь на локти, полузакрыв глаза, Григорий лежал на арбе.","Все они были разные по масти, по телосложению, по характеру, даже рога у каждого имели какую-то свою особую форму.","Опираясь на локти, полузакрыв глаза, Григорий лежал на арбе. Он стал вспоминать тех быков, на которых ему в детстве и потом, когда он уже стал взрослым, пришлось работать. Все они были разные по масти, по телосложению, по характеру, даже рога у каждого имели какую-то свою особую форму.",True,PHR_279,False,,False,1480,вспоминать [память / воспоминание],память / воспоминание,WORD_ALEXANDROVA,WORD,ALEXANDROVA,CORE,dictionary,,вспоминать,вспоминать,PROBABLE,prev_sentence:Григорий+pronoun,NARRATOR_ABOUT_HERO,narrative_context;hero_near+pronoun,MEDIUM,NARRATOR,,,4,Книга четвертая,8,Часть восьмая
WORD,S1_001,39335,3,3,думать,думать,"Ему приятно было думать о прошлом, о мирной жизни, о работе, обо всем, что не касалось войны, потому что эта затянувшаяся на семь лет война осточертела ему до предела, и при одном воспоминании о ней, о каком-либо эпизоде, связанном со службой, он испытывал щемящую внутреннюю тошноту и глухое раздражение.",Григорий промолчал.,Он кончил воевать.,"Григорий промолчал. Ему приятно было думать о прошлом, о мирной жизни, о работе, обо всем, что не касалось войны, потому что эта затянувшаяся на семь лет война осточертела ему до предела, и при одном воспоминании о ней, о каком-либо эпизоде, связанном со службой, он испытывал щемящую внутреннюю тошноту и глухое раздражение. Он кончил воевать.",False,,False,,True,1481,думать [процесс размышления],процесс размышления,WORD_CORE,WORD,S1,CORE,curated,,думать,думать,PROBABLE,prev_sentence:Григорий+pronoun,NARRATOR_ABOUT_HERO,narrative_context;hero_near+pronoun,MEDIUM,NARRATOR,,,4,Книга четвертая,8,Часть восьмая
WORD,S1_001,39448,12,12,думать,думал,"Долго лежал, подложив под голову сумку, смотрел в мерцающее звездами небо, несвязно думал о детях, об Аксинье, потом задремал и очнулся от вкрадчивого женского голоса:
— Спишь, что ли, служивый?","Потом она легла на арбе, а Григорий бросил в костер, чтобы не затухал, несколько комьев сухого бычачьего помета, по-походному примостился возле огня.",Спишь ай нет?,"Потом она легла на арбе, а Григорий бросил в костер, чтобы не затухал, несколько комьев сухого бычачьего помета, по-походному примостился возле огня. Долго лежал, подложив под голову сумку, смотрел в мерцающее звездами небо, несвязно думал о детях, об Аксинье, потом задремал и очнулся от вкрадчивого женского голоса:
— Спишь, что ли, служивый? Спишь ай нет?",False,,False,,True,1487,думать [процесс размышления],процесс размышления,WORD_CORE,WORD,S1,CORE,curated,,думать,думать,PROBABLE,prev_sentence:Григорий,NARRATOR_ABOUT_HERO,narrative_context;hero_link=PROBABLE,MEDIUM,NARRATOR,,,4,Книга четвертая,8,Часть восьмая
PHRASE,PHR_080,39463,1,2,решить идти,решил идти,"Он решил идти пешком, чтобы к рассвету добраться до Татарского.","Спустя немного Григорий встал, собрал свои пожитки.",Немыслимо было ему — возвращающемуся со службы командиру — приехать домой среди бела дня на быках.,"Спустя немного Григорий встал, собрал свои пожитки. Он решил идти пешком, чтобы к рассвету добраться до Татарского. Немыслимо было ему — возвращающемуся со службы командиру — приехать домой среди бела дня на быках.",False,,False,,True,1489,решил идти [решение / намерение],решение / намерение,DECIDE,PHRASE,PHRASE,CORE,manual_existing,,решил идти,решить идти,PROBABLE,prev_sentence:Григорий+pronoun,NARRATOR_ABOUT_HERO,narrative_context;hero_near+pronoun,MEDIUM,NARRATOR,,,4,Книга четвертая,8,Часть восьмая
WORD,S1_004,39463,1,1,решить,решил,"Он решил идти пешком, чтобы к рассвету добраться до Татарского.","Спустя немного Григорий встал, собрал свои пожитки.",Немыслимо было ему — возвращающемуся со службы командиру — приехать домой среди бела дня на быках.,"Спустя немного Григорий встал, собрал свои пожитки. Он решил идти пешком, чтобы к рассвету добраться до Татарского. Немыслимо было ему — возвращающемуся со службы командиру — приехать домой среди бела дня на быках.",True,PHR_080,False,,False,1490,решить [решение],решение,WORD_CORE,WORD,S1,CORE,curated,,решить,решить,PROBABLE,prev_sentence:Григорий+pronoun,NARRATOR_ABOUT_HERO,narrative_context;hero_near+pronoun,MEDIUM,NARRATOR,,,4,Книга четвертая,8,Часть восьмая
WORD,S1_001,39514,5,5,думать,думал,"И не чаял и не думал дождаться!.. — высоким, плачущим голосом закричал он и, споткнувшись о порог, за малым не разбил ведерный кувшин с самогоном.",Милушка ты мой!..,"Обнимая Григория, он всхлипнул, вытер кулаком глаза, разгладил мокрые от слез усы.","Милушка ты мой!.. И не чаял и не думал дождаться!.. — высоким, плачущим голосом закричал он и, споткнувшись о порог, за малым не разбил ведерный кувшин с самогоном. Обнимая Григория, он всхлипнул, вытер кулаком глаза, разгладил мокрые от слез усы.",False,,False,,True,1492,думать [процесс размышления],процесс размышления,WORD_CORE,WORD,S1,CORE,curated,,думать,думать,PROBABLE,next_sentence:Григория+pronoun,NARRATOR_ABOUT_HERO,narrative_context;hero_near+pronoun,MEDIUM,NARRATOR,,,4,Книга четвертая,8,Часть восьмая
WORD,S1_001,39859,3,3,думать,думал,"Почему, собственно, он думал, что кратковременная честная служба в Красной Армии покроет все его прошлые грехи?","И почему его, Григория, должны были встречать по-иному?","И может быть, Михаил прав, когда говорит, что не все прощается и что надо платить за старые долги сполна?
…Григорий видел во сне широкую степь, развернутый, приготовившийся к атаке полк.","И почему его, Григория, должны были встречать по-иному? Почему, собственно, он думал, что кратковременная честная служба в Красной Армии покроет все его прошлые грехи? И может быть, Михаил прав, когда говорит, что не все прощается и что надо платить за старые долги сполна?
…Григорий видел во сне широкую степь, развернутый, приготовившийся к атаке полк.",False,,False,,True,1503,думать [процесс размышления],процесс размышления,WORD_CORE,WORD,S1,CORE,curated,,думать,думать,PROBABLE,prev_sentence:Григория+pronoun,NARRATOR_ABOUT_HERO,narrative_context;hero_near+pronoun,MEDIUM,NARRATOR,,,4,Книга четвертая,8,Часть восьмая
WORD,S1_014,39861,8,8,вспомнить,вспомнил,"Уже, откуда-то издалека, неслось протяжное: «Эскадро-о-он…» — когда он вспомнил, что у седла отпущены подпруги.","И может быть, Михаил прав, когда говорит, что не все прощается и что надо платить за старые долги сполна?
…Григорий видел во сне широкую степь, развернутый, приготовившийся к атаке полк.","С силой ступил на левое стремя, — седло поползло под ним…","И может быть, Михаил прав, когда говорит, что не все прощается и что надо платить за старые долги сполна?
…Григорий видел во сне широкую степь, развернутый, приготовившийся к атаке полк. Уже, откуда-то издалека, неслось протяжное: «Эскадро-о-он…» — когда он вспомнил, что у седла отпущены подпруги. С силой ступил на левое стремя, — седло поползло под ним…",False,,False,,True,1504,вспомнить [память / воспоминание],память / воспоминание,WORD_CORE,WORD,S1,CORE,curated,,вспомнить,вспомнить,PROBABLE,prev_sentence:Григорий+pronoun,OTHERS_NEAR_HERO,direct_speech;unknown_speaker;hero_near,LOW,UNKNOWN,,STATEMENT,4,Книга четвертая,8,Часть восьмая
WORD,S1_001,39919,5,5,думать,думала,"Может быть, она все время думала, что отца нет в живых и он никогда больше не вернется, а потом, увидев его, испугалась?","И почему в глазах ее мелькнул испуг, когда он взял ее на руки?","Во всяком случае, он, Григорий, ни в чем не виноват перед ними.","И почему в глазах ее мелькнул испуг, когда он взял ее на руки? Может быть, она все время думала, что отца нет в живых и он никогда больше не вернется, а потом, увидев его, испугалась? Во всяком случае, он, Григорий, ни в чем не виноват перед ними.",False,,False,,True,1512,думать [процесс размышления],процесс размышления,WORD_CORE,WORD,S1,CORE,curated,,думать,думать,PROBABLE,next_sentence:Григорий+pronoun,NARRATOR_ABOUT_HERO,narrative_context;hero_near+pronoun,MEDIUM,NARRATOR,,,4,Книга четвертая,8,Часть восьмая
WORD,S1_001,39979,20,20,думать,думал,"Он сидел за столом, широко расставив длинные мускулистые ноги, хриповатый басок его звучал приглушенно:
— …И в армии, и всю дорогу думал, как буду возле земли жить, отдохну в семье от всей этой чертовщины.","С кем же, как не с Прохором, мог поделиться Григорий своими самыми сокровенными думами?",Шутка дело — восьмой год с коня не слазил!,"С кем же, как не с Прохором, мог поделиться Григорий своими самыми сокровенными думами? Он сидел за столом, широко расставив длинные мускулистые ноги, хриповатый басок его звучал приглушенно:
— …И в армии, и всю дорогу думал, как буду возле земли жить, отдохну в семье от всей этой чертовщины. Шутка дело — восьмой год с коня не слазил!",False,,False,,True,1517,думать [процесс размышления],процесс размышления,WORD_CORE,WORD,S1,CORE,curated,,думать,думать,PROBABLE,prev_sentence:Григорий+pronoun,NARRATOR_ABOUT_HERO,narrative_context;hero_near+pronoun,MEDIUM,NARRATOR,,,4,Книга четвертая,8,Часть восьмая
WORD,S1_001,39988,4,4,думать,думает,"За службу белым попрекает, думает, что зло таю на новую власть, нож держу против нее за пазухой.","Григорий крестом сложил пальцы:
— Вот на нашу дружбу.","Боится, что восстание буду подымать, а на черта мне это нужно — он и сам, дурак, не знает.","Григорий крестом сложил пальцы:
— Вот на нашу дружбу. За службу белым попрекает, думает, что зло таю на новую власть, нож держу против нее за пазухой. Боится, что восстание буду подымать, а на черта мне это нужно — он и сам, дурак, не знает.",False,,False,,True,1518,думать [процесс размышления],процесс размышления,WORD_CORE,WORD,S1,CORE,curated,,думать,думать,PROBABLE,prev_sentence:Григорий,NARRATOR_ABOUT_HERO,narrative_context;hero_link=PROBABLE,MEDIUM,NARRATOR,,,4,Книга четвертая,8,Часть восьмая
WORD,S1_001,40194,8,8,думать,думал,"Поднимаясь по каменным ступенькам двухэтажного здания политбюро, он думал: «Кончать — так поскорее, нечего тянуть!",Григорий проводил его взглядом и повернул обратно.,"Умел, Григорий, шкодить — умей и ответ держать!»","Григорий проводил его взглядом и повернул обратно. Поднимаясь по каменным ступенькам двухэтажного здания политбюро, он думал: «Кончать — так поскорее, нечего тянуть! Умел, Григорий, шкодить — умей и ответ держать!»",False,,False,,True,1530,думать [процесс размышления],процесс размышления,WORD_CORE,WORD,S1,CORE,curated,,думать,думать,PROBABLE,prev_sentence:Григорий+pronoun,NARRATOR_ABOUT_HERO,narrative_context;hero_near+pronoun,MEDIUM,NARRATOR,,,4,Книга четвертая,8,Часть восьмая
WORD,S1_001,40199,3,3,думать,думать,"Просто немыслимо было думать, что он тут, рядом, и не видеть его.","Ей очень хотелось под каким-нибудь предлогом пойти к Мелеховым, побыть там хоть минутку, хоть одним глазком взглянуть на Григория.","Но она все же пересилила это желание, не пошла.","Ей очень хотелось под каким-нибудь предлогом пойти к Мелеховым, побыть там хоть минутку, хоть одним глазком взглянуть на Григория. Просто немыслимо было думать, что он тут, рядом, и не видеть его. Но она все же пересилила это желание, не пошла.",False,,False,,True,1531,думать [процесс размышления],процесс размышления,WORD_CORE,WORD,S1,CORE,curated,,думать,думать,PROBABLE,prev_sentence:Григория+pronoun,NARRATOR_ABOUT_HERO,narrative_context;hero_near+pronoun,MEDIUM,NARRATOR,,,4,Книга четвертая,8,Часть восьмая
WORD,S1_001,40226,15,15,думать,думала,"Внешне спокойная, ни движением, ни словом не выказав постигшего ее разочарования, Аксинья сказала:
— А я думала — вы все в сборе.","Детишек уже покормила, жду больших.",Когда же Гриша…,"Детишек уже покормила, жду больших. Внешне спокойная, ни движением, ни словом не выказав постигшего ее разочарования, Аксинья сказала:
— А я думала — вы все в сборе. Когда же Гриша…",False,,False,,True,1533,думать [процесс размышления],процесс размышления,WORD_CORE,WORD,S1,CORE,curated,,думать,думать,PROBABLE,next_sentence:Гриша,NARRATOR_ABOUT_HERO,narrative_context;hero_link=PROBABLE,MEDIUM,NARRATOR,,,4,Книга четвертая,8,Часть восьмая
WORD,S1_001,40257,7,7,думать,думали,"— А мы с Дуняшкой откричали, каждая поврозь, думали — не вернешься.","— Не успел сказаться, спешил.",Григорий сдержанно улыбнулся.,"— Не успел сказаться, спешил. — А мы с Дуняшкой откричали, каждая поврозь, думали — не вернешься. Григорий сдержанно улыбнулся.",False,,False,,True,1535,думать [процесс размышления],процесс размышления,WORD_CORE,WORD,S1,CORE,curated,,думать,думать,PROBABLE,next_sentence:Григорий,OTHERS_NEAR_HERO,direct_speech;unknown_speaker;hero_near,LOW,UNKNOWN,,STATEMENT,4,Книга четвертая,8,Часть восьмая
WORD,S1_005,40379,2,2,решать,решает,Пусть он решает все сам.,Она ни о чем его не спрашивала.,"Только раз ночью, когда проснулась и увидела сбоку багряный огонек папиросы, она сказала:
— Гриша, ты все не спишь…","Она ни о чем его не спрашивала. Пусть он решает все сам. Только раз ночью, когда проснулась и увидела сбоку багряный огонек папиросы, она сказала:
— Гриша, ты все не спишь…",False,,False,,True,1546,решать [решение],решение,WORD_CORE,WORD,S1,CORE,curated,,решать,решать,PROBABLE,next_sentence:Гриша+pronoun,NARRATOR_ABOUT_HERO,narrative_context;hero_near+pronoun,MEDIUM,NARRATOR,,,4,Книга четвертая,8,Часть восьмая
WORD,S1_004,40394,8,8,решить,решил,"Куда — он еще сам не знал, но уйти решил твердо.","В тот день, когда надо будет отправляться в политбюро, Григорий уйдет из хутора, если понадобится — надолго.","Ни умирать, ни сидеть в тюрьме ему не хотелось.","В тот день, когда надо будет отправляться в политбюро, Григорий уйдет из хутора, если понадобится — надолго. Куда — он еще сам не знал, но уйти решил твердо. Ни умирать, ни сидеть в тюрьме ему не хотелось.",False,,False,,True,1549,решить [решение],решение,WORD_CORE,WORD,S1,CORE,curated,,решить,решить,PROBABLE,prev_sentence:Григорий+pronoun,NARRATOR_ABOUT_HERO,narrative_context;hero_near+pronoun,MEDIUM,NARRATOR,,,4,Книга четвертая,8,Часть восьмая
WORD,ALEX_008,40448,9,9,вспоминать,вспоминал,"До вечера он находился под впечатлением этой нелепой встречи, вспоминал пьяные выкрики Крамскова, сочувственное молчание и улыбки казаков, думал: «Нет, надо уходить поскорее!","Григорий молча повернулся, пошел через площадь домой.",Добра не будет…»,"Григорий молча повернулся, пошел через площадь домой. До вечера он находился под впечатлением этой нелепой встречи, вспоминал пьяные выкрики Крамскова, сочувственное молчание и улыбки казаков, думал: «Нет, надо уходить поскорее! Добра не будет…»",False,,False,,True,1552,вспоминать [память / воспоминание],память / воспоминание,WORD_ALEXANDROVA,WORD,ALEXANDROVA,CORE,dictionary,,вспоминать,вспоминать,PROBABLE,prev_sentence:Григорий+pronoun,NARRATOR_ABOUT_HERO,narrative_context;hero_near+pronoun,MEDIUM,NARRATOR,,,4,Книга четвертая,8,Часть восьмая
WORD,S1_001,40448,18,18,думать,думал,"До вечера он находился под впечатлением этой нелепой встречи, вспоминал пьяные выкрики Крамскова, сочувственное молчание и улыбки казаков, думал: «Нет, надо уходить поскорее!","Григорий молча повернулся, пошел через площадь домой.",Добра не будет…»,"Григорий молча повернулся, пошел через площадь домой. До вечера он находился под впечатлением этой нелепой встречи, вспоминал пьяные выкрики Крамскова, сочувственное молчание и улыбки казаков, думал: «Нет, надо уходить поскорее! Добра не будет…»",False,,False,,True,1553,думать [процесс размышления],процесс размышления,WORD_CORE,WORD,S1,CORE,curated,,думать,думать,PROBABLE,prev_sentence:Григорий+pronoun,NARRATOR_ABOUT_HERO,narrative_context;hero_near+pronoun,MEDIUM,NARRATOR,,,4,Книга четвертая,8,Часть восьмая
WORD,S1_002,40870,0,0,подумать,Подумаешь,"Подумаешь, дерьмо какое…","Григорий шага два ступил молча, потом сказал:
— Я и так молчу, не ругайся.",— Не оглядывайся!,"Григорий шага два ступил молча, потом сказал:
— Я и так молчу, не ругайся. Подумаешь, дерьмо какое… — Не оглядывайся!",False,,True,PARTICLE_PODUMAYESH,True,1565,подумать [инициация мысли],инициация мысли,WORD_CORE,WORD,S1,CORE,curated,,подумать,подумать,PROBABLE,prev_sentence:Григорий,NARRATOR_ABOUT_HERO,narrative_context;hero_link=PROBABLE,MEDIUM,NARRATOR,,,4,Книга четвертая,8,Часть восьмая
WORD,S1_001,41170,5,5,думать,думал,"Положив руки на колени, он думал о своем и слышал как во сне голос Фомина.",Григорий молчал.,"— …Вот так и воюем пока, — продолжал Фомин.","Григорий молчал. Положив руки на колени, он думал о своем и слышал как во сне голос Фомина. — …Вот так и воюем пока, — продолжал Фомин.",False,,False,,True,1575,думать [процесс размышления],процесс размышления,WORD_CORE,WORD,S1,CORE,curated,,думать,думать,PROBABLE,prev_sentence:Григорий+pronoun,NARRATOR_ABOUT_HERO,narrative_context;hero_near+pronoun,MEDIUM,NARRATOR,,,4,Книга четвертая,8,Часть восьмая
WORD,S1_001,41576,1,1,думать,думаете,Вы думаете иначе?,"— Не сейчас, но когда вода спадет — надо уходить.","После некоторого раздумья Григорий ответил:
— Правильно.","— Не сейчас, но когда вода спадет — надо уходить. Вы думаете иначе? После некоторого раздумья Григорий ответил:
— Правильно.",False,,False,,True,1605,думать [процесс размышления],процесс размышления,WORD_CORE,WORD,S1,CORE,curated,,думать,думать,PROBABLE,next_sentence:Григорий,NARRATOR_ABOUT_HERO,narrative_context;hero_link=PROBABLE,MEDIUM,NARRATOR,,,4,Книга четвертая,8,Часть восьмая
PHRASE,PHR_082,41581,30,31,решиться на,решился на,"Он стал пространно говорить о том, что расчеты на поддержку со стороны казаков не оправдались и что теперь надо всячески убеждать Фомина, чтобы он не колесил бесцельно по округу, а решился на слияние с более мощной группировкой.",Капарин оживился.,Григорию надоело слушать его болтовню.,"Капарин оживился. Он стал пространно говорить о том, что расчеты на поддержку со стороны казаков не оправдались и что теперь надо всячески убеждать Фомина, чтобы он не колесил бесцельно по округу, а решился на слияние с более мощной группировкой. Григорию надоело слушать его болтовню.",False,,False,,True,1606,решиться на [решение / намерение],решение / намерение,DECIDE,PHRASE,PHRASE,CORE,manual_existing,,решиться на,решиться на,PROBABLE,next_sentence:Григорию+pronoun,NARRATOR_ABOUT_HERO,narrative_context;hero_near+pronoun,MEDIUM,NARRATOR,,,4,Книга четвертая,8,Часть восьмая
WORD,S1_001,41703,19,19,думать,думать,"Хорошо было смотреть на разметавшуюся у берега, бешено клокочущую быстрину, слушать разноголосый шум воды и ни о чем не думать, стараться не думать ни о чем, что причиняет страдания.","Лишь изредка в ясном небе проплывали белые, распушившиеся на вышнем ветру облачка, и по разливу лебединой стаей скользили их отражения и исчезали, коснувшись дальнего берега.",Григорий часами смотрел на прихотливые и бесконечно разнообразные завитки течения.,"Лишь изредка в ясном небе проплывали белые, распушившиеся на вышнем ветру облачка, и по разливу лебединой стаей скользили их отражения и исчезали, коснувшись дальнего берега. Хорошо было смотреть на разметавшуюся у берега, бешено клокочущую быстрину, слушать разноголосый шум воды и ни о чем не думать, стараться не думать ни о чем, что причиняет страдания. Григорий часами смотрел на прихотливые и бесконечно разнообразные завитки течения.",False,,False,,True,1615,думать [процесс размышления],процесс размышления,WORD_CORE,WORD,S1,CORE,curated,,думать,думать,PROBABLE,next_sentence:Григорий,NARRATOR_ABOUT_HERO,narrative_context;hero_link=PROBABLE,MEDIUM,NARRATOR,,,4,Книга четвертая,8,Часть восьмая
WORD,S1_001,41703,22,22,думать,думать,"Хорошо было смотреть на разметавшуюся у берега, бешено клокочущую быстрину, слушать разноголосый шум воды и ни о чем не думать, стараться не думать ни о чем, что причиняет страдания.","Лишь изредка в ясном небе проплывали белые, распушившиеся на вышнем ветру облачка, и по разливу лебединой стаей скользили их отражения и исчезали, коснувшись дальнего берега.",Григорий часами смотрел на прихотливые и бесконечно разнообразные завитки течения.,"Лишь изредка в ясном небе проплывали белые, распушившиеся на вышнем ветру облачка, и по разливу лебединой стаей скользили их отражения и исчезали, коснувшись дальнего берега. Хорошо было смотреть на разметавшуюся у берега, бешено клокочущую быстрину, слушать разноголосый шум воды и ни о чем не думать, стараться не думать ни о чем, что причиняет страдания. Григорий часами смотрел на прихотливые и бесконечно разнообразные завитки течения.",False,,False,,True,1616,думать [процесс размышления],процесс размышления,WORD_CORE,WORD,S1,CORE,curated,,думать,думать,PROBABLE,next_sentence:Григорий,NARRATOR_ABOUT_HERO,narrative_context;hero_link=PROBABLE,MEDIUM,NARRATOR,,,4,Книга четвертая,8,Часть восьмая
WORD,S1_002,42568,9,9,подумать,подумал,"«И вот с такими людьми связал я свою судьбу…» — подумал он, охваченный тоской, горечью и злобой на самого себя, на всю эту постылую жизнь…","Так омерзительно было все это, что Григорий содрогнулся, поспешно отошел.","Он прилег возле коновязи, стараясь не слушать выкриков юродивого и грохочущего хохота казаков.","Так омерзительно было все это, что Григорий содрогнулся, поспешно отошел. «И вот с такими людьми связал я свою судьбу…» — подумал он, охваченный тоской, горечью и злобой на самого себя, на всю эту постылую жизнь… Он прилег возле коновязи, стараясь не слушать выкриков юродивого и грохочущего хохота казаков.",False,,False,,True,1638,подумать [инициация мысли],инициация мысли,WORD_CORE,WORD,S1,CORE,curated,,подумать,подумать,PROBABLE,prev_sentence:Григорий+pronoun,OTHERS_NEAR_HERO,direct_speech;unknown_speaker;hero_near,LOW,UNKNOWN,,STATEMENT,4,Книга четвертая,8,Часть восьмая
WORD,S1_004,42662,1,1,решить,решил,Лошадей решил оставить в яру.,"Зубы Григория стучали, по спине бежал озноб, и сам он весь дрожал, но вскоре быстрая езда его разогрела, и неподалеку от хутора он поехал шагом, осматриваясь по сторонам и чутко прислушиваясь.",По каменистой россыпи спустился в теклину яра.,"Зубы Григория стучали, по спине бежал озноб, и сам он весь дрожал, но вскоре быстрая езда его разогрела, и неподалеку от хутора он поехал шагом, осматриваясь по сторонам и чутко прислушиваясь. Лошадей решил оставить в яру. По каменистой россыпи спустился в теклину яра.",False,,False,,True,1646,решить [решение],решение,WORD_CORE,WORD,S1,CORE,curated,,решить,решить,PROBABLE,prev_sentence:Григория,NARRATOR_ABOUT_HERO,narrative_context;hero_link=PROBABLE,MEDIUM,NARRATOR,,,4,Книга четвертая,8,Часть восьмая
WORD,S1_014,42771,25,25,вспомнить,вспомнил,"Он достал из шапки кисет и стал сворачивать папироску, но как только Аксинья вышла — он поспешно подошел к кровати и долго целовал детей, а потом вспомнил Наталью и еще многое вспомнил из своей нелегкой жизни и заплакал.","— Нет, не надо, — решительно сказал Григорий.","Переступив порог, Дуняшка сказала:
— Ну, здравствуй, братец!","— Нет, не надо, — решительно сказал Григорий. Он достал из шапки кисет и стал сворачивать папироску, но как только Аксинья вышла — он поспешно подошел к кровати и долго целовал детей, а потом вспомнил Наталью и еще многое вспомнил из своей нелегкой жизни и заплакал. Переступив порог, Дуняшка сказала:
— Ну, здравствуй, братец!",False,,False,,True,1650,вспомнить [память / воспоминание],память / воспоминание,WORD_CORE,WORD,S1,CORE,curated,,вспомнить,вспомнить,PROBABLE,prev_sentence:Григорий+pronoun,NARRATOR_ABOUT_HERO,narrative_context;hero_near+pronoun,MEDIUM,NARRATOR,,,4,Книга четвертая,8,Часть восьмая
WORD,S1_014,42771,30,30,вспомнить,вспомнил,"Он достал из шапки кисет и стал сворачивать папироску, но как только Аксинья вышла — он поспешно подошел к кровати и долго целовал детей, а потом вспомнил Наталью и еще многое вспомнил из своей нелегкой жизни и заплакал.","— Нет, не надо, — решительно сказал Григорий.","Переступив порог, Дуняшка сказала:
— Ну, здравствуй, братец!","— Нет, не надо, — решительно сказал Григорий. Он достал из шапки кисет и стал сворачивать папироску, но как только Аксинья вышла — он поспешно подошел к кровати и долго целовал детей, а потом вспомнил Наталью и еще многое вспомнил из своей нелегкой жизни и заплакал. Переступив порог, Дуняшка сказала:
— Ну, здравствуй, братец!",False,,False,,True,1651,вспомнить [память / воспоминание],память / воспоминание,WORD_CORE,WORD,S1,CORE,curated,,вспомнить,вспомнить,PROBABLE,prev_sentence:Григорий+pronoun,NARRATOR_ABOUT_HERO,narrative_context;hero_near+pronoun,MEDIUM,NARRATOR,,,4,Книга четвертая,8,Часть восьмая
WORD,S1_011,42817,4,4,мысль,мысли,"Словно отвечая на его мысли, Аксинья сказала:
— Видишь, какая я… свистнул, как собачонке, и побежала я за тобой.","Ничто ее не страшит, вот молодец баба!»","Это любовь да тоска по тебе, Гриша, так меня скрутили…","Ничто ее не страшит, вот молодец баба!» Словно отвечая на его мысли, Аксинья сказала:
— Видишь, какая я… свистнул, как собачонке, и побежала я за тобой. Это любовь да тоска по тебе, Гриша, так меня скрутили…",False,,False,,True,1653,мысль [мысленный акт/реплика],мысленный акт/реплика,WORD_CORE,WORD,S1,CORE,curated,,мысль,мысль,PROBABLE,next_sentence:Гриша+pronoun,NARRATOR_ABOUT_HERO,narrative_context;hero_near+pronoun,MEDIUM,NARRATOR,,,4,Книга четвертая,8,Часть восьмая
WORD,S1_001,43070,16,16,думать,думал,"«Походить бы ишо раз по родным местам, покрасоваться на детишек, тогда можно бы и помирать», — часто думал он.","Вся жизнь Григория была в прошлом, а прошлое казалось недолгим и тяжким сном.",На провесне как-то днем неожиданно заявился Чумаков.,"Вся жизнь Григория была в прошлом, а прошлое казалось недолгим и тяжким сном. «Походить бы ишо раз по родным местам, покрасоваться на детишек, тогда можно бы и помирать», — часто думал он. На провесне как-то днем неожиданно заявился Чумаков.",False,,False,,True,1660,думать [процесс размышления],процесс размышления,WORD_CORE,WORD,S1,CORE,curated,,думать,думать,PROBABLE,prev_sentence:Григория+pronoun,OTHERS_NEAR_HERO,direct_speech;unknown_speaker;hero_near,LOW,UNKNOWN,,STATEMENT,4,Книга четвертая,8,Часть восьмая
WORD,S1_002,532,2,2,подумать,подумают,"Увидют, что́ подумают?","— Пусти, дьявол, вон люди!","Она метнула по сторонам испуганным взглядом и прошла, хмурясь и не оглядываясь.","— Пусти, дьявол, вон люди! Увидют, что́ подумают? Она метнула по сторонам испуганным взглядом и прошла, хмурясь и не оглядываясь.",False,,False,,True,5,подумать [инициация мысли],инициация мысли,WORD_CORE,WORD,S1,CORE,curated,,подумать,подумать,NO,,UNKNOWN,no_direct_speech;no_hero_link,LOW,UNKNOWN,,,1,Книга первая,1,Часть первая
WORD,S1_001,711,1,1,думать,думала,Я думала — ты утоп.,Спужалась до смерти!,Руки их сталкиваются.,Спужалась до смерти! Я думала — ты утоп. Руки их сталкиваются.,False,,False,,True,8,думать [процесс размышления],процесс размышления,WORD_CORE,WORD,S1,CORE,curated,,думать,думать,NO,,UNKNOWN,no_direct_speech;no_hero_link,LOW,UNKNOWN,,,1,Книга первая,1,Часть первая
WORD,ALEX_012,820,3,3,догадаться,догадался,"А мальчишка, он догадался,
Стал коня свово седлать…","— Христоня, подмоги!","Степан переводит на Петра улыбающийся взгляд выпученных глаз, и Петро, вытянув изо рта усину, присоединяет голос.","— Христоня, подмоги! А мальчишка, он догадался,
Стал коня свово седлать… Степан переводит на Петра улыбающийся взгляд выпученных глаз, и Петро, вытянув изо рта усину, присоединяет голос.",False,,False,,True,9,догадаться [понимание / ясность],понимание / ясность,WORD_ALEXANDROVA,WORD,ALEXANDROVA,CORE,dictionary,,догадаться,догадаться,NO,,UNKNOWN,no_direct_speech;no_hero_link,LOW,UNKNOWN,,,1,Книга первая,1,Часть первая
WORD,ALEX_012,904,9,9,догадаться,догадался,"Позапрошлый год в Каменскую на суд вызывали, а батя догадался — успел помереть.","Он нас, стал быть, сгреб — и в станицу.","Отписали бумагой, что в живых его нету.","Он нас, стал быть, сгреб — и в станицу. Позапрошлый год в Каменскую на суд вызывали, а батя догадался — успел помереть. Отписали бумагой, что в живых его нету.",False,,False,,True,10,догадаться [понимание / ясность],понимание / ясность,WORD_ALEXANDROVA,WORD,ALEXANDROVA,CORE,dictionary,,догадаться,догадаться,NO,,UNKNOWN,no_direct_speech;no_hero_link,LOW,UNKNOWN,,,1,Книга первая,1,Часть первая
WORD,S1_016,919,2,2,помнить,помни,"Так и помни: убью, ежели что… — пообещал он ей.","— Убью, ежели пикнешь слово, а будешь помалкивать — справлю плюшевую кофту и гетры с калошами.","Ночью, в одной изорванной исподнице, прибежала Аксинья в хутор.","— Убью, ежели пикнешь слово, а будешь помалкивать — справлю плюшевую кофту и гетры с калошами. Так и помни: убью, ежели что… — пообещал он ей. Ночью, в одной изорванной исподнице, прибежала Аксинья в хутор.",False,,False,,True,11,помнить [память / воспоминание],память / воспоминание,WORD_CORE,WORD,S1,CORE,curated,,помнить,помнить,NO,,UNKNOWN,no_direct_speech;no_hero_link,LOW,UNKNOWN,,,1,Книга первая,1,Часть первая
WORD,ALEX_008,963,12,12,вспоминать,вспоминала,"На заре, просыпаясь доить коров, она улыбалась и, еще не сознавая отчего, вспоминала: «Нынче что-то есть радостное.","Тепло и приятно ей было, когда черные Гришкины глаза ласкали ее тяжко и исступленно.",Что же?,"Тепло и приятно ей было, когда черные Гришкины глаза ласкали ее тяжко и исступленно. На заре, просыпаясь доить коров, она улыбалась и, еще не сознавая отчего, вспоминала: «Нынче что-то есть радостное. Что же?",False,,False,,True,12,вспоминать [память / воспоминание],память / воспоминание,WORD_ALEXANDROVA,WORD,ALEXANDROVA,CORE,dictionary,,вспоминать,вспоминать,NO,,UNKNOWN,no_direct_speech;no_hero_link,LOW,UNKNOWN,,,1,Книга первая,1,Часть первая
WORD,S1_011,1152,5,5,мысль,мыслях,"Аксинья неотступно была в его мыслях; полузакрыв глаза, мысленно целовал ее, говорил ей откуда-то набредавшие на язык горячие и ласковые слова, потом отбрасывал это, шагал под счет — раз, два, три; память подсовывала отрезки воспоминаний: «Сидели под мокрой копной… в ендове свиристела турчелка… месяц над займищем… и с куста в лужину редкие капли вот так же — раз, два, три…","Впереди рассыпанной радугой цвели бабьи завески, но он искал глазами одну, белую с прошитой каймой; оглядывался на Аксинью и, снова приноравливаясь к отцову шагу, махал косой.","Хорошо, ах, хорошо-то!..»","Впереди рассыпанной радугой цвели бабьи завески, но он искал глазами одну, белую с прошитой каймой; оглядывался на Аксинью и, снова приноравливаясь к отцову шагу, махал косой. Аксинья неотступно была в его мыслях; полузакрыв глаза, мысленно целовал ее, говорил ей откуда-то набредавшие на язык горячие и ласковые слова, потом отбрасывал это, шагал под счет — раз, два, три; память подсовывала отрезки воспоминаний: «Сидели под мокрой копной… в ендове свиристела турчелка… месяц над займищем… и с куста в лужину редкие капли вот так же — раз, два, три… Хорошо, ах, хорошо-то!..»",False,,False,,True,15,мысль [мысленный акт/реплика],мысленный акт/реплика,WORD_CORE,WORD,S1,CORE,curated,,мысль,мысль,NO,,UNKNOWN,no_direct_speech;no_hero_link,LOW,UNKNOWN,,,1,Книга первая,1,Часть первая
WORD,S1_012,1152,8,8,мысленно,мысленно,"Аксинья неотступно была в его мыслях; полузакрыв глаза, мысленно целовал ее, говорил ей откуда-то набредавшие на язык горячие и ласковые слова, потом отбрасывал это, шагал под счет — раз, два, три; память подсовывала отрезки воспоминаний: «Сидели под мокрой копной… в ендове свиристела турчелка… месяц над займищем… и с куста в лужину редкие капли вот так же — раз, два, три…","Впереди рассыпанной радугой цвели бабьи завески, но он искал глазами одну, белую с прошитой каймой; оглядывался на Аксинью и, снова приноравливаясь к отцову шагу, махал косой.","Хорошо, ах, хорошо-то!..»","Впереди рассыпанной радугой цвели бабьи завески, но он искал глазами одну, белую с прошитой каймой; оглядывался на Аксинью и, снова приноравливаясь к отцову шагу, махал косой. Аксинья неотступно была в его мыслях; полузакрыв глаза, мысленно целовал ее, говорил ей откуда-то набредавшие на язык горячие и ласковые слова, потом отбрасывал это, шагал под счет — раз, два, три; память подсовывала отрезки воспоминаний: «Сидели под мокрой копной… в ендове свиристела турчелка… месяц над займищем… и с куста в лужину редкие капли вот так же — раз, два, три… Хорошо, ах, хорошо-то!..»",False,,False,,True,16,мысленно [мысленный акт/реплика],мысленный акт/реплика,WORD_CORE,WORD,S1,CORE,curated,,мысленно,мысленно,NO,,UNKNOWN,no_direct_speech;no_hero_link,LOW,UNKNOWN,,,1,Книга первая,1,Часть первая
WORD,S1_024,1317,3,3,намереваться,намереваясь,"— Он сучил ногами, намереваясь еще раз ударить.","Ах ты чертово семя, прокляя-я-а-а-тый сын!",— На Марфушке-дурочке женю!..,"Ах ты чертово семя, прокляя-я-а-а-тый сын! — Он сучил ногами, намереваясь еще раз ударить. — На Марфушке-дурочке женю!..",False,,False,,True,18,намереваться [намерение/мысль о действии],намерение/мысль о действии,WORD_CORE,WORD,S1,CORE,curated,,намереваться,намереваться,NO,,UNKNOWN,direct_speech;speaker_not_detected;no_hero_link,LOW,UNKNOWN,,,1,Книга первая,1,Часть первая
WORD,S1_004,1401,19,19,решить,решили,"Но они жили почти не таясь, вязало их что-то большое, не похожее на короткую связь, и поэтому в хуторе решили, что это преступно, безнравственно, и хутор прижух в поганеньком выжиданьице: придет Степан — узелок развяжет.",Хутор поговорил бы и перестал.,В горнице над кроватью протянута веревочка.,"Хутор поговорил бы и перестал. Но они жили почти не таясь, вязало их что-то большое, не похожее на короткую связь, и поэтому в хуторе решили, что это преступно, безнравственно, и хутор прижух в поганеньком выжиданьице: придет Степан — узелок развяжет. В горнице над кроватью протянута веревочка.",False,,False,,True,19,решить [решение],решение,WORD_CORE,WORD,S1,CORE,curated,,решить,решить,NO,,UNKNOWN,no_direct_speech;no_hero_link,LOW,UNKNOWN,,,1,Книга первая,1,Часть первая
WORD,S1_001,1708,9,9,думать,думая,"Вытерла о завеску руки с засученными по локоть рукавами; думая о чем-то своем, плескала в запенившуюся цедилку молоко.","Аксинья, спеша, выгнала коров, понесла в сенцы цедить молоко.",По улице резко зацокали колеса.,"Аксинья, спеша, выгнала коров, понесла в сенцы цедить молоко. Вытерла о завеску руки с засученными по локоть рукавами; думая о чем-то своем, плескала в запенившуюся цедилку молоко. По улице резко зацокали колеса.",False,,False,,True,21,думать [процесс размышления],процесс размышления,WORD_CORE,WORD,S1,CORE,curated,,думать,думать,NO,,UNKNOWN,no_direct_speech;no_hero_link,LOW,UNKNOWN,,,1,Книга первая,1,Часть первая
WORD,ALEX_012,1857,10,10,догадаться,догадался,"Сквозь веснушки, устрекавшие его лицо, проступила коричневая краска: тут только догадался он, зачем приехали гости.","— Слава богу, — подтвердил и хозяин.","— Скажи, чтоб коней ихних ввели на баз.","— Слава богу, — подтвердил и хозяин. Сквозь веснушки, устрекавшие его лицо, проступила коричневая краска: тут только догадался он, зачем приехали гости. — Скажи, чтоб коней ихних ввели на баз.",False,,False,,True,23,догадаться [понимание / ясность],понимание / ясность,WORD_ALEXANDROVA,WORD,ALEXANDROVA,CORE,dictionary,,догадаться,догадаться,NO,,UNKNOWN,no_direct_speech;no_hero_link,LOW,UNKNOWN,,,1,Книга первая,1,Часть первая
WORD,S1_001,1869,1,1,думать,думали,"— Не думали, признаться, в нонешний мясоед выдавать.",— Хозяин почесал лысеющую голову.,"Тут делов пропастишша, а тут-таки и годков ей не дюже чтоб много.","— Хозяин почесал лысеющую голову. — Не думали, признаться, в нонешний мясоед выдавать. Тут делов пропастишша, а тут-таки и годков ей не дюже чтоб много.",False,,False,,True,24,думать [процесс размышления],процесс размышления,WORD_CORE,WORD,S1,CORE,curated,,думать,думать,NO,,UNKNOWN,direct_speech;speaker_not_detected;no_hero_link,LOW,UNKNOWN,,,1,Книга первая,1,Часть первая
WORD,S1_002,1880,2,2,подумать,подумал,"Пантелей Прокофьевич подумал, что им отказывают, — загорячился.","— Выдать не вопрос, — чесался хозяин, — выдать в любое время можно.",— Оно само собой — дело хозяйское…,"— Выдать не вопрос, — чесался хозяин, — выдать в любое время можно. Пантелей Прокофьевич подумал, что им отказывают, — загорячился. — Оно само собой — дело хозяйское…",False,,False,,True,25,подумать [инициация мысли],инициация мысли,WORD_CORE,WORD,S1,CORE,curated,,подумать,подумать,NO,,UNKNOWN,no_direct_speech;no_hero_link,LOW,UNKNOWN,,,1,Книга первая,1,Часть первая
WORD,S1_002,1918,7,7,подумать,подумал,"Осмотрел, как барышник оглядывает матку-кобылицу перед покупкой, подумал: «Хороша» — и встретился с ее глазами, направленными на него в упор.",Григорьевы глаза в минуту обежали всю ее — с головы до высоких красивых ног.,"Бесхитростный, чуть смущенный, правдивый взгляд словно говорил: «Вот я вся, какая есть.","Григорьевы глаза в минуту обежали всю ее — с головы до высоких красивых ног. Осмотрел, как барышник оглядывает матку-кобылицу перед покупкой, подумал: «Хороша» — и встретился с ее глазами, направленными на него в упор. Бесхитростный, чуть смущенный, правдивый взгляд словно говорил: «Вот я вся, какая есть.",False,,False,,True,27,подумать [инициация мысли],инициация мысли,WORD_CORE,WORD,S1,CORE,curated,,подумать,подумать,NO,,UNKNOWN,direct_speech;speaker_not_detected;no_hero_link,LOW,UNKNOWN,,,1,Книга первая,1,Часть первая
WORD,S1_017,1929,10,10,понять,понял,"XVI
Только после того, как узнал от Томилина про Аксинью, понял Степан, вынашивая в душе тоску и ненависть, что, несмотря на плохую жизнь с ней, на ту давнишнюю обиду, любил он ее тяжкой, ненавидящей любовью.","Хозяин, провожавший их до ворот, умышленно промолчал, как будто ничего и не слышал.","По ночам лежал в повозке, укрывшись шинелью, заломив над головою руки, думал о том, как вернется домой, как встретит его жена, и чувствовал, словно вместо сердца копошится в груди ядовитый тарантул…","Хозяин, провожавший их до ворот, умышленно промолчал, как будто ничего и не слышал. XVI
Только после того, как узнал от Томилина про Аксинью, понял Степан, вынашивая в душе тоску и ненависть, что, несмотря на плохую жизнь с ней, на ту давнишнюю обиду, любил он ее тяжкой, ненавидящей любовью. По ночам лежал в повозке, укрывшись шинелью, заломив над головою руки, думал о том, как вернется домой, как встретит его жена, и чувствовал, словно вместо сердца копошится в груди ядовитый тарантул…",False,,False,,True,28,понять [понимание / ясность],понимание / ясность,WORD_CORE,WORD,S1,CORE,curated,,понять,понять,NO,,UNKNOWN,no_direct_speech;no_hero_link,LOW,UNKNOWN,,,1,Книга первая,1,Часть первая
WORD,S1_001,1930,11,11,думать,думал,"По ночам лежал в повозке, укрывшись шинелью, заломив над головою руки, думал о том, как вернется домой, как встретит его жена, и чувствовал, словно вместо сердца копошится в груди ядовитый тарантул…","XVI
Только после того, как узнал от Томилина про Аксинью, понял Степан, вынашивая в душе тоску и ненависть, что, несмотря на плохую жизнь с ней, на ту давнишнюю обиду, любил он ее тяжкой, ненавидящей любовью.","Лежал, готовя в уме тысячи подробностей расправы, и было такое ощущенье, будто на зубах зернистый и крупный песок.","XVI
Только после того, как узнал от Томилина про Аксинью, понял Степан, вынашивая в душе тоску и ненависть, что, несмотря на плохую жизнь с ней, на ту давнишнюю обиду, любил он ее тяжкой, ненавидящей любовью. По ночам лежал в повозке, укрывшись шинелью, заломив над головою руки, думал о том, как вернется домой, как встретит его жена, и чувствовал, словно вместо сердца копошится в груди ядовитый тарантул… Лежал, готовя в уме тысячи подробностей расправы, и было такое ощущенье, будто на зубах зернистый и крупный песок.",False,,False,,True,29,думать [процесс размышления],процесс размышления,WORD_CORE,WORD,S1,CORE,curated,,думать,думать,NO,,UNKNOWN,no_direct_speech;no_hero_link,LOW,UNKNOWN,,,1,Книга первая,1,Часть первая
WORD,S1_001,1954,2,2,думать,думаешь,"— А мне, думаешь, не больно было?",— Больно.,Засыпал он поздно.,"— Больно. — А мне, думаешь, не больно было? Засыпал он поздно.",False,,False,,True,30,думать [процесс размышления],процесс размышления,WORD_CORE,WORD,S1,CORE,curated,,думать,думать,NO,,UNKNOWN,direct_speech;speaker_not_detected;no_hero_link,LOW,UNKNOWN,,,1,Книга первая,1,Часть первая
WORD,S1_014,2000,4,4,вспомнить,вспомнив,"Не ходи!.. — крикнул Степан, вспомнив.",— Поди возьми у Мелеховых…,Аксинья пошла затворять брошенную настежь калитку.,"— Поди возьми у Мелеховых… Не ходи!.. — крикнул Степан, вспомнив. Аксинья пошла затворять брошенную настежь калитку.",False,,False,,True,32,вспомнить [память / воспоминание],память / воспоминание,WORD_CORE,WORD,S1,CORE,curated,,вспомнить,вспомнить,NO,,UNKNOWN,no_direct_speech;no_hero_link,LOW,UNKNOWN,,,1,Книга первая,1,Часть первая
